Date,Data Source name,Campaign,Campaign Status,Cost (INR),Clicks,Impressions,CPC (INR),CTR,CPM (INR),Conversions,Conv. Value (INR),Geo Location Segment,Country Funnel,Country,CPC_Calculated,CTR_Calculated,CPM_Calculated
2026-03-01,XYZ Luxury,Growify_XYZ LuxuryP_Search_India-12/12/25,ENABLED,0.0,2,2,0.0,1.0,0.0,0.0,0.0,India,India,India,0.0,1.0,0.0
2026-03-06,XYZ Luxury,Growify_XYZ LuxuryP_Search_India-12/12/25,ENABLED,97.433475,21,37,4.639689,0.567568,2633.337162,0.0,0.0,India,India,India,4.639689285714286,0.5675675675675675,2633.3371621621623
2026-03-07,XYZ Luxury,Growify_XYZ LuxuryP_Search_India-12/12/25,ENABLED,414.235773,38,67,10.900941,0.567164,6182.623478,0.0,0.0,India,India,India,10.900941394736842,0.5671641791044776,6182.623477611941
2026-03-08,XYZ Luxury,Growify_XYZ LuxuryP_Search_India-12/12/25,ENABLED,248.294425,31,50,8.009498,0.62,4965.8885,0.0,0.0,India,India,India,8.009497580645162,0.62,4965.8885
2026-03-09,XYZ Luxury,Growify_XYZ LuxuryP_Search_India-12/12/25,ENABLED,428.02695,47,67,9.106956,0.701493,6388.46194,0.0,0.0,India,India,India,9.106956382978723,0.7014925373134329,6388.461940298508
2026-03-10,XYZ Luxury,Growify_XYZ LuxuryP_Search_India-12/12/25,ENABLED,410.271546,45,73,9.117145,0.616438,5620.158164,0.0,0.0,India,India,India,9.117145466666667,0.6164383561643836,5620.158164383562
2026-03-11,XYZ Luxury,Growify_XYZ LuxuryP_Search_India-12/12/25,ENABLED,90.001495,45,70,2.000033,0.642857,1285.735643,0.0,0.0,India,India,India,2.000033222222222,0.6428571428571429,1285.735642857143
2026-03-12,XYZ Luxury,Growify_XYZ LuxuryP_Search_India-12/12/25,ENABLED,145.47781,41,75,3.548239,0.546667,1939.704133,0.0,0.0,India,India,India,3.548239268292683,0.5466666666666666,1939.7041333333334
2026-03-13,XYZ Luxury,Growify | Sales | Shopping | US+Canada | DS,PAUSED,34.463969,2,141,17.231985,0.014184,244.425312,0.0,0.0,Rest of the World,Canada,Canada,17.2319845,0.014184397163120567,244.4253120567376
2026-03-13,XYZ Luxury,Growify | Sales | Shopping | US+Canada | DS,PAUSED,2.074435,1,101,2.074435,0.009901,20.53896,0.0,0.0,USA,United States,United States,2.074435,0.009900990099009901,20.538960396039602
2026-03-13,XYZ Luxury,Growify_XYZ LuxuryP_Pmax_India_03-02-2025,PAUSED,72.682209,73,1354,0.995647,0.053914,53.679623,0.0,0.0,India,India,India,0.995646698630137,0.05391432791728213,53.67962259970458
2026-03-13,XYZ Luxury,Growify_XYZ LuxuryP_Search_India-12/12/25,ENABLED,103.928013,50,74,2.07856,0.675676,1404.432608,0.0,0.0,India,India,India,2.07856026,0.6756756756756757,1404.4326081081083
2026-03-14,XYZ Luxury,Growify | Sales | Shopping | US+Canada | DS,PAUSED,304.214711,10,111,30.421471,0.09009,2740.673072,0.0,0.0,Rest of the World,Canada,Canada,30.4214711,0.09009009009009009,2740.6730720720725
2026-03-14,XYZ Luxury,Growify | Sales | Shopping | US+Canada | DS,PAUSED,2924.926787,13,347,224.994368,0.037464,8429.183824,0.0,0.0,USA,United States,United States,224.99436823076923,0.037463976945244955,8429.183824207492
2026-03-14,XYZ Luxury,Growify_XYZ LuxuryP_Pmax_India_03-02-2025,PAUSED,1898.810482,1230,16740,1.543748,0.073477,113.429539,0.0,0.0,India,India,India,1.5437483593495935,0.07347670250896057,113.42953894862605
2026-03-14,XYZ Luxury,Growify_XYZ LuxuryP_Search_India-12/12/25,ENABLED,124.166534,22,44,5.643933,0.5,2821.966682,0.0,0.0,India,India,India,5.643933363636363,0.5,2821.9666818181818
2026-03-15,XYZ Luxury,Growify | Sales | Shopping | US+Canada | DS,PAUSED,1130.917193,10,231,113.091719,0.04329,4895.745424,0.0,0.0,Rest of the World,Canada,Canada,113.0917193,0.04329004329004329,4895.745424242424
2026-03-15,XYZ Luxury,Growify | Sales | Shopping | US+Canada | DS,PAUSED,1236.870223,13,328,95.143863,0.039634,3770.945802,0.0,0.0,USA,United States,United States,95.1438633076923,0.039634146341463415,3770.945801829268
2026-03-15,XYZ Luxury,Growify_XYZ LuxuryP_Pmax_India_03-02-2025,PAUSED,5055.800891,1545,28984,3.272363,0.053305,174.434201,0.0,0.0,India,India,India,3.2723630362459546,0.05330527187413746,174.43420131796853
2026-03-15,XYZ Luxury,Growify_XYZ LuxuryP_Search_India-12/12/25,ENABLED,669.027268,32,41,20.907102,0.780488,16317.73824,0.0,0.0,India,India,India,20.907102125,0.7804878048780488,16317.73824390244
2026-03-16,XYZ Luxury,Growify | Sales | Shopping | US+Canada | DS,PAUSED,310.104035,4,65,77.526009,0.061538,4770.831308,0.0,0.0,Rest of the World,Canada,Canada,77.52600875,0.06153846153846154,4770.831307692308
2026-03-16,XYZ Luxury,Growify | Sales | Shopping | US+Canada | DS,PAUSED,1426.249405,10,188,142.624941,0.053191,7586.433005,0.0,0.0,USA,United States,United States,142.6249405,0.05319148936170213,7586.433005319149
2026-03-16,XYZ Luxury,Growify_XYZ LuxuryP_Pmax_India_03-02-2025,PAUSED,1245.024945,120,3043,10.375208,0.039435,409.143919,0.0,0.0,India,India,India,10.375207875,0.03943476832073611,409.1439188301018
2026-03-16,XYZ Luxury,Growify_XYZ LuxuryP_Search_India-12/12/25,ENABLED,340.52,40,70,8.513,0.571429,4864.571429,0.0,0.0,India,India,India,8.513,0.5714285714285714,4864.5714285714275
2026-03-17,XYZ Luxury,Growify | Sales | Shopping | US+Canada | DS,PAUSED,47.66,2,283,23.83,0.007067,168.409894,0.0,0.0,Rest of the World,Canada,Canada,23.83,0.007067137809187279,168.40989399293287
2026-03-17,XYZ Luxury,Growify | Sales | Shopping | US+Canada | DS,PAUSED,334.97,8,594,41.87125,0.013468,563.922559,0.0,0.0,USA,United States,United States,41.87125,0.013468013468013467,563.9225589225589
2026-03-17,XYZ Luxury,Growify_XYZ LuxuryP_Pmax_India_03-02-2025,PAUSED,2726.039018,165,6266,16.521449,0.026333,435.052508,0.0,0.0,India,India,India,16.521448593939393,0.026332588573252474,435.05250845834667
2026-03-17,XYZ Luxury,Growify_XYZ LuxuryP_Search_India-12/12/25,ENABLED,74.964783,27,61,2.776473,0.442623,1228.930869,0.0,0.0,India,India,India,2.7764734444444445,0.4426229508196721,1228.9308688524588
2026-03-18,XYZ Luxury,Growify | Sales | Shopping | US+Canada | DS,PAUSED,315.51,7,553,45.072857,0.012658,570.542495,0.0,0.0,Rest of the World,Canada,Canada,45.07285714285714,0.012658227848101266,570.5424954792044
2026-03-18,XYZ Luxury,Growify | Sales | Shopping | US+Canada | DS,PAUSED,1360.93,15,1066,90.728667,0.014071,1276.669794,0.0,0.0,USA,United States,United States,90.72866666666667,0.014071294559099437,1276.6697936210132
2026-03-18,XYZ Luxury,Growify_XYZ LuxuryP_Pmax_India_03-02-2025,PAUSED,1989.066886,69,2072,28.827056,0.033301,959.974366,0.0,9.7966,India,India,India,28.82705631884058,0.033301158301158304,959.9743658301159
2026-03-18,XYZ Luxury,Growify_XYZ LuxuryP_Search_India-12/12/25,ENABLED,0.34,1,4,0.34,0.25,85.0,0.0,0.0,India,India,India,0.34,0.25,85.0
2026-03-19,XYZ Luxury,Growify | Sales | Shopping | US+Canada | DS,PAUSED,0.0,0,2,,0.0,0.0,0.0,0.0,USA,United States,United States,,0.0,0.0
2026-03-19,XYZ Luxury,Growify_XYZ LuxuryP_Pmax_India_03-02-2025,PAUSED,9.375836,0,52,,0.0,180.304538,0.0,0.0,India,India,India,,0.0,180.30453846153847
2026-03-21,XYZ Luxury,Growify | Sales | Shopping | US+Canada | DS,PAUSED,131.59,2,767,65.795,0.002608,171.564537,0.0,0.0,Rest of the World,Canada,Canada,65.795,0.002607561929595828,171.56453715775748
2026-03-21,XYZ Luxury,Growify | Sales | Shopping | US+Canada | DS,PAUSED,3867.91,42,3644,92.093095,0.011526,1061.446213,0.0,0.0,USA,United States,United States,92.09309523809523,0.011525795828759604,1061.446212952799
2026-03-21,XYZ Luxury,Growify_XYZ LuxuryP_Pmax_India_03-02-2025,PAUSED,4947.166545,500,26617,9.894333,0.018785,185.864919,0.0,0.0,India,India,India,9.89433309,0.018784987038358944,185.864918848856
2026-03-21,XYZ Luxury,Growify_XYZ LuxuryP_Search_India-12/12/25,ENABLED,44.345773,25,35,1.773831,0.714286,1267.022086,0.0,0.0,India,India,India,1.77383092,0.7142857142857143,1267.0220857142858
2026-03-22,XYZ Luxury,Growify | Sales | Shopping | US+Canada | DS,PAUSED,910.919126,18,1128,50.606618,0.015957,807.552417,0.0,0.0,Rest of the World,Canada,Canada,50.60661811111111,0.015957446808510637,807.5524166666667
2026-03-22,XYZ Luxury,Growify | Sales | Shopping | US+Canada | DS,PAUSED,2481.42,45,6234,55.142667,0.007218,398.046198,0.0,0.0,USA,United States,United States,55.14266666666667,0.007218479307025986,398.046198267565
2026-03-22,XYZ Luxury,Growify_XYZ LuxuryP_Pmax_India_03-02-2025,PAUSED,4449.346913,771,42186,5.770878,0.018276,105.469751,0.0,0.0,India,India,India,5.770877967574579,0.018276205376191155,105.4697509363296
2026-03-22,XYZ Luxury,Growify_XYZ LuxuryP_Search_India-12/12/25,ENABLED,245.69,49,63,5.014082,0.777778,3899.84127,1.0,8369.5,India,India,India,5.0140816326530615,0.7777777777777778,3899.84126984127
2026-03-23,XYZ Luxury,Growify | Sales | Shopping | US+Canada | DS,PAUSED,347.831167,10,669,34.783117,0.014948,519.927006,0.0,0.0,Rest of the World,Canada,Canada,34.7831167,0.014947683109118086,519.9270059790732
2026-03-23,XYZ Luxury,Growify | Sales | Shopping | US+Canada | DS,PAUSED,1998.274059,48,3938,41.63071,0.012189,507.433738,0.0,0.0,USA,United States,United States,41.6307095625,0.01218892839004571,507.4337376841036
2026-03-23,XYZ Luxury,Growify_XYZ LuxuryP_Pmax_India_03-02-2025,PAUSED,4438.017483,890,41593,4.986536,0.021398,106.701067,0.0,0.0,India,India,India,4.986536497752809,0.02139783136585483,106.70106707859495
2026-03-23,XYZ Luxury,Growify_XYZ LuxuryP_Search_India-12/12/25,ENABLED,73.159048,41,70,1.784367,0.585714,1045.129257,0.0,0.0,India,India,India,1.7843670243902439,0.5857142857142857,1045.129257142857
2026-03-24,XYZ Luxury,Growify | Sales | Shopping | US+Canada | DS,PAUSED,25.26,2,89,12.63,0.022472,283.820225,0.0,0.0,Rest of the World,Canada,Canada,12.63,0.02247191011235955,283.82022471910113
2026-03-24,XYZ Luxury,Growify | Sales | Shopping | US+Canada | DS,PAUSED,94.2,3,429,31.4,0.006993,219.58042,0.0,0.0,USA,United States,United States,31.400000000000002,0.006993006993006993,219.5804195804196
2026-03-24,XYZ Luxury,Growify_XYZ LuxuryP_Pmax_India_03-02-2025,PAUSED,1360.722398,350,17622,3.887778,0.019862,77.217251,0.0,0.0,India,India,India,3.8877782800000005,0.0198615367154693,77.21725104982409
2026-03-24,XYZ Luxury,Growify_XYZ LuxuryP_Search_India-12/12/25,ENABLED,4.93,13,22,0.379231,0.590909,224.090909,0.0,0.0,India,India,India,0.3792307692307692,0.5909090909090909,224.0909090909091
2026-03-25,XYZ Luxury,Growify | Sales | Shopping | US+Canada | DS,PAUSED,0.0,0,1,,0.0,0.0,0.0,0.0,USA,United States,United States,,0.0,0.0
2026-03-25,XYZ Luxury,Growify_XYZ LuxuryP_Pmax_India_03-02-2025,PAUSED,0.79,1,25,0.79,0.04,31.6,0.0,0.0,India,India,India,0.79,0.04,31.6
2026-03-26,XYZ Luxury,Growify_XYZ LuxuryP_Search_India-12/12/25,ENABLED,70.22,17,26,4.130588,0.653846,2700.769231,0.0,0.0,India,India,India,4.130588235294118,0.6538461538461539,2700.7692307692305
2026-03-27,XYZ Luxury,Growify_XYZ LuxuryP_Pmax_India_03-02-2025,PAUSED,1178.31,202,9297,5.833218,0.021727,126.740884,0.0,0.0,India,India,India,5.833217821782178,0.021727438958803916,126.7408841561794
2026-03-27,XYZ Luxury,Growify_XYZ LuxuryP_Pmax_India_27/03/26,PAUSED,1104.32,401,17756,2.753915,0.022584,62.194188,0.0,0.0,India,India,India,2.7539152119700745,0.02258391529623789,62.19418788015319
2026-03-27,XYZ Luxury,Growify_XYZ LuxuryP_Search_India-12/12/25,ENABLED,191.289356,29,41,6.596185,0.707317,4665.594049,0.04,351.4355,India,India,India,6.596184689655172,0.7073170731707317,4665.594048780487
2026-03-28,XYZ Luxury,Growify_XYZ LuxuryP_Pmax_India_03-02-2025,PAUSED,1697.1,353,17899,4.807649,0.019722,94.815353,0.0,0.0,India,India,India,4.807648725212465,0.019721772166042796,94.81535281300631
2026-03-28,XYZ Luxury,Growify_XYZ LuxuryP_Pmax_India_27/03/26,PAUSED,1476.764597,896,25031,1.648175,0.035796,58.997427,0.0,0.0,India,India,India,1.6481747734375,0.035795613439335225,58.997427070432664
2026-03-28,XYZ Luxury,Growify_XYZ LuxuryP_Search_India-12/12/25,ENABLED,424.21695,39,58,10.877358,0.672414,7314.085345,0.0,0.0,India,India,India,10.877357692307692,0.6724137931034483,7314.085344827587
2026-03-29,XYZ Luxury,Growify_XYZ LuxuryP_Pmax_India_03-02-2025,PAUSED,1460.74,275,16220,5.311782,0.016954,90.057953,0.0,0.0,India,India,India,5.311781818181818,0.016954377311960544,90.05795314426635
2026-03-29,XYZ Luxury,Growify_XYZ LuxuryP_Pmax_India_27/03/26,PAUSED,2519.843555,690,37504,3.651947,0.018398,67.188661,0.0,0.0,India,India,India,3.65194718115942,0.018398037542662116,67.1886613427901
2026-03-29,XYZ Luxury,Growify_XYZ LuxuryP_Search_India-12/12/25,ENABLED,48.373454,28,48,1.727623,0.583333,1007.780292,0.0,0.0,India,India,India,1.7276233571428572,0.5833333333333334,1007.7802916666667
2026-03-30,XYZ Luxury,Growify_XYZ LuxuryP_Pmax_India_03-02-2025,PAUSED,1603.62,266,16828,6.028647,0.015807,95.294747,0.87,1746.1332,India,India,India,6.028646616541353,0.015806988352745424,95.29474685048727
2026-03-30,XYZ Luxury,Growify_XYZ LuxuryP_Pmax_India_27/03/26,PAUSED,1509.534048,472,26769,3.198165,0.017632,56.391126,0.0,0.0,India,India,India,3.198165355932203,0.017632335910941762,56.39112585453323
2026-03-30,XYZ Luxury,Growify_XYZ LuxuryP_Search_India-12/12/25,ENABLED,190.784677,41,70,4.653285,0.585714,2725.495386,0.0,0.0,India,India,India,4.653284804878049,0.5857142857142857,2725.4953857142855
2026-03-31,XYZ Luxury,Growify_XYZ LuxuryP_Pmax_India_03-02-2025,PAUSED,998.488182,189,10459,5.283006,0.018071,95.466888,0.0,0.0,India,India,India,5.283006253968254,0.0180705612391242,95.46688803900948
2026-03-31,XYZ Luxury,Growify_XYZ LuxuryP_Pmax_India_27/03/26,PAUSED,669.137688,155,9916,4.317017,0.015631,67.480606,0.0,0.0,India,India,India,4.317017341935484,0.01563130294473578,67.48060588947156
2026-03-31,XYZ Luxury,Growify_XYZ LuxuryP_Search_India-12/12/25,ENABLED,405.51,58,97,6.991552,0.597938,4180.515464,0.0,0.0,India,India,India,6.991551724137931,0.5979381443298969,4180.515463917525
2026-04-01,XYZ Luxury,Growify_XYZ LuxuryP_Search_India-12/12/25,ENABLED,667.890218,58,89,11.515349,0.651685,7504.384472,0.0,0.0,India,India,India,11.515348586206896,0.651685393258427,7504.384471910113
2026-04-02,XYZ Luxury,Growify_XYZ LuxuryP_Search_India-12/12/25,ENABLED,335.222374,56,92,5.986114,0.608696,3643.721457,0.04,351.4355,India,India,India,5.986113821428572,0.6086956521739131,3643.721456521739
2026-04-03,XYZ Luxury,Growify_XYZ LuxuryP_Search_India-12/12/25,ENABLED,278.410491,32,65,8.700328,0.492308,4283.238323,0.0,0.0,India,India,India,8.70032784375,0.49230769230769234,4283.238323076923
2026-04-04,XYZ Luxury,Growify_XYZ LuxuryP_Search_India-12/12/25,ENABLED,281.612242,48,68,5.866922,0.705882,4141.3565,0.0,0.0,India,India,India,5.866921708333333,0.7058823529411765,4141.3565
2026-04-05,XYZ Luxury,Growify_XYZ LuxuryP_Search_India-12/12/25,ENABLED,15.335337,24,39,0.638972,0.615385,393.213769,0.0,0.0,India,India,India,0.638972375,0.6153846153846154,393.21376923076923
2026-04-06,XYZ Luxury,Growify_XYZ LuxuryP_Search_India-12/12/25,ENABLED,390.209532,80,123,4.877619,0.650407,3172.43522,0.0,0.0,India,India,India,4.87761915,0.6504065040650406,3172.435219512195
2026-04-07,XYZ Luxury,Growify_XYZ LuxuryP_Search_India-12/12/25,ENABLED,862.065955,127,186,6.787921,0.682796,4634.763199,0.0,0.0,India,India,India,6.787920905511811,0.6827956989247311,4634.763198924731
2026-04-08,XYZ Luxury,Growify_XYZ LuxuryP_Search_India-12/12/25,ENABLED,1041.390873,147,233,7.084292,0.630901,4469.488725,0.0,0.0,India,India,India,7.084291653061225,0.630901287553648,4469.4887253218885
2026-04-09,XYZ Luxury,Growify_XYZ LuxuryP_Search_India-12/12/25,ENABLED,648.288552,200,313,3.241443,0.638978,2071.209431,0.0,0.0,India,India,India,3.24144276,0.6389776357827476,2071.209431309904
2026-04-10,XYZ Luxury,Growify_XYZ LuxuryP_Search_India-12/12/25,ENABLED,882.256371,245,325,3.601046,0.753846,2714.634988,0.0,0.0,India,India,India,3.6010464122448975,0.7538461538461538,2714.6349876923077
2026-04-11,XYZ Luxury,Growify_XYZ LuxuryP_Search_India-12/12/25,ENABLED,437.908889,174,233,2.516718,0.746781,1879.437292,0.0,0.0,India,India,India,2.5167177528735634,0.7467811158798283,1879.4372918454935
2026-04-12,XYZ Luxury,Growify_XYZ LuxuryP_Search_India-12/12/25,ENABLED,364.80941,163,229,2.238095,0.71179,1593.054192,0.0,0.0,India,India,India,2.238094539877301,0.7117903930131004,1593.054192139738
2026-04-13,XYZ Luxury,Growify_XYZ LuxuryP_Search_India-12/12/25,ENABLED,676.086258,123,186,5.496636,0.66129,3634.872355,0.0,0.0,India,India,India,5.496636243902439,0.6612903225806451,3634.87235483871
2026-04-14,XYZ Luxury,Growify_XYZ LuxuryP_Search_India-12/12/25,ENABLED,246.97152,95,135,2.5997,0.703704,1829.418667,0.04,351.4355,India,India,India,2.599700210526316,0.7037037037037037,1829.4186666666667
2026-04-15,XYZ Luxury,Growify_XYZ LuxuryP_Search_India-12/12/25,ENABLED,111.531099,83,116,1.343748,0.715517,961.474991,0.0,0.0,India,India,India,1.3437481807228915,0.7155172413793104,961.4749913793104
2026-04-16,XYZ Luxury,Growify_XYZ LuxuryP_Search_India-12/12/25,ENABLED,191.310971,73,118,2.620698,0.618644,1621.279415,0.0,0.0,India,India,India,2.620698232876712,0.6186440677966102,1621.2794152542374
2026-04-17,XYZ Luxury,Growify_XYZ LuxuryP_Search_India-12/12/25,ENABLED,214.992089,76,108,2.828843,0.703704,1990.667491,1.0,6600.0,India,India,India,2.8288432763157894,0.7037037037037037,1990.6674907407407
2026-04-18,XYZ Luxury,Growify_XYZ LuxuryP_Search_India-12/12/25,ENABLED,262.934227,60,94,4.382237,0.638298,2797.172628,1.0,12870.0,India,India,India,4.382237116666667,0.6382978723404256,2797.1726276595746
2026-04-19,XYZ Luxury,Growify_XYZ LuxuryP_Search_India-12/12/25,ENABLED,179.67695,68,122,2.642308,0.557377,1472.761885,0.0,0.0,India,India,India,2.642308088235294,0.5573770491803278,1472.7618852459018
2026-04-20,XYZ Luxury,Growify_P.max_HP_EOSS_Ind,ENABLED,1002.709113,590,13937,1.699507,0.042333,71.945836,0.0,0.0,India,India,India,1.6995069711864408,0.04233335725048432,71.94583576092415
2026-04-20,XYZ Luxury,Growify_XYZ LuxuryP_Search_India-12/12/25,ENABLED,325.056004,60,94,5.4176,0.638298,3458.042596,0.0,0.0,India,India,India,5.417600066666666,0.6382978723404256,3458.0425957446805
2026-04-21,XYZ Luxury,Growify_P.max_HP_EOSS_Ind,ENABLED,973.615681,167,9195,5.830034,0.018162,105.885338,0.0,0.0,India,India,India,5.8300340179640715,0.01816204458945079,105.8853377922784
2026-04-21,XYZ Luxury,Growify_XYZ LuxuryP_Search_India-12/12/25,ENABLED,103.997809,42,86,2.476138,0.488372,1209.276849,0.0,0.0,India,India,India,2.4761383095238094,0.4883720930232558,1209.2768488372094
2026-04-22,XYZ Luxury,Growify_P.max_HP_EOSS_Ind,ENABLED,1032.126389,119,6035,8.673331,0.019718,171.023428,0.0,0.0,India,India,India,8.673331000000001,0.01971830985915493,171.0234281690141
2026-04-22,XYZ Luxury,Growify_XYZ LuxuryP_Search_India-12/12/25,ENABLED,81.098233,36,57,2.252729,0.631579,1422.776018,0.0,0.0,India,India,India,2.2527286944444445,0.631578947368421,1422.7760175438596
2026-04-23,XYZ Luxury,Growify_P.max_HP_EOSS_Ind,ENABLED,1001.419112,191,6644,5.243032,0.028748,150.725333,0.0,0.0,India,India,India,5.243032,0.028747742323901263,150.7253329319687
2026-04-23,XYZ Luxury,Growify_XYZ LuxuryP_Search_India-12/12/25,ENABLED,119.067165,40,79,2.976679,0.506329,1507.179304,7.0,97690.0,India,India,India,2.976679125,0.5063291139240507,1507.1793037974683
2026-04-24,XYZ Luxury,Growify_P.max_HP_EOSS_Ind,ENABLED,1152.403078,275,1436,4.190557,0.191504,802.509107,13.0,220118.4,India,India,India,4.190556647272728,0.1915041782729805,802.5091072423398
2026-04-24,XYZ Luxury,Growify_XYZ LuxuryP_Search_India-12/12/25,ENABLED,23.240264,39,83,0.595904,0.46988,280.003181,3.0,29354.5,India,India,India,0.5959042051282051,0.46987951807228917,280.00318072289156
2026-04-25,XYZ Luxury,Growify_P.max_HP_EOSS_Ind,ENABLED,230.994279,104,4286,2.221099,0.024265,53.895072,0.0,0.0,India,India,India,2.2210988365384616,0.02426504899673355,53.895072095193655
2026-04-25,XYZ Luxury,Growify_XYZ LuxuryP_Search_India-12/12/25,ENABLED,599.090667,52,76,11.520974,0.684211,7882.771934,0.0,0.0,India,India,India,11.520974365384616,0.6842105263157895,7882.7719342105265
2026-04-26,XYZ Luxury,Growify_P.max_HP_EOSS_Ind,ENABLED,1611.09291,400,18465,4.027732,0.021663,87.251173,0.0,0.0,India,India,India,4.027732275,0.02166260492824262,87.25117303005688
2026-04-26,XYZ Luxury,Growify_XYZ LuxuryP_Search_India-12/12/25,ENABLED,581.095348,40,74,14.527384,0.540541,7852.639838,0.0,0.0,India,India,India,14.527383699999998,0.5405405405405406,7852.639837837837
2026-04-27,XYZ Luxury,Growify_P.max_HP_EOSS_Ind,ENABLED,1133.310616,231,10986,4.906107,0.021027,103.159532,1.0,4200.0,India,India,India,4.906106562770563,0.021026761332605132,103.15953176770434
2026-04-27,XYZ Luxury,Growify_XYZ LuxuryP_Search_India-12/12/25,ENABLED,754.689142,66,110,11.434684,0.6,6860.810382,0.0,0.0,India,India,India,11.43468396969697,0.6,6860.810381818182
2026-04-28,XYZ Luxury,Growify_P.max_HP_EOSS_Ind,ENABLED,764.671744,237,10029,3.226463,0.023631,76.246061,0.0,0.0,India,India,India,3.2264630548523208,0.02363146874065211,76.24606082361153
2026-04-28,XYZ Luxury,Growify_XYZ LuxuryP_Search_India-12/12/25,ENABLED,393.183551,45,72,8.737412,0.625,5460.882653,0.04,351.4355,India,India,India,8.737412244444444,0.625,5460.882652777778
2026-04-29,XYZ Luxury,Growify_P.max_HP_EOSS_Ind,ENABLED,1117.78117,301,12528,3.713559,0.024026,89.222635,0.0,0.0,India,India,India,3.713558704318937,0.02402618135376756,89.22263489782887
2026-04-29,XYZ Luxury,Growify_XYZ LuxuryP_Search_India-12/12/25,ENABLED,680.555735,37,62,18.393398,0.596774,10976.7054,0.0,0.0,India,India,India,18.393398243243244,0.5967741935483871,10976.705403225807
2026-04-30,XYZ Luxury,Growify_P.max_HP_EOSS_Ind,ENABLED,903.566589,356,13123,2.538108,0.027128,68.853661,0.01,31.206,India,India,India,2.538108396067416,0.027127943305646576,68.85366067210241
2026-04-30,XYZ Luxury,Growify_XYZ LuxuryP_Search_India-12/12/25,ENABLED,324.988866,43,78,7.557881,0.551282,4166.523923,0.0,0.0,India,India,India,7.557880604651162,0.5512820512820513,4166.523923076923
2026-05-01,XYZ Luxury,Growify_P.max_HP_EOSS_Ind,ENABLED,968.07602,311,9815,3.112785,0.031686,98.6323,0.0,0.0,India,India,India,3.11278463022508,0.031686194600101886,98.63229954151808
2026-05-01,XYZ Luxury,Growify_XYZ LuxuryP_Search_India-12/12/25,ENABLED,109.716909,27,54,4.063589,0.5,2031.794611,0.0,0.0,India,India,India,4.063589222222222,0.5,2031.7946111111112
2026-05-02,XYZ Luxury,Growify_P.max_HP_EOSS_Ind,ENABLED,884.730798,284,13486,3.115249,0.021059,65.603648,0.0,0.0,India,India,India,3.1152492887323944,0.021058875871273915,65.60364807948984
2026-05-02,XYZ Luxury,Growify_XYZ LuxuryP_Search_India-12/12/25,ENABLED,243.774773,51,86,4.779898,0.593023,2834.590384,0.04,351.44395,India,India,India,4.779897509803922,0.5930232558139535,2834.5903837209307
2026-05-03,XYZ Luxury,Growify_P.max_HP_EOSS_Ind,ENABLED,1163.832119,281,11759,4.141751,0.023897,98.973732,0.0,0.0,India,India,India,4.141751313167259,0.023896589846075348,98.97373237520196
2026-05-03,XYZ Luxury,Growify_XYZ LuxuryP_Search_India-12/12/25,ENABLED,331.214639,40,63,8.280366,0.634921,5257.375222,0.0,0.0,India,India,India,8.280365974999999,0.6349206349206349,5257.375222222222
2026-05-04,XYZ Luxury,Growify_P.max_HP_EOSS_Ind,ENABLED,853.234762,297,11409,2.872844,0.026032,74.786113,0.0,0.0,India,India,India,2.8728443164983166,0.026032079936891928,74.78611289332983
2026-05-04,XYZ Luxury,Growify_XYZ LuxuryP_Search_India-12/12/25,ENABLED,291.570107,34,64,8.575591,0.53125,4555.782922,2.0,41300.0,India,India,India,8.575591382352941,0.53125,4555.782921875
2026-05-05,XYZ Luxury,Growify_P.max_HP_EOSS_Ind,ENABLED,944.984987,317,14473,2.981025,0.021903,65.292958,1.0,17550.0,India,India,India,2.9810251955835962,0.02190285358944241,65.29295840530644
2026-05-05,XYZ Luxury,Growify_XYZ LuxuryP_Search_India-12/12/25,ENABLED,80.397962,37,88,2.172918,0.420455,913.613205,0.0,0.0,India,India,India,2.172917891891892,0.42045454545454547,913.6132045454546
2026-05-06,XYZ Luxury,Growify_P.max_HP_EOSS_Ind,ENABLED,651.094717,219,9072,2.973035,0.02414,71.7697,0.0,0.0,India,India,India,2.973035237442922,0.02414021164021164,71.769699845679
2026-05-06,XYZ Luxury,Growify_XYZ LuxuryP_Search_India-12/12/25,ENABLED,171.17989,54,120,3.169998,0.45,1426.499083,1.0,7700.0,India,India,India,3.169997962962963,0.45,1426.4990833333334
2026-05-07,XYZ Luxury,Growify_P.max_HP_EOSS_Ind,ENABLED,1466.707345,340,15002,4.313845,0.022664,97.767454,0.0,0.0,India,India,India,4.313845132352942,0.022663644847353687,97.76745400613251
2026-05-07,XYZ Luxury,Growify_XYZ LuxuryP_Search_India-12/12/25,ENABLED,101.228839,45,80,2.24953,0.5625,1265.360487,0.0,0.0,India,India,India,2.2495297555555553,0.5625,1265.3604874999999
2026-05-08,XYZ Luxury,Growify_P.max_HP_EOSS_Ind,ENABLED,928.031114,253,14473,3.668107,0.017481,64.121545,0.0,0.0,India,India,India,3.668107169960474,0.017480826366337316,64.12154453119602
2026-05-08,XYZ Luxury,Growify_XYZ LuxuryP_Search_India-12/12/25,ENABLED,32.964195,36,72,0.915672,0.5,457.836042,0.0,0.0,India,India,India,0.9156720833333333,0.5,457.83604166666663
2026-05-09,XYZ Luxury,Growify_P.max_HP_EOSS_Ind,ENABLED,1261.891239,209,10786,6.037757,0.019377,116.99344,0.0,0.0,India,India,India,6.037757124401914,0.019376970146486185,116.99343955127017
2026-05-09,XYZ Luxury,Growify_XYZ LuxuryP_Search_India-12/12/25,ENABLED,69.783629,33,70,2.114655,0.471429,996.908986,0.0,0.0,India,India,India,2.1146554242424243,0.4714285714285714,996.9089857142858
2026-05-10,XYZ Luxury,Growify_P.max_HP_EOSS_Ind,ENABLED,657.458401,152,7121,4.325384,0.021345,92.326696,0.0,0.0,India,India,India,4.325384217105263,0.021345316669007162,92.32669582923747
2026-05-10,XYZ Luxury,Growify_XYZ LuxuryP_Search_India-12/12/25,ENABLED,76.64782,36,77,2.129106,0.467532,995.426234,1.0,19470.0,India,India,India,2.129106111111111,0.4675324675324675,995.4262337662337
2026-05-11,XYZ Luxury,Growify_P.max_HP_EOSS_Ind,ENABLED,692.018067,104,4849,6.65402,0.021448,142.713563,1.0,18113.7,India,India,India,6.6540198749999995,0.021447721179624665,142.71356300268096
2026-05-11,XYZ Luxury,Growify_XYZ LuxuryP_Search_India-12/12/25,ENABLED,58.530753,42,81,1.393589,0.518519,722.601889,1.0,19250.0,India,India,India,1.393589357142857,0.5185185185185185,722.6018888888889
2026-05-12,XYZ Luxury,Growify_P.max_HP_EOSS_Ind,ENABLED,673.880229,216,9893,3.119816,0.021834,68.116873,0.0,0.0,India,India,India,3.119815875,0.021833619731123015,68.11687344587082
2026-05-12,XYZ Luxury,Growify_XYZ LuxuryP_Search_India-12/12/25,ENABLED,120.200647,34,67,3.535313,0.507463,1794.039507,0.0,0.0,India,India,India,3.5353131470588237,0.5074626865671642,1794.0395074626867
2026-05-13,XYZ Luxury,Growify_P.max_HP_EOSS_Ind,ENABLED,574.568934,163,9105,3.524963,0.017902,63.10477,0.0,0.0,India,India,India,3.524962785276074,0.017902251510159253,63.104770345963765
2026-05-13,XYZ Luxury,Growify_XYZ LuxuryP_Search_India-12/12/25,ENABLED,36.564076,39,74,0.93754,0.527027,494.109135,0.0,0.0,India,India,India,0.9375404102564102,0.527027027027027,494.10913513513515
2026-05-14,XYZ Luxury,Growify_P.max_HP_EOSS_Ind,ENABLED,675.264952,125,6175,5.40212,0.020243,109.354648,1.0,12870.0,India,India,India,5.402119616,0.020242914979757085,109.35464809716599
2026-05-14,XYZ Luxury,Growify_XYZ LuxuryP_Search_India-12/12/25,ENABLED,215.717712,36,66,5.992159,0.545455,3268.450182,0.0,0.0,India,India,India,5.992158666666667,0.5454545454545454,3268.450181818182
2026-05-15,XYZ Luxury,Growify_P.max_HP_EOSS_Ind,ENABLED,960.999531,152,6623,6.322365,0.02295,145.100337,0.0,0.0,India,India,India,6.3223653355263165,0.02295032462630228,145.10033685640948
2026-05-15,XYZ Luxury,Growify_XYZ LuxuryP_Search_India-12/12/25,ENABLED,14.742523,23,41,0.640979,0.560976,359.573732,0.0,0.0,India,India,India,0.6409792608695652,0.5609756097560976,359.5737317073171
2026-05-16,XYZ Luxury,Growify_P.max_HP_EOSS_Ind,ENABLED,510.962503,181,8793,2.822997,0.020585,58.110145,0.39,2036.996716,India,India,India,2.8229972541436466,0.02058455589673604,58.11014477425225
2026-05-16,XYZ Luxury,Growify_XYZ LuxuryP_Search_India-12/12/25,ENABLED,105.570328,21,37,5.027158,0.567568,2853.252108,0.0,0.0,India,India,India,5.027158476190476,0.5675675675675675,2853.252108108108
2026-05-17,XYZ Luxury,Growify_P.max_HP_EOSS_Ind,ENABLED,883.925386,162,7656,5.45633,0.02116,115.455249,0.0,0.0,India,India,India,5.456329543209876,0.02115987460815047,115.45524895506793
2026-05-17,XYZ Luxury,Growify_XYZ LuxuryP_Search_India-12/12/25,ENABLED,153.191088,31,55,4.941648,0.563636,2785.292509,1.0,10527.0,India,India,India,4.941648,0.5636363636363636,2785.292509090909
2026-05-18,XYZ Luxury,Growify_P.max_HP_EOSS_Ind,ENABLED,853.484332,32,1156,26.671385,0.027682,738.308246,0.0,0.0,India,India,India,26.671385375,0.02768166089965398,738.3082456747405
2026-05-18,XYZ Luxury,Growify_XYZ LuxuryP_Search_India-12/12/25,ENABLED,178.560263,28,50,6.377152,0.56,3571.20526,1.0,5500.0,India,India,India,6.37715225,0.56,3571.2052599999997
2026-05-19,XYZ Luxury,Growify_P.max_HP_EOSS_Ind,ENABLED,367.953995,115,4508,3.1996,0.02551,81.622448,1.0,67716.0,India,India,India,3.1995999565217392,0.025510204081632654,81.62244787045253
2026-05-19,XYZ Luxury,Growify_XYZ LuxuryP_Search_India-12/12/25,ENABLED,121.585912,29,60,4.192618,0.483333,2026.431867,0.0,0.0,India,India,India,4.1926176551724135,0.48333333333333334,2026.4318666666666
2026-05-20,XYZ Luxury,Growify_P.max_HP_EOSS_Ind,ENABLED,357.510976,110,4322,3.2501,0.025451,82.718875,1.0,5750.0,India,India,India,3.2500997818181823,0.025451180009254976,82.71887459509487
2026-05-20,XYZ Luxury,Growify_XYZ LuxuryP_Search_India-12/12/25,ENABLED,31.88,24,51,1.328333,0.470588,625.098039,0.79,6692.81405,India,India,India,1.3283333333333334,0.47058823529411764,625.0980392156863
2026-05-21,XYZ Luxury,Growify_P.max_HP_EOSS_Ind,ENABLED,574.199438,128,4738,4.485933,0.027016,121.190257,0.0,0.0,India,India,India,4.485933109375,0.027015618404390037,121.19025707049387
2026-05-21,XYZ Luxury,Growify_XYZ LuxuryP_Search_India-12/12/25,ENABLED,98.507685,26,41,3.788757,0.634146,2402.626463,0.47,9974.36609,India,India,India,3.788757115384615,0.6341463414634146,2402.626463414634
2026-05-22,XYZ Luxury,Growify_P.max_HP_EOSS_Ind,ENABLED,467.750585,172,7134,2.71948,0.02411,65.566384,0.0,0.0,India,India,India,2.7194801453488373,0.024109896271376507,65.56638421642836
2026-05-22,XYZ Luxury,Growify_XYZ LuxuryP_Search_India-12/12/25,ENABLED,130.08352,22,48,5.912887,0.458333,2710.073333,0.0,0.0,India,India,India,5.912887272727272,0.4583333333333333,2710.0733333333333
2026-05-23,XYZ Luxury,Growify_P.max_HP_EOSS_Ind,ENABLED,591.231938,86,4531,6.87479,0.01898,130.485972,0.0,0.0,India,India,India,6.874789976744186,0.018980357536967557,130.48597175016553
2026-05-23,XYZ Luxury,Growify_XYZ LuxuryP_Search_India-12/12/25,ENABLED,60.756925,24,61,2.531539,0.393443,996.015164,0.0,0.0,India,India,India,2.531538541666667,0.39344262295081966,996.0151639344263
2026-05-24,XYZ Luxury,Growify_P.max_HP_EOSS_Ind,ENABLED,644.350629,90,5104,7.159451,0.017633,126.244245,0.0,0.0,India,India,India,7.1594514333333334,0.01763322884012539,126.24424549373042
2026-05-24,XYZ Luxury,Growify_XYZ LuxuryP_Search_India-12/12/25,ENABLED,138.055328,37,72,3.731225,0.513889,1917.435111,0.0,0.0,India,India,India,3.731225081081081,0.5138888888888888,1917.4351111111112
2026-05-25,XYZ Luxury,Growify_P.max_HP_EOSS_Ind,ENABLED,294.306538,102,4005,2.885358,0.025468,73.484779,0.0,0.0,India,India,India,2.8853582156862743,0.02546816479400749,73.48477852684145
2026-05-25,XYZ Luxury,Growify_XYZ LuxuryP_Search_INT-5/21/26,ENABLED,0.96,1,2,0.96,0.5,480.0,0.0,0.0,USA,United States,United States,0.96,0.5,480.0
2026-05-25,XYZ Luxury,Growify_XYZ LuxuryP_Search_India-12/12/25,ENABLED,127.923407,39,75,3.280087,0.52,1705.645427,0.0,0.0,India,India,India,3.280087358974359,0.52,1705.6454266666667
2026-05-26,XYZ Luxury,Growify_P.max_HP_EOSS_Ind,ENABLED,464.262053,145,7157,3.201807,0.02026,64.868248,0.0,0.0,India,India,India,3.2018072620689653,0.020259885426854828,64.86824828838898
2026-05-26,XYZ Luxury,Growify_XYZ LuxuryP_Search_INT-5/21/26,ENABLED,3.11,3,7,1.036667,0.428571,444.285714,0.0,0.0,Rest of the World,Canada,Canada,1.0366666666666666,0.42857142857142855,444.2857142857143
2026-05-26,XYZ Luxury,Growify_XYZ LuxuryP_Search_INT-5/21/26,ENABLED,2.87,2,3,1.435,0.666667,956.666667,0.0,0.0,USA,United States,United States,1.435,0.6666666666666666,956.6666666666666
2026-05-26,XYZ Luxury,Growify_XYZ LuxuryP_Search_India-12/12/25,ENABLED,82.268741,26,47,3.164182,0.553191,1750.398745,0.0,0.0,India,India,India,3.1641823461538463,0.5531914893617021,1750.398744680851
2026-05-27,XYZ Luxury,Growify_P.max_HP_EOSS_Ind,ENABLED,658.433471,115,6657,5.725508,0.017275,98.908438,0.01,208.072326,India,India,India,5.725508443478262,0.017275048820790145,98.90843788493315
2026-05-27,XYZ Luxury,Growify_XYZ LuxuryP_Search_INT-5/21/26,ENABLED,8.34,6,18,1.39,0.333333,463.333333,0.0,0.0,Rest of the World,Canada,Canada,1.39,0.3333333333333333,463.3333333333333
2026-05-27,XYZ Luxury,Growify_XYZ LuxuryP_Search_INT-5/21/26,ENABLED,184.332775,4,8,46.083194,0.5,23041.59688,0.0,0.0,USA,United States,United States,46.08319375,0.5,23041.596875
2026-05-27,XYZ Luxury,Growify_XYZ LuxuryP_Search_India-12/12/25,ENABLED,88.463624,59,85,1.499383,0.694118,1040.748518,0.0,0.0,India,India,India,1.4993834576271186,0.6941176470588235,1040.7485176470589
2026-05-28,XYZ Luxury,Growify | Shopping Ads | All Product | EOSS,PAUSED,511.48,62,3318,8.249677,0.018686,154.153104,0.0,0.0,India,India,India,8.249677419354839,0.018685955394816153,154.15310427968657
2026-05-28,XYZ Luxury,Growify_P.max_HP_EOSS_Ind,ENABLED,371.877044,101,4779,3.681951,0.021134,77.814824,0.98,17442.21679,India,India,India,3.6819509306930693,0.021134128478761248,77.81482402176188
2026-05-28,XYZ Luxury,Growify_XYZ LuxuryP_Search_INT-5/21/26,ENABLED,321.196464,11,28,29.199679,0.392857,11471.30229,1.0,10560.0,Rest of the World,Canada,Canada,29.199678545454546,0.39285714285714285,11471.302285714286
2026-05-28,XYZ Luxury,Growify_XYZ LuxuryP_Search_INT-5/21/26,ENABLED,935.145978,8,14,116.893247,0.571429,66796.14129,0.0,0.0,USA,United States,United States,116.89324725,0.5714285714285714,66796.14128571429
2026-05-28,XYZ Luxury,Growify_XYZ LuxuryP_Search_India-12/12/25,ENABLED,191.591905,60,118,3.193198,0.508475,1623.660212,3.0,74980.0,India,India,India,3.1931984166666667,0.5084745762711864,1623.6602118644068
2026-05-29,XYZ Luxury,Growify | Shopping Ads | All Product | EOSS,PAUSED,1013.51,126,7105,8.04373,0.017734,142.647431,0.0,0.0,India,India,India,8.043730158730158,0.017733990147783252,142.64743138634765
2026-05-29,XYZ Luxury,Growify_P.max_HP_EOSS_Ind,ENABLED,946.886697,142,6990,6.668216,0.020315,135.463047,0.0,0.0,India,India,India,6.6682161760563385,0.020314735336194562,135.46304678111588
2026-05-29,XYZ Luxury,Growify_XYZ LuxuryP_Search_INT-5/21/26,ENABLED,145.810641,17,29,8.577097,0.586207,5027.953138,0.0,0.0,Rest of the World,Canada,Canada,8.577096529411765,0.5862068965517241,5027.953137931035
2026-05-29,XYZ Luxury,Growify_XYZ LuxuryP_Search_INT-5/21/26,ENABLED,290.14,12,16,24.178333,0.75,18133.75,0.0,0.0,USA,United States,United States,24.17833333333333,0.75,18133.75
2026-05-29,XYZ Luxury,Growify_XYZ LuxuryP_Search_India-12/12/25,ENABLED,82.6925,56,102,1.476652,0.54902,810.710784,2.0,29807.0,India,India,India,1.4766517857142856,0.5490196078431373,810.7107843137254
2026-05-30,XYZ Luxury,Growify | Shopping Ads | All Product | EOSS,PAUSED,1013.01,117,7096,8.658205,0.016488,142.757892,0.0,0.0,India,India,India,8.658205128205129,0.016488162344983088,142.75789177001127
2026-05-30,XYZ Luxury,Growify_P.max_HP_EOSS_Ind,ENABLED,1617.937648,116,9973,13.947738,0.011631,162.231791,0.0,0.0,India,India,India,13.947738344827586,0.01163140479294094,162.23179063471375
2026-05-30,XYZ Luxury,Growify_XYZ LuxuryP_Search_INT-5/21/26,ENABLED,170.608037,13,27,13.123695,0.481481,6318.816185,0.0,0.0,Rest of the World,Canada,Canada,13.123695153846153,0.48148148148148145,6318.8161851851855
2026-05-30,XYZ Luxury,Growify_XYZ LuxuryP_Search_INT-5/21/26,ENABLED,26.660025,7,11,3.808575,0.636364,2423.638636,0.0,0.0,USA,United States,United States,3.8085750000000003,0.6363636363636364,2423.6386363636366
2026-05-30,XYZ Luxury,Growify_XYZ LuxuryP_Search_India-12/12/25,ENABLED,346.98438,58,105,5.982489,0.552381,3304.613143,0.0,0.0,India,India,India,5.982489310344827,0.5523809523809524,3304.613142857143
2026-05-31,XYZ Luxury,Growify | Shopping Ads | All Product | EOSS,PAUSED,973.43,97,7845,10.035361,0.012365,124.082855,0.0,0.0,India,India,India,10.035360824742268,0.012364563416188655,124.08285532186106
2026-05-31,XYZ Luxury,Growify_P.max_HP_EOSS_Ind,ENABLED,970.14401,113,6158,8.585345,0.01835,157.542061,1.0,61259.9,India,India,India,8.585345221238939,0.01835011367327054,157.54206073400454
2026-05-31,XYZ Luxury,Growify_XYZ LuxuryP_Search_INT-5/21/26,ENABLED,210.856843,8,23,26.357105,0.347826,9167.688826,0.0,0.0,Rest of the World,Canada,Canada,26.357105375,0.34782608695652173,9167.688826086956
2026-05-31,XYZ Luxury,Growify_XYZ LuxuryP_Search_INT-5/21/26,ENABLED,1409.873564,7,13,201.410509,0.538462,108451.8126,0.53,11003.91831,USA,United States,United States,201.41050914285714,0.5384615384615384,108451.81261538461
2026-05-31,XYZ Luxury,Growify_XYZ LuxuryP_Search_India-12/12/25,ENABLED,851.299647,46,170,18.506514,0.270588,5007.644982,0.0,0.0,India,India,India,18.50651406521739,0.27058823529411763,5007.644982352941
2026-06-01,XYZ Luxury,Growify | Shopping Ads | All Product | EOSS,PAUSED,569.89,57,4746,9.99807,0.01201,120.07796,0.0,0.0,India,India,India,9.998070175438595,0.012010113780025285,120.0779603876949
2026-06-01,XYZ Luxury,Growify_P.max_HP_EOSS_Ind,ENABLED,1040.059,103,6239,10.09766,0.016509,166.702837,0.0,0.0,India,India,India,10.097660194174757,0.016509055938451676,166.70283699310787
2026-06-01,XYZ Luxury,Growify_XYZ LuxuryP_Search_INT-5/21/26,ENABLED,15.213875,5,17,3.042775,0.294118,894.933824,1.0,11000.0,Rest of the World,Canada,Canada,3.042775,0.29411764705882354,894.9338235294117
2026-06-01,XYZ Luxury,Growify_XYZ LuxuryP_Search_INT-5/21/26,ENABLED,4.900865,4,11,1.225216,0.363636,445.533182,0.0,0.0,USA,United States,United States,1.22521625,0.36363636363636365,445.5331818181818
2026-06-01,XYZ Luxury,Growify_XYZ LuxuryP_Search_India-12/12/25,ENABLED,328.607359,25,117,13.144294,0.213675,2808.609906,0.2,1550.59146,India,India,India,13.144294359999998,0.21367521367521367,2808.6099059829057
2026-06-02,XYZ Luxury,Growify | Shopping Ads | All Product | EOSS,PAUSED,1506.82,168,14213,8.969167,0.01182,106.017027,0.0,0.0,India,India,India,8.969166666666666,0.011820164638007459,106.01702666572855
2026-06-02,XYZ Luxury,Growify_P.max_HP_EOSS_Ind,ENABLED,2328.956806,137,12220,16.999685,0.011211,190.585663,0.0,0.0,India,India,India,16.999684715328467,0.011211129296235679,190.58566333878886
2026-06-02,XYZ Luxury,Growify_XYZ LuxuryP_Search_INT-5/21/26,ENABLED,795.178094,5,19,159.035619,0.263158,41851.47863,0.0,0.0,Rest of the World,Canada,Canada,159.0356188,0.2631578947368421,41851.478631578946
2026-06-02,XYZ Luxury,Growify_XYZ LuxuryP_Search_INT-5/21/26,ENABLED,54.748553,3,6,18.249518,0.5,9124.758833,0.0,0.0,USA,United States,United States,18.249517666666666,0.5,9124.758833333333
2026-06-02,XYZ Luxury,Growify_XYZ LuxuryP_Search_India-12/12/25,ENABLED,581.473342,44,169,13.215303,0.260355,3440.670663,0.0,0.0,India,India,India,13.215303227272727,0.2603550295857988,3440.6706627218937
2026-06-03,XYZ Luxury,Growify | Shopping Ads | All Product | EOSS,PAUSED,439.63,54,6436,8.141296,0.00839,68.307955,0.0,0.0,India,India,India,8.141296296296296,0.00839030453697949,68.30795525170913
2026-06-03,XYZ Luxury,Growify_P.max_HP_EOSS_Ind,ENABLED,1005.137646,97,8911,10.362244,0.010885,112.797402,0.0,0.0,India,India,India,10.362243773195877,0.010885422511502638,112.79740163842442
2026-06-03,XYZ Luxury,Growify_XYZ LuxuryP_Search_INT-5/21/26,ENABLED,410.929376,17,42,24.172316,0.404762,9784.032762,2.0,91766.4,Rest of the World,Canada,Canada,24.17231623529412,0.40476190476190477,9784.032761904762
2026-06-03,XYZ Luxury,Growify_XYZ LuxuryP_Search_INT-5/21/26,ENABLED,526.251739,10,22,52.625174,0.454545,23920.53359,0.0,0.0,USA,United States,United States,52.62517390000001,0.45454545454545453,23920.53359090909
2026-06-03,XYZ Luxury,Growify_XYZ LuxuryP_Search_India-12/12/25,ENABLED,673.046684,63,251,10.683281,0.250996,2681.460892,0.0,0.0,India,India,India,10.683280698412698,0.250996015936255,2681.460892430279
2026-06-04,XYZ Luxury,Growify | Shopping Ads | All Product | EOSS,PAUSED,43.71,8,841,5.46375,0.009512,51.973841,0.0,0.0,India,India,India,5.46375,0.009512485136741973,51.97384066587396
2026-06-04,XYZ Luxury,Growify_P.max_HP_EOSS_Ind,ENABLED,1013.982498,98,9634,10.34676,0.010172,105.250415,0.0,0.0,India,India,India,10.346760183673469,0.010172306414780985,105.25041498858211
2026-06-04,XYZ Luxury,Growify_XYZ LuxuryP_Search_INT-5/21/26,ENABLED,397.070473,12,37,33.089206,0.324324,10731.63441,0.0,0.0,Rest of the World,Canada,Canada,33.08920608333333,0.32432432432432434,10731.634405405404
2026-06-04,XYZ Luxury,Growify_XYZ LuxuryP_Search_INT-5/21/26,ENABLED,69.545578,8,23,8.693197,0.347826,3023.720783,0.0,0.0,USA,United States,United States,8.69319725,0.34782608695652173,3023.720782608696
2026-06-04,XYZ Luxury,Growify_XYZ LuxuryP_Search_India-12/12/25,ENABLED,447.021381,51,161,8.765125,0.31677,2776.530317,0.0,0.0,India,India,India,8.76512511764706,0.3167701863354037,2776.5303167701863
2026-06-05,XYZ Luxury,Growify | Shopping Ads | All Product | EOSS,PAUSED,5.33,10,468,0.533,0.021368,11.388889,0.0,0.0,India,India,India,0.533,0.021367521367521368,11.38888888888889
2026-06-05,XYZ Luxury,Growify_P.max_HP_EOSS_Ind,ENABLED,796.720666,92,7977,8.660007,0.011533,99.87723,0.0,0.0,India,India,India,8.660007239130435,0.011533157828757678,99.87723028707535
2026-06-05,XYZ Luxury,Growify_XYZ LuxuryP_Search_INT-5/21/26,ENABLED,73.893897,11,21,6.717627,0.52381,3518.757,0.5,6325.0,Rest of the World,Canada,Canada,6.717626999999999,0.5238095238095238,3518.757
2026-06-05,XYZ Luxury,Growify_XYZ LuxuryP_Search_INT-5/21/26,ENABLED,58.770801,8,20,7.34635,0.4,2938.54005,0.0,0.0,USA,United States,United States,7.346350125,0.4,2938.54005
2026-06-05,XYZ Luxury,Growify_XYZ LuxuryP_Search_India-12/12/25,ENABLED,865.297302,61,147,14.185202,0.414966,5886.376204,1.0,13270.0,India,India,India,14.185201672131146,0.41496598639455784,5886.376204081632
2026-06-06,XYZ Luxury,Growify | Shopping Ads | All Product | EOSS,PAUSED,2.97,3,277,0.99,0.01083,10.722022,0.0,0.0,India,India,India,0.9900000000000001,0.010830324909747292,10.722021660649819
2026-06-06,XYZ Luxury,Growify_P.max_HP_EOSS_Ind,ENABLED,1350.718168,51,3750,26.48467,0.0136,360.191511,0.0,0.0,India,India,India,26.484669960784316,0.0136,360.19151146666667
2026-06-06,XYZ Luxury,Growify_XYZ LuxuryP_Search_INT-5/21/26,ENABLED,43.057805,12,31,3.58815,0.387097,1388.961452,0.0,0.0,Rest of the World,Canada,Canada,3.5881504166666667,0.3870967741935484,1388.9614516129031
2026-06-06,XYZ Luxury,Growify_XYZ LuxuryP_Search_INT-5/21/26,ENABLED,165.200739,7,19,23.600106,0.368421,8694.775737,0.0,0.0,USA,United States,United States,23.60010557142857,0.3684210526315789,8694.775736842106
2026-06-06,XYZ Luxury,Growify_XYZ LuxuryP_Search_India-12/12/25,ENABLED,523.000706,67,144,7.805981,0.465278,3631.949347,1.0,5610.0,India,India,India,7.805980686567165,0.4652777777777778,3631.9493472222225
2026-06-07,XYZ Luxury,Growify | Shopping Ads | All Product | EOSS,PAUSED,45.25,9,309,5.027778,0.029126,146.440129,0.0,0.0,India,India,India,5.027777777777778,0.02912621359223301,146.4401294498382
2026-06-07,XYZ Luxury,Growify_P.max_HP_EOSS_Ind,ENABLED,992.305385,45,5428,22.051231,0.00829,182.812341,0.0,0.0,India,India,India,22.05123077777778,0.008290346352247605,182.81234064112013
2026-06-07,XYZ Luxury,Growify_XYZ LuxuryP_Search_INT-5/21/26,ENABLED,82.039353,16,33,5.12746,0.484848,2486.041,1.5,37675.0,Rest of the World,Canada,Canada,5.1274595625,0.48484848484848486,2486.041
2026-06-07,XYZ Luxury,Growify_XYZ LuxuryP_Search_INT-5/21/26,ENABLED,581.05,1,5,581.05,0.2,116210.0,0.5,4969.8,USA,United States,United States,581.05,0.2,116210.0
2026-06-07,XYZ Luxury,Growify_XYZ LuxuryP_Search_India-12/12/25,ENABLED,805.753608,67,143,12.026173,0.468531,5634.640615,0.8,6357.69094,India,India,India,12.026173253731343,0.46853146853146854,5634.640615384616
2026-06-08,XYZ Luxury,Growify | Shopping Ads | All Product | EOSS,PAUSED,9.25,3,209,3.083333,0.014354,44.258373,0.0,0.0,India,India,India,3.0833333333333335,0.014354066985645933,44.25837320574163
2026-06-08,XYZ Luxury,Growify_P.max_HP_EOSS_Ind,ENABLED,1016.396257,73,5939,13.923236,0.012292,171.139292,0.0,0.0,India,India,India,13.923236397260274,0.012291631587809396,171.13929230510186
2026-06-08,XYZ Luxury,Growify_XYZ LuxuryP_Search_INT-5/21/26,ENABLED,71.392385,9,26,7.932487,0.346154,2745.860962,0.0,0.0,Rest of the World,Canada,Canada,7.932487222222223,0.34615384615384615,2745.8609615384617
2026-06-08,XYZ Luxury,Growify_XYZ LuxuryP_Search_INT-5/21/26,ENABLED,1156.957257,10,24,115.695726,0.416667,48206.55238,0.5,4969.8,USA,United States,United States,115.6957257,0.4166666666666667,48206.552375
2026-06-08,XYZ Luxury,Growify_XYZ LuxuryP_Search_India-12/12/25,ENABLED,194.237463,44,196,4.414488,0.22449,991.007464,0.0,0.0,India,India,India,4.414487795454545,0.22448979591836735,991.0074642857143
2026-06-09,XYZ Luxury,Growify | Shopping Ads | All Product | EOSS,PAUSED,38.86,6,570,6.476667,0.010526,68.175439,0.0,0.0,India,India,India,6.476666666666667,0.010526315789473684,68.17543859649122
2026-06-09,XYZ Luxury,Growify_P.max_HP_EOSS_Ind,ENABLED,863.474647,45,3464,19.188325,0.012991,249.270972,0.62,3109.114166,India,India,India,19.18832548888889,0.012990762124711317,249.2709719976905
2026-06-09,XYZ Luxury,Growify_XYZ LuxuryP_Search_INT-5/21/26,ENABLED,104.500543,10,28,10.450054,0.357143,3732.16225,0.0,0.0,Rest of the World,Canada,Canada,10.4500543,0.35714285714285715,3732.1622499999994
2026-06-09,XYZ Luxury,Growify_XYZ LuxuryP_Search_INT-5/21/26,ENABLED,376.401844,7,18,53.771692,0.388889,20911.21356,1.0,41052.0,USA,United States,United States,53.771691999999994,0.3888888888888889,20911.213555555554
2026-06-09,XYZ Luxury,Growify_XYZ LuxuryP_Search_India-12/12/25,ENABLED,1234.04464,90,392,13.711607,0.229592,3148.073061,0.0,0.0,India,India,India,13.711607111111112,0.22959183673469388,3148.07306122449
2026-06-10,XYZ Luxury,Growify | Shopping Ads | All Product | EOSS,PAUSED,63.04,16,1033,3.94,0.015489,61.026137,0.0,0.0,India,India,India,3.94,0.015488867376573089,61.026137463697964
2026-06-10,XYZ Luxury,Growify_P.max_HP_EOSS_Ind,ENABLED,709.990253,37,3195,19.188926,0.011581,222.219172,0.0,0.0,India,India,India,19.18892575675676,0.011580594679186228,222.2191715179969
2026-06-10,XYZ Luxury,Growify_XYZ LuxuryP_Search_INT-5/21/26,ENABLED,71.995126,12,27,5.999594,0.444444,2666.486148,0.0,0.0,Rest of the World,Canada,Canada,5.999593833333333,0.4444444444444444,2666.4861481481485
2026-06-10,XYZ Luxury,Growify_XYZ LuxuryP_Search_INT-5/21/26,ENABLED,277.279554,9,20,30.808839,0.45,13863.9777,0.0,0.0,USA,United States,United States,30.808839333333335,0.45,13863.977700000001
2026-06-10,XYZ Luxury,Growify_XYZ LuxuryP_Search_India-12/12/25,ENABLED,1030.940096,45,264,22.90978,0.170455,3905.076121,0.0,0.0,India,India,India,22.909779911111112,0.17045454545454544,3905.0761212121215
2026-06-11,XYZ Luxury,Growify | Shopping Ads | All Product | EOSS,PAUSED,269.93,38,2158,7.103421,0.017609,125.083411,0.0,0.0,India,India,India,7.103421052631579,0.017608897126969416,125.08341056533828
2026-06-11,XYZ Luxury,Growify_P.max_HP_EOSS_Ind,ENABLED,99.712713,12,520,8.309393,0.023077,191.755217,0.0,0.0,India,India,India,8.309392749999999,0.023076923076923078,191.7552173076923
2026-06-11,XYZ Luxury,Growify_XYZ LuxuryP_Search_INT-5/21/26,ENABLED,428.129084,16,39,26.758068,0.410256,10977.66882,0.0,0.0,Rest of the World,Canada,Canada,26.75806775,0.41025641025641024,10977.66882051282
2026-06-11,XYZ Luxury,Growify_XYZ LuxuryP_Search_INT-5/21/26,ENABLED,132.555126,5,12,26.511025,0.416667,11046.2605,1.0,45408.0,USA,United States,United States,26.5110252,0.4166666666666667,11046.2605
2026-06-11,XYZ Luxury,Growify_XYZ LuxuryP_Search_India-12/12/25,ENABLED,189.338428,53,125,3.572423,0.424,1514.707424,0.0,0.0,India,India,India,3.5724231698113207,0.424,1514.707424
2026-06-12,XYZ Luxury,Growify | Shopping Ads | All Product | EOSS,PAUSED,292.66,48,4112,6.097083,0.011673,71.172179,0.0,0.0,India,India,India,6.097083333333334,0.011673151750972763,71.17217898832685
2026-06-12,XYZ Luxury,Growify_P.max_HP_EOSS_Ind,ENABLED,1302.228858,112,6527,11.627043,0.017159,199.51415,2.47,9974.6524,India,India,India,11.627043375,0.017159491343649455,199.51415014554925
2026-06-12,XYZ Luxury,Growify_XYZ LuxuryP_Search_INT-5/21/26,ENABLED,803.507706,7,22,114.786815,0.318182,36523.07755,0.0,0.0,Rest of the World,Canada,Canada,114.78681514285714,0.3181818181818182,36523.07754545455
2026-06-12,XYZ Luxury,Growify_XYZ LuxuryP_Search_INT-5/21/26,ENABLED,46.452563,5,14,9.290513,0.357143,3318.040214,0.0,0.0,USA,United States,United States,9.2905126,0.35714285714285715,3318.040214285714
2026-06-12,XYZ Luxury,Growify_XYZ LuxuryP_Search_India-12/12/25,ENABLED,607.934973,62,146,9.805403,0.424658,4163.938171,0.0,0.0,India,India,India,9.805402790322582,0.4246575342465753,4163.938171232877
2026-06-13,XYZ Luxury,Growify | Shopping Ads | All Product | EOSS,PAUSED,999.85,79,5527,12.656329,0.014293,180.902841,0.0,0.0,India,India,India,12.65632911392405,0.014293468427718474,180.90284060068754
2026-06-13,XYZ Luxury,Growify_P.max_HP_EOSS_Ind,ENABLED,815.186691,101,6553,8.071155,0.015413,124.399007,0.0,0.0,India,India,India,8.071155356435643,0.01541278803601404,124.39900671448191
2026-06-13,XYZ Luxury,Growify_XYZ LuxuryP_Search_INT-5/21/26,ENABLED,512.983493,17,35,30.1755,0.485714,14656.67123,0.0,0.0,Rest of the World,Canada,Canada,30.17549958823529,0.4857142857142857,14656.671228571427
2026-06-13,XYZ Luxury,Growify_XYZ LuxuryP_Search_INT-5/21/26,ENABLED,440.891277,7,19,62.984468,0.368421,23204.80405,0.0,0.0,USA,United States,United States,62.984468142857146,0.3684210526315789,23204.80405263158
2026-06-13,XYZ Luxury,Growify_XYZ LuxuryP_Search_India-12/12/25,ENABLED,163.264253,49,119,3.331924,0.411765,1371.968513,1.0,8731.84,India,India,India,3.331923530612245,0.4117647058823529,1371.968512605042
2026-06-14,XYZ Luxury,Growify | Shopping Ads | All Product | EOSS,PAUSED,720.74,89,5382,8.098202,0.016537,133.91676,0.0,0.0,India,India,India,8.098202247191011,0.016536603493125232,133.9167595689335
2026-06-14,XYZ Luxury,Growify_P.max_HP_EOSS_Ind,ENABLED,649.001082,64,4227,10.140642,0.015141,153.537043,0.0,0.0,India,India,India,10.14064190625,0.015140761769576532,153.5370432931157
2026-06-14,XYZ Luxury,Growify_XYZ LuxuryP_Search_INT-5/21/26,ENABLED,889.033156,16,51,55.564572,0.313725,17432.02267,1.0,10300.0,Rest of the World,Canada,Canada,55.56457225,0.3137254901960784,17432.022666666664
2026-06-14,XYZ Luxury,Growify_XYZ LuxuryP_Search_INT-5/21/26,ENABLED,1800.51,4,14,450.1275,0.285714,128607.8571,0.0,0.0,USA,United States,United States,450.1275,0.2857142857142857,128607.85714285714
2026-06-14,XYZ Luxury,Growify_XYZ LuxuryP_Search_India-12/12/25,ENABLED,201.484718,52,109,3.874706,0.477064,1848.483651,1.0,16570.0,India,India,India,3.874706115384615,0.47706422018348627,1848.4836513761468
2026-06-15,XYZ Luxury,Growify | Shopping Ads | All Product | EOSS,PAUSED,999.97,69,5424,14.492319,0.012721,184.360251,0.0,0.0,India,India,India,14.49231884057971,0.012721238938053098,184.36025073746313
2026-06-15,XYZ Luxury,Growify_P.max_HP_EOSS_Ind,ENABLED,818.249331,97,5569,8.43556,0.017418,146.929311,0.75,24502.10796,India,India,India,8.435560113402062,0.017417848805889747,146.92931064823128
2026-06-15,XYZ Luxury,Growify_XYZ LuxuryP_Search_INT-5/21/26,ENABLED,473.832699,18,44,26.324039,0.409091,10768.92498,0.0,0.0,Rest of the World,Canada,Canada,26.324038833333333,0.4090909090909091,10768.924977272727
2026-06-15,XYZ Luxury,Growify_XYZ LuxuryP_Search_INT-5/21/26,ENABLED,168.631125,7,16,24.090161,0.4375,10539.44531,0.0,0.0,USA,United States,United States,24.090160714285712,0.4375,10539.4453125
2026-06-15,XYZ Luxury,Growify_XYZ LuxuryP_Search_India-12/12/25,ENABLED,562.427799,61,125,9.220128,0.488,4499.422392,1.0,55440.0,India,India,India,9.220127852459017,0.488,4499.422392
2026-06-16,XYZ Luxury,Growify | Shopping Ads | All Product | EOSS,PAUSED,999.98,136,9144,7.352794,0.014873,109.359143,0.03,128.71188,India,India,India,7.352794117647059,0.014873140857392825,109.3591426071741
2026-06-16,XYZ Luxury,Growify_P.max_HP_EOSS_Ind,ENABLED,432.944897,64,6240,6.764764,0.010256,69.382195,0.25,8167.66335,India,India,India,6.764764015625,0.010256410256410256,69.38219503205129
2026-06-16,XYZ Luxury,Growify_XYZ LuxuryP_Search_INT-5/21/26,ENABLED,535.504415,15,50,35.700294,0.3,10710.0883,1.0,27720.0,Rest of the World,Canada,Canada,35.70029433333333,0.3,10710.088300000001
2026-06-16,XYZ Luxury,Growify_XYZ LuxuryP_Search_INT-5/21/26,ENABLED,111.78,7,14,15.968571,0.5,7984.285714,0.0,0.0,USA,United States,United States,15.968571428571428,0.5,7984.285714285714
2026-06-16,XYZ Luxury,Growify_XYZ LuxuryP_Search_India-12/12/25,ENABLED,663.008463,84,143,7.892958,0.587413,4636.422818,0.0,0.0,India,India,India,7.892957892857143,0.5874125874125874,4636.422818181818
2026-06-17,XYZ Luxury,Growify | Shopping Ads | All Product | EOSS,PAUSED,693.13,112,6873,6.188661,0.016296,100.848247,0.0,0.0,India,India,India,6.188660714285715,0.016295649643532664,100.8482467626946
2026-06-17,XYZ Luxury,Growify_P.max_HP_EOSS_Ind,ENABLED,847.590729,95,6970,8.922008,0.01363,121.605557,0.0,0.0,India,India,India,8.922007673684211,0.013629842180774749,121.60555652797704
2026-06-17,XYZ Luxury,Growify_XYZ LuxuryP_Search_INT-5/21/26,ENABLED,387.689164,22,45,17.622235,0.488889,8615.314756,0.0,0.0,Rest of the World,Canada,Canada,17.622234727272726,0.4888888888888889,8615.314755555555
2026-06-17,XYZ Luxury,Growify_XYZ LuxuryP_Search_INT-5/21/26,ENABLED,68.11,6,26,11.351667,0.230769,2619.615385,0.0,0.0,USA,United States,United States,11.351666666666667,0.23076923076923078,2619.6153846153843
2026-06-17,XYZ Luxury,Growify_XYZ LuxuryP_Search_India-12/12/25,ENABLED,616.928198,90,194,6.854758,0.463918,3180.042258,1.0,9700.0,India,India,India,6.854757755555555,0.4639175257731959,3180.0422577319587
2026-06-18,XYZ Luxury,Growify | Shopping Ads | All Product | EOSS,PAUSED,999.99,126,7505,7.936429,0.016789,133.243171,1.0,8700.0,India,India,India,7.936428571428571,0.016788807461692205,133.24317121918722
2026-06-18,XYZ Luxury,Growify_P.max_HP_EOSS_Ind,ENABLED,563.609604,66,5252,8.539539,0.012567,107.313329,0.01,53.70948,India,India,India,8.539539454545455,0.012566641279512566,107.31332901751713
2026-06-18,XYZ Luxury,Growify_XYZ LuxuryP_Search_INT-5/21/26,ENABLED,48.19,13,31,3.706923,0.419355,1554.516129,0.0,0.0,Rest of the World,Canada,Canada,3.7069230769230765,0.41935483870967744,1554.516129032258
2026-06-18,XYZ Luxury,Growify_XYZ LuxuryP_Search_INT-5/21/26,ENABLED,133.26,9,32,14.806667,0.28125,4164.375,0.0,0.0,USA,United States,United States,14.806666666666665,0.28125,4164.375
2026-06-18,XYZ Luxury,Growify_XYZ LuxuryP_Search_India-12/12/25,ENABLED,331.875319,69,179,4.809787,0.385475,1854.052061,0.0,0.0,India,India,India,4.809787231884058,0.3854748603351955,1854.052061452514
2026-06-19,XYZ Luxury,Growify | Shopping Ads | All Product | EOSS,PAUSED,999.83,87,5233,11.492299,0.016625,191.062488,0.0,0.0,India,India,India,11.492298850574713,0.016625262755589527,191.06248805656412
2026-06-19,XYZ Luxury,Growify_P.max_HP_EOSS_Ind,ENABLED,709.924265,108,8180,6.573373,0.013203,86.787807,0.0,0.0,India,India,India,6.573372824074074,0.013202933985330073,86.78780745721271
2026-06-19,XYZ Luxury,Growify_XYZ LuxuryP_Search_INT-5/21/26,ENABLED,196.166834,12,34,16.347236,0.352941,5769.612765,0.0,0.0,Rest of the World,Canada,Canada,16.347236166666665,0.35294117647058826,5769.612764705882
2026-06-19,XYZ Luxury,Growify_XYZ LuxuryP_Search_INT-5/21/26,ENABLED,93.45,10,42,9.345,0.238095,2225.0,0.0,0.0,USA,United States,United States,9.345,0.23809523809523808,2225.0
2026-06-19,XYZ Luxury,Growify_XYZ LuxuryP_Search_India-12/12/25,ENABLED,317.432641,69,196,4.600473,0.352041,1619.554291,0.4,1320.22869,India,India,India,4.600473057971015,0.3520408163265306,1619.5542908163266
2026-06-20,XYZ Luxury,Growify | Shopping Ads | All Product | EOSS,PAUSED,999.1,36,1840,27.752778,0.019565,542.98913,0.0,0.0,India,India,India,27.75277777777778,0.01956521739130435,542.9891304347826
2026-06-20,XYZ Luxury,Growify_P.max_HP_EOSS_Ind,ENABLED,982.470188,126,7472,7.797382,0.016863,131.48691,0.0,0.0,India,India,India,7.797382444444445,0.016862955032119913,131.48690952890794
2026-06-20,XYZ Luxury,Growify_Performance Max_Listing_IND,ENABLED,662.920099,154,6469,4.304676,0.023806,102.476441,0.0,0.0,India,India,India,4.304675967532468,0.023805843252434688,102.47644133560057
2026-06-20,XYZ Luxury,Growify_Performance Max_Listing_INTL,ENABLED,4.81,1,74,4.81,0.013514,65.0,0.0,0.0,Rest of the World,United Kingdom,United Kingdom,4.81,0.013513513513513514,64.99999999999999
2026-06-20,XYZ Luxury,Growify_Performance Max_Listing_INTL,ENABLED,77.56,1,60,77.56,0.016667,1292.666667,0.0,0.0,USA,United States,United States,77.56,0.016666666666666666,1292.6666666666667
2026-06-20,XYZ Luxury,Growify_Performance Max_Listing_INTL,ENABLED,0.0,0,14,,0.0,0.0,0.0,0.0,Rest of the World,Canada,Canada,,0.0,0.0
2026-06-20,XYZ Luxury,Growify_Performance Max_Listing_INTL,ENABLED,0.0,0,12,,0.0,0.0,0.0,0.0,Rest of the World,Australia,Australia,,0.0,0.0
2026-06-20,XYZ Luxury,Growify_XYZ LuxuryP_Search_INT-5/21/26,ENABLED,1034.223988,10,27,103.422399,0.37037,38304.59215,0.0,0.0,Rest of the World,Canada,Canada,103.4223988,0.37037037037037035,38304.59214814815
2026-06-20,XYZ Luxury,Growify_XYZ LuxuryP_Search_INT-5/21/26,ENABLED,1.25,1,14,1.25,0.071429,89.285714,0.0,0.0,Rest of the World,United Kingdom,United Kingdom,1.25,0.07142857142857142,89.28571428571429
2026-06-20,XYZ Luxury,Growify_XYZ LuxuryP_Search_INT-5/21/26,ENABLED,6.65,7,24,0.95,0.291667,277.083333,0.0,0.0,USA,United States,United States,0.9500000000000001,0.2916666666666667,277.08333333333337
2026-06-20,XYZ Luxury,Growify_XYZ LuxuryP_Search_INT-5/21/26,ENABLED,0.0,0,4,,0.0,0.0,0.0,0.0,Rest of the World,Australia,Australia,,0.0,0.0
2026-06-20,XYZ Luxury,Growify_XYZ LuxuryP_Search_India-12/12/25,ENABLED,590.37273,76,184,7.768062,0.413043,3208.547446,0.0,0.0,India,India,India,7.7680622368421055,0.41304347826086957,3208.5474456521742
2026-06-21,XYZ Luxury,Growify_P.max_HP_EOSS_Ind,ENABLED,706.941816,133,7227,5.315352,0.018403,97.81954,2.0,11296.6,India,India,India,5.315352,0.018403210184032102,97.8195400581154
2026-06-21,XYZ Luxury,Growify_Performance Max_Listing_IND,ENABLED,1409.098214,215,11507,6.553945,0.018684,122.455741,0.0,0.0,India,India,India,6.553945181395349,0.018684279134439905,122.4557412010081
2026-06-21,XYZ Luxury,Growify_Performance Max_Listing_INTL,ENABLED,16.67,4,204,4.1675,0.019608,81.715686,0.0,0.0,Rest of the World,Australia,Australia,4.1675,0.0196078431372549,81.7156862745098
2026-06-21,XYZ Luxury,Growify_Performance Max_Listing_INTL,ENABLED,45.689207,3,227,15.229736,0.013216,201.27404,0.0,0.0,Rest of the World,Canada,Canada,15.229735666666668,0.013215859030837005,201.27403964757713
2026-06-21,XYZ Luxury,Growify_Performance Max_Listing_INTL,ENABLED,44.53,4,382,11.1325,0.010471,116.570681,0.0,0.0,Rest of the World,United Kingdom,United Kingdom,11.1325,0.010471204188481676,116.57068062827224
2026-06-21,XYZ Luxury,Growify_Performance Max_Listing_INTL,ENABLED,339.18,9,917,37.686667,0.009815,369.880044,0.0,0.0,USA,United States,United States,37.68666666666667,0.009814612868047983,369.8800436205016
2026-06-21,XYZ Luxury,Growify_XYZ LuxuryP_Search_INT-5/21/26,ENABLED,441.23,6,12,73.538333,0.5,36769.16667,0.0,0.0,Rest of the World,Australia,Australia,73.53833333333334,0.5,36769.16666666667
2026-06-21,XYZ Luxury,Growify_XYZ LuxuryP_Search_INT-5/21/26,ENABLED,1497.75,8,34,187.21875,0.235294,44051.47059,0.0,0.0,Rest of the World,Canada,Canada,187.21875,0.23529411764705882,44051.470588235294
2026-06-21,XYZ Luxury,Growify_XYZ LuxuryP_Search_INT-5/21/26,ENABLED,2.84,3,6,0.946667,0.5,473.333333,0.0,0.0,Rest of the World,United Kingdom,United Kingdom,0.9466666666666667,0.5,473.3333333333333
2026-06-21,XYZ Luxury,Growify_XYZ LuxuryP_Search_INT-5/21/26,ENABLED,620.763313,13,43,47.751024,0.302326,14436.35612,0.0,0.0,USA,United States,United States,47.75102407692308,0.3023255813953488,14436.35611627907
2026-06-21,XYZ Luxury,Growify_XYZ LuxuryP_Search_India-12/12/25,ENABLED,314.672825,81,163,3.88485,0.496933,1930.508129,0.0,0.0,India,India,India,3.8848496913580246,0.49693251533742333,1930.5081288343558
2026-06-22,XYZ Luxury,Growify_P.max_HP_EOSS_Ind,ENABLED,668.614055,106,5594,6.30768,0.018949,119.523428,0.0,0.0,India,India,India,6.307679764150944,0.01894887379335002,119.52342777976403
2026-06-22,XYZ Luxury,Growify_Performance Max_Listing_IND,ENABLED,1027.385589,159,7461,6.461545,0.021311,137.700789,0.0,0.0,India,India,India,6.46154458490566,0.021310816244471252,137.7007893043828
2026-06-22,XYZ Luxury,Growify_Performance Max_Listing_INTL,ENABLED,250.913724,4,497,62.728431,0.008048,504.856588,0.0,0.0,Rest of the World,Australia,Australia,62.728431,0.008048289738430584,504.8565875251509
2026-06-22,XYZ Luxury,Growify_Performance Max_Listing_INTL,ENABLED,529.502215,14,491,37.821587,0.028513,1078.415916,0.0,0.0,Rest of the World,Canada,Canada,37.82158678571428,0.028513238289205704,1078.4159164969449
2026-06-22,XYZ Luxury,Growify_Performance Max_Listing_INTL,ENABLED,180.891912,6,370,30.148652,0.016216,488.897059,0.0,0.0,Rest of the World,United Kingdom,United Kingdom,30.148652,0.016216216216216217,488.89705945945946
2026-06-22,XYZ Luxury,Growify_Performance Max_Listing_INTL,ENABLED,1035.98584,17,1248,60.940344,0.013622,830.116859,0.0,0.0,USA,United States,United States,60.94034352941177,0.013621794871794872,830.116858974359
2026-06-22,XYZ Luxury,Growify_XYZ LuxuryP_Search_INT-5/21/26,ENABLED,1517.04,4,8,379.26,0.5,189630.0,0.0,0.0,Rest of the World,Australia,Australia,379.26,0.5,189630.0
2026-06-22,XYZ Luxury,Growify_XYZ LuxuryP_Search_INT-5/21/26,ENABLED,404.696663,15,50,26.979778,0.3,8093.93326,0.0,0.0,Rest of the World,Canada,Canada,26.979777533333333,0.3,8093.93326
2026-06-22,XYZ Luxury,Growify_XYZ LuxuryP_Search_INT-5/21/26,ENABLED,23.73,2,8,11.865,0.25,2966.25,0.0,0.0,Rest of the World,United Kingdom,United Kingdom,11.865,0.25,2966.25
2026-06-22,XYZ Luxury,Growify_XYZ LuxuryP_Search_INT-5/21/26,ENABLED,765.02,5,20,153.004,0.25,38251.0,0.0,0.0,USA,United States,United States,153.004,0.25,38251.0
2026-06-22,XYZ Luxury,Growify_XYZ LuxuryP_Search_India-12/12/25,ENABLED,938.340875,97,185,9.673617,0.524324,5072.112838,1.0,2200.0,India,India,India,9.673617268041237,0.5243243243243243,5072.112837837838
2026-06-23,XYZ Luxury,Growify_P.max_HP_EOSS_Ind,ENABLED,616.647857,58,3441,10.63186,0.016856,179.206003,0.0,0.0,India,India,India,10.631859603448277,0.01685556524266202,179.20600319674514
2026-06-23,XYZ Luxury,Growify_Performance Max_Listing_IND,ENABLED,1006.037574,252,12025,3.992213,0.020956,83.662168,1.0,2805.0,India,India,India,3.992212595238095,0.020956340956340955,83.6621683160083
2026-06-23,XYZ Luxury,Growify_Performance Max_Listing_INTL,ENABLED,56.126324,4,259,14.031581,0.015444,216.703954,0.0,0.0,Rest of the World,Australia,Australia,14.031581,0.015444015444015444,216.70395366795367
2026-06-23,XYZ Luxury,Growify_Performance Max_Listing_INTL,ENABLED,142.306876,7,363,20.329554,0.019284,392.029961,0.0,0.0,Rest of the World,Canada,Canada,20.329553714285712,0.01928374655647383,392.02996143250687
2026-06-23,XYZ Luxury,Growify_Performance Max_Listing_INTL,ENABLED,247.1936,6,393,41.198933,0.015267,628.991349,0.0,0.0,Rest of the World,United Kingdom,United Kingdom,41.198933333333336,0.015267175572519083,628.9913486005089
2026-06-23,XYZ Luxury,Growify_Performance Max_Listing_INTL,ENABLED,922.821472,26,1306,35.493134,0.019908,706.601433,0.0,0.0,USA,United States,United States,35.493133538461535,0.019908116385911178,706.6014333843798
2026-06-23,XYZ Luxury,Growify_XYZ LuxuryP_Search_INT-5/21/26,ENABLED,3.97,3,9,1.323333,0.333333,441.111111,0.0,0.0,Rest of the World,Australia,Australia,1.3233333333333335,0.3333333333333333,441.11111111111114
2026-06-23,XYZ Luxury,Growify_XYZ LuxuryP_Search_INT-5/21/26,ENABLED,32.79,7,26,4.684286,0.269231,1261.153846,0.0,0.0,Rest of the World,Canada,Canada,4.684285714285714,0.2692307692307692,1261.153846153846
2026-06-23,XYZ Luxury,Growify_XYZ LuxuryP_Search_INT-5/21/26,ENABLED,17.54,1,4,17.54,0.25,4385.0,0.0,0.0,Rest of the World,United Kingdom,United Kingdom,17.54,0.25,4385.0
2026-06-23,XYZ Luxury,Growify_XYZ LuxuryP_Search_INT-5/21/26,ENABLED,208.534809,11,43,18.95771,0.255814,4849.646721,0.0,0.0,USA,United States,United States,18.95770990909091,0.2558139534883721,4849.646720930233
2026-06-23,XYZ Luxury,Growify_XYZ LuxuryP_Search_India-12/12/25,ENABLED,717.017528,88,154,8.147926,0.571429,4655.957974,1.0,3400.0,India,India,India,8.147926454545454,0.5714285714285714,4655.957974025973
2026-06-24,XYZ Luxury,Growify_P.max_HP_EOSS_Ind,ENABLED,808.213696,138,7695,5.856621,0.017934,105.03102,0.0,0.0,India,India,India,5.856620985507247,0.01793372319688109,105.03101962313191
2026-06-24,XYZ Luxury,Growify_Performance Max_Listing_IND,ENABLED,968.260278,230,11866,4.209827,0.019383,81.599551,0.0,0.0,India,India,India,4.209827295652174,0.019383111410753412,81.59955149165684
2026-06-24,XYZ Luxury,Growify_Performance Max_Listing_INTL,ENABLED,49.56,3,159,16.52,0.018868,311.698113,0.0,0.0,Rest of the World,Australia,Australia,16.52,0.018867924528301886,311.6981132075472
2026-06-24,XYZ Luxury,Growify_Performance Max_Listing_INTL,ENABLED,16.55,1,204,16.55,0.004902,81.127451,0.0,0.0,Rest of the World,Canada,Canada,16.55,0.004901960784313725,81.12745098039215
2026-06-24,XYZ Luxury,Growify_Performance Max_Listing_INTL,ENABLED,97.31,2,234,48.655,0.008547,415.854701,0.0,0.0,Rest of the World,United Kingdom,United Kingdom,48.655,0.008547008547008548,415.85470085470087
2026-06-24,XYZ Luxury,Growify_Performance Max_Listing_INTL,ENABLED,1139.859829,20,736,56.992991,0.027174,1548.722594,0.0,0.0,USA,United States,United States,56.99299145,0.02717391304347826,1548.72259375
2026-06-24,XYZ Luxury,Growify_XYZ LuxuryP_Search_INT-5/21/26,ENABLED,7.86,6,21,1.31,0.285714,374.285714,0.0,0.0,Rest of the World,Australia,Australia,1.31,0.2857142857142857,374.2857142857143
2026-06-24,XYZ Luxury,Growify_XYZ LuxuryP_Search_INT-5/21/26,ENABLED,210.21,10,35,21.021,0.285714,6006.0,1.0,13776.2,Rest of the World,Canada,Canada,21.021,0.2857142857142857,6006.0
2026-06-24,XYZ Luxury,Growify_XYZ LuxuryP_Search_INT-5/21/26,ENABLED,1292.998381,5,19,258.599676,0.263158,68052.54637,0.0,0.0,Rest of the World,United Kingdom,United Kingdom,258.59967620000003,0.2631578947368421,68052.54636842106
2026-06-24,XYZ Luxury,Growify_XYZ LuxuryP_Search_INT-5/21/26,ENABLED,54.93,7,26,7.847143,0.269231,2112.692308,0.0,0.0,USA,United States,United States,7.847142857142857,0.2692307692307692,2112.6923076923076
2026-06-24,XYZ Luxury,Growify_XYZ LuxuryP_Search_India-12/12/25,ENABLED,452.419584,75,141,6.032261,0.531915,3208.649532,1.0,15250.0,India,India,India,6.03226112,0.5319148936170213,3208.6495319148935
2026-06-25,XYZ Luxury,Growify_P.max_HP_EOSS_Ind,ENABLED,184.766505,31,1685,5.96021,0.018398,109.653712,0.0,0.0,India,India,India,5.960209838709678,0.018397626112759646,109.6537121661721
2026-06-25,XYZ Luxury,Growify_Performance Max_Listing_IND,ENABLED,448.515192,54,2504,8.305837,0.021565,179.119486,0.0,0.0,India,India,India,8.305836888888889,0.02156549520766773,179.1194856230032
2026-06-25,XYZ Luxury,Growify_Performance Max_Listing_INTL,ENABLED,8.6,2,76,4.3,0.026316,113.157895,0.0,0.0,Rest of the World,Australia,Australia,4.3,0.02631578947368421,113.1578947368421
2026-06-25,XYZ Luxury,Growify_Performance Max_Listing_INTL,ENABLED,215.916686,6,222,35.986114,0.027027,972.597685,0.0,0.0,Rest of the World,Canada,Canada,35.98611433333333,0.02702702702702703,972.5976846846846
2026-06-25,XYZ Luxury,Growify_Performance Max_Listing_INTL,ENABLED,292.997184,8,977,36.624648,0.008188,299.894764,0.0,0.0,USA,United States,United States,36.624648,0.008188331627430911,299.89476356192426
2026-06-25,XYZ Luxury,Growify_Performance Max_Listing_INTL,ENABLED,0.0,0,82,,0.0,0.0,0.0,0.0,Rest of the World,United Kingdom,United Kingdom,,0.0,0.0
2026-06-25,XYZ Luxury,Growify_XYZ LuxuryP_Search_INT-5/21/26,ENABLED,126.02,6,13,21.003333,0.461538,9693.846154,0.0,0.0,Rest of the World,Australia,Australia,21.003333333333334,0.46153846153846156,9693.846153846154
2026-06-25,XYZ Luxury,Growify_XYZ LuxuryP_Search_INT-5/21/26,ENABLED,369.73,12,32,30.810833,0.375,11554.0625,0.0,0.0,Rest of the World,Canada,Canada,30.810833333333335,0.375,11554.0625
2026-06-25,XYZ Luxury,Growify_XYZ LuxuryP_Search_INT-5/21/26,ENABLED,2.5,2,4,1.25,0.5,625.0,0.0,0.0,Rest of the World,United Kingdom,United Kingdom,1.25,0.5,625.0
2026-06-25,XYZ Luxury,Growify_XYZ LuxuryP_Search_INT-5/21/26,ENABLED,160.01,8,35,20.00125,0.228571,4571.714286,0.0,0.0,USA,United States,United States,20.00125,0.22857142857142856,4571.714285714285
2026-06-25,XYZ Luxury,Growify_XYZ LuxuryP_Search_India-12/12/25,ENABLED,283.043159,32,52,8.845099,0.615385,5443.137673,0.0,0.0,India,India,India,8.84509871875,0.6153846153846154,5443.137673076923
2026-06-26,XYZ Luxury,Growify_P.max_HP_EOSS_Ind,ENABLED,479.991743,81,4698,5.925824,0.017241,102.169379,0.0,0.0,India,India,India,5.92582398765432,0.017241379310344827,102.16937909748829
2026-06-26,XYZ Luxury,Growify_Performance Max_Listing_IND,ENABLED,864.656805,155,9031,5.578431,0.017163,95.743196,0.0,0.0,India,India,India,5.578431,0.017163104861034215,95.74319621304396
2026-06-26,XYZ Luxury,Growify_Performance Max_Listing_INTL,ENABLED,43.741501,3,273,14.5805,0.010989,160.225278,0.0,0.0,Rest of the World,Canada,Canada,14.580500333333333,0.01098901098901099,160.22527838827838
2026-06-26,XYZ Luxury,Growify_Performance Max_Listing_INTL,ENABLED,41.53,1,164,41.53,0.006098,253.231707,0.0,0.0,Rest of the World,United Kingdom,United Kingdom,41.53,0.006097560975609756,253.2317073170732
2026-06-26,XYZ Luxury,Growify_Performance Max_Listing_INTL,ENABLED,205.906751,7,537,29.41525,0.013035,383.439015,0.0,0.0,USA,United States,United States,29.415250142857143,0.01303538175046555,383.43901489757917
2026-06-26,XYZ Luxury,Growify_Performance Max_Listing_INTL,ENABLED,0.0,0,86,,0.0,0.0,0.0,0.0,Rest of the World,Australia,Australia,,0.0,0.0
2026-06-26,XYZ Luxury,Growify_XYZ LuxuryP_Search_INT-5/21/26,ENABLED,36.66,11,31,3.332727,0.354839,1182.580645,0.0,0.0,Rest of the World,Canada,Canada,3.3327272727272725,0.3548387096774194,1182.58064516129
2026-06-26,XYZ Luxury,Growify_XYZ LuxuryP_Search_INT-5/21/26,ENABLED,228.22,2,6,114.11,0.333333,38036.66667,0.0,0.0,Rest of the World,United Kingdom,United Kingdom,114.11,0.3333333333333333,38036.66666666667
2026-06-26,XYZ Luxury,Growify_XYZ LuxuryP_Search_INT-5/21/26,ENABLED,2.85,3,19,0.95,0.157895,150.0,0.0,0.0,USA,United States,United States,0.9500000000000001,0.15789473684210525,150.0
2026-06-26,XYZ Luxury,Growify_XYZ LuxuryP_Search_India-12/12/25,ENABLED,472.168995,88,156,5.365557,0.564103,3026.724327,0.0,0.0,India,India,India,5.365556761363636,0.5641025641025641,3026.7243269230767
2026-06-27,XYZ Luxury,Growify_P.max_HP_EOSS_Ind,ENABLED,1231.935516,245,12134,5.028308,0.020191,101.527568,1.0,14675.0,India,India,India,5.0283082285714285,0.02019119828580847,101.52756848524807
2026-06-27,XYZ Luxury,Growify_Performance Max_Listing_IND,ENABLED,1665.380225,235,11692,7.086724,0.020099,142.437583,0.0,0.0,India,India,India,7.086724361702128,0.02009921313718782,142.4375833903524
2026-06-27,XYZ Luxury,Growify_Performance Max_Listing_INTL,ENABLED,358.123839,13,516,27.547988,0.025194,694.038448,0.0,0.0,Rest of the World,Australia,Australia,27.547987615384613,0.025193798449612403,694.0384476744185
2026-06-27,XYZ Luxury,Growify_Performance Max_Listing_INTL,ENABLED,271.493157,10,781,27.149316,0.012804,347.62248,0.0,0.0,Rest of the World,Canada,Canada,27.1493157,0.012804097311139564,347.6224801536492
2026-06-27,XYZ Luxury,Growify_Performance Max_Listing_INTL,ENABLED,31.12438,2,444,15.56219,0.004505,70.099955,0.0,0.0,Rest of the World,United Kingdom,United Kingdom,15.56219,0.0045045045045045045,70.09995495495495
2026-06-27,XYZ Luxury,Growify_Performance Max_Listing_INTL,ENABLED,1276.814225,21,1549,60.800677,0.013557,824.282908,0.0,0.0,USA,United States,United States,60.800677380952386,0.01355713363460297,824.2829083279536
2026-06-27,XYZ Luxury,Growify_XYZ LuxuryP_Search_INT-5/21/26,ENABLED,48.88,8,15,6.11,0.533333,3258.666667,0.0,0.0,Rest of the World,Australia,Australia,6.11,0.5333333333333333,3258.666666666667
2026-06-27,XYZ Luxury,Growify_XYZ LuxuryP_Search_INT-5/21/26,ENABLED,544.266569,12,40,45.355547,0.3,13606.66423,0.0,0.0,Rest of the World,Canada,Canada,45.35554741666667,0.3,13606.664224999999
2026-06-27,XYZ Luxury,Growify_XYZ LuxuryP_Search_INT-5/21/26,ENABLED,7.16,8,26,0.895,0.307692,275.384615,0.0,0.0,USA,United States,United States,0.895,0.3076923076923077,275.3846153846154
2026-06-27,XYZ Luxury,Growify_XYZ LuxuryP_Search_India-12/12/25,ENABLED,797.446041,111,172,7.184199,0.645349,4636.314192,2.0,24797.95,India,India,India,7.1841985675675675,0.6453488372093024,4636.314191860465
2026-06-28,XYZ Luxury,Growify_P.max_HP_EOSS_Ind,ENABLED,494.03149,85,4370,5.812135,0.019451,113.050684,0.0,0.0,India,India,India,5.812135176470589,0.019450800915331808,113.05068421052631
2026-06-28,XYZ Luxury,Growify_Performance Max_Listing_IND,ENABLED,920.521078,235,12367,3.917111,0.019002,74.43366,1.33,3472.85808,India,India,India,3.9171109702127658,0.019002183229562545,74.43366038651249
2026-06-28,XYZ Luxury,Growify_Performance Max_Listing_INTL,ENABLED,48.67,5,198,9.734,0.025253,245.808081,0.0,0.0,Rest of the World,Australia,Australia,9.734,0.025252525252525252,245.8080808080808
2026-06-28,XYZ Luxury,Growify_Performance Max_Listing_INTL,ENABLED,152.289596,8,514,19.0362,0.015564,296.283261,0.0,0.0,Rest of the World,Canada,Canada,19.0361995,0.01556420233463035,296.28326070038906
2026-06-28,XYZ Luxury,Growify_Performance Max_Listing_INTL,ENABLED,53.94055,4,365,13.485138,0.010959,147.782329,0.0,0.0,Rest of the World,United Kingdom,United Kingdom,13.4851375,0.010958904109589041,147.7823287671233
2026-06-28,XYZ Luxury,Growify_Performance Max_Listing_INTL,ENABLED,697.675784,17,1135,41.039752,0.014978,614.692321,1.0,23100.0,USA,United States,United States,41.039752,0.014977973568281937,614.6923207048458
2026-06-28,XYZ Luxury,Growify_XYZ LuxuryP_Search_INT-5/21/26,ENABLED,3.93,3,10,1.31,0.3,393.0,0.0,0.0,Rest of the World,Australia,Australia,1.31,0.3,393.0
2026-06-28,XYZ Luxury,Growify_XYZ LuxuryP_Search_INT-5/21/26,ENABLED,222.229773,8,32,27.778722,0.25,6944.680406,0.0,0.0,Rest of the World,Canada,Canada,27.778721625,0.25,6944.68040625
2026-06-28,XYZ Luxury,Growify_XYZ LuxuryP_Search_INT-5/21/26,ENABLED,163.26,3,6,54.42,0.5,27210.0,0.0,0.0,Rest of the World,United Kingdom,United Kingdom,54.419999999999995,0.5,27209.999999999996
2026-06-28,XYZ Luxury,Growify_XYZ LuxuryP_Search_INT-5/21/26,ENABLED,2039.13,7,47,291.304286,0.148936,43385.74468,0.0,0.0,USA,United States,United States,291.30428571428575,0.14893617021276595,43385.74468085107
2026-06-28,XYZ Luxury,Growify_XYZ LuxuryP_Search_India-12/12/25,ENABLED,528.630818,81,159,6.526306,0.509434,3324.722126,1.0,27790.0,India,India,India,6.526306395061728,0.5094339622641509,3324.7221257861634
2026-06-29,XYZ Luxury,Growify_P.max_HP_EOSS_Ind,ENABLED,870.809103,133,8180,6.547437,0.016259,106.455881,1.94,5710.17944,India,India,India,6.5474368646616545,0.01625916870415648,106.4558805623472
2026-06-29,XYZ Luxury,Growify_Performance Max_Listing_IND,ENABLED,953.618612,202,12258,4.720884,0.016479,77.795612,0.0,0.0,India,India,India,4.720884217821782,0.016479034100179476,77.79561200848426
2026-06-29,XYZ Luxury,Growify_Performance Max_Listing_INTL,ENABLED,30.954584,3,478,10.318195,0.006276,64.758544,0.0,0.0,Rest of the World,Australia,Australia,10.318194666666667,0.006276150627615063,64.7585439330544
2026-06-29,XYZ Luxury,Growify_Performance Max_Listing_INTL,ENABLED,550.750952,20,611,27.537548,0.032733,901.39272,0.0,0.0,Rest of the World,Canada,Canada,27.5375476,0.03273322422258593,901.3927201309328
2026-06-29,XYZ Luxury,Growify_Performance Max_Listing_INTL,ENABLED,170.360117,10,688,17.036012,0.014535,247.616449,0.0,0.0,Rest of the World,United Kingdom,United Kingdom,17.0360117,0.014534883720930232,247.61644912790698
2026-06-29,XYZ Luxury,Growify_Performance Max_Listing_INTL,ENABLED,482.329658,13,1361,37.102281,0.009552,354.393577,0.0,0.0,USA,United States,United States,37.10228138461538,0.009551800146950772,354.39357678177805
2026-06-29,XYZ Luxury,Growify_XYZ LuxuryP_Search_INT-5/21/26,ENABLED,13.08,10,25,1.308,0.4,523.2,0.0,0.0,Rest of the World,Australia,Australia,1.308,0.4,523.2
2026-06-29,XYZ Luxury,Growify_XYZ LuxuryP_Search_INT-5/21/26,ENABLED,323.82,18,41,17.99,0.439024,7898.04878,1.0,31616.0,Rest of the World,Canada,Canada,17.99,0.43902439024390244,7898.048780487804
2026-06-29,XYZ Luxury,Growify_XYZ LuxuryP_Search_INT-5/21/26,ENABLED,67.17,2,7,33.585,0.285714,9595.714286,0.0,0.0,Rest of the World,United Kingdom,United Kingdom,33.585,0.2857142857142857,9595.714285714284
2026-06-29,XYZ Luxury,Growify_XYZ LuxuryP_Search_INT-5/21/26,ENABLED,25.5554,11,46,2.323218,0.23913,555.552174,1.0,17870.0,USA,United States,United States,2.3232181818181816,0.2391304347826087,555.5521739130435
2026-06-29,XYZ Luxury,Growify_XYZ LuxuryP_Search_India-12/12/25,ENABLED,434.209475,95,161,4.570626,0.590062,2696.953261,1.0,64090.0,India,India,India,4.570626052631579,0.5900621118012422,2696.9532608695654
2026-06-30,XYZ Luxury,Growify_P.max_HP_EOSS_Ind,ENABLED,708.590846,106,5548,6.684819,0.019106,127.720052,0.0,0.0,India,India,India,6.684819301886793,0.01910598413842826,127.72005155010815
2026-06-30,XYZ Luxury,Growify_Performance Max_Listing_IND,ENABLED,1014.357696,249,12876,4.073726,0.019338,78.778945,0.0,0.0,India,India,India,4.073725686746988,0.01933830382106244,78.7789450139795
2026-06-30,XYZ Luxury,Growify_Performance Max_Listing_INTL,ENABLED,43.94,3,408,14.646667,0.007353,107.696078,0.0,0.0,Rest of the World,Australia,Australia,14.646666666666667,0.007352941176470588,107.69607843137256
2026-06-30,XYZ Luxury,Growify_Performance Max_Listing_INTL,ENABLED,251.63,3,421,83.876667,0.007126,597.695962,0.0,0.0,Rest of the World,Canada,Canada,83.87666666666667,0.007125890736342043,597.6959619952495
2026-06-30,XYZ Luxury,Growify_Performance Max_Listing_INTL,ENABLED,90.35,7,606,12.907143,0.011551,149.092409,0.0,0.0,Rest of the World,United Kingdom,United Kingdom,12.907142857142857,0.01155115511551155,149.0924092409241
2026-06-30,XYZ Luxury,Growify_Performance Max_Listing_INTL,ENABLED,456.76,19,1302,24.04,0.014593,350.814132,0.0,0.0,USA,United States,United States,24.04,0.014592933947772658,350.81413210445464
2026-06-30,XYZ Luxury,Growify_XYZ LuxuryP_Search_INT-5/21/26,ENABLED,108.73,10,27,10.873,0.37037,4027.037037,0.0,0.0,Rest of the World,Australia,Australia,10.873000000000001,0.37037037037037035,4027.0370370370374
2026-06-30,XYZ Luxury,Growify_XYZ LuxuryP_Search_INT-5/21/26,ENABLED,170.9,20,54,8.545,0.37037,3164.814815,0.0,0.0,Rest of the World,Canada,Canada,8.545,0.37037037037037035,3164.814814814815
2026-06-30,XYZ Luxury,Growify_XYZ LuxuryP_Search_INT-5/21/26,ENABLED,1.26,1,5,1.26,0.2,252.0,0.0,0.0,Rest of the World,United Kingdom,United Kingdom,1.26,0.2,252.0
2026-06-30,XYZ Luxury,Growify_XYZ LuxuryP_Search_INT-5/21/26,ENABLED,142.8,9,33,15.866667,0.272727,4327.272727,0.0,0.0,USA,United States,United States,15.866666666666667,0.2727272727272727,4327.272727272728
2026-06-30,XYZ Luxury,Growify_XYZ LuxuryP_Search_India-12/12/25,ENABLED,498.399497,75,161,6.645327,0.465839,3095.64905,1.0,21190.03052,India,India,India,6.645326626666667,0.4658385093167702,3095.6490496894407
2026-07-01,XYZ Luxury,Growify_P.max_HP_EOSS_Ind,ENABLED,578.208673,58,4182,9.969115,0.013869,138.26128,0.0,0.0,India,India,India,9.969115051724138,0.013868962219033954,138.2612800095648
2026-07-01,XYZ Luxury,Growify_Performance Max_Listing_IND,ENABLED,780.21201,158,8490,4.938051,0.01861,91.897763,0.0,0.0,India,India,India,4.938050696202532,0.018610129564193167,91.89776325088339
2026-07-01,XYZ Luxury,Growify_Performance Max_Listing_INTL,ENABLED,168.195602,3,388,56.065201,0.007732,433.49382,0.0,0.0,Rest of the World,Canada,Canada,56.06520066666667,0.007731958762886598,433.4938195876289
2026-07-01,XYZ Luxury,Growify_Performance Max_Listing_INTL,ENABLED,176.99,8,593,22.12375,0.013491,298.46543,0.0,0.0,Rest of the World,United Kingdom,United Kingdom,22.12375,0.013490725126475547,298.4654300168634
2026-07-01,XYZ Luxury,Growify_Performance Max_Listing_INTL,ENABLED,664.05,19,1468,34.95,0.012943,452.350136,0.0,0.0,USA,United States,United States,34.949999999999996,0.012942779291553134,452.350136239782
2026-07-01,XYZ Luxury,Growify_Performance Max_Listing_INTL,ENABLED,0.0,0,49,,0.0,0.0,0.0,0.0,Rest of the World,Australia,Australia,,0.0,0.0
2026-07-01,XYZ Luxury,Growify_XYZ LuxuryP_Search_INT-5/21/26,ENABLED,542.28,2,6,271.14,0.333333,90380.0,0.0,0.0,Rest of the World,Australia,Australia,271.14,0.3333333333333333,90380.0
2026-07-01,XYZ Luxury,Growify_XYZ LuxuryP_Search_INT-5/21/26,ENABLED,42.4,9,31,4.711111,0.290323,1367.741935,0.0,0.0,Rest of the World,Canada,Canada,4.711111111111111,0.2903225806451613,1367.741935483871
2026-07-01,XYZ Luxury,Growify_XYZ LuxuryP_Search_INT-5/21/26,ENABLED,20.1,1,2,20.1,0.5,10050.0,0.0,0.0,Rest of the World,United Kingdom,United Kingdom,20.1,0.5,10050.0
2026-07-01,XYZ Luxury,Growify_XYZ LuxuryP_Search_INT-5/21/26,ENABLED,441.972647,15,33,29.464843,0.454545,13393.11052,0.0,0.0,USA,United States,United States,29.464843133333332,0.45454545454545453,13393.110515151515
2026-07-01,XYZ Luxury,Growify_XYZ LuxuryP_Search_India-12/12/25,ENABLED,669.148726,73,176,9.166421,0.414773,3801.981398,1.0,7990.0,India,India,India,9.16642090410959,0.4147727272727273,3801.981397727273
2026-07-02,XYZ Luxury,Growify_P.max_HP_EOSS_Ind,ENABLED,0.0,0,8,,0.0,0.0,0.0,0.0,India,India,India,,0.0,0.0
2026-07-02,XYZ Luxury,Growify_Performance Max_Listing_IND,ENABLED,2.48,1,118,2.48,0.008475,21.016949,0.0,0.0,India,India,India,2.48,0.00847457627118644,21.01694915254237
2026-07-02,XYZ Luxury,Growify_Performance Max_Listing_INTL,ENABLED,0.0,0,2,,0.0,0.0,0.0,0.0,Rest of the World,United Kingdom,United Kingdom,,0.0,0.0
2026-07-02,XYZ Luxury,Growify_Performance Max_Listing_INTL,ENABLED,0.0,0,7,,0.0,0.0,0.0,0.0,USA,United States,United States,,0.0,0.0
2026-07-02,XYZ Luxury,Growify_XYZ LuxuryP_Search_India-12/12/25,ENABLED,1.73,1,2,1.73,0.5,865.0,0.0,0.0,India,India,India,1.73,0.5,865.0
2026-07-04,XYZ Luxury,Growify_P.max_HP_EOSS_Ind,ENABLED,1400.090876,62,4124,22.582111,0.015034,339.498273,0.16,2404.41,India,India,India,22.582110903225807,0.015033947623666343,339.4982725509214
2026-07-04,XYZ Luxury,Growify_Performance Max_Listing_IND,ENABLED,1268.637843,251,12557,5.054334,0.019989,101.030329,0.88,15198.75,India,India,India,5.054334035856574,0.01998885084016883,101.03032913912558
2026-07-04,XYZ Luxury,Growify_Performance Max_Listing_INTL,ENABLED,196.58,10,892,19.658,0.011211,220.381166,0.0,0.0,Rest of the World,Australia,Australia,19.658,0.011210762331838564,220.38116591928252
2026-07-04,XYZ Luxury,Growify_Performance Max_Listing_INTL,ENABLED,407.69,10,734,40.769,0.013624,555.435967,0.0,0.0,Rest of the World,Canada,Canada,40.769,0.013623978201634877,555.4359673024522
2026-07-04,XYZ Luxury,Growify_Performance Max_Listing_INTL,ENABLED,97.17,4,781,24.2925,0.005122,124.417414,0.0,0.0,Rest of the World,United Kingdom,United Kingdom,24.2925,0.005121638924455826,124.41741357234315
2026-07-04,XYZ Luxury,Growify_Performance Max_Listing_INTL,ENABLED,1298.042621,27,2437,48.075653,0.011079,532.639565,0.0,0.0,USA,United States,United States,48.07565262962963,0.01107919573245794,532.639565449323
2026-07-04,XYZ Luxury,Growify_XYZ LuxuryP_Search_INT-5/21/26,ENABLED,32.4,3,8,10.8,0.375,4050.0,0.0,0.0,Rest of the World,Australia,Australia,10.799999999999999,0.375,4050.0
2026-07-04,XYZ Luxury,Growify_XYZ LuxuryP_Search_INT-5/21/26,ENABLED,217.35,9,31,24.15,0.290323,7011.290323,0.0,0.0,Rest of the World,Canada,Canada,24.15,0.2903225806451613,7011.290322580645
2026-07-04,XYZ Luxury,Growify_XYZ LuxuryP_Search_INT-5/21/26,ENABLED,219.95,3,6,73.316667,0.5,36658.33333,0.0,0.0,Rest of the World,United Kingdom,United Kingdom,73.31666666666666,0.5,36658.33333333333
2026-07-04,XYZ Luxury,Growify_XYZ LuxuryP_Search_INT-5/21/26,ENABLED,4.403581,5,18,0.880716,0.277778,244.643389,0.0,0.0,USA,United States,United States,0.8807162,0.2777777777777778,244.6433888888889
2026-07-04,XYZ Luxury,Growify_XYZ LuxuryP_Search_India-12/12/25,ENABLED,1052.795208,89,214,11.82916,0.415888,4919.603776,1.0,14200.0,India,India,India,11.829159640449438,0.4158878504672897,4919.603775700935
2026-07-05,XYZ Luxury,Growify_P.max_HP_EOSS_Ind,ENABLED,1183.23239,244,10550,4.849313,0.023128,112.154729,0.0,0.0,India,India,India,4.8493130737704915,0.023127962085308058,112.1547289099526
2026-07-05,XYZ Luxury,Growify_Performance Max_Listing_IND,ENABLED,1954.240233,313,16395,6.243579,0.019091,119.19733,0.39,78.8454,India,India,India,6.243579019169329,0.019091186337297956,119.19733046660568
2026-07-05,XYZ Luxury,Growify_Performance Max_Listing_INTL,ENABLED,118.73,5,114,23.746,0.04386,1041.491228,0.0,0.0,Rest of the World,Australia,Australia,23.746000000000002,0.043859649122807015,1041.4912280701756
2026-07-05,XYZ Luxury,Growify_Performance Max_Listing_INTL,ENABLED,215.25,7,420,30.75,0.016667,512.5,0.0,0.0,Rest of the World,Canada,Canada,30.75,0.016666666666666666,512.5
2026-07-05,XYZ Luxury,Growify_Performance Max_Listing_INTL,ENABLED,28.97,2,560,14.485,0.003571,51.732143,0.0,0.0,Rest of the World,United Kingdom,United Kingdom,14.485,0.0035714285714285713,51.73214285714286
2026-07-05,XYZ Luxury,Growify_Performance Max_Listing_INTL,ENABLED,1722.032859,22,2024,78.274221,0.01087,850.806749,0.5,6600.0,USA,United States,United States,78.27422086363636,0.010869565217391304,850.8067485177864
2026-07-05,XYZ Luxury,Growify_XYZ LuxuryP_Search_INT-5/21/26,ENABLED,8.64,6,16,1.44,0.375,540.0,0.0,0.0,Rest of the World,Australia,Australia,1.4400000000000002,0.375,540.0
2026-07-05,XYZ Luxury,Growify_XYZ LuxuryP_Search_INT-5/21/26,ENABLED,231.44,10,31,23.144,0.322581,7465.806452,1.0,21450.0,Rest of the World,Canada,Canada,23.144,0.3225806451612903,7465.806451612903
2026-07-05,XYZ Luxury,Growify_XYZ LuxuryP_Search_INT-5/21/26,ENABLED,43.23,1,4,43.23,0.25,10807.5,0.0,0.0,Rest of the World,United Kingdom,United Kingdom,43.23,0.25,10807.5
2026-07-05,XYZ Luxury,Growify_XYZ LuxuryP_Search_INT-5/21/26,ENABLED,58.14,8,20,7.2675,0.4,2907.0,0.0,0.0,USA,United States,United States,7.2675,0.4,2907.0
2026-07-05,XYZ Luxury,Growify_XYZ LuxuryP_Search_India-12/12/25,ENABLED,1613.448262,115,533,14.029985,0.21576,3027.107433,0.0,0.0,India,India,India,14.029984886956523,0.21575984990619138,3027.1074333958727
2026-07-06,XYZ Luxury,Growify_P.max_HP_EOSS_Ind,ENABLED,791.080745,110,5695,7.191643,0.019315,138.907945,0.0,0.0,India,India,India,7.191643136363636,0.019315188762071993,138.90794468832308
2026-07-06,XYZ Luxury,Growify_Performance Max_Listing_IND,ENABLED,1595.413013,426,21507,3.745101,0.019808,74.181104,0.0,0.0,India,India,India,3.7451009694835684,0.019807504533407728,74.18110443111546
2026-07-06,XYZ Luxury,Growify_Performance Max_Listing_INTL,ENABLED,37.76,1,234,37.76,0.004274,161.367521,2.0,62546.4,Rest of the World,Australia,Australia,37.76,0.004273504273504274,161.36752136752136
2026-07-06,XYZ Luxury,Growify_Performance Max_Listing_INTL,ENABLED,54.37,4,736,13.5925,0.005435,73.872283,0.0,0.0,Rest of the World,Canada,Canada,13.5925,0.005434782608695652,73.87228260869564
2026-07-06,XYZ Luxury,Growify_Performance Max_Listing_INTL,ENABLED,113.59,5,292,22.718,0.017123,389.006849,0.0,0.0,Rest of the World,United Kingdom,United Kingdom,22.718,0.017123287671232876,389.0068493150685
2026-07-06,XYZ Luxury,Growify_Performance Max_Listing_INTL,ENABLED,994.31,17,1668,58.488824,0.010192,596.109113,0.0,0.0,USA,United States,United States,58.48882352941176,0.010191846522781775,596.1091127098322
2026-07-06,XYZ Luxury,Growify_XYZ LuxuryP_Search_INT-5/21/26,ENABLED,6.65,5,14,1.33,0.357143,475.0,0.0,0.0,Rest of the World,Australia,Australia,1.33,0.35714285714285715,475.00000000000006
2026-07-06,XYZ Luxury,Growify_XYZ LuxuryP_Search_INT-5/21/26,ENABLED,204.54,10,29,20.454,0.344828,7053.103448,0.0,0.0,Rest of the World,Canada,Canada,20.454,0.3448275862068966,7053.103448275862
2026-07-06,XYZ Luxury,Growify_XYZ LuxuryP_Search_INT-5/21/26,ENABLED,36.95,4,12,9.2375,0.333333,3079.166667,1.0,12931.6,Rest of the World,United Kingdom,United Kingdom,9.2375,0.3333333333333333,3079.166666666667
2026-07-06,XYZ Luxury,Growify_XYZ LuxuryP_Search_INT-5/21/26,ENABLED,280.54,11,30,25.503636,0.366667,9351.333333,0.0,0.0,USA,United States,United States,25.503636363636364,0.36666666666666664,9351.333333333334
2026-07-06,XYZ Luxury,Growify_XYZ LuxuryP_Search_India-12/12/25,ENABLED,842.868894,80,415,10.535861,0.192771,2031.009383,0.4,1320.0,India,India,India,10.535861174999999,0.1927710843373494,2031.0093831325303
2026-07-07,XYZ Luxury,Growify_P.max_HP_EOSS_Ind,ENABLED,646.35622,137,6293,4.717929,0.02177,102.710348,1.0,2000.0,India,India,India,4.717928613138686,0.02177022088034324,102.71034800572063
2026-07-07,XYZ Luxury,Growify_Performance Max_Listing_IND,ENABLED,1486.356761,351,18172,4.234635,0.019315,81.793791,0.0,0.0,India,India,India,4.234634646723647,0.019315430332379487,81.793790501871
2026-07-07,XYZ Luxury,Growify_Performance Max_Listing_INTL,ENABLED,166.07,6,279,27.678333,0.021505,595.232975,0.0,0.0,Rest of the World,Canada,Canada,27.67833333333333,0.021505376344086023,595.2329749103943
2026-07-07,XYZ Luxury,Growify_Performance Max_Listing_INTL,ENABLED,10.03,1,105,10.03,0.009524,95.52381,0.0,0.0,Rest of the World,United Kingdom,United Kingdom,10.03,0.009523809523809525,95.5238095238095
2026-07-07,XYZ Luxury,Growify_Performance Max_Listing_INTL,ENABLED,723.54,19,1287,38.081053,0.014763,562.191142,0.0,0.0,USA,United States,United States,38.08105263157895,0.014763014763014764,562.1911421911421
2026-07-07,XYZ Luxury,Growify_Performance Max_Listing_INTL,ENABLED,0.0,0,75,,0.0,0.0,0.0,0.0,Rest of the World,Australia,Australia,,0.0,0.0
2026-07-07,XYZ Luxury,Growify_XYZ LuxuryP_Search_INT-5/21/26,ENABLED,4.859931,4,8,1.214983,0.5,607.491375,1.0,23280.0,Rest of the World,Australia,Australia,1.21498275,0.5,607.491375
2026-07-07,XYZ Luxury,Growify_XYZ LuxuryP_Search_INT-5/21/26,ENABLED,225.01,9,23,25.001111,0.391304,9783.043478,0.0,0.0,Rest of the World,Canada,Canada,25.00111111111111,0.391304347826087,9783.043478260868
2026-07-07,XYZ Luxury,Growify_XYZ LuxuryP_Search_INT-5/21/26,ENABLED,22.92,4,6,5.73,0.666667,3820.0,0.0,0.0,Rest of the World,United Kingdom,United Kingdom,5.73,0.6666666666666666,3820.0000000000005
2026-07-07,XYZ Luxury,Growify_XYZ LuxuryP_Search_INT-5/21/26,ENABLED,5.75,6,28,0.958333,0.214286,205.357143,0.0,0.0,USA,United States,United States,0.9583333333333334,0.21428571428571427,205.35714285714286
2026-07-07,XYZ Luxury,Growify_XYZ LuxuryP_Search_India-12/12/25,ENABLED,1136.338996,91,364,12.487242,0.25,3121.810429,2.0,24450.0,India,India,India,12.487241714285714,0.25,3121.8104285714285
2026-07-08,XYZ Luxury,Growify_P.max_HP_EOSS_Ind,ENABLED,766.153199,125,4728,6.129226,0.026438,162.045939,0.0,0.0,India,India,India,6.129225592,0.02643824027072758,162.0459388747885
2026-07-08,XYZ Luxury,Growify_Performance Max_Listing_IND,ENABLED,680.061339,182,8791,3.736601,0.020703,77.358815,0.0,0.0,India,India,India,3.7366007637362637,0.020702991696052782,77.35881458309635
2026-07-08,XYZ Luxury,Growify_Performance Max_Listing_INTL,ENABLED,179.34,8,548,22.4175,0.014599,327.262774,1.0,43450.0,Rest of the World,Canada,Canada,22.4175,0.014598540145985401,327.26277372262774
2026-07-08,XYZ Luxury,Growify_Performance Max_Listing_INTL,ENABLED,12.32,2,67,6.16,0.029851,183.880597,0.0,0.0,Rest of the World,United Kingdom,United Kingdom,6.16,0.029850746268656716,183.88059701492537
2026-07-08,XYZ Luxury,Growify_Performance Max_Listing_INTL,ENABLED,571.86,13,1272,43.989231,0.01022,449.575472,0.5,6600.0,USA,United States,United States,43.98923076923077,0.010220125786163521,449.57547169811323
2026-07-08,XYZ Luxury,Growify_Performance Max_Listing_INTL,ENABLED,0.0,0,45,,0.0,0.0,0.0,0.0,Rest of the World,Australia,Australia,,0.0,0.0
2026-07-08,XYZ Luxury,Growify_XYZ LuxuryP_Search_INT-5/21/26,ENABLED,1.33,1,4,1.33,0.25,332.5,0.0,0.0,Rest of the World,Australia,Australia,1.33,0.25,332.5
2026-07-08,XYZ Luxury,Growify_XYZ LuxuryP_Search_INT-5/21/26,ENABLED,42.2,7,16,6.028571,0.4375,2637.5,0.0,0.0,Rest of the World,Canada,Canada,6.028571428571429,0.4375,2637.5
2026-07-08,XYZ Luxury,Growify_XYZ LuxuryP_Search_INT-5/21/26,ENABLED,1.28,1,4,1.28,0.25,320.0,0.0,0.0,Rest of the World,United Kingdom,United Kingdom,1.28,0.25,320.0
2026-07-08,XYZ Luxury,Growify_XYZ LuxuryP_Search_INT-5/21/26,ENABLED,136.78,7,29,19.54,0.241379,4716.551724,0.0,0.0,USA,United States,United States,19.54,0.2413793103448276,4716.551724137931
2026-07-08,XYZ Luxury,Growify_XYZ LuxuryP_Search_India-12/12/25,ENABLED,355.322168,56,165,6.345039,0.339394,2153.467685,0.2,660.0,India,India,India,6.345038714285714,0.3393939393939394,2153.4676848484846
2026-07-09,XYZ Luxury,Growify_P.max_HP_EOSS_Ind,ENABLED,628.731846,88,4867,7.14468,0.018081,129.182627,0.99,2968.794,India,India,India,7.1446800681818186,0.01808095335935895,129.18262708033694
2026-07-09,XYZ Luxury,Growify_Performance Max_Listing_IND,ENABLED,1002.655829,312,15001,3.21364,0.020799,66.839266,1.0,11750.0,India,India,India,3.2136404775641028,0.020798613425771616,66.83926598226785
2026-07-09,XYZ Luxury,Growify_Performance Max_Listing_INTL,ENABLED,20.46,2,51,10.23,0.039216,401.176471,0.0,0.0,Rest of the World,Australia,Australia,10.23,0.0392156862745098,401.1764705882353
2026-07-09,XYZ Luxury,Growify_Performance Max_Listing_INTL,ENABLED,25.9,1,171,25.9,0.005848,151.461988,0.0,0.0,Rest of the World,Canada,Canada,25.9,0.005847953216374269,151.46198830409355
2026-07-09,XYZ Luxury,Growify_Performance Max_Listing_INTL,ENABLED,39.89,3,225,13.296667,0.013333,177.288889,0.0,0.0,Rest of the World,United Kingdom,United Kingdom,13.296666666666667,0.013333333333333334,177.2888888888889
2026-07-09,XYZ Luxury,Growify_Performance Max_Listing_INTL,ENABLED,148.88,5,556,29.776,0.008993,267.769784,0.0,0.0,USA,United States,United States,29.776,0.008992805755395683,267.76978417266184
2026-07-09,XYZ Luxury,Growify_XYZ LuxuryP_Search_INT-5/21/26,ENABLED,1.33,1,2,1.33,0.5,665.0,0.0,0.0,Rest of the World,Australia,Australia,1.33,0.5,665.0
2026-07-09,XYZ Luxury,Growify_XYZ LuxuryP_Search_INT-5/21/26,ENABLED,2.797793,3,9,0.932598,0.333333,310.865889,0.0,0.0,Rest of the World,Canada,Canada,0.9325976666666667,0.3333333333333333,310.8658888888889
2026-07-09,XYZ Luxury,Growify_XYZ LuxuryP_Search_INT-5/21/26,ENABLED,261.83,2,6,130.915,0.333333,43638.33333,0.0,0.0,Rest of the World,United Kingdom,United Kingdom,130.915,0.3333333333333333,43638.33333333333
2026-07-09,XYZ Luxury,Growify_XYZ LuxuryP_Search_INT-5/21/26,ENABLED,1119.4,3,6,373.133333,0.5,186566.6667,0.0,0.0,USA,United States,United States,373.1333333333334,0.5,186566.6666666667
2026-07-09,XYZ Luxury,Growify_XYZ LuxuryP_Search_India-12/12/25,ENABLED,593.984835,45,217,13.199663,0.207373,2737.257304,0.0,0.0,India,India,India,13.199663,0.2073732718894009,2737.2573041474657
2026-07-10,XYZ Luxury,Growify_P.max_HP_EOSS_Ind,ENABLED,696.251802,110,5292,6.329562,0.020786,131.566856,0.0,0.0,India,India,India,6.329561836363636,0.020786092214663644,131.56685600907028
2026-07-10,XYZ Luxury,Growify_Performance Max_Listing_IND,ENABLED,1308.370617,382,17828,3.425054,0.021427,73.388525,0.0,0.0,India,India,India,3.4250539712041888,0.021426968813102985,73.38852462418667
2026-07-10,XYZ Luxury,Growify_Performance Max_Listing_INTL,ENABLED,128.91,5,166,25.782,0.03012,776.566265,0.0,0.0,Rest of the World,Canada,Canada,25.782,0.030120481927710843,776.566265060241
2026-07-10,XYZ Luxury,Growify_Performance Max_Listing_INTL,ENABLED,104.91,4,231,26.2275,0.017316,454.155844,0.0,0.0,Rest of the World,United Kingdom,United Kingdom,26.2275,0.017316017316017316,454.15584415584414
2026-07-10,XYZ Luxury,Growify_Performance Max_Listing_INTL,ENABLED,1325.34,9,1048,147.26,0.008588,1264.637405,0.12,8263.819654,USA,United States,United States,147.26,0.008587786259541985,1264.6374045801524
2026-07-10,XYZ Luxury,Growify_Performance Max_Listing_INTL,ENABLED,0.0,0,36,,0.0,0.0,0.0,0.0,Rest of the World,Australia,Australia,,0.0,0.0
2026-07-10,XYZ Luxury,Growify_XYZ LuxuryP_Search_INT-5/21/26,ENABLED,82.79792,3,11,27.599307,0.272727,7527.083636,0.0,0.0,Rest of the World,Australia,Australia,27.599306666666667,0.2727272727272727,7527.083636363636
2026-07-10,XYZ Luxury,Growify_XYZ LuxuryP_Search_INT-5/21/26,ENABLED,877.416144,13,38,67.49355,0.342105,23089.89853,0.0,0.0,Rest of the World,Canada,Canada,67.49354953846154,0.34210526315789475,23089.89852631579
2026-07-10,XYZ Luxury,Growify_XYZ LuxuryP_Search_INT-5/21/26,ENABLED,145.85,7,20,20.835714,0.35,7292.5,0.0,0.0,Rest of the World,United Kingdom,United Kingdom,20.835714285714285,0.35,7292.499999999999
2026-07-10,XYZ Luxury,Growify_XYZ LuxuryP_Search_INT-5/21/26,ENABLED,248.0,12,36,20.666667,0.333333,6888.888889,0.0,0.0,USA,United States,United States,20.666666666666668,0.3333333333333333,6888.88888888889
2026-07-10,XYZ Luxury,Growify_XYZ LuxuryP_Search_India-12/12/25,ENABLED,1194.785648,66,305,18.102813,0.216393,3917.329993,1.0,2400.0,India,India,India,18.10281284848485,0.21639344262295082,3917.3299934426227
2026-07-11,XYZ Luxury,Growify_P.max_HP_EOSS_Ind,ENABLED,1064.431725,204,8465,5.217803,0.024099,125.745035,0.0,0.0,India,India,India,5.217802573529411,0.02409923213230951,125.74503544004726
2026-07-11,XYZ Luxury,Growify_Performance Max_Listing_IND,ENABLED,1233.655943,542,23129,2.276118,0.023434,53.338058,0.0,0.0,India,India,India,2.2761179760147603,0.02343378442647758,53.33805797916036
2026-07-11,XYZ Luxury,Growify_Performance Max_Listing_INTL,ENABLED,63.7,7,141,9.1,0.049645,451.77305,0.0,0.0,Rest of the World,Australia,Australia,9.1,0.04964539007092199,451.77304964539013
2026-07-11,XYZ Luxury,Growify_Performance Max_Listing_INTL,ENABLED,696.413825,9,260,77.379314,0.034615,2678.514712,0.0,0.0,Rest of the World,Canada,Canada,77.37931388888889,0.03461538461538462,2678.514711538461
2026-07-11,XYZ Luxury,Growify_Performance Max_Listing_INTL,ENABLED,24.88,2,301,12.44,0.006645,82.657807,0.0,0.0,Rest of the World,United Kingdom,United Kingdom,12.44,0.006644518272425249,82.65780730897009
2026-07-11,XYZ Luxury,Growify_Performance Max_Listing_INTL,ENABLED,756.32,16,1607,47.27,0.009956,470.640946,0.0,0.0,USA,United States,United States,47.27,0.009956440572495333,470.6409458618544
2026-07-11,XYZ Luxury,Growify_XYZ LuxuryP_Search_INT-5/21/26,ENABLED,260.083856,5,12,52.016771,0.416667,21673.65467,0.0,0.0,Rest of the World,Australia,Australia,52.01677120000001,0.4166666666666667,21673.65466666667
2026-07-11,XYZ Luxury,Growify_XYZ LuxuryP_Search_INT-5/21/26,ENABLED,373.13,11,27,33.920909,0.407407,13819.62963,0.0,0.0,Rest of the World,Canada,Canada,33.92090909090909,0.4074074074074074,13819.62962962963
2026-07-11,XYZ Luxury,Growify_XYZ LuxuryP_Search_INT-5/21/26,ENABLED,43.46,3,10,14.486667,0.3,4346.0,0.0,0.0,Rest of the World,United Kingdom,United Kingdom,14.486666666666666,0.3,4346.0
2026-07-11,XYZ Luxury,Growify_XYZ LuxuryP_Search_INT-5/21/26,ENABLED,578.63,2,14,289.315,0.142857,41330.71429,0.0,0.0,USA,United States,United States,289.315,0.14285714285714285,41330.71428571429
2026-07-11,XYZ Luxury,Growify_XYZ LuxuryP_Search_India-12/12/25,ENABLED,972.367407,71,249,13.695316,0.285141,3905.089988,0.0,0.0,India,India,India,13.695315591549296,0.285140562248996,3905.089987951807
2026-07-12,XYZ Luxury,Growify_P.max_HP_EOSS_Ind,ENABLED,730.942606,68,3238,10.749156,0.021001,225.738915,1.0,6261.75,India,India,India,10.749155970588234,0.021000617665225447,225.73891476219887
2026-07-12,XYZ Luxury,Growify_Performance Max_Listing_IND,ENABLED,1026.030494,566,22655,1.812775,0.024983,45.289362,0.0,0.0,India,India,India,1.8127747243816257,0.02498344736261311,45.28936190686383
2026-07-12,XYZ Luxury,Growify_Performance Max_Listing_INTL,ENABLED,0.01,1,49,0.01,0.020408,0.204082,0.0,0.0,Rest of the World,Australia,Australia,0.01,0.02040816326530612,0.20408163265306123
2026-07-12,XYZ Luxury,Growify_Performance Max_Listing_INTL,ENABLED,371.11,2,399,185.555,0.005013,930.100251,0.0,0.0,Rest of the World,Canada,Canada,185.555,0.005012531328320802,930.1002506265664
2026-07-12,XYZ Luxury,Growify_Performance Max_Listing_INTL,ENABLED,595.15,17,1262,35.008824,0.013471,471.59271,0.0,0.0,USA,United States,United States,35.008823529411764,0.01347068145800317,471.5927099841521
2026-07-12,XYZ Luxury,Growify_Performance Max_Listing_INTL,ENABLED,6.5,1,131,6.5,0.007634,49.618321,0.0,0.0,Rest of the World,United Kingdom,United Kingdom,6.5,0.007633587786259542,49.61832061068702
2026-07-12,XYZ Luxury,Growify_XYZ LuxuryP_Search_INT-5/21/26,ENABLED,5.32,4,9,1.33,0.444444,591.111111,0.0,0.0,Rest of the World,Australia,Australia,1.33,0.4444444444444444,591.1111111111111
2026-07-12,XYZ Luxury,Growify_XYZ LuxuryP_Search_INT-5/21/26,ENABLED,134.74,13,28,10.364615,0.464286,4812.142857,0.0,0.0,Rest of the World,Canada,Canada,10.364615384615385,0.4642857142857143,4812.142857142858
2026-07-12,XYZ Luxury,Growify_XYZ LuxuryP_Search_INT-5/21/26,ENABLED,2.56,2,4,1.28,0.5,640.0,0.0,0.0,Rest of the World,United Kingdom,United Kingdom,1.28,0.5,640.0
2026-07-12,XYZ Luxury,Growify_XYZ LuxuryP_Search_INT-5/21/26,ENABLED,356.141872,5,16,71.228374,0.3125,22258.867,0.0,0.0,USA,United States,United States,71.22837439999999,0.3125,22258.867
2026-07-12,XYZ Luxury,Growify_XYZ LuxuryP_Search_India-12/12/25,ENABLED,996.622383,78,293,12.77721,0.266212,3401.44158,0.0,0.0,India,India,India,12.777210038461538,0.26621160409556316,3401.4415802047783
2026-07-13,XYZ Luxury,Growify_P.max_HP_EOSS_Ind,ENABLED,1455.899445,18,951,80.883303,0.018927,1530.914243,0.0,0.0,India,India,India,80.8833025,0.01892744479495268,1530.9142429022083
2026-07-13,XYZ Luxury,Growify_Performance Max_Listing_IND,ENABLED,862.480339,341,14227,2.529268,0.023969,60.622783,0.0,0.0,India,India,India,2.529267856304985,0.023968510578477542,60.622783369649255
2026-07-13,XYZ Luxury,Growify_Performance Max_Listing_INTL,ENABLED,7.8,1,26,7.8,0.038462,300.0,0.0,0.0,Rest of the World,Australia,Australia,7.8,0.038461538461538464,300.0
2026-07-13,XYZ Luxury,Growify_Performance Max_Listing_INTL,ENABLED,360.1,6,167,60.016667,0.035928,2156.287425,0.0,0.0,Rest of the World,Canada,Canada,60.01666666666667,0.03592814371257485,2156.2874251497005
2026-07-13,XYZ Luxury,Growify_Performance Max_Listing_INTL,ENABLED,583.88,16,936,36.4925,0.017094,623.803419,0.0,0.0,USA,United States,United States,36.4925,0.017094017094017096,623.8034188034188
2026-07-13,XYZ Luxury,Growify_Performance Max_Listing_INTL,ENABLED,0.0,0,119,,0.0,0.0,0.0,0.0,Rest of the World,United Kingdom,United Kingdom,,0.0,0.0
2026-07-13,XYZ Luxury,Growify_XYZ LuxuryP_Search_INT-5/21/26,ENABLED,11.54,9,23,1.282222,0.391304,501.73913,0.0,0.0,Rest of the World,Canada,Canada,1.2822222222222222,0.391304347826087,501.73913043478257
2026-07-13,XYZ Luxury,Growify_XYZ LuxuryP_Search_INT-5/21/26,ENABLED,199.390862,5,10,39.878172,0.5,19939.0862,0.0,0.0,Rest of the World,United Kingdom,United Kingdom,39.8781724,0.5,19939.086199999998
2026-07-13,XYZ Luxury,Growify_XYZ LuxuryP_Search_INT-5/21/26,ENABLED,291.11,8,36,36.38875,0.222222,8086.388889,0.0,0.0,USA,United States,United States,36.38875,0.2222222222222222,8086.388888888889
2026-07-13,XYZ Luxury,Growify_XYZ LuxuryP_Search_INT-5/21/26,ENABLED,0.0,0,6,,0.0,0.0,0.0,0.0,Rest of the World,Australia,Australia,,0.0,0.0
2026-07-13,XYZ Luxury,Growify_XYZ LuxuryP_Search_India-12/12/25,ENABLED,815.226796,74,237,11.016578,0.312236,3439.775511,3.0,11631.92,India,India,India,11.016578324324325,0.31223628691983124,3439.7755105485235
2026-07-14,XYZ Luxury,Growify_P.max_HP_EOSS_Ind,ENABLED,133.761012,40,1813,3.344025,0.022063,73.778826,0.0,0.0,India,India,India,3.3440252999999998,0.02206287920573635,73.77882625482624
2026-07-14,XYZ Luxury,Growify_Performance Max_Listing_IND,ENABLED,435.960616,188,9480,2.318939,0.019831,45.987407,0.0,0.0,India,India,India,2.318939446808511,0.019831223628691982,45.98740675105485
2026-07-14,XYZ Luxury,Growify_Performance Max_Listing_INTL,ENABLED,12.39,1,85,12.39,0.011765,145.764706,0.0,0.0,Rest of the World,Canada,Canada,12.39,0.011764705882352941,145.76470588235293
2026-07-14,XYZ Luxury,Growify_Performance Max_Listing_INTL,ENABLED,46.61,2,156,23.305,0.012821,298.782051,0.0,0.0,Rest of the World,United Kingdom,United Kingdom,23.305,0.01282051282051282,298.78205128205127
2026-07-14,XYZ Luxury,Growify_Performance Max_Listing_INTL,ENABLED,214.73,6,408,35.788333,0.014706,526.29902,0.0,0.0,USA,United States,United States,35.788333333333334,0.014705882352941176,526.2990196078431
2026-07-14,XYZ Luxury,Growify_Performance Max_Listing_INTL,ENABLED,0.0,0,50,,0.0,0.0,0.0,0.0,Rest of the World,Australia,Australia,,0.0,0.0
2026-07-14,XYZ Luxury,Growify_XYZ LuxuryP_Search_INT-5/21/26,ENABLED,41.235392,9,24,4.58171,0.375,1718.141333,0.0,0.0,Rest of the World,Canada,Canada,4.581710222222222,0.375,1718.1413333333333
2026-07-14,XYZ Luxury,Growify_XYZ LuxuryP_Search_INT-5/21/26,ENABLED,340.087008,5,18,68.017402,0.277778,18893.72267,0.0,0.0,Rest of the World,United Kingdom,United Kingdom,68.0174016,0.2777777777777778,18893.72266666667
2026-07-14,XYZ Luxury,Growify_XYZ LuxuryP_Search_INT-5/21/26,ENABLED,782.56,9,22,86.951111,0.409091,35570.90909,0.0,0.0,USA,United States,United States,86.9511111111111,0.4090909090909091,35570.90909090909
2026-07-14,XYZ Luxury,Growify_XYZ LuxuryP_Search_INT-5/21/26,ENABLED,0.0,0,2,,0.0,0.0,0.0,0.0,Rest of the World,Australia,Australia,,0.0,0.0
2026-07-14,XYZ Luxury,Growify_XYZ LuxuryP_Search_India-12/12/25,ENABLED,561.569721,62,137,9.057576,0.452555,4099.049058,1.0,13666.0,India,India,India,9.05757614516129,0.45255474452554745,4099.049058394161
2026-07-15,XYZ Luxury,Growify_P.max_HP_EOSS_Ind,ENABLED,776.05422,86,5334,9.023886,0.016123,145.49198,0.04,392.865825,India,India,India,9.023886279069767,0.016122984626921636,145.4919797525309
2026-07-15,XYZ Luxury,Growify_Performance Max_Listing_IND,ENABLED,1470.622629,342,16714,4.300066,0.020462,87.987473,3.0,17820.0,India,India,India,4.300066166666666,0.020461888237405766,87.98747331578318
2026-07-15,XYZ Luxury,Growify_Performance Max_Listing_INTL,ENABLED,8.9,2,123,4.45,0.01626,72.357724,0.0,0.0,Rest of the World,Australia,Australia,4.45,0.016260162601626018,72.35772357723577
2026-07-15,XYZ Luxury,Growify_Performance Max_Listing_INTL,ENABLED,197.46,7,495,28.208571,0.014141,398.909091,0.0,0.0,Rest of the World,Canada,Canada,28.208571428571428,0.014141414141414142,398.90909090909093
2026-07-15,XYZ Luxury,Growify_Performance Max_Listing_INTL,ENABLED,86.273573,2,389,43.136787,0.005141,221.782964,0.0,0.0,Rest of the World,United Kingdom,United Kingdom,43.1367865,0.005141388174807198,221.78296401028277
2026-07-15,XYZ Luxury,Growify_Performance Max_Listing_INTL,ENABLED,551.43,16,1279,34.464375,0.01251,431.141517,0.0,0.0,USA,United States,United States,34.464375,0.012509773260359656,431.1415168100078
2026-07-15,XYZ Luxury,Growify_XYZ LuxuryP_Search_INT-5/21/26,ENABLED,4.05,3,4,1.35,0.75,1012.5,0.0,0.0,Rest of the World,Australia,Australia,1.3499999999999999,0.75,1012.5
2026-07-15,XYZ Luxury,Growify_XYZ LuxuryP_Search_INT-5/21/26,ENABLED,121.794062,8,32,15.224258,0.25,3806.064437,0.0,0.0,Rest of the World,Canada,Canada,15.22425775,0.25,3806.0644374999997
2026-07-15,XYZ Luxury,Growify_XYZ LuxuryP_Search_INT-5/21/26,ENABLED,9.06,7,17,1.294286,0.411765,532.941176,0.0,0.0,Rest of the World,United Kingdom,United Kingdom,1.2942857142857143,0.4117647058823529,532.9411764705883
2026-07-15,XYZ Luxury,Growify_XYZ LuxuryP_Search_INT-5/21/26,ENABLED,232.96,7,19,33.28,0.368421,12261.05263,0.0,0.0,USA,United States,United States,33.28,0.3684210526315789,12261.052631578948
2026-07-15,XYZ Luxury,Growify_XYZ LuxuryP_Search_India-12/12/25,ENABLED,644.010241,79,199,8.152028,0.396985,3236.232367,1.0,3366.0,India,India,India,8.152028367088606,0.3969849246231156,3236.232366834171
2026-07-16,XYZ Luxury,Growify_P.max_HP_EOSS_Ind,ENABLED,608.258217,67,2651,9.078481,0.025273,229.44482,0.0,0.0,India,India,India,9.078480850746267,0.025273481705016976,229.44481969068272
2026-07-16,XYZ Luxury,Growify_Performance Max_Listing_IND,ENABLED,1106.012147,302,15044,3.662292,0.020074,73.518489,0.32,2878.953,India,India,India,3.6622918774834434,0.020074448285030577,73.51848889922893
2026-07-16,XYZ Luxury,Growify_Performance Max_Listing_INTL,ENABLED,25.79,3,203,8.596667,0.014778,127.044335,0.0,0.0,Rest of the World,Australia,Australia,8.596666666666666,0.014778325123152709,127.04433497536947
2026-07-16,XYZ Luxury,Growify_Performance Max_Listing_INTL,ENABLED,179.38,9,670,19.931111,0.013433,267.731343,0.0,0.0,Rest of the World,Canada,Canada,19.93111111111111,0.013432835820895522,267.7313432835821
2026-07-16,XYZ Luxury,Growify_Performance Max_Listing_INTL,ENABLED,48.161259,4,273,12.040315,0.014652,176.414868,0.0,0.0,Rest of the World,United Kingdom,United Kingdom,12.04031475,0.014652014652014652,176.41486813186813
2026-07-16,XYZ Luxury,Growify_Performance Max_Listing_INTL,ENABLED,300.2,13,1919,23.092308,0.006774,156.435644,0.0,0.0,USA,United States,United States,23.092307692307692,0.006774361646690985,156.43564356435644
2026-07-16,XYZ Luxury,Growify_XYZ LuxuryP_Search_INT-5/21/26,ENABLED,9.45,2,7,4.725,0.285714,1350.0,0.0,0.0,Rest of the World,Australia,Australia,4.725,0.2857142857142857,1349.9999999999998
2026-07-16,XYZ Luxury,Growify_XYZ LuxuryP_Search_INT-5/21/26,ENABLED,103.68,8,18,12.96,0.444444,5760.0,0.0,0.0,Rest of the World,Canada,Canada,12.96,0.4444444444444444,5760.000000000001
2026-07-16,XYZ Luxury,Growify_XYZ LuxuryP_Search_INT-5/21/26,ENABLED,57.28,2,9,28.64,0.222222,6364.444444,0.0,0.0,Rest of the World,United Kingdom,United Kingdom,28.64,0.2222222222222222,6364.444444444444
2026-07-16,XYZ Luxury,Growify_XYZ LuxuryP_Search_INT-5/21/26,ENABLED,427.384948,8,25,53.423119,0.32,17095.39792,0.0,0.0,USA,United States,United States,53.4231185,0.32,17095.39792
2026-07-16,XYZ Luxury,Growify_XYZ LuxuryP_Search_India-12/12/25,ENABLED,265.174933,89,155,2.979494,0.574194,1710.806019,2.0,13340.0,India,India,India,2.9794936292134833,0.5741935483870968,1710.8060193548388
2026-07-17,XYZ Luxury,Growify_P.max_HP_EOSS_Ind,ENABLED,348.708817,54,2578,6.457571,0.020946,135.263311,0.0,0.0,India,India,India,6.4575706851851855,0.02094647013188518,135.26331148176882
2026-07-17,XYZ Luxury,Growify_Performance Max_Listing_IND,ENABLED,725.283457,176,8472,4.120929,0.020774,85.609473,0.0,0.0,India,India,India,4.120928732954545,0.02077431539187913,85.60947320585457
2026-07-17,XYZ Luxury,Growify_Performance Max_Listing_INTL,ENABLED,120.33,5,435,24.066,0.011494,276.62069,0.0,0.0,Rest of the World,Australia,Australia,24.066,0.011494252873563218,276.6206896551724
2026-07-17,XYZ Luxury,Growify_Performance Max_Listing_INTL,ENABLED,185.92,7,691,26.56,0.01013,269.059334,0.0,0.0,Rest of the World,Canada,Canada,26.56,0.010130246020260492,269.05933429811864
2026-07-17,XYZ Luxury,Growify_Performance Max_Listing_INTL,ENABLED,103.52,7,378,14.788571,0.018519,273.862434,0.0,0.0,Rest of the World,United Kingdom,United Kingdom,14.788571428571428,0.018518518518518517,273.8624338624339
2026-07-17,XYZ Luxury,Growify_Performance Max_Listing_INTL,ENABLED,1590.06,43,2908,36.97814,0.014787,546.788171,0.0,0.0,USA,United States,United States,36.97813953488372,0.014786795048143054,546.7881705639614
2026-07-17,XYZ Luxury,Growify_XYZ LuxuryP_Search_INT-5/21/26,ENABLED,11.081074,4,10,2.770269,0.4,1108.1074,0.0,0.0,Rest of the World,Australia,Australia,2.7702685,0.4,1108.1073999999999
2026-07-17,XYZ Luxury,Growify_XYZ LuxuryP_Search_INT-5/21/26,ENABLED,87.26845,15,44,5.817897,0.340909,1983.373864,0.0,0.0,Rest of the World,Canada,Canada,5.817896666666667,0.3409090909090909,1983.3738636363637
2026-07-17,XYZ Luxury,Growify_XYZ LuxuryP_Search_INT-5/21/26,ENABLED,322.46,6,19,53.743333,0.315789,16971.57895,0.0,0.0,Rest of the World,United Kingdom,United Kingdom,53.74333333333333,0.3157894736842105,16971.57894736842
2026-07-17,XYZ Luxury,Growify_XYZ LuxuryP_Search_INT-5/21/26,ENABLED,278.37,9,29,30.93,0.310345,9598.965517,0.0,0.0,USA,United States,United States,30.93,0.3103448275862069,9598.96551724138
2026-07-17,XYZ Luxury,Growify_XYZ LuxuryP_Search_India-12/12/25,ENABLED,471.044355,79,128,5.962587,0.617188,3680.034023,0.0,0.0,India,India,India,5.962586772151899,0.6171875,3680.0340234375
2026-07-18,XYZ Luxury,Growify_P.max_HP_EOSS_Ind,ENABLED,580.531523,70,3443,8.293307,0.020331,168.612118,0.0,12.7188,India,India,India,8.293307471428571,0.020331106593087424,168.6121182108626
2026-07-18,XYZ Luxury,Growify_Performance Max_Listing_IND,ENABLED,1187.664027,483,19082,2.458932,0.025312,62.240018,0.0,0.0,India,India,India,2.458931732919255,0.025311812179016874,62.24001818467666
2026-07-18,XYZ Luxury,Growify_Performance Max_Listing_INTL,ENABLED,325.09,16,571,20.318125,0.028021,569.334501,0.0,0.0,Rest of the World,Australia,Australia,20.318125,0.028021015761821366,569.3345008756568
2026-07-18,XYZ Luxury,Growify_Performance Max_Listing_INTL,ENABLED,173.356805,6,584,28.892801,0.010274,296.843844,0.0,0.0,Rest of the World,Canada,Canada,28.892800833333336,0.010273972602739725,296.8438441780822
2026-07-18,XYZ Luxury,Growify_Performance Max_Listing_INTL,ENABLED,129.53602,5,562,25.907204,0.008897,230.491139,0.0,0.0,Rest of the World,United Kingdom,United Kingdom,25.907204,0.008896797153024912,230.4911387900356
2026-07-18,XYZ Luxury,Growify_Performance Max_Listing_INTL,ENABLED,485.83,17,2053,28.578235,0.008281,236.643936,0.0,0.0,USA,United States,United States,28.578235294117647,0.008280565026790063,236.643935703848
2026-07-18,XYZ Luxury,Growify_XYZ LuxuryP_Search_INT-5/21/26,ENABLED,26.054868,4,11,6.513717,0.363636,2368.624364,0.0,0.0,Rest of the World,Australia,Australia,6.513717,0.36363636363636365,2368.624363636364
2026-07-18,XYZ Luxury,Growify_XYZ LuxuryP_Search_INT-5/21/26,ENABLED,144.29,13,33,11.099231,0.393939,4372.424242,0.0,0.0,Rest of the World,Canada,Canada,11.099230769230768,0.3939393939393939,4372.424242424242
2026-07-18,XYZ Luxury,Growify_XYZ LuxuryP_Search_INT-5/21/26,ENABLED,79.598557,6,21,13.266426,0.285714,3790.407476,0.0,0.0,Rest of the World,United Kingdom,United Kingdom,13.266426166666667,0.2857142857142857,3790.4074761904762
2026-07-18,XYZ Luxury,Growify_XYZ LuxuryP_Search_INT-5/21/26,ENABLED,196.45,9,30,21.827778,0.3,6548.333333,0.0,0.0,USA,United States,United States,21.827777777777776,0.3,6548.333333333333
2026-07-18,XYZ Luxury,Growify_XYZ LuxuryP_Search_India-12/12/25,ENABLED,264.579949,79,150,3.349113,0.526667,1763.866327,0.0,0.0,India,India,India,3.3491132784810125,0.5266666666666666,1763.8663266666667
2026-07-19,XYZ Luxury,Growify_P.max_HP_EOSS_Ind,ENABLED,560.374959,95,4094,5.898684,0.023205,136.877127,0.64,5803.181175,India,India,India,5.898683778947368,0.023204689789936492,136.877127259404
2026-07-19,XYZ Luxury,Growify_Performance Max_Listing_IND,ENABLED,850.853004,125,4585,6.806824,0.027263,185.573174,0.0,0.0,India,India,India,6.806824032000001,0.027262813522355506,185.57317426390404
2026-07-19,XYZ Luxury,Growify_Performance Max_Listing_INTL,ENABLED,3.37,1,186,3.37,0.005376,18.11828,0.0,0.0,Rest of the World,Australia,Australia,3.37,0.005376344086021506,18.118279569892476
2026-07-19,XYZ Luxury,Growify_Performance Max_Listing_INTL,ENABLED,333.3,9,400,37.033333,0.0225,833.25,0.0,0.0,Rest of the World,Canada,Canada,37.03333333333333,0.0225,833.25
2026-07-19,XYZ Luxury,Growify_Performance Max_Listing_INTL,ENABLED,132.63,4,284,33.1575,0.014085,467.007042,0.0,0.0,Rest of the World,United Kingdom,United Kingdom,33.1575,0.014084507042253521,467.00704225352115
2026-07-19,XYZ Luxury,Growify_Performance Max_Listing_INTL,ENABLED,676.16,21,1760,32.198095,0.011932,384.181818,0.0,0.0,USA,United States,United States,32.198095238095235,0.011931818181818182,384.1818181818182
2026-07-19,XYZ Luxury,Growify_XYZ LuxuryP_Search_INT-5/21/26,ENABLED,10.203016,2,6,5.101508,0.333333,1700.502667,0.0,0.0,Rest of the World,Australia,Australia,5.101508,0.3333333333333333,1700.5026666666668
2026-07-19,XYZ Luxury,Growify_XYZ LuxuryP_Search_INT-5/21/26,ENABLED,146.891092,17,40,8.640652,0.425,3672.2773,1.0,4165.92,Rest of the World,Canada,Canada,8.640652470588234,0.425,3672.2772999999997
2026-07-19,XYZ Luxury,Growify_XYZ LuxuryP_Search_INT-5/21/26,ENABLED,50.53,4,10,12.6325,0.4,5053.0,0.0,0.0,Rest of the World,United Kingdom,United Kingdom,12.6325,0.4,5053.0
2026-07-19,XYZ Luxury,Growify_XYZ LuxuryP_Search_INT-5/21/26,ENABLED,856.562912,7,26,122.36613,0.269231,32944.72739,1.0,34770.0,USA,United States,United States,122.36613028571428,0.2692307692307692,32944.727384615384
2026-07-19,XYZ Luxury,Growify_XYZ LuxuryP_Search_India-12/12/25,ENABLED,780.568242,51,89,15.30526,0.573034,8770.429685,0.0,0.0,India,India,India,15.305259647058824,0.5730337078651685,8770.42968539326
2026-07-20,XYZ Luxury,Growify_P.max_HP_EOSS_Ind,ENABLED,336.465672,70,3497,4.806652,0.020017,96.21552,1.0,3587.2812,India,India,India,4.806652457142857,0.020017157563625966,96.21551958821847
2026-07-20,XYZ Luxury,Growify_Performance Max_Listing_IND,ENABLED,228.374202,181,7566,1.261736,0.023923,30.184272,0.0,0.0,India,India,India,1.2617359226519338,0.023922812582606395,30.18427200634417
2026-07-20,XYZ Luxury,Growify_Performance Max_Listing_INTL,ENABLED,149.67,7,304,21.381429,0.023026,492.335526,0.0,0.0,Rest of the World,Australia,Australia,21.381428571428568,0.023026315789473683,492.3355263157894
2026-07-20,XYZ Luxury,Growify_Performance Max_Listing_INTL,ENABLED,1459.43,8,306,182.42875,0.026144,4769.379085,0.0,0.0,Rest of the World,Canada,Canada,182.42875,0.026143790849673203,4769.3790849673205
2026-07-20,XYZ Luxury,Growify_Performance Max_Listing_INTL,ENABLED,63.33,3,302,21.11,0.009934,209.701987,0.0,0.0,Rest of the World,United Kingdom,United Kingdom,21.11,0.009933774834437087,209.70198675496687
2026-07-20,XYZ Luxury,Growify_Performance Max_Listing_INTL,ENABLED,164.65,9,1308,18.294444,0.006881,125.879205,0.0,0.0,USA,United States,United States,18.294444444444444,0.006880733944954129,125.87920489296636
2026-07-20,XYZ Luxury,Growify_XYZ LuxuryP_Search_INT-5/21/26,ENABLED,2.958184,3,6,0.986061,0.5,493.030667,0.0,0.0,Rest of the World,Australia,Australia,0.9860613333333333,0.5,493.03066666666666
2026-07-20,XYZ Luxury,Growify_XYZ LuxuryP_Search_INT-5/21/26,ENABLED,648.01,12,35,54.000833,0.342857,18514.57143,0.0,0.0,Rest of the World,Canada,Canada,54.00083333333333,0.34285714285714286,18514.571428571428
2026-07-20,XYZ Luxury,Growify_XYZ LuxuryP_Search_INT-5/21/26,ENABLED,348.54,3,18,116.18,0.166667,19363.33333,0.0,0.0,Rest of the World,United Kingdom,United Kingdom,116.18,0.16666666666666666,19363.333333333332
2026-07-20,XYZ Luxury,Growify_XYZ LuxuryP_Search_INT-5/21/26,ENABLED,182.184315,7,26,26.026331,0.269231,7007.089038,0.0,0.0,USA,United States,United States,26.026330714285713,0.2692307692307692,7007.089038461539
2026-07-20,XYZ Luxury,Growify_XYZ LuxuryP_Search_India-12/12/25,ENABLED,353.085765,49,118,7.205832,0.415254,2992.252246,0.0,0.0,India,India,India,7.20583193877551,0.4152542372881356,2992.2522457627115
2026-07-21,XYZ Luxury,Growify_P.max_HP_EOSS_Ind,ENABLED,89.989331,40,1580,2.249733,0.025316,56.955273,0.0,0.0,India,India,India,2.249733275,0.02531645569620253,56.95527278481013
2026-07-21,XYZ Luxury,Growify_Performance Max_Listing_IND,ENABLED,243.915773,105,4705,2.323007,0.022317,51.841822,0.0,0.0,India,India,India,2.3230073619047618,0.022316684378320937,51.841822104144526
2026-07-21,XYZ Luxury,Growify_Performance Max_Listing_INTL,ENABLED,25.55,1,30,25.55,0.033333,851.666667,0.0,0.0,Rest of the World,United Kingdom,United Kingdom,25.55,0.03333333333333333,851.6666666666666
2026-07-21,XYZ Luxury,Growify_Performance Max_Listing_INTL,ENABLED,143.0,5,188,28.6,0.026596,760.638298,0.0,0.0,USA,United States,United States,28.6,0.026595744680851064,760.6382978723403
2026-07-21,XYZ Luxury,Growify_Performance Max_Listing_INTL,ENABLED,0.0,0,17,,0.0,0.0,0.0,0.0,Rest of the World,Australia,Australia,,0.0,0.0
2026-07-21,XYZ Luxury,Growify_Performance Max_Listing_INTL,ENABLED,0.0,0,25,,0.0,0.0,0.0,0.0,Rest of the World,Canada,Canada,,0.0,0.0
2026-07-21,XYZ Luxury,Growify_XYZ LuxuryP_Search_INT-5/21/26,ENABLED,270.58815,10,19,27.058815,0.526316,14241.48158,0.0,0.0,Rest of the World,Canada,Canada,27.058815,0.5263157894736842,14241.481578947367
2026-07-21,XYZ Luxury,Growify_XYZ LuxuryP_Search_INT-5/21/26,ENABLED,26.96,2,6,13.48,0.333333,4493.333333,0.0,0.0,USA,United States,United States,13.48,0.3333333333333333,4493.333333333333
2026-07-21,XYZ Luxury,Growify_XYZ LuxuryP_Search_India-12/12/25,ENABLED,185.585702,17,29,10.916806,0.586207,6399.506966,0.0,0.0,India,India,India,10.916806,0.5862068965517241,6399.506965517241
2026-07-22,XYZ Luxury,Growify_P.max_HP_EOSS_Ind,ENABLED,951.432744,199,7891,4.781069,0.025219,120.571885,0.0,0.0,India,India,India,4.781069065326633,0.02521860347231023,120.57188493220124
2026-07-22,XYZ Luxury,Growify_Performance Max_Listing_IND,ENABLED,752.583249,307,13376,2.451411,0.022952,56.2637,0.0,0.0,India,India,India,2.4514112345276873,0.022951555023923445,56.26369983552632
2026-07-22,XYZ Luxury,Growify_Performance Max_Listing_INTL,ENABLED,81.42,3,179,27.14,0.01676,454.860335,0.0,0.0,Rest of the World,Australia,Australia,27.14,0.01675977653631285,454.86033519553075
2026-07-22,XYZ Luxury,Growify_Performance Max_Listing_INTL,ENABLED,19.329695,4,161,4.832424,0.024845,120.060217,0.0,0.0,Rest of the World,Canada,Canada,4.83242375,0.024844720496894408,120.06021739130435
2026-07-22,XYZ Luxury,Growify_Performance Max_Listing_INTL,ENABLED,48.32,4,163,12.08,0.02454,296.441718,0.0,0.0,Rest of the World,United Kingdom,United Kingdom,12.08,0.024539877300613498,296.44171779141107
2026-07-22,XYZ Luxury,Growify_Performance Max_Listing_INTL,ENABLED,426.52,10,1028,42.652,0.009728,414.902724,0.0,0.0,USA,United States,United States,42.652,0.009727626459143969,414.90272373540853
2026-07-22,XYZ Luxury,Growify_XYZ LuxuryP_Search_INT-5/21/26,ENABLED,4.138751,4,6,1.034688,0.666667,689.791833,0.0,0.0,Rest of the World,Australia,Australia,1.03468775,0.6666666666666666,689.7918333333333
2026-07-22,XYZ Luxury,Growify_XYZ LuxuryP_Search_INT-5/21/26,ENABLED,221.5,11,26,20.136364,0.423077,8519.230769,0.0,0.0,Rest of the World,Canada,Canada,20.136363636363637,0.4230769230769231,8519.23076923077
2026-07-22,XYZ Luxury,Growify_XYZ LuxuryP_Search_INT-5/21/26,ENABLED,91.449839,5,9,18.289968,0.555556,10161.09322,0.0,0.0,Rest of the World,United Kingdom,United Kingdom,18.2899678,0.5555555555555556,10161.093222222222
2026-07-22,XYZ Luxury,Growify_XYZ LuxuryP_Search_INT-5/21/26,ENABLED,11.776452,8,22,1.472057,0.363636,535.293273,0.0,0.0,USA,United States,United States,1.4720565,0.36363636363636365,535.2932727272728
2026-07-22,XYZ Luxury,Growify_XYZ LuxuryP_Search_India-12/12/25,ENABLED,329.240499,64,107,5.144383,0.598131,3077.014009,0.0,0.0,India,India,India,5.144382796875,0.5981308411214953,3077.0140093457944
2026-07-23,XYZ Luxury,Growify_P.max_HP_EOSS_Ind,ENABLED,664.990223,152,6334,4.374936,0.023997,104.987405,0.0,0.0,India,India,India,4.374935677631579,0.023997473950110516,104.98740495737292
2026-07-23,XYZ Luxury,Growify_Performance Max_Listing_IND,ENABLED,832.191588,305,14143,2.728497,0.021565,58.841235,0.0,0.0,India,India,India,2.7284970098360657,0.02156543873294209,58.841235098635366
2026-07-23,XYZ Luxury,Growify_Performance Max_Listing_INTL,ENABLED,33.42,6,298,5.57,0.020134,112.147651,0.0,0.0,Rest of the World,Australia,Australia,5.57,0.020134228187919462,112.14765100671141
2026-07-23,XYZ Luxury,Growify_Performance Max_Listing_INTL,ENABLED,66.287989,2,159,33.143994,0.012579,416.905591,0.0,0.0,Rest of the World,Canada,Canada,33.1439945,0.012578616352201259,416.9055911949685
2026-07-23,XYZ Luxury,Growify_Performance Max_Listing_INTL,ENABLED,21.02,2,242,10.51,0.008264,86.859504,0.0,0.0,Rest of the World,United Kingdom,United Kingdom,10.51,0.008264462809917356,86.8595041322314
2026-07-23,XYZ Luxury,Growify_Performance Max_Listing_INTL,ENABLED,721.74,14,830,51.552857,0.016867,869.566265,0.0,0.0,USA,United States,United States,51.55285714285714,0.016867469879518072,869.5662650602409
2026-07-23,XYZ Luxury,Growify_XYZ LuxuryP_Search_INT-5/21/26,ENABLED,20.10799,4,9,5.026998,0.444444,2234.221111,0.0,0.0,Rest of the World,Australia,Australia,5.0269975,0.4444444444444444,2234.221111111111
2026-07-23,XYZ Luxury,Growify_XYZ LuxuryP_Search_INT-5/21/26,ENABLED,6.647312,5,9,1.329462,0.555556,738.590222,0.0,0.0,Rest of the World,Canada,Canada,1.3294624000000002,0.5555555555555556,738.5902222222222
2026-07-23,XYZ Luxury,Growify_XYZ LuxuryP_Search_INT-5/21/26,ENABLED,12.840979,3,5,4.280326,0.6,2568.1958,0.0,0.0,Rest of the World,United Kingdom,United Kingdom,4.280326333333334,0.6,2568.1958000000004
2026-07-23,XYZ Luxury,Growify_XYZ LuxuryP_Search_INT-5/21/26,ENABLED,9.807034,9,20,1.08967,0.45,490.3517,1.0,4320.0,USA,United States,United States,1.0896704444444445,0.45,490.3517
2026-07-23,XYZ Luxury,Growify_XYZ LuxuryP_Search_India-12/12/25,ENABLED,499.248482,49,66,10.188745,0.742424,7564.370939,2.5,20682.96,India,India,India,10.188744530612245,0.7424242424242424,7564.37093939394
2026-07-24,XYZ Luxury,Growify_P.max_HP_EOSS_Ind,ENABLED,570.202407,86,4128,6.630261,0.020833,138.130428,0.0,0.0,India,India,India,6.630260546511628,0.020833333333333332,138.13042805232558
2026-07-24,XYZ Luxury,Growify_Performance Max_Listing_IND,ENABLED,516.518718,122,5044,4.23376,0.024187,102.402601,0.0,0.0,India,India,India,4.233759983606558,0.024187153053132435,102.40260071371928
2026-07-24,XYZ Luxury,Growify_Performance Max_Listing_INTL,ENABLED,148.27,6,362,24.711667,0.016575,409.585635,0.0,0.0,Rest of the World,Australia,Australia,24.71166666666667,0.016574585635359115,409.58563535911605
2026-07-24,XYZ Luxury,Growify_Performance Max_Listing_INTL,ENABLED,63.395815,3,407,21.131938,0.007371,155.763673,0.0,0.0,Rest of the World,Canada,Canada,21.131938333333334,0.007371007371007371,155.7636732186732
2026-07-24,XYZ Luxury,Growify_Performance Max_Listing_INTL,ENABLED,56.77,3,423,18.923333,0.007092,134.208038,0.0,0.0,Rest of the World,United Kingdom,United Kingdom,18.923333333333336,0.0070921985815602835,134.2080378250591
2026-07-24,XYZ Luxury,Growify_Performance Max_Listing_INTL,ENABLED,1073.2,12,1350,89.433333,0.008889,794.962963,0.0,0.0,USA,United States,United States,89.43333333333334,0.008888888888888889,794.9629629629629
2026-07-24,XYZ Luxury,Growify_XYZ LuxuryP_Search_INT-5/21/26,ENABLED,1.35,1,3,1.35,0.333333,450.0,0.0,0.0,Rest of the World,Australia,Australia,1.35,0.3333333333333333,450.0
2026-07-24,XYZ Luxury,Growify_XYZ LuxuryP_Search_INT-5/21/26,ENABLED,37.82,13,21,2.909231,0.619048,1800.952381,0.0,0.0,Rest of the World,Canada,Canada,2.9092307692307693,0.6190476190476191,1800.952380952381
2026-07-24,XYZ Luxury,Growify_XYZ LuxuryP_Search_INT-5/21/26,ENABLED,15.43,3,5,5.143333,0.6,3086.0,0.0,0.0,Rest of the World,United Kingdom,United Kingdom,5.1433333333333335,0.6,3086.0
2026-07-24,XYZ Luxury,Growify_XYZ LuxuryP_Search_INT-5/21/26,ENABLED,5.82,6,12,0.97,0.5,485.0,1.0,4165.92,USA,United States,United States,0.9700000000000001,0.5,485.00000000000006
2026-07-24,XYZ Luxury,Growify_XYZ LuxuryP_Search_India-12/12/25,ENABLED,886.723521,92,151,9.638299,0.609272,5872.341199,0.0,0.0,India,India,India,9.638299141304348,0.609271523178808,5872.341198675497
2026-07-25,XYZ Luxury,Growify_P.max_HP_EOSS_Ind,ENABLED,519.663686,51,3029,10.189484,0.016837,171.562788,0.0,0.0,India,India,India,10.189484039215685,0.01683724001320568,171.56278837900297
2026-07-25,XYZ Luxury,Growify_Performance Max_Listing_IND,ENABLED,356.935856,106,5034,3.367319,0.021057,70.905017,0.0,0.0,India,India,India,3.367319396226415,0.021056813667063964,70.90501708382996
2026-07-25,XYZ Luxury,Growify_Performance Max_Listing_INTL,ENABLED,30.72,3,90,10.24,0.033333,341.333333,0.0,0.0,Rest of the World,United Kingdom,United Kingdom,10.24,0.03333333333333333,341.3333333333333
2026-07-25,XYZ Luxury,Growify_Performance Max_Listing_INTL,ENABLED,1319.43,6,390,219.905,0.015385,3383.153846,0.88,57874.78035,USA,United States,United States,219.905,0.015384615384615385,3383.153846153846
2026-07-25,XYZ Luxury,Growify_Performance Max_Listing_INTL,ENABLED,0.0,0,71,,0.0,0.0,0.0,0.0,Rest of the World,Canada,Canada,,0.0,0.0
2026-07-25,XYZ Luxury,Growify_Performance Max_Listing_INTL,ENABLED,0.0,0,27,,0.0,0.0,0.0,0.0,Rest of the World,Australia,Australia,,0.0,0.0
2026-07-25,XYZ Luxury,Growify_XYZ LuxuryP_Search_INT-5/21/26,ENABLED,1.35,1,1,1.35,1.0,1350.0,0.0,0.0,Rest of the World,Australia,Australia,1.35,1.0,1350.0
2026-07-25,XYZ Luxury,Growify_XYZ LuxuryP_Search_INT-5/21/26,ENABLED,39.042337,14,28,2.788738,0.5,1394.369179,0.0,0.0,Rest of the World,Canada,Canada,2.7887383571428574,0.5,1394.3691785714286
2026-07-25,XYZ Luxury,Growify_XYZ LuxuryP_Search_INT-5/21/26,ENABLED,29.28548,6,10,4.880913,0.6,2928.548,0.0,0.0,Rest of the World,United Kingdom,United Kingdom,4.880913333333333,0.6,2928.5480000000002
2026-07-25,XYZ Luxury,Growify_XYZ LuxuryP_Search_INT-5/21/26,ENABLED,273.33,10,18,27.333,0.555556,15185.0,0.0,0.0,USA,United States,United States,27.333,0.5555555555555556,15184.999999999998
2026-07-25,XYZ Luxury,Growify_XYZ LuxuryP_Search_India-12/12/25,ENABLED,621.490784,60,115,10.35818,0.521739,5404.267687,0.5,3782.96,India,India,India,10.358179733333333,0.5217391304347826,5404.267686956522
2026-07-26,XYZ Luxury,Growify_P.max_HP_EOSS_Ind,ENABLED,337.797734,84,3813,4.021402,0.02203,88.591066,0.1,357.26823,India,India,India,4.021401595238095,0.022029897718332022,88.59106582743247
2026-07-26,XYZ Luxury,Growify_Performance Max_Listing_IND,ENABLED,346.983792,168,7377,2.06538,0.022773,47.035894,0.0,0.0,India,India,India,2.065379714285714,0.02277348515656771,47.03589426596177
2026-07-26,XYZ Luxury,Growify_Performance Max_Listing_INTL,ENABLED,50.16,3,110,16.72,0.027273,456.0,0.0,0.0,Rest of the World,Australia,Australia,16.72,0.02727272727272727,455.99999999999994
2026-07-26,XYZ Luxury,Growify_Performance Max_Listing_INTL,ENABLED,194.736575,6,163,32.456096,0.03681,1194.702914,0.16,1552.0626,Rest of the World,Canada,Canada,32.45609583333333,0.03680981595092025,1194.7029141104292
2026-07-26,XYZ Luxury,Growify_Performance Max_Listing_INTL,ENABLED,68.69,2,152,34.345,0.013158,451.907895,0.0,0.0,Rest of the World,United Kingdom,United Kingdom,34.345,0.013157894736842105,451.9078947368421
2026-07-26,XYZ Luxury,Growify_Performance Max_Listing_INTL,ENABLED,212.81,10,436,21.281,0.022936,488.09633,0.0,0.0,USA,United States,United States,21.281,0.022935779816513763,488.0963302752294
2026-07-26,XYZ Luxury,Growify_XYZ LuxuryP_Search_INT-5/21/26,ENABLED,13.862105,5,11,2.772421,0.454545,1260.191364,0.0,0.0,Rest of the World,Australia,Australia,2.772421,0.45454545454545453,1260.1913636363636
2026-07-26,XYZ Luxury,Growify_XYZ LuxuryP_Search_INT-5/21/26,ENABLED,89.13,8,24,11.14125,0.333333,3713.75,0.0,0.0,Rest of the World,Canada,Canada,11.14125,0.3333333333333333,3713.7499999999995
2026-07-26,XYZ Luxury,Growify_XYZ LuxuryP_Search_INT-5/21/26,ENABLED,66.093013,7,12,9.441859,0.583333,5507.751083,0.0,0.0,Rest of the World,United Kingdom,United Kingdom,9.441859,0.5833333333333334,5507.751083333333
2026-07-26,XYZ Luxury,Growify_XYZ LuxuryP_Search_INT-5/21/26,ENABLED,44.46,8,18,5.5575,0.444444,2470.0,0.0,0.0,USA,United States,United States,5.5575,0.4444444444444444,2470.0
2026-07-26,XYZ Luxury,Growify_XYZ LuxuryP_Search_India-12/12/25,ENABLED,1830.666151,72,119,25.425919,0.605042,15383.74917,1.0,5200.0,India,India,India,25.425918763888887,0.6050420168067226,15383.749168067226
2026-07-27,XYZ Luxury,Growify_P.max_HP_EOSS_Ind,ENABLED,567.587492,145,4924,3.914396,0.029448,115.269596,0.0,0.0,India,India,India,3.914396496551724,0.029447603574329812,115.26959626320064
2026-07-27,XYZ Luxury,Growify_Performance Max_Listing_IND,ENABLED,677.516033,261,10791,2.595847,0.024187,62.785287,1.0,4999.0,India,India,India,2.5958468697318007,0.02418682235195997,62.78528709109443
2026-07-27,XYZ Luxury,Growify_Performance Max_Listing_INTL,ENABLED,134.7,7,190,19.242857,0.036842,708.947368,0.0,0.0,Rest of the World,Australia,Australia,19.24285714285714,0.03684210526315789,708.9473684210526
2026-07-27,XYZ Luxury,Growify_Performance Max_Listing_INTL,ENABLED,10.395615,1,118,10.395615,0.008475,88.098432,0.16,1552.0626,Rest of the World,Canada,Canada,10.395615,0.00847457627118644,88.09843220338982
2026-07-27,XYZ Luxury,Growify_Performance Max_Listing_INTL,ENABLED,38.74,6,192,6.456667,0.03125,201.770833,0.0,0.0,Rest of the World,United Kingdom,United Kingdom,6.456666666666667,0.03125,201.77083333333334
2026-07-27,XYZ Luxury,Growify_Performance Max_Listing_INTL,ENABLED,110.06,6,676,18.343333,0.008876,162.810651,0.0,0.0,USA,United States,United States,18.343333333333334,0.008875739644970414,162.81065088757396
2026-07-27,XYZ Luxury,Growify_XYZ LuxuryP_Search_INT-5/21/26,ENABLED,18.88,3,8,6.293333,0.375,2360.0,0.0,0.0,Rest of the World,Australia,Australia,6.293333333333333,0.375,2360.0
2026-07-27,XYZ Luxury,Growify_XYZ LuxuryP_Search_INT-5/21/26,ENABLED,296.357083,3,13,98.785694,0.230769,22796.69869,0.0,0.0,Rest of the World,Canada,Canada,98.78569433333332,0.23076923076923078,22796.698692307695
2026-07-27,XYZ Luxury,Growify_XYZ LuxuryP_Search_INT-5/21/26,ENABLED,35.99,3,5,11.996667,0.6,7198.0,0.0,0.0,Rest of the World,United Kingdom,United Kingdom,11.996666666666668,0.6,7198.0
2026-07-27,XYZ Luxury,Growify_XYZ LuxuryP_Search_INT-5/21/26,ENABLED,3.87,2,6,1.935,0.333333,645.0,0.0,0.0,USA,United States,United States,1.935,0.3333333333333333,645.0
2026-07-27,XYZ Luxury,Growify_XYZ LuxuryP_Search_India-12/12/25,ENABLED,364.998853,37,76,9.864834,0.486842,4802.616487,0.0,0.0,India,India,India,9.864833864864865,0.4868421052631579,4802.616486842105
2026-07-28,XYZ Luxury,Growify_P.max_HP_EOSS_Ind,ENABLED,502.157692,131,4212,3.833265,0.031102,119.220725,2.01,7334.54704,India,India,India,3.8332648244274807,0.03110161443494777,119.22072459639125
2026-07-28,XYZ Luxury,Growify_Performance Max_Listing_IND,ENABLED,441.181148,180,8220,2.451006,0.021898,53.671673,0.0,0.0,India,India,India,2.451006377777778,0.021897810218978103,53.67167250608273
2026-07-28,XYZ Luxury,Growify_Performance Max_Listing_INTL,ENABLED,5.34,1,181,5.34,0.005525,29.502762,0.0,0.0,Rest of the World,Australia,Australia,5.34,0.0055248618784530384,29.502762430939228
2026-07-28,XYZ Luxury,Growify_Performance Max_Listing_INTL,ENABLED,79.623683,4,164,19.905921,0.02439,485.510262,0.16,1552.07217,Rest of the World,Canada,Canada,19.90592075,0.024390243902439025,485.5102621951219
2026-07-28,XYZ Luxury,Growify_Performance Max_Listing_INTL,ENABLED,123.22,4,220,30.805,0.018182,560.090909,0.0,0.0,Rest of the World,United Kingdom,United Kingdom,30.805,0.01818181818181818,560.0909090909091
2026-07-28,XYZ Luxury,Growify_Performance Max_Listing_INTL,ENABLED,527.59,13,683,40.583846,0.019034,772.459736,0.0,0.0,USA,United States,United States,40.58384615384615,0.01903367496339678,772.4597364568082
2026-07-28,XYZ Luxury,Growify_XYZ LuxuryP_Search_INT-5/21/26,ENABLED,412.81,4,7,103.2025,0.571429,58972.85714,0.0,0.0,Rest of the World,Australia,Australia,103.2025,0.5714285714285714,58972.857142857145
2026-07-28,XYZ Luxury,Growify_XYZ LuxuryP_Search_INT-5/21/26,ENABLED,52.3,5,14,10.46,0.357143,3735.714286,0.0,0.0,Rest of the World,Canada,Canada,10.459999999999999,0.35714285714285715,3735.7142857142853
2026-07-28,XYZ Luxury,Growify_XYZ LuxuryP_Search_INT-5/21/26,ENABLED,11.47,3,6,3.823333,0.5,1911.666667,0.0,0.0,Rest of the World,United Kingdom,United Kingdom,3.8233333333333337,0.5,1911.6666666666667
2026-07-28,XYZ Luxury,Growify_XYZ LuxuryP_Search_INT-5/21/26,ENABLED,3.84,2,12,1.92,0.166667,320.0,0.0,0.0,USA,United States,United States,1.92,0.16666666666666666,320.0
2026-07-28,XYZ Luxury,Growify_XYZ LuxuryP_Search_India-12/12/25,ENABLED,316.493793,58,91,5.45679,0.637363,3477.953769,1.0,3400.0,India,India,India,5.456789534482758,0.6373626373626373,3477.953769230769
2026-07-29,XYZ Luxury,Growify_P.max_HP_EOSS_Ind,ENABLED,646.945417,82,4202,7.889578,0.019515,153.961308,0.0,0.0,India,India,India,7.889578256097561,0.01951451689671585,153.96130818657784
2026-07-29,XYZ Luxury,Growify_Performance Max_Listing_IND,ENABLED,506.818298,122,6504,4.154248,0.018758,77.924093,0.02,77.715,India,India,India,4.154248344262295,0.018757687576875768,77.92409255842558
2026-07-29,XYZ Luxury,Growify_Performance Max_Listing_INTL,ENABLED,366.658165,9,415,40.739796,0.021687,883.513651,0.0,0.0,Rest of the World,Canada,Canada,40.73979611111111,0.021686746987951807,883.5136506024096
2026-07-29,XYZ Luxury,Growify_Performance Max_Listing_INTL,ENABLED,229.938006,14,813,16.424143,0.01722,282.826576,0.0,0.0,USA,United States,United States,16.424143285714287,0.017220172201722016,282.82657564575646
2026-07-29,XYZ Luxury,Growify_Performance Max_Listing_INTL,ENABLED,0.0,0,201,,0.0,0.0,0.0,0.0,Rest of the World,Australia,Australia,,0.0,0.0
2026-07-29,XYZ Luxury,Growify_Performance Max_Listing_INTL,ENABLED,0.0,0,240,,0.0,0.0,0.0,0.0,Rest of the World,United Kingdom,United Kingdom,,0.0,0.0
2026-07-29,XYZ Luxury,Growify_XYZ LuxuryP_Search_INT-5/21/26,ENABLED,71.06,6,12,11.843333,0.5,5921.666667,0.0,0.0,Rest of the World,Australia,Australia,11.843333333333334,0.5,5921.666666666667
2026-07-29,XYZ Luxury,Growify_XYZ LuxuryP_Search_INT-5/21/26,ENABLED,208.88,16,41,13.055,0.390244,5094.634146,0.51,4913.80263,Rest of the World,Canada,Canada,13.055,0.3902439024390244,5094.634146341464
2026-07-29,XYZ Luxury,Growify_XYZ LuxuryP_Search_INT-5/21/26,ENABLED,45.090318,5,14,9.018064,0.357143,3220.737,0.0,0.0,Rest of the World,United Kingdom,United Kingdom,9.018063600000001,0.35714285714285715,3220.737
2026-07-29,XYZ Luxury,Growify_XYZ LuxuryP_Search_INT-5/21/26,ENABLED,3.84,4,12,0.96,0.333333,320.0,0.0,0.0,USA,United States,United States,0.96,0.3333333333333333,320.0
2026-07-29,XYZ Luxury,Growify_XYZ LuxuryP_Search_India-12/12/25,ENABLED,701.631287,92,176,7.626427,0.522727,3986.541403,1.0,21850.0,India,India,India,7.626427032608696,0.5227272727272727,3986.5414034090913
2026-07-30,XYZ Luxury,Growify_P.max_HP_EOSS_Ind,ENABLED,175.193985,40,1453,4.37985,0.027529,120.573975,1.0,3964.31046,India,India,India,4.379849625,0.02752924982794219,120.57397453544391
2026-07-30,XYZ Luxury,Growify_Performance Max_Listing_IND,ENABLED,459.939882,99,3775,4.645857,0.026225,121.838379,0.02,116.5875,India,India,India,4.645857393939394,0.026225165562913908,121.83837933774835
2026-07-30,XYZ Luxury,Growify_Performance Max_Listing_INTL,ENABLED,65.91,4,245,16.4775,0.016327,269.020408,0.0,0.0,Rest of the World,Canada,Canada,16.4775,0.0163265306122449,269.0204081632653
2026-07-30,XYZ Luxury,Growify_Performance Max_Listing_INTL,ENABLED,50.65,3,138,16.883333,0.021739,367.028986,0.0,0.0,Rest of the World,United Kingdom,United Kingdom,16.883333333333333,0.021739130434782608,367.0289855072464
2026-07-30,XYZ Luxury,Growify_Performance Max_Listing_INTL,ENABLED,80.539459,5,476,16.107892,0.010504,169.200544,0.0,0.0,USA,United States,United States,16.107891799999997,0.01050420168067227,169.20054411764704
2026-07-30,XYZ Luxury,Growify_Performance Max_Listing_INTL,ENABLED,0.0,0,189,,0.0,0.0,0.0,0.0,Rest of the World,Australia,Australia,,0.0,0.0
2026-07-30,XYZ Luxury,Growify_XYZ LuxuryP_Search_INT-5/21/26,ENABLED,18.02,4,9,4.505,0.444444,2002.222222,0.0,0.0,Rest of the World,Australia,Australia,4.505,0.4444444444444444,2002.2222222222222
2026-07-30,XYZ Luxury,Growify_XYZ LuxuryP_Search_INT-5/21/26,ENABLED,211.78,9,18,23.531111,0.5,11765.55556,0.0,0.0,Rest of the World,Canada,Canada,23.531111111111112,0.5,11765.555555555557
2026-07-30,XYZ Luxury,Growify_XYZ LuxuryP_Search_INT-5/21/26,ENABLED,2.56,1,2,2.56,0.5,1280.0,0.0,0.0,Rest of the World,United Kingdom,United Kingdom,2.56,0.5,1280.0
2026-07-30,XYZ Luxury,Growify_XYZ LuxuryP_Search_INT-5/21/26,ENABLED,0.0,0,5,,0.0,0.0,0.0,0.0,USA,United States,United States,,0.0,0.0
2026-07-30,XYZ Luxury,Growify_XYZ LuxuryP_Search_India-12/12/25,ENABLED,382.523178,46,74,8.315721,0.621622,5169.232135,0.0,0.0,India,India,India,8.315721260869564,0.6216216216216216,5169.232135135135
2026-08-01,XYZ Luxury,Growify_P.max_HP_EOSS_Ind,ENABLED,0.01,0,1,,0.0,10.0,0.0,0.0,India,India,India,,0.0,10.0
2026-08-04,XYZ Luxury,Growify_P.max_HP_EOSS_Ind,ENABLED,0.027801,0,2,,0.0,13.9005,0.0,0.0,India,India,India,,0.0,13.9005
2026-08-04,XYZ Luxury,Growify_Performance Max_Listing_IND,ENABLED,0.830048,0,17,,0.0,48.826353,0.0,0.0,India,India,India,,0.0,48.826352941176474
2026-08-04,XYZ Luxury,Growify_XYZ LuxuryP_Search_India-12/12/25,ENABLED,0.0,0,1,,0.0,0.0,0.0,0.0,India,India,India,,0.0,0.0
2026-08-05,XYZ Luxury,Growify_P.max_HP_EOSS_Ind,ENABLED,950.67281,212,7004,4.484306,0.030268,135.73284,0.0,0.0,India,India,India,4.48430570754717,0.03026841804683038,135.73283980582522
2026-08-05,XYZ Luxury,Growify_Performance Max_Listing_IND,ENABLED,999.215236,237,10674,4.216098,0.022203,93.61207,0.0,0.0,India,India,India,4.216098042194093,0.022203485103991005,93.61207007682218
2026-08-05,XYZ Luxury,Growify_Performance Max_Listing_INTL,ENABLED,4.83,1,94,4.83,0.010638,51.382979,0.0,0.0,Rest of the World,Australia,Australia,4.83,0.010638297872340425,51.38297872340426
2026-08-05,XYZ Luxury,Growify_Performance Max_Listing_INTL,ENABLED,24.790986,1,64,24.790986,0.015625,387.359156,0.0,0.0,Rest of the World,United Kingdom,United Kingdom,24.790986,0.015625,387.35915625
2026-08-05,XYZ Luxury,Growify_Performance Max_Listing_INTL,ENABLED,0.012409,2,238,0.006205,0.008403,0.052139,0.0,0.0,USA,United States,United States,0.0062045,0.008403361344537815,0.05213865546218487
2026-08-05,XYZ Luxury,Growify_Performance Max_Listing_INTL,ENABLED,4.006612,0,54,,0.0,74.196519,0.0,0.0,Rest of the World,Canada,Canada,,0.0,74.1965185185185
2026-08-05,XYZ Luxury,Growify_XYZ LuxuryP_Search_INT-5/21/26,ENABLED,337.76,3,6,112.586667,0.5,56293.33333,1.0,20500.0,Rest of the World,Australia,Australia,112.58666666666666,0.5,56293.33333333333
2026-08-05,XYZ Luxury,Growify_XYZ LuxuryP_Search_INT-5/21/26,ENABLED,34.540442,4,14,8.635111,0.285714,2467.174429,0.0,0.0,Rest of the World,Canada,Canada,8.6351105,0.2857142857142857,2467.1744285714285
2026-08-05,XYZ Luxury,Growify_XYZ LuxuryP_Search_INT-5/21/26,ENABLED,1.29,1,4,1.29,0.25,322.5,0.0,0.0,Rest of the World,United Kingdom,United Kingdom,1.29,0.25,322.5
2026-08-05,XYZ Luxury,Growify_XYZ LuxuryP_Search_INT-5/21/26,ENABLED,108.46,2,4,54.23,0.5,27115.0,0.0,0.0,USA,United States,United States,54.23,0.5,27115.0
2026-08-05,XYZ Luxury,Growify_XYZ LuxuryP_Search_India-12/12/25,ENABLED,331.582098,45,88,7.368491,0.511364,3767.978386,0.0,0.0,India,India,India,7.368491066666666,0.5113636363636364,3767.978386363636
2026-08-06,XYZ Luxury,Growify_P.max_HP_EOSS_Ind,ENABLED,951.17633,159,6980,5.982241,0.022779,136.271681,0.0,0.0,India,India,India,5.98224106918239,0.022779369627507165,136.2716805157593
2026-08-06,XYZ Luxury,Growify_Performance Max_Listing_IND,ENABLED,898.684651,250,11871,3.594739,0.02106,75.704208,0.0,0.0,India,India,India,3.5947386040000002,0.02105972538118103,75.70420781737008
2026-08-06,XYZ Luxury,Growify_Performance Max_Listing_INTL,ENABLED,53.34,3,140,17.78,0.021429,381.0,0.0,0.0,Rest of the World,Australia,Australia,17.78,0.02142857142857143,381.0
2026-08-06,XYZ Luxury,Growify_Performance Max_Listing_INTL,ENABLED,70.462142,2,114,35.231071,0.017544,618.088965,0.0,0.0,Rest of the World,Canada,Canada,35.231071,0.017543859649122806,618.0889649122807
2026-08-06,XYZ Luxury,Growify_Performance Max_Listing_INTL,ENABLED,22.81,2,177,11.405,0.011299,128.870056,0.0,0.0,Rest of the World,United Kingdom,United Kingdom,11.405,0.011299435028248588,128.87005649717514
2026-08-06,XYZ Luxury,Growify_Performance Max_Listing_INTL,ENABLED,214.047036,8,784,26.75588,0.010204,273.019179,0.0,0.0,USA,United States,United States,26.7558795,0.01020408163265306,273.01917857142854
2026-08-06,XYZ Luxury,Growify_XYZ LuxuryP_Search_INT-5/21/26,ENABLED,125.55,2,5,62.775,0.4,25110.0,0.0,0.0,Rest of the World,Australia,Australia,62.775,0.4,25110.0
2026-08-06,XYZ Luxury,Growify_XYZ LuxuryP_Search_INT-5/21/26,ENABLED,50.94,7,21,7.277143,0.333333,2425.714286,0.0,0.0,Rest of the World,Canada,Canada,7.277142857142857,0.3333333333333333,2425.714285714286
2026-08-06,XYZ Luxury,Growify_XYZ LuxuryP_Search_INT-5/21/26,ENABLED,267.93,5,9,53.586,0.555556,29770.0,0.0,0.0,Rest of the World,United Kingdom,United Kingdom,53.586,0.5555555555555556,29770.0
2026-08-06,XYZ Luxury,Growify_XYZ LuxuryP_Search_INT-5/21/26,ENABLED,0.0,0,9,,0.0,0.0,0.0,0.0,USA,United States,United States,,0.0,0.0
2026-08-06,XYZ Luxury,Growify_XYZ LuxuryP_Search_India-12/12/25,ENABLED,387.322255,64,122,6.05191,0.52459,3174.772582,0.0,0.0,India,India,India,6.051910234375,0.5245901639344263,3174.7725819672132
2026-08-07,XYZ Luxury,Growify_P.max_HP_EOSS_Ind,ENABLED,983.026744,232,8309,4.237184,0.027922,118.308671,0.1,357.26823,India,India,India,4.23718424137931,0.02792153087014081,118.30867059814659
2026-08-07,XYZ Luxury,Growify_Performance Max_Listing_IND,ENABLED,849.326074,317,13436,2.679262,0.023593,63.212718,1.5,23499.956,India,India,India,2.6792620630914823,0.02359333134861566,63.212717624292935
2026-08-07,XYZ Luxury,Growify_Performance Max_Listing_INTL,ENABLED,108.18,5,107,21.636,0.046729,1011.028037,0.0,0.0,Rest of the World,Australia,Australia,21.636000000000003,0.04672897196261682,1011.0280373831777
2026-08-07,XYZ Luxury,Growify_Performance Max_Listing_INTL,ENABLED,110.039281,1,76,110.039281,0.013158,1447.885276,0.0,0.0,Rest of the World,Canada,Canada,110.039281,0.013157894736842105,1447.8852763157895
2026-08-07,XYZ Luxury,Growify_Performance Max_Listing_INTL,ENABLED,60.2,3,136,20.066667,0.022059,442.647059,0.0,0.0,Rest of the World,United Kingdom,United Kingdom,20.066666666666666,0.022058823529411766,442.64705882352945
2026-08-07,XYZ Luxury,Growify_Performance Max_Listing_INTL,ENABLED,519.350897,16,619,32.459431,0.025848,839.015989,0.0,0.0,USA,United States,United States,32.4594310625,0.025848142164781908,839.0159886914379
2026-08-07,XYZ Luxury,Growify_XYZ LuxuryP_Search_INT-5/21/26,ENABLED,10.72,1,1,10.72,1.0,10720.0,0.0,0.0,Rest of the World,Australia,Australia,10.72,1.0,10720.0
2026-08-07,XYZ Luxury,Growify_XYZ LuxuryP_Search_INT-5/21/26,ENABLED,3.4,2,7,1.7,0.285714,485.714286,0.0,0.0,Rest of the World,Canada,Canada,1.7,0.2857142857142857,485.7142857142857
2026-08-07,XYZ Luxury,Growify_XYZ LuxuryP_Search_INT-5/21/26,ENABLED,2.58,2,7,1.29,0.285714,368.571429,0.0,0.0,Rest of the World,United Kingdom,United Kingdom,1.29,0.2857142857142857,368.5714285714286
2026-08-07,XYZ Luxury,Growify_XYZ LuxuryP_Search_INT-5/21/26,ENABLED,2.88,3,15,0.96,0.2,192.0,0.0,0.0,USA,United States,United States,0.96,0.2,192.0
2026-08-07,XYZ Luxury,Growify_XYZ LuxuryP_Search_India-12/12/25,ENABLED,421.189749,75,155,5.615863,0.483871,2717.353219,1.0,7914.1,India,India,India,5.61586332,0.4838709677419355,2717.353219354839
2026-08-08,XYZ Luxury,Growify_P.max_HP_EOSS_Ind,ENABLED,1006.045322,240,8437,4.191856,0.028446,119.242067,0.25,750.0,India,India,India,4.191855508333334,0.028446130141045394,119.242067322508
2026-08-08,XYZ Luxury,Growify_Performance Max_Listing_IND,ENABLED,874.173801,386,16238,2.264699,0.023771,53.835066,0.25,750.0,India,India,India,2.2646989663212436,0.023771400418770783,53.83506595639857
2026-08-08,XYZ Luxury,Growify_Performance Max_Listing_INTL,ENABLED,4.82,1,132,4.82,0.007576,36.515152,0.0,0.0,Rest of the World,Australia,Australia,4.82,0.007575757575757576,36.515151515151516
2026-08-08,XYZ Luxury,Growify_Performance Max_Listing_INTL,ENABLED,66.980101,2,185,33.490051,0.010811,362.0546,0.0,0.0,Rest of the World,Canada,Canada,33.4900505,0.010810810810810811,362.0546
2026-08-08,XYZ Luxury,Growify_Performance Max_Listing_INTL,ENABLED,36.54,3,176,12.18,0.017045,207.613636,0.0,0.0,Rest of the World,United Kingdom,United Kingdom,12.18,0.017045454545454544,207.61363636363637
2026-08-08,XYZ Luxury,Growify_Performance Max_Listing_INTL,ENABLED,103.332358,8,823,12.916545,0.009721,125.555721,0.0,0.0,USA,United States,United States,12.91654475,0.009720534629404616,125.5557205346294
2026-08-08,XYZ Luxury,Growify_XYZ LuxuryP_Search_INT-5/21/26,ENABLED,2.7,2,7,1.35,0.285714,385.714286,0.0,0.0,Rest of the World,Australia,Australia,1.35,0.2857142857142857,385.7142857142857
2026-08-08,XYZ Luxury,Growify_XYZ LuxuryP_Search_INT-5/21/26,ENABLED,133.93,11,31,12.175455,0.354839,4320.322581,0.0,0.0,Rest of the World,Canada,Canada,12.175454545454546,0.3548387096774194,4320.322580645161
2026-08-08,XYZ Luxury,Growify_XYZ LuxuryP_Search_INT-5/21/26,ENABLED,2.58,2,3,1.29,0.666667,860.0,0.0,0.0,Rest of the World,United Kingdom,United Kingdom,1.29,0.6666666666666666,860.0
2026-08-08,XYZ Luxury,Growify_XYZ LuxuryP_Search_INT-5/21/26,ENABLED,222.938596,3,9,74.312865,0.333333,24770.95511,0.0,0.0,USA,United States,United States,74.31286533333333,0.3333333333333333,24770.95511111111
2026-08-08,XYZ Luxury,Growify_XYZ LuxuryP_Search_India-12/12/25,ENABLED,1192.510177,83,159,14.367592,0.522013,7500.064006,0.0,0.0448,India,India,India,14.367592493975906,0.5220125786163522,7500.064006289309
2026-08-09,XYZ Luxury,Growify_P.max_HP_EOSS_Ind,ENABLED,762.889453,136,5402,5.609481,0.025176,141.22352,0.0,0.0,India,India,India,5.609481272058823,0.025175860792299148,141.2235196223621
2026-08-09,XYZ Luxury,Growify_Performance Max_Listing_IND,ENABLED,905.302647,365,18862,2.480281,0.019351,47.996111,0.01,36.88344,India,India,India,2.480281224657534,0.019351076237938712,47.99611106987594
2026-08-09,XYZ Luxury,Growify_Performance Max_Listing_INTL,ENABLED,44.5,2,146,22.25,0.013699,304.794521,0.0,0.0,Rest of the World,Australia,Australia,22.25,0.0136986301369863,304.7945205479452
2026-08-09,XYZ Luxury,Growify_Performance Max_Listing_INTL,ENABLED,122.839306,4,229,30.709827,0.017467,536.416183,0.0,0.0,Rest of the World,Canada,Canada,30.7098265,0.017467248908296942,536.4161834061135
2026-08-09,XYZ Luxury,Growify_Performance Max_Listing_INTL,ENABLED,30.01,5,153,6.002,0.03268,196.143791,0.0,0.0,Rest of the World,United Kingdom,United Kingdom,6.002000000000001,0.032679738562091505,196.1437908496732
2026-08-09,XYZ Luxury,Growify_Performance Max_Listing_INTL,ENABLED,447.71,13,785,34.439231,0.016561,570.33121,0.0,0.0,USA,United States,United States,34.43923076923077,0.016560509554140127,570.3312101910828
2026-08-09,XYZ Luxury,Growify_XYZ LuxuryP_Search_INT-5/21/26,ENABLED,0.120496,1,5,0.120496,0.2,24.0992,0.0,0.0,Rest of the World,Australia,Australia,0.120496,0.2,24.0992
2026-08-09,XYZ Luxury,Growify_XYZ LuxuryP_Search_INT-5/21/26,ENABLED,165.713025,10,25,16.571302,0.4,6628.521,0.0,0.0,Rest of the World,Canada,Canada,16.571302499999998,0.4,6628.520999999999
2026-08-09,XYZ Luxury,Growify_XYZ LuxuryP_Search_INT-5/21/26,ENABLED,132.34,6,11,22.056667,0.545455,12030.90909,0.0,0.0,Rest of the World,United Kingdom,United Kingdom,22.05666666666667,0.5454545454545454,12030.909090909092
2026-08-09,XYZ Luxury,Growify_XYZ LuxuryP_Search_INT-5/21/26,ENABLED,225.7,10,28,22.57,0.357143,8060.714286,0.0,0.0,USA,United States,United States,22.57,0.35714285714285715,8060.714285714285
2026-08-09,XYZ Luxury,Growify_XYZ LuxuryP_Search_India-12/12/25,ENABLED,1053.206254,88,139,11.968253,0.633094,7577.02341,1.0,17880.1,India,India,India,11.968252886363636,0.6330935251798561,7577.023410071943
2026-08-10,XYZ Luxury,Growify_P.max_HP_EOSS_Ind,ENABLED,498.081217,81,3784,6.149151,0.021406,131.628229,0.0,0.0,India,India,India,6.1491508271604935,0.021405919661733615,131.62822859408033
2026-08-10,XYZ Luxury,Growify_Performance Max_Listing_IND,ENABLED,544.838017,188,7747,2.898075,0.024267,70.328904,1.0,11114.1,India,India,India,2.8980745585106384,0.024267458370982316,70.32890370465987
2026-08-10,XYZ Luxury,Growify_Performance Max_Listing_INTL,ENABLED,99.03,4,188,24.7575,0.021277,526.755319,0.0,0.0,Rest of the World,Australia,Australia,24.7575,0.02127659574468085,526.7553191489361
2026-08-10,XYZ Luxury,Growify_Performance Max_Listing_INTL,ENABLED,54.31,3,180,18.103333,0.016667,301.722222,0.0,0.0,Rest of the World,Canada,Canada,18.103333333333335,0.016666666666666666,301.72222222222223
2026-08-10,XYZ Luxury,Growify_Performance Max_Listing_INTL,ENABLED,44.89,6,203,7.481667,0.029557,221.133005,0.0,0.0,Rest of the World,United Kingdom,United Kingdom,7.4816666666666665,0.029556650246305417,221.13300492610838
2026-08-10,XYZ Luxury,Growify_Performance Max_Listing_INTL,ENABLED,583.81,24,1367,24.325417,0.017557,427.073884,0.0,0.0,USA,United States,United States,24.325416666666666,0.01755669348939283,427.0738844184345
2026-08-10,XYZ Luxury,Growify_XYZ LuxuryP_Search_INT-5/21/26,ENABLED,243.53,2,8,121.765,0.25,30441.25,0.0,0.0,Rest of the World,Australia,Australia,121.765,0.25,30441.25
2026-08-10,XYZ Luxury,Growify_XYZ LuxuryP_Search_INT-5/21/26,ENABLED,227.69,15,39,15.179333,0.384615,5838.205128,0.0,0.0,Rest of the World,Canada,Canada,15.179333333333334,0.38461538461538464,5838.205128205128
2026-08-10,XYZ Luxury,Growify_XYZ LuxuryP_Search_INT-5/21/26,ENABLED,200.75,4,8,50.1875,0.5,25093.75,0.0,0.0,Rest of the World,United Kingdom,United Kingdom,50.1875,0.5,25093.75
2026-08-10,XYZ Luxury,Growify_XYZ LuxuryP_Search_INT-5/21/26,ENABLED,8.870762,10,22,0.887076,0.454545,403.216455,0.0,0.0,USA,United States,United States,0.8870761999999999,0.45454545454545453,403.2164545454545
2026-08-10,XYZ Luxury,Growify_XYZ LuxuryP_Search_India-12/12/25,ENABLED,652.043343,58,104,11.242127,0.557692,6269.647529,0.0,0.0,India,India,India,11.242126603448277,0.5576923076923077,6269.647528846154
2026-08-11,XYZ Luxury,Growify_P.max_HP_EOSS_Ind,ENABLED,1009.559846,34,1158,29.692937,0.029361,871.813339,0.0,0.0,India,India,India,29.692936647058822,0.02936096718480138,871.8133385146805
2026-08-11,XYZ Luxury,Growify_Performance Max_Listing_IND,ENABLED,426.432708,173,7894,2.464929,0.021915,54.019852,1.0,6000.0,India,India,India,2.464928947976879,0.021915378768685077,54.019851532809724
2026-08-11,XYZ Luxury,Growify_Performance Max_Listing_INTL,ENABLED,21.67,2,126,10.835,0.015873,171.984127,0.0,0.0,Rest of the World,Australia,Australia,10.835,0.015873015873015872,171.984126984127
2026-08-11,XYZ Luxury,Growify_Performance Max_Listing_INTL,ENABLED,34.54,3,174,11.513333,0.017241,198.505747,0.0,0.0,Rest of the World,Canada,Canada,11.513333333333334,0.017241379310344827,198.5057471264368
2026-08-11,XYZ Luxury,Growify_Performance Max_Listing_INTL,ENABLED,929.88,21,1287,44.28,0.016317,722.517483,0.0,0.0,USA,United States,United States,44.28,0.016317016317016316,722.5174825174824
2026-08-11,XYZ Luxury,Growify_Performance Max_Listing_INTL,ENABLED,0.0,0,172,,0.0,0.0,0.0,0.0,Rest of the World,United Kingdom,United Kingdom,,0.0,0.0
2026-08-11,XYZ Luxury,Growify_XYZ LuxuryP_Search_INT-5/21/26,ENABLED,8.08,1,3,8.08,0.333333,2693.333333,0.0,0.0,Rest of the World,Australia,Australia,8.08,0.3333333333333333,2693.3333333333335
2026-08-11,XYZ Luxury,Growify_XYZ LuxuryP_Search_INT-5/21/26,ENABLED,215.048472,15,33,14.336565,0.454545,6516.620364,0.0,0.0,Rest of the World,Canada,Canada,14.3365648,0.45454545454545453,6516.620363636363
2026-08-11,XYZ Luxury,Growify_XYZ LuxuryP_Search_INT-5/21/26,ENABLED,471.77,3,10,157.256667,0.3,47177.0,0.0,0.0,Rest of the World,United Kingdom,United Kingdom,157.25666666666666,0.3,47177.0
2026-08-11,XYZ Luxury,Growify_XYZ LuxuryP_Search_INT-5/21/26,ENABLED,161.33,5,18,32.266,0.277778,8962.777778,0.0,0.0,USA,United States,United States,32.266000000000005,0.2777777777777778,8962.77777777778
2026-08-11,XYZ Luxury,Growify_XYZ LuxuryP_Search_India-12/12/25,ENABLED,818.503185,58,94,14.112124,0.617021,8707.480691,0.0,0.0,India,India,India,14.112123879310346,0.6170212765957447,8707.480691489362
2026-08-12,XYZ Luxury,Growify_P.max_HP_EOSS_Ind,ENABLED,164.733589,37,1312,4.452259,0.028201,125.559138,1.0,9085.92,India,India,India,4.452259162162162,0.028201219512195123,125.55913795731708
2026-08-12,XYZ Luxury,Growify_Performance Max_Listing_IND,ENABLED,191.506754,107,5224,1.789783,0.020482,36.659026,0.0,0.0,India,India,India,1.7897827476635515,0.02048238897396631,36.65902641653905
2026-08-12,XYZ Luxury,Growify_Performance Max_Listing_INTL,ENABLED,0.01,1,61,0.01,0.016393,0.163934,0.0,0.0,Rest of the World,Canada,Canada,0.01,0.01639344262295082,0.16393442622950818
2026-08-12,XYZ Luxury,Growify_Performance Max_Listing_INTL,ENABLED,74.56,2,61,37.28,0.032787,1222.295082,0.0,0.0,Rest of the World,United Kingdom,United Kingdom,37.28,0.03278688524590164,1222.295081967213
2026-08-12,XYZ Luxury,Growify_Performance Max_Listing_INTL,ENABLED,160.57,5,446,32.114,0.011211,360.022422,0.0,0.0,USA,United States,United States,32.114,0.011210762331838564,360.0224215246637
2026-08-12,XYZ Luxury,Growify_Performance Max_Listing_INTL,ENABLED,0.0,0,73,,0.0,0.0,0.0,0.0,Rest of the World,Australia,Australia,,0.0,0.0
2026-08-12,XYZ Luxury,Growify_XYZ LuxuryP_Search_INT-5/21/26,ENABLED,105.039491,10,21,10.503949,0.47619,5001.880524,0.0,0.0,Rest of the World,Canada,Canada,10.5039491,0.47619047619047616,5001.880523809524
2026-08-12,XYZ Luxury,Growify_XYZ LuxuryP_Search_INT-5/21/26,ENABLED,69.59,3,8,23.196667,0.375,8698.75,0.0,0.0,Rest of the World,United Kingdom,United Kingdom,23.19666666666667,0.375,8698.75
2026-08-12,XYZ Luxury,Growify_XYZ LuxuryP_Search_INT-5/21/26,ENABLED,67.78,2,6,33.89,0.333333,11296.66667,0.0,0.0,USA,United States,United States,33.89,0.3333333333333333,11296.666666666666
2026-08-12,XYZ Luxury,Growify_XYZ LuxuryP_Search_INT-5/21/26,ENABLED,0.0,0,4,,0.0,0.0,0.0,0.0,Rest of the World,Australia,Australia,,0.0,0.0
2026-08-12,XYZ Luxury,Growify_XYZ LuxuryP_Search_India-12/12/25,ENABLED,938.592603,42,78,22.347443,0.538462,12033.2385,1.0,5320.0,India,India,India,22.34744292857143,0.5384615384615384,12033.238500000001
2026-08-13,XYZ Luxury,Growify_P.max_HP_EOSS_Ind,ENABLED,331.457389,57,3361,5.815042,0.016959,98.618682,0.0,0.0,India,India,India,5.8150419122807016,0.016959238321927996,98.61868164236834
2026-08-13,XYZ Luxury,Growify_Performance Max_Listing_IND,ENABLED,791.169947,262,15235,3.019733,0.017197,51.931076,0.0,0.0,India,India,India,3.0197326221374046,0.017197243190022974,51.9310762717427
2026-08-13,XYZ Luxury,Growify_Performance Max_Listing_INTL,ENABLED,18.14,2,49,9.07,0.040816,370.204082,0.0,0.0,Rest of the World,Canada,Canada,9.07,0.04081632653061224,370.2040816326531
2026-08-13,XYZ Luxury,Growify_Performance Max_Listing_INTL,ENABLED,226.45,1,111,226.45,0.009009,2040.09009,0.0,0.0,USA,United States,United States,226.45,0.009009009009009009,2040.0900900900897
2026-08-13,XYZ Luxury,Growify_Performance Max_Listing_INTL,ENABLED,20.506643,0,65,,0.0,315.486815,0.0,0.0,Rest of the World,Australia,Australia,,0.0,315.4868153846154
2026-08-13,XYZ Luxury,Growify_Performance Max_Listing_INTL,ENABLED,0.0,0,27,,0.0,0.0,0.0,0.0,Rest of the World,United Kingdom,United Kingdom,,0.0,0.0
2026-08-13,XYZ Luxury,Growify_XYZ LuxuryP_Search_INT-5/21/26,ENABLED,2.7,2,5,1.35,0.4,540.0,0.0,0.0,Rest of the World,Australia,Australia,1.35,0.4,540.0
2026-08-13,XYZ Luxury,Growify_XYZ LuxuryP_Search_INT-5/21/26,ENABLED,44.49,4,10,11.1225,0.4,4449.0,0.0,0.0,Rest of the World,Canada,Canada,11.1225,0.4,4449.0
2026-08-13,XYZ Luxury,Growify_XYZ LuxuryP_Search_INT-5/21/26,ENABLED,2.58,2,6,1.29,0.333333,430.0,0.0,0.0,Rest of the World,United Kingdom,United Kingdom,1.29,0.3333333333333333,430.0
2026-08-13,XYZ Luxury,Growify_XYZ LuxuryP_Search_INT-5/21/26,ENABLED,65.83,4,12,16.4575,0.333333,5485.833333,0.0,0.0,USA,United States,United States,16.4575,0.3333333333333333,5485.833333333333
2026-08-13,XYZ Luxury,Growify_XYZ LuxuryP_Search_India-12/12/25,ENABLED,436.924048,55,118,7.944074,0.466102,3702.746169,0.0,0.0,India,India,India,7.9440736,0.4661016949152542,3702.7461694915255
2026-08-14,XYZ Luxury,Growify_P.max_HP_EOSS_Ind,ENABLED,592.620989,98,3771,6.047153,0.025988,157.152211,1.96,9355.2174,India,India,India,6.047152948979592,0.025987801644126226,157.15221134977457
2026-08-14,XYZ Luxury,Growify_Performance Max_Listing_IND,ENABLED,533.806083,185,10123,2.885438,0.018275,52.732005,0.0,0.0,India,India,India,2.8854382864864863,0.018275214857255754,52.73200464289242
2026-08-14,XYZ Luxury,Growify_Performance Max_Listing_INTL,ENABLED,13.66,1,69,13.66,0.014493,197.971014,0.0,0.0,Rest of the World,Australia,Australia,13.66,0.014492753623188406,197.97101449275362
2026-08-14,XYZ Luxury,Growify_Performance Max_Listing_INTL,ENABLED,21.48,1,79,21.48,0.012658,271.898734,0.0,0.0,Rest of the World,Canada,Canada,21.48,0.012658227848101266,271.8987341772152
2026-08-14,XYZ Luxury,Growify_Performance Max_Listing_INTL,ENABLED,13.36879,2,87,6.684395,0.022989,153.664253,0.0,0.0,Rest of the World,United Kingdom,United Kingdom,6.684395,0.022988505747126436,153.6642528735632
2026-08-14,XYZ Luxury,Growify_Performance Max_Listing_INTL,ENABLED,746.65,14,469,53.332143,0.029851,1592.004264,0.0,0.0,USA,United States,United States,53.332142857142856,0.029850746268656716,1592.004264392324
2026-08-14,XYZ Luxury,Growify_XYZ LuxuryP_Search_INT-5/21/26,ENABLED,95.844866,6,19,15.974144,0.315789,5044.466632,0.0,0.0,Rest of the World,Australia,Australia,15.974144333333333,0.3157894736842105,5044.466631578947
2026-08-14,XYZ Luxury,Growify_XYZ LuxuryP_Search_INT-5/21/26,ENABLED,640.888202,17,34,37.699306,0.5,18849.653,0.0,0.0,Rest of the World,Canada,Canada,37.699306,0.5,18849.653
2026-08-14,XYZ Luxury,Growify_XYZ LuxuryP_Search_INT-5/21/26,ENABLED,139.15,3,8,46.383333,0.375,17393.75,0.0,0.0,Rest of the World,United Kingdom,United Kingdom,46.38333333333333,0.375,17393.75
2026-08-14,XYZ Luxury,Growify_XYZ LuxuryP_Search_INT-5/21/26,ENABLED,124.11,7,20,17.73,0.35,6205.5,0.0,0.0,USA,United States,United States,17.73,0.35,6205.5
2026-08-14,XYZ Luxury,Growify_XYZ LuxuryP_Search_India-12/12/25,ENABLED,398.600621,58,128,6.872425,0.453125,3114.067352,0.0,0.0,India,India,India,6.8724245,0.453125,3114.0673515625
2026-08-15,XYZ Luxury,Growify_P.max_HP_EOSS_Ind,ENABLED,422.852082,58,2263,7.290553,0.02563,186.854654,1.19,4637.65302,India,India,India,7.290553137931035,0.02562969509500663,186.8546539991162
2026-08-15,XYZ Luxury,Growify_Performance Max_Listing_IND,ENABLED,563.518698,214,10037,2.633265,0.021321,56.144136,0.0,0.0,India,India,India,2.6332649439252336,0.021321111886021718,56.14413649496861
2026-08-15,XYZ Luxury,Growify_Performance Max_Listing_INTL,ENABLED,4.08,1,47,4.08,0.021277,86.808511,0.0,0.0,Rest of the World,Canada,Canada,4.08,0.02127659574468085,86.80851063829788
2026-08-15,XYZ Luxury,Growify_Performance Max_Listing_INTL,ENABLED,37.460795,4,283,9.365199,0.014134,132.3703,0.0,0.0,USA,United States,United States,9.36519875,0.014134275618374558,132.37030035335687
2026-08-15,XYZ Luxury,Growify_Performance Max_Listing_INTL,ENABLED,0.0,0,51,,0.0,0.0,0.0,0.0,Rest of the World,Australia,Australia,,0.0,0.0
2026-08-15,XYZ Luxury,Growify_Performance Max_Listing_INTL,ENABLED,0.0,0,106,,0.0,0.0,0.0,0.0,Rest of the World,United Kingdom,United Kingdom,,0.0,0.0
2026-08-15,XYZ Luxury,Growify_XYZ LuxuryP_Search_INT-5/21/26,ENABLED,180.55,6,13,30.091667,0.461538,13888.46154,0.0,0.0,Rest of the World,Australia,Australia,30.09166666666667,0.46153846153846156,13888.461538461539
2026-08-15,XYZ Luxury,Growify_XYZ LuxuryP_Search_INT-5/21/26,ENABLED,104.55,9,25,11.616667,0.36,4182.0,0.0,0.0,Rest of the World,Canada,Canada,11.616666666666667,0.36,4181.999999999999
2026-08-15,XYZ Luxury,Growify_XYZ LuxuryP_Search_INT-5/21/26,ENABLED,155.094514,4,9,38.773629,0.444444,17232.72378,0.0,0.0,Rest of the World,United Kingdom,United Kingdom,38.7736285,0.4444444444444444,17232.723777777777
2026-08-15,XYZ Luxury,Growify_XYZ LuxuryP_Search_INT-5/21/26,ENABLED,559.804379,7,15,79.972054,0.466667,37320.29193,0.0,0.0,USA,United States,United States,79.97205414285715,0.4666666666666667,37320.291933333334
2026-08-15,XYZ Luxury,Growify_XYZ LuxuryP_Search_India-12/12/25,ENABLED,1288.196539,92,191,14.002136,0.481675,6744.484497,1.0,3400.0,India,India,India,14.00213629347826,0.4816753926701571,6744.484497382199
2026-08-16,XYZ Luxury,Growify_P.max_HP_EOSS_Ind,ENABLED,547.338601,48,1720,11.402888,0.027907,318.220117,0.47,3516.8325,India,India,India,11.402887520833334,0.027906976744186046,318.22011686046517
2026-08-16,XYZ Luxury,Growify_Performance Max_Listing_IND,ENABLED,526.298292,164,7396,3.209136,0.022174,71.159856,0.47,3516.8475,India,India,India,3.209135926829268,0.022174148188209845,71.15985559762032
2026-08-16,XYZ Luxury,Growify_Performance Max_Listing_INTL,ENABLED,16.536329,1,72,16.536329,0.013889,229.671236,0.0,0.0,Rest of the World,Australia,Australia,16.536329,0.013888888888888888,229.67123611111109
2026-08-16,XYZ Luxury,Growify_Performance Max_Listing_INTL,ENABLED,14.05,3,341,4.683333,0.008798,41.202346,0.0,0.0,USA,United States,United States,4.683333333333334,0.008797653958944282,41.20234604105572
2026-08-16,XYZ Luxury,Growify_Performance Max_Listing_INTL,ENABLED,0.0,0,34,,0.0,0.0,0.0,0.0,Rest of the World,Canada,Canada,,0.0,0.0
2026-08-16,XYZ Luxury,Growify_Performance Max_Listing_INTL,ENABLED,19.32792,0,86,,0.0,224.743256,0.0,0.0,Rest of the World,United Kingdom,United Kingdom,,0.0,224.74325581395345
2026-08-16,XYZ Luxury,Growify_XYZ LuxuryP_Search_INT-5/21/26,ENABLED,2.72,2,10,1.36,0.2,272.0,0.0,0.0,Rest of the World,Australia,Australia,1.36,0.2,272.0
2026-08-16,XYZ Luxury,Growify_XYZ LuxuryP_Search_INT-5/21/26,ENABLED,177.575961,6,17,29.595994,0.352941,10445.64477,0.0,0.0,Rest of the World,Canada,Canada,29.595993500000002,0.35294117647058826,10445.644764705883
2026-08-16,XYZ Luxury,Growify_XYZ LuxuryP_Search_INT-5/21/26,ENABLED,67.743273,3,14,22.581091,0.214286,4838.805214,0.0,0.0,Rest of the World,United Kingdom,United Kingdom,22.581091,0.21428571428571427,4838.805214285714
2026-08-16,XYZ Luxury,Growify_XYZ LuxuryP_Search_INT-5/21/26,ENABLED,212.015657,8,39,26.501957,0.205128,5436.298897,1.0,25080.0,USA,United States,United States,26.501957125,0.20512820512820512,5436.298897435898
2026-08-16,XYZ Luxury,Growify_XYZ LuxuryP_Search_India-12/12/25,ENABLED,366.179258,67,179,5.465362,0.374302,2045.694179,1.0,1500.0,India,India,India,5.4653620597014925,0.3743016759776536,2045.6941787709497
2026-08-17,XYZ Luxury,Growify_P.max_HP_EOSS_Ind,ENABLED,445.663987,70,3425,6.366628,0.020438,130.120872,1.0,5940.0,India,India,India,6.366628385714286,0.020437956204379562,130.12087211678832
2026-08-17,XYZ Luxury,Growify_Performance Max_Listing_IND,ENABLED,486.084324,212,10372,2.292851,0.02044,46.865052,1.0,3960.0,India,India,India,2.2928505849056604,0.020439645198611647,46.86505244890088
2026-08-17,XYZ Luxury,Growify_Performance Max_Listing_INTL,ENABLED,59.149804,4,87,14.787451,0.045977,679.882805,0.0,0.0,Rest of the World,Australia,Australia,14.787451,0.04597701149425287,679.8828045977012
2026-08-17,XYZ Luxury,Growify_Performance Max_Listing_INTL,ENABLED,1.556013,2,83,0.778007,0.024096,18.747145,0.0,0.0,Rest of the World,Canada,Canada,0.7780065,0.024096385542168676,18.747144578313254
2026-08-17,XYZ Luxury,Growify_Performance Max_Listing_INTL,ENABLED,41.508256,1,358,41.508256,0.002793,115.944849,0.0,0.0,USA,United States,United States,41.508256,0.002793296089385475,115.94484916201118
2026-08-17,XYZ Luxury,Growify_Performance Max_Listing_INTL,ENABLED,0.0,0,85,,0.0,0.0,0.0,0.0,Rest of the World,United Kingdom,United Kingdom,,0.0,0.0
2026-08-17,XYZ Luxury,Growify_XYZ LuxuryP_Search_INT-5/21/26,ENABLED,10.84,1,10,10.84,0.1,1084.0,0.0,0.0,Rest of the World,Australia,Australia,10.84,0.1,1084.0
2026-08-17,XYZ Luxury,Growify_XYZ LuxuryP_Search_INT-5/21/26,ENABLED,563.085961,10,27,56.308596,0.37037,20855.03559,0.0,0.0,Rest of the World,Canada,Canada,56.3085961,0.37037037037037035,20855.035592592594
2026-08-17,XYZ Luxury,Growify_XYZ LuxuryP_Search_INT-5/21/26,ENABLED,197.11,3,8,65.703333,0.375,24638.75,0.0,0.0,Rest of the World,United Kingdom,United Kingdom,65.70333333333333,0.375,24638.75
2026-08-17,XYZ Luxury,Growify_XYZ LuxuryP_Search_INT-5/21/26,ENABLED,228.96,6,17,38.16,0.352941,13468.23529,0.0,0.0,USA,United States,United States,38.160000000000004,0.35294117647058826,13468.235294117647
2026-08-17,XYZ Luxury,Growify_XYZ LuxuryP_Search_India-12/12/25,ENABLED,430.232634,73,179,5.893598,0.407821,2403.534268,0.0,0.0,India,India,India,5.893597726027398,0.40782122905027934,2403.534268156425
2026-08-18,XYZ Luxury,Growify_P.max_HP_EOSS_Ind,ENABLED,407.95147,59,3008,6.914432,0.019614,135.622164,0.0,0.0,India,India,India,6.914431694915254,0.01961436170212766,135.6221642287234
2026-08-18,XYZ Luxury,Growify_Performance Max_Listing_IND,ENABLED,460.885361,154,6538,2.992762,0.023555,70.493325,0.0,0.0,India,India,India,2.9927620844155842,0.023554603854389723,70.49332532884674
2026-08-18,XYZ Luxury,Growify_Performance Max_Listing_INTL,ENABLED,22.32,3,143,7.44,0.020979,156.083916,0.0,0.0,Rest of the World,Australia,Australia,7.44,0.02097902097902098,156.08391608391608
2026-08-18,XYZ Luxury,Growify_Performance Max_Listing_INTL,ENABLED,29.242907,1,115,29.242907,0.008696,254.286148,0.0,0.0,Rest of the World,Canada,Canada,29.242907,0.008695652173913044,254.28614782608693
2026-08-18,XYZ Luxury,Growify_Performance Max_Listing_INTL,ENABLED,50.718334,3,213,16.906111,0.014085,238.114244,0.0,0.0,Rest of the World,United Kingdom,United Kingdom,16.90611133333333,0.014084507042253521,238.1142441314554
2026-08-18,XYZ Luxury,Growify_Performance Max_Listing_INTL,ENABLED,106.79931,10,764,10.679931,0.013089,139.789673,0.0,0.0,USA,United States,United States,10.679931,0.013089005235602094,139.7896727748691
2026-08-18,XYZ Luxury,Growify_XYZ LuxuryP_Search_INT-5/21/26,ENABLED,442.92,2,6,221.46,0.333333,73820.0,0.0,0.0,Rest of the World,Australia,Australia,221.46,0.3333333333333333,73820.00000000001
2026-08-18,XYZ Luxury,Growify_XYZ LuxuryP_Search_INT-5/21/26,ENABLED,318.38,9,21,35.375556,0.428571,15160.95238,0.0,0.0,Rest of the World,Canada,Canada,35.37555555555556,0.42857142857142855,15160.952380952382
2026-08-18,XYZ Luxury,Growify_XYZ LuxuryP_Search_INT-5/21/26,ENABLED,100.97,4,7,25.2425,0.571429,14424.28571,0.0,0.0,Rest of the World,United Kingdom,United Kingdom,25.2425,0.5714285714285714,14424.285714285714
2026-08-18,XYZ Luxury,Growify_XYZ LuxuryP_Search_INT-5/21/26,ENABLED,16.3,9,22,1.811111,0.409091,740.909091,0.0,0.0,USA,United States,United States,1.8111111111111111,0.4090909090909091,740.909090909091
2026-08-18,XYZ Luxury,Growify_XYZ LuxuryP_Search_India-12/12/25,ENABLED,1005.60874,82,147,12.263521,0.557823,6840.875782,0.0,0.0,India,India,India,12.263521219512196,0.5578231292517006,6840.875782312925
2026-08-19,XYZ Luxury,Growify_P.max_HP_EOSS_Ind,ENABLED,484.404667,61,2070,7.94106,0.029469,234.011916,0.0,0.0,India,India,India,7.941060114754099,0.029468599033816423,234.01191642512077
2026-08-19,XYZ Luxury,Growify_Performance Max_Listing_IND,ENABLED,587.64271,226,9106,2.600189,0.024819,64.533572,0.0,0.0,India,India,India,2.600188982300885,0.02481880079068746,64.53357236986602
2026-08-19,XYZ Luxury,Growify_Performance Max_Listing_INTL,ENABLED,63.288014,5,514,12.657603,0.009728,123.128432,0.0,0.0,Rest of the World,Australia,Australia,12.6576028,0.009727626459143969,123.12843190661478
2026-08-19,XYZ Luxury,Growify_Performance Max_Listing_INTL,ENABLED,117.020605,6,461,19.503434,0.013015,253.840792,0.0,0.0,Rest of the World,Canada,Canada,19.50343416666667,0.013015184381778741,253.84079175704989
2026-08-19,XYZ Luxury,Growify_Performance Max_Listing_INTL,ENABLED,285.149935,9,518,31.683326,0.017375,550.4825,0.0,0.0,Rest of the World,United Kingdom,United Kingdom,31.683326111111114,0.017374517374517374,550.4825000000001
2026-08-19,XYZ Luxury,Growify_Performance Max_Listing_INTL,ENABLED,1421.281152,31,2027,45.847779,0.015294,701.174717,0.0,0.0,USA,United States,United States,45.8477790967742,0.015293537247163296,701.174717316231
2026-08-19,XYZ Luxury,Growify_XYZ LuxuryP_Search_INT-5/21/26,ENABLED,69.15,4,13,17.2875,0.307692,5319.230769,0.0,0.0,Rest of the World,Australia,Australia,17.2875,0.3076923076923077,5319.2307692307695
2026-08-19,XYZ Luxury,Growify_XYZ LuxuryP_Search_INT-5/21/26,ENABLED,232.87,10,31,23.287,0.322581,7511.935484,0.0,0.0,Rest of the World,Canada,Canada,23.287,0.3225806451612903,7511.935483870968
2026-08-19,XYZ Luxury,Growify_XYZ LuxuryP_Search_INT-5/21/26,ENABLED,6.5,2,7,3.25,0.285714,928.571429,0.0,0.0,Rest of the World,United Kingdom,United Kingdom,3.25,0.2857142857142857,928.5714285714286
2026-08-19,XYZ Luxury,Growify_XYZ LuxuryP_Search_INT-5/21/26,ENABLED,53.59,2,4,26.795,0.5,13397.5,0.0,0.0,USA,United States,United States,26.795,0.5,13397.5
2026-08-19,XYZ Luxury,Growify_XYZ LuxuryP_Search_India-12/12/25,ENABLED,1114.945075,90,231,12.388279,0.38961,4826.602056,2.0,12040.0,India,India,India,12.388278611111112,0.38961038961038963,4826.602056277057
2026-08-20,XYZ Luxury,Growify_P.max_HP_EOSS_Ind,ENABLED,495.392584,100,3077,4.953926,0.032499,160.998565,0.0,0.0,India,India,India,4.95392584,0.032499187520311994,160.9985648358791
2026-08-20,XYZ Luxury,Growify_Performance Max_Listing_IND,ENABLED,435.438367,226,8852,1.926718,0.025531,49.190959,0.0,0.0,India,India,India,1.9267184380530975,0.02553095345684591,49.19095876638048
2026-08-20,XYZ Luxury,Growify_Performance Max_Listing_INTL,ENABLED,437.371614,6,268,72.895269,0.022388,1631.983634,0.0,0.0,Rest of the World,Australia,Australia,72.895269,0.022388059701492536,1631.9836343283582
2026-08-20,XYZ Luxury,Growify_Performance Max_Listing_INTL,ENABLED,295.148674,5,296,59.029735,0.016892,997.123899,0.0,0.0,Rest of the World,Canada,Canada,59.02973480000001,0.016891891891891893,997.1238986486487
2026-08-20,XYZ Luxury,Growify_Performance Max_Listing_INTL,ENABLED,171.906605,7,454,24.558086,0.015419,378.64891,0.0,0.0,Rest of the World,United Kingdom,United Kingdom,24.558086428571432,0.015418502202643172,378.64890969163
2026-08-20,XYZ Luxury,Growify_Performance Max_Listing_INTL,ENABLED,546.704698,16,1226,34.169044,0.013051,445.925529,0.0,0.0,USA,United States,United States,34.169043625,0.013050570962479609,445.925528548124
2026-08-20,XYZ Luxury,Growify_XYZ LuxuryP_Search_INT-5/21/26,ENABLED,183.82,7,22,26.26,0.318182,8355.454545,0.0,0.0,Rest of the World,Canada,Canada,26.259999999999998,0.3181818181818182,8355.454545454546
2026-08-20,XYZ Luxury,Growify_XYZ LuxuryP_Search_INT-5/21/26,ENABLED,32.59,2,6,16.295,0.333333,5431.666667,0.0,0.0,Rest of the World,United Kingdom,United Kingdom,16.295,0.3333333333333333,5431.666666666668
2026-08-20,XYZ Luxury,Growify_XYZ LuxuryP_Search_INT-5/21/26,ENABLED,618.42,7,18,88.345714,0.388889,34356.66667,0.0,0.0,USA,United States,United States,88.34571428571428,0.3888888888888889,34356.666666666664
2026-08-20,XYZ Luxury,Growify_XYZ LuxuryP_Search_INT-5/21/26,ENABLED,1.37,1,3,1.37,0.333333,456.666667,0.0,0.0,Rest of the World,Australia,Australia,1.37,0.3333333333333333,456.66666666666674
2026-08-20,XYZ Luxury,Growify_XYZ LuxuryP_Search_India-12/12/25,ENABLED,253.672165,64,152,3.963628,0.421053,1668.895822,1.0,4999.0,India,India,India,3.963627578125,0.42105263157894735,1668.8958223684212
2026-08-21,XYZ Luxury,Growify_P.max_HP_EOSS_Ind,ENABLED,518.024643,104,3378,4.981006,0.030787,153.35247,0.0,0.0,India,India,India,4.981006182692307,0.03078744819419775,153.35246980461812
2026-08-21,XYZ Luxury,Growify_Performance Max_Listing_IND,ENABLED,422.845041,188,7799,2.249176,0.024106,54.217854,0.0,0.0,India,India,India,2.24917575,0.02410565457109886,54.2178536991922
2026-08-21,XYZ Luxury,Growify_Performance Max_Listing_INTL,ENABLED,202.437522,3,134,67.479174,0.022388,1510.727776,0.0,0.0,Rest of the World,Australia,Australia,67.479174,0.022388059701492536,1510.727776119403
2026-08-21,XYZ Luxury,Growify_Performance Max_Listing_INTL,ENABLED,115.537242,3,162,38.512414,0.018519,713.192852,0.0,0.0,Rest of the World,Canada,Canada,38.512414,0.018518518518518517,713.1928518518519
2026-08-21,XYZ Luxury,Growify_Performance Max_Listing_INTL,ENABLED,256.067947,7,500,36.581135,0.014,512.135894,0.0,0.0,Rest of the World,United Kingdom,United Kingdom,36.58113528571429,0.014,512.135894
2026-08-21,XYZ Luxury,Growify_Performance Max_Listing_INTL,ENABLED,366.687286,11,681,33.335208,0.016153,538.454164,0.0,0.0,USA,United States,United States,33.335207818181814,0.016152716593245228,538.4541644640235
2026-08-21,XYZ Luxury,Growify_XYZ LuxuryP_Search_INT-5/21/26,ENABLED,129.35,1,1,129.35,1.0,129350.0,0.0,0.0,Rest of the World,Australia,Australia,129.35,1.0,129350.0
2026-08-21,XYZ Luxury,Growify_XYZ LuxuryP_Search_INT-5/21/26,ENABLED,47.91,2,7,23.955,0.285714,6844.285714,0.0,0.0,Rest of the World,Canada,Canada,23.955,0.2857142857142857,6844.285714285714
2026-08-21,XYZ Luxury,Growify_XYZ LuxuryP_Search_INT-5/21/26,ENABLED,471.87,2,9,235.935,0.222222,52430.0,0.0,0.0,USA,United States,United States,235.935,0.2222222222222222,52430.0
2026-08-21,XYZ Luxury,Growify_XYZ LuxuryP_Search_INT-5/21/26,ENABLED,0.0,0,2,,0.0,0.0,0.0,0.0,Rest of the World,United Kingdom,United Kingdom,,0.0,0.0
2026-08-21,XYZ Luxury,Growify_XYZ LuxuryP_Search_India-12/12/25,ENABLED,151.353488,38,103,3.982987,0.368932,1469.45134,0.0,0.0,India,India,India,3.9829865263157895,0.36893203883495146,1469.4513398058252
2026-08-22,XYZ Luxury,Growify_P.max_HP_EOSS_Ind,ENABLED,483.290978,74,3183,6.530959,0.023249,151.835054,0.0,0.0,India,India,India,6.530959162162162,0.023248507697141062,151.83505435124098
2026-08-22,XYZ Luxury,Growify_Performance Max_Listing_IND,ENABLED,340.39269,175,6749,1.945101,0.02593,50.436019,0.0,0.0,India,India,India,1.9451010857142859,0.02592976737294414,50.43601866943251
2026-08-22,XYZ Luxury,Growify_Performance Max_Listing_INTL,ENABLED,143.176349,6,165,23.862725,0.036364,867.735448,0.0,0.0,Rest of the World,Australia,Australia,23.86272483333333,0.03636363636363636,867.7354484848483
2026-08-22,XYZ Luxury,Growify_Performance Max_Listing_INTL,ENABLED,83.979039,5,66,16.795808,0.075758,1272.409682,0.0,0.0,Rest of the World,Canada,Canada,16.7958078,0.07575757575757576,1272.4096818181818
2026-08-22,XYZ Luxury,Growify_Performance Max_Listing_INTL,ENABLED,258.5021,5,288,51.70042,0.017361,897.576736,0.0,0.0,Rest of the World,United Kingdom,United Kingdom,51.700419999999994,0.017361111111111112,897.5767361111111
2026-08-22,XYZ Luxury,Growify_Performance Max_Listing_INTL,ENABLED,538.029113,9,930,59.781013,0.009677,578.525928,0.0,0.0,USA,United States,United States,59.78101255555556,0.00967741935483871,578.5259279569893
2026-08-22,XYZ Luxury,Growify_XYZ LuxuryP_Search_INT-5/21/26,ENABLED,368.56,2,6,184.28,0.333333,61426.66667,0.0,0.0,Rest of the World,Australia,Australia,184.28,0.3333333333333333,61426.66666666667
2026-08-22,XYZ Luxury,Growify_XYZ LuxuryP_Search_INT-5/21/26,ENABLED,21.61,6,10,3.601667,0.6,2161.0,0.0,0.0,Rest of the World,Canada,Canada,3.6016666666666666,0.6,2161.0
2026-08-22,XYZ Luxury,Growify_XYZ LuxuryP_Search_INT-5/21/26,ENABLED,160.72,2,14,80.36,0.142857,11480.0,0.0,0.0,Rest of the World,United Kingdom,United Kingdom,80.36,0.14285714285714285,11480.0
2026-08-22,XYZ Luxury,Growify_XYZ LuxuryP_Search_INT-5/21/26,ENABLED,180.133912,6,16,30.022319,0.375,11258.3695,0.0,0.0,USA,United States,United States,30.022318666666667,0.375,11258.3695
2026-08-22,XYZ Luxury,Growify_XYZ LuxuryP_Search_India-12/12/25,ENABLED,798.382813,63,136,12.672743,0.463235,5870.46186,0.0,0.0,India,India,India,12.672743063492064,0.4632352941176471,5870.461860294118
2026-08-23,XYZ Luxury,Growify_P.max_HP_EOSS_Ind,ENABLED,529.358434,32,811,16.542451,0.039457,652.7231,0.0,0.0,India,India,India,16.5424510625,0.03945745992601726,652.7230998766954
2026-08-23,XYZ Luxury,Growify_Performance Max_Listing_IND,ENABLED,696.406178,325,14417,2.142788,0.022543,48.304514,1.0,4999.0,India,India,India,2.14278824,0.02254283137962128,48.304513976555455
2026-08-23,XYZ Luxury,Growify_Performance Max_Listing_INTL,ENABLED,191.307668,4,337,47.826917,0.011869,567.67854,0.0,0.0,Rest of the World,Australia,Australia,47.826917,0.011869436201780416,567.6785400593471
2026-08-23,XYZ Luxury,Growify_Performance Max_Listing_INTL,ENABLED,71.27972,4,123,17.81993,0.03252,579.509919,0.0,0.0,Rest of the World,Canada,Canada,17.81993,0.032520325203252036,579.509918699187
2026-08-23,XYZ Luxury,Growify_Performance Max_Listing_INTL,ENABLED,186.201265,13,546,14.323174,0.02381,341.027958,0.0,0.0,Rest of the World,United Kingdom,United Kingdom,14.323174230769231,0.023809523809523808,341.02795787545784
2026-08-23,XYZ Luxury,Growify_Performance Max_Listing_INTL,ENABLED,629.679023,17,1270,37.039943,0.013386,495.810254,0.0,0.0,USA,United States,United States,37.03994252941177,0.013385826771653543,495.8102543307087
2026-08-23,XYZ Luxury,Growify_XYZ LuxuryP_Search_INT-5/21/26,ENABLED,16.48,2,11,8.24,0.181818,1498.181818,0.0,0.0,Rest of the World,Australia,Australia,8.24,0.18181818181818182,1498.1818181818182
2026-08-23,XYZ Luxury,Growify_XYZ LuxuryP_Search_INT-5/21/26,ENABLED,107.85,6,20,17.975,0.3,5392.5,0.0,0.0,Rest of the World,Canada,Canada,17.974999999999998,0.3,5392.5
2026-08-23,XYZ Luxury,Growify_XYZ LuxuryP_Search_INT-5/21/26,ENABLED,471.87,7,28,67.41,0.25,16852.5,1.0,21500.0,USA,United States,United States,67.41,0.25,16852.5
2026-08-23,XYZ Luxury,Growify_XYZ LuxuryP_Search_INT-5/21/26,ENABLED,0.0,0,7,,0.0,0.0,0.0,0.0,Rest of the World,United Kingdom,United Kingdom,,0.0,0.0
2026-08-23,XYZ Luxury,Growify_XYZ LuxuryP_Search_India-12/12/25,ENABLED,591.480174,80,206,7.393502,0.38835,2871.262981,1.0,5320.0,India,India,India,7.393502175,0.3883495145631068,2871.262980582524
2026-08-24,XYZ Luxury,Growify_P.max_HP_EOSS_Ind,ENABLED,325.268316,98,3853,3.319064,0.025435,84.419495,0.0,0.0,India,India,India,3.319064448979592,0.02543472618738645,84.41949545808463
2026-08-24,XYZ Luxury,Growify_Performance Max_Listing_IND,ENABLED,394.676552,222,8761,1.777822,0.02534,45.049258,0.61,2200.92708,India,India,India,1.7778223063063063,0.025339573108092685,45.04925830384659
2026-08-24,XYZ Luxury,Growify_Performance Max_Listing_INTL,ENABLED,135.09977,8,90,16.887471,0.088889,1501.108556,0.0,0.0,Rest of the World,Canada,Canada,16.88747125,0.08888888888888889,1501.1085555555558
2026-08-24,XYZ Luxury,Growify_Performance Max_Listing_INTL,ENABLED,117.26,3,168,39.086667,0.017857,697.97619,0.0,0.0,Rest of the World,United Kingdom,United Kingdom,39.086666666666666,0.017857142857142856,697.9761904761905
2026-08-24,XYZ Luxury,Growify_Performance Max_Listing_INTL,ENABLED,566.13,16,760,35.383125,0.021053,744.907895,0.0,0.0,USA,United States,United States,35.383125,0.021052631578947368,744.9078947368421
2026-08-24,XYZ Luxury,Growify_Performance Max_Listing_INTL,ENABLED,0.0,0,43,,0.0,0.0,0.0,0.0,Rest of the World,Australia,Australia,,0.0,0.0
2026-08-24,XYZ Luxury,Growify_XYZ LuxuryP_Search_INT-5/21/26,ENABLED,18.54,2,6,9.27,0.333333,3090.0,0.0,0.0,Rest of the World,Australia,Australia,9.27,0.3333333333333333,3090.0
2026-08-24,XYZ Luxury,Growify_XYZ LuxuryP_Search_INT-5/21/26,ENABLED,70.031318,10,31,7.003132,0.322581,2259.074774,0.0,0.0,Rest of the World,Canada,Canada,7.0031318,0.3225806451612903,2259.0747741935484
2026-08-24,XYZ Luxury,Growify_XYZ LuxuryP_Search_INT-5/21/26,ENABLED,16.98,1,6,16.98,0.166667,2830.0,0.0,0.0,Rest of the World,United Kingdom,United Kingdom,16.98,0.16666666666666666,2830.0
2026-08-24,XYZ Luxury,Growify_XYZ LuxuryP_Search_INT-5/21/26,ENABLED,196.22,4,19,49.055,0.210526,10327.36842,0.0,0.0,USA,United States,United States,49.055,0.21052631578947367,10327.368421052632
2026-08-24,XYZ Luxury,Growify_XYZ LuxuryP_Search_India-12/12/25,ENABLED,414.822637,59,128,7.030892,0.460938,3240.801852,0.0,0.0,India,India,India,7.030892152542372,0.4609375,3240.8018515625
2026-08-25,XYZ Luxury,Growify_P.max_HP_EOSS_Ind,ENABLED,278.863773,55,2383,5.07025,0.02308,117.022146,0.0,0.0,India,India,India,5.070250418181818,0.02308015107007973,117.02214561477129
2026-08-25,XYZ Luxury,Growify_Performance Max_Listing_IND,ENABLED,370.37862,206,7743,1.797954,0.026605,47.833995,0.0,0.0,India,India,India,1.7979544660194176,0.02660467519049464,47.83399457574584
2026-08-25,XYZ Luxury,Growify_Performance Max_Listing_INTL,ENABLED,498.32129,9,79,55.369032,0.113924,6307.86443,0.0,0.0,Rest of the World,Canada,Canada,55.369032222222216,0.11392405063291139,6307.864430379746
2026-08-25,XYZ Luxury,Growify_Performance Max_Listing_INTL,ENABLED,33.87,2,48,16.935,0.041667,705.625,0.0,0.0,Rest of the World,United Kingdom,United Kingdom,16.935,0.041666666666666664,705.625
2026-08-25,XYZ Luxury,Growify_Performance Max_Listing_INTL,ENABLED,65.18,3,140,21.726667,0.021429,465.571429,0.0,0.0,USA,United States,United States,21.72666666666667,0.02142857142857143,465.5714285714286
2026-08-25,XYZ Luxury,Growify_Performance Max_Listing_INTL,ENABLED,0.0,0,6,,0.0,0.0,0.0,0.0,Rest of the World,Australia,Australia,,0.0,0.0
2026-08-25,XYZ Luxury,Growify_XYZ LuxuryP_Search_INT-5/21/26,ENABLED,1.37,1,4,1.37,0.25,342.5,0.0,0.0,Rest of the World,Australia,Australia,1.37,0.25,342.5
2026-08-25,XYZ Luxury,Growify_XYZ LuxuryP_Search_INT-5/21/26,ENABLED,2.78,2,5,1.39,0.4,556.0,0.0,0.0,Rest of the World,Canada,Canada,1.39,0.4,555.9999999999999
2026-08-25,XYZ Luxury,Growify_XYZ LuxuryP_Search_INT-5/21/26,ENABLED,2.27,2,3,1.135,0.666667,756.666667,0.0,0.0,Rest of the World,United Kingdom,United Kingdom,1.135,0.6666666666666666,756.6666666666667
2026-08-25,XYZ Luxury,Growify_XYZ LuxuryP_Search_INT-5/21/26,ENABLED,350.44,5,7,70.088,0.714286,50062.85714,0.0,0.0,USA,United States,United States,70.088,0.7142857142857143,50062.85714285714
2026-08-25,XYZ Luxury,Growify_XYZ LuxuryP_Search_India-12/12/25,ENABLED,338.918279,67,167,5.058482,0.401198,2029.450772,0.0,0.0,India,India,India,5.058481776119403,0.40119760479041916,2029.45077245509
2026-08-26,XYZ Luxury,Growify_P.max_HP_EOSS_Ind,ENABLED,299.075302,55,2861,5.437733,0.019224,104.535233,1.0,9174.0,India,India,India,5.437732763636364,0.019224047535826634,104.5352331352674
2026-08-26,XYZ Luxury,Growify_Performance Max_Listing_IND,ENABLED,634.919295,243,10395,2.612837,0.023377,61.079297,0.0,0.0,India,India,India,2.6128366049382716,0.023376623376623377,61.07929725829727
2026-08-26,XYZ Luxury,Growify_Performance Max_Listing_INTL,ENABLED,9.0,1,62,9.0,0.016129,145.16129,0.0,0.0,Rest of the World,Australia,Australia,9.0,0.016129032258064516,145.16129032258067
2026-08-26,XYZ Luxury,Growify_Performance Max_Listing_INTL,ENABLED,15.85,4,25,3.9625,0.16,634.0,0.0,0.0,Rest of the World,Canada,Canada,3.9625,0.16,634.0
2026-08-26,XYZ Luxury,Growify_Performance Max_Listing_INTL,ENABLED,12.489347,2,102,6.244674,0.019608,122.444578,0.0,0.0,Rest of the World,United Kingdom,United Kingdom,6.2446735,0.0196078431372549,122.44457843137255
2026-08-26,XYZ Luxury,Growify_Performance Max_Listing_INTL,ENABLED,172.93,8,182,21.61625,0.043956,950.164835,0.0,0.0,USA,United States,United States,21.61625,0.04395604395604396,950.1648351648352
2026-08-26,XYZ Luxury,Growify_XYZ LuxuryP_Search_INT-5/21/26,ENABLED,24.515468,1,6,24.515468,0.166667,4085.911333,0.0,0.0,Rest of the World,Australia,Australia,24.515468,0.16666666666666666,4085.911333333333
2026-08-26,XYZ Luxury,Growify_XYZ LuxuryP_Search_INT-5/21/26,ENABLED,5.52,4,7,1.38,0.571429,788.571429,0.0,0.0,Rest of the World,Canada,Canada,1.38,0.5714285714285714,788.5714285714284
2026-08-26,XYZ Luxury,Growify_XYZ LuxuryP_Search_INT-5/21/26,ENABLED,7.82,2,3,3.91,0.666667,2606.666667,0.0,0.0,Rest of the World,United Kingdom,United Kingdom,3.91,0.6666666666666666,2606.666666666667
2026-08-26,XYZ Luxury,Growify_XYZ LuxuryP_Search_INT-5/21/26,ENABLED,539.12,6,13,89.853333,0.461538,41470.76923,0.0,0.0,USA,United States,United States,89.85333333333334,0.46153846153846156,41470.76923076923
2026-08-26,XYZ Luxury,Growify_XYZ LuxuryP_Search_India-12/12/25,ENABLED,274.681032,58,185,4.73588,0.313514,1484.762335,0.0,0.0,India,India,India,4.735879862068966,0.31351351351351353,1484.7623351351351
2026-08-27,XYZ Luxury,Growify_P.max_HP_EOSS_Ind,ENABLED,220.662175,46,1508,4.797004,0.030504,146.327702,0.0,0.0,India,India,India,4.797003804347826,0.03050397877984085,146.3277022546419
2026-08-27,XYZ Luxury,Growify_Performance Max_Listing_IND,ENABLED,355.772309,107,5724,3.324975,0.018693,62.154491,0.0,0.0,India,India,India,3.3249748504672896,0.018693221523410204,62.154491439552764
2026-08-27,XYZ Luxury,Growify_Performance Max_Listing_INTL,ENABLED,3.48,3,56,1.16,0.053571,62.142857,0.0,0.0,Rest of the World,United Kingdom,United Kingdom,1.16,0.05357142857142857,62.142857142857146
2026-08-27,XYZ Luxury,Growify_Performance Max_Listing_INTL,ENABLED,408.33,3,45,136.11,0.066667,9074.0,0.0,0.0,USA,United States,United States,136.10999999999999,0.06666666666666667,9074.0
2026-08-27,XYZ Luxury,Growify_Performance Max_Listing_INTL,ENABLED,0.0,0,2,,0.0,0.0,0.0,0.0,Rest of the World,Australia,Australia,,0.0,0.0
2026-08-27,XYZ Luxury,Growify_Performance Max_Listing_INTL,ENABLED,0.0,0,17,,0.0,0.0,0.0,0.0,Rest of the World,Canada,Canada,,0.0,0.0
2026-08-27,XYZ Luxury,Growify_XYZ LuxuryP_Search_INT-5/21/26,ENABLED,95.2,4,9,23.8,0.444444,10577.77778,0.0,0.0,Rest of the World,Australia,Australia,23.8,0.4444444444444444,10577.777777777777
2026-08-27,XYZ Luxury,Growify_XYZ LuxuryP_Search_INT-5/21/26,ENABLED,1.38,1,2,1.38,0.5,690.0,0.0,0.0,Rest of the World,Canada,Canada,1.38,0.5,690.0
2026-08-27,XYZ Luxury,Growify_XYZ LuxuryP_Search_INT-5/21/26,ENABLED,1.3,1,3,1.3,0.333333,433.333333,0.0,0.0,Rest of the World,United Kingdom,United Kingdom,1.3,0.3333333333333333,433.33333333333337
2026-08-27,XYZ Luxury,Growify_XYZ LuxuryP_Search_INT-5/21/26,ENABLED,99.23,2,4,49.615,0.5,24807.5,0.0,0.0,USA,United States,United States,49.615,0.5,24807.5
2026-08-27,XYZ Luxury,Growify_XYZ LuxuryP_Search_India-12/12/25,ENABLED,261.145327,33,96,7.913495,0.34375,2720.263823,0.0,0.0,India,India,India,7.913494757575758,0.34375,2720.263822916667
