Date,Platform,Campaign,Spend (INR),Revenue (INR),Clicks,Impressions,Purchases
2026-03-01,Facebook,Conv | Tof | Multi Category | Ind | Direct | Growify | LAL,1142.96,0.0,1176,11542,0.0
2026-03-01,Facebook,Growfiy | Tof | Traffic | Canada + US,151.12,0.0,371,9220,0.0
2026-03-01,Facebook,Growfiy | Tof | Traffic | Canada + US,778.89,0.0,2182,40931,0.0
2026-03-01,Facebook,Growify | Engagement | India,648.78,0.0,71,1693,0.0
2026-03-01,Facebook,Growify | Engagement | India,257.209999,0.0,8,779,0.0
2026-03-01,Facebook,Growify | Engagement | India,519.51,0.0,61,1312,0.0
2026-03-01,Facebook,Growify | Engagement | India,308.0,0.0,67,2487,0.0
2026-03-01,Facebook,Growify | Engagement | India,221.98,0.0,81,2457,0.0
2026-03-01,Facebook,Growify | Engagement | India,362.9,0.0,77,4562,0.0
2026-03-01,Facebook,Growify | MOF & BOF | Sale | India +intl,1478.42,78300.0,3962,63160,1.0
2026-03-01,Facebook,Growify | MOF & BOF | Sale | India +intl,1275.94,0.0,3020,36871,0.0
2026-03-01,Facebook,Growify | MOF | Sale | India,143.21,0.0,103,2102,0.0
2026-03-01,Facebook,Growify | MOF | Sale | India,849.75,0.0,3302,30242,0.0
2026-03-01,Facebook,Growify | MOF | Sale | India,285.82,0.0,3150,22488,0.0
2026-03-01,Facebook,Growify | TOF | Sale | India,4.62,0.0,0,4,0.0
2026-03-01,Facebook,Growify | TOF | Sale | India,887.38,0.0,386,15969,0.0
2026-03-01,Facebook,Growify | TOF | Sale | India,3.24,0.0,3,61,0.0
2026-03-01,Facebook,Growify | TOF | Sale | India,1.82,0.0,8,58,0.0
2026-03-01,Facebook,Growify | TOF | Sale | India,85.34,0.0,18,521,0.0
2026-03-01,Facebook,Growify | TOF | Sale | India,4.86,0.0,18,235,0.0
2026-03-01,Facebook,Growify | TOF | Sale | India,108.9,0.0,106,1403,0.0
2026-03-01,Facebook,Growify | TOF | Sale | India,1149.17,0.0,5614,42590,0.0
2026-03-01,Facebook,Growify | TOF | Sale | India,0.02,0.0,0,1,0.0
2026-03-01,Facebook,Growify | TOF | Sale | India,870.49,0.0,1104,10729,0.0
2026-03-01,Facebook,Growify | TOF | Sale | India,862.66,0.0,39,1629,0.0
2026-03-01,Facebook,Growify | TOF | Sale | India,522.309999,0.0,37,2887,0.0
2026-03-01,Facebook,Growify | TOF | Sale | India,2007.44,0.0,20050,151578,0.0
2026-03-01,Facebook,Growify | TOF | Sale | India,3.36,0.0,0,7,0.0
2026-03-01,Facebook,Growify | TOF | Sale | India,790.24,0.0,216,7576,0.0
2026-03-01,Facebook,Growify | TOF | Sale | India,416.54,0.0,122,2617,0.0
2026-03-01,Facebook,Growify | TOF | Sale | US,429.02,0.0,24,300,0.0
2026-03-01,Facebook,Growify | TOF | Sale | US,30.79,0.0,6,18,0.0
2026-03-01,Facebook,Growify | TOF | Sale | US,1331.16792,0.0,142,1480,0.0
2026-03-01,Facebook,Growify | TOF | Sale | US,97.31208,0.0,5,55,0.0
2026-03-01,Facebook,Growify | TOF | Sale | US,868.53,0.0,62,902,0.0
2026-03-01,Facebook,Growify | TOF | Sale | US,146.67,0.0,20,231,0.0
2026-03-01,Facebook,Growify | TOF | Sale | US,185.23,0.0,20,191,0.0
2026-03-01,Facebook,Growify | TOF | Sale | US,1.74,0.0,0,1,0.0
2026-03-01,Facebook,Growify | TOF | Sale | US,1.33,0.0,0,1,0.0
2026-03-01,Facebook,Growify | TOF | Sale | US,898.46,0.0,49,629,0.0
2026-03-02,Facebook,Conv | Tof | Multi Category | Ind | Direct | Growify | LAL,957.58,0.0,474,7813,0.0
2026-03-02,Facebook,Conv | Tof | Multi Category | Ind | Direct | Growify | LAL,829.51,0.0,769,6290,0.0
2026-03-02,Facebook,Growfiy | Tof | Traffic | Canada + US,152.15,0.0,343,8426,0.0
2026-03-02,Facebook,Growfiy | Tof | Traffic | Canada + US,366.44,0.0,962,21082,0.0
2026-03-02,Facebook,Growify | Engagement | India,347.3,0.0,45,1057,0.0
2026-03-02,Facebook,Growify | Engagement | India,368.44,0.0,10,1058,0.0
2026-03-02,Facebook,Growify | Engagement | India,717.43,0.0,86,2071,0.0
2026-03-02,Facebook,Growify | Engagement | India,349.86,0.0,82,2950,0.0
2026-03-02,Facebook,Growify | Engagement | India,273.88,0.0,93,3501,0.0
2026-03-02,Facebook,Growify | Engagement | India,399.09,0.0,86,4765,0.0
2026-03-02,Facebook,Growify | MOF & BOF | Sale | India +intl,1284.6,0.0,5317,85866,0.0
2026-03-02,Facebook,Growify | MOF & BOF | Sale | India +intl,0.0,0.0,0,0,0.0
2026-03-02,Facebook,Growify | MOF & BOF | Sale | India +intl,1393.78,7650.0,4648,45477,1.0
2026-03-02,Facebook,Growify | MOF | Sale | India,124.72,0.0,300,3451,0.0
2026-03-02,Facebook,Growify | MOF | Sale | India,751.45,0.0,3759,30711,0.0
2026-03-02,Facebook,Growify | MOF | Sale | India,0.03,0.0,0,1,0.0
2026-03-02,Facebook,Growify | MOF | Sale | India,415.03,0.0,4370,30859,0.0
2026-03-02,Facebook,Growify | TOF | Sale | India,585.04,0.0,320,8489,0.0
2026-03-02,Facebook,Growify | TOF | Sale | India,0.63,0.0,0,23,0.0
2026-03-02,Facebook,Growify | TOF | Sale | India,0.0,0.0,0,1,0.0
2026-03-02,Facebook,Growify | TOF | Sale | India,85.22,0.0,15,486,0.0
2026-03-02,Facebook,Growify | TOF | Sale | India,0.02,0.0,0,1,0.0
2026-03-02,Facebook,Growify | TOF | Sale | India,0.06,0.0,0,5,0.0
2026-03-02,Facebook,Growify | TOF | Sale | India,77.38,0.0,278,2763,0.0
2026-03-02,Facebook,Growify | TOF | Sale | India,1138.9,0.0,8713,57766,0.0
2026-03-02,Facebook,Growify | TOF | Sale | India,1.5,0.0,1,6,0.0
2026-03-02,Facebook,Growify | TOF | Sale | India,852.67,0.0,1379,12801,0.0
2026-03-02,Facebook,Growify | TOF | Sale | India,173.31,0.0,191,3876,0.0
2026-03-02,Facebook,Growify | TOF | Sale | India,52.39,0.0,62,485,0.0
2026-03-02,Facebook,Growify | TOF | Sale | India,803.98,0.0,41,1339,0.0
2026-03-02,Facebook,Growify | TOF | Sale | India,230.66,0.0,14,950,0.0
2026-03-02,Facebook,Growify | TOF | Sale | India,2138.53,0.0,25195,169025,0.0
2026-03-02,Facebook,Growify | TOF | Sale | India,0.0,0.0,0,0,0.0
2026-03-02,Facebook,Growify | TOF | Sale | India,665.5,0.0,228,7565,0.0
2026-03-02,Facebook,Growify | TOF | Sale | India,1.02,0.0,0,2,0.0
2026-03-02,Facebook,Growify | TOF | Sale | India,486.36,13500.0,195,3205,1.0
2026-03-02,Facebook,Growify | TOF | Sale | India,498.65,45731.0,180,4243,1.0
2026-03-02,Facebook,Growify | TOF | Sale | India,813.55,0.0,609,12719,0.0
2026-03-02,Facebook,Growify | TOF | Sale | US,399.9,0.0,22,364,0.0
2026-03-02,Facebook,Growify | TOF | Sale | US,21.27,0.0,1,22,0.0
2026-03-02,Facebook,Growify | TOF | Sale | US,955.3,4900.0,61,937,1.0
2026-03-02,Facebook,Growify | TOF | Sale | US,75.8,0.0,3,41,0.0
2026-03-02,Facebook,Growify | TOF | Sale | US,377.32,0.0,37,373,0.0
2026-03-02,Facebook,Growify | TOF | Sale | US,381.72,0.0,45,568,0.0
2026-03-02,Facebook,Growify | TOF | Sale | US,244.27,0.0,30,236,0.0
2026-03-02,Facebook,Growify | TOF | Sale | US,24.82,0.0,3,19,0.0
2026-03-02,Facebook,Growify | TOF | Sale | US,809.89,0.0,49,557,0.0
2026-03-02,Facebook,Growify | TOF | Sales | India,402.66,0.0,2992,18266,0.0
2026-03-02,Facebook,Growify | TOF | Sales | India,139.54,0.0,887,5744,0.0
2026-03-03,Facebook,Conv | Tof | Multi Category | Ind | Direct | Growify | LAL,1512.17,0.0,846,9036,0.0
2026-03-03,Facebook,Conv | Tof | Multi Category | Ind | Direct | Growify | LAL,0.0,0.0,0,0,0.0
2026-03-03,Facebook,Growfiy | Tof | Traffic | Canada + US,0.0,0.0,0,0,0.0
2026-03-03,Facebook,Growify | Engagement | India,451.2,0.0,20,1595,0.0
2026-03-03,Facebook,Growify | Engagement | India,803.66,0.0,95,2309,0.0
2026-03-03,Facebook,Growify | Engagement | India,304.92,0.0,60,2346,0.0
2026-03-03,Facebook,Growify | Engagement | India,210.2,0.0,57,2426,0.0
2026-03-03,Facebook,Growify | Engagement | India,336.71,0.0,52,3310,0.0
2026-03-03,Facebook,Growify | MOF & BOF | Sale | India +intl,1357.85,0.0,5760,112000,0.0
2026-03-03,Facebook,Growify | MOF & BOF | Sale | India +intl,0.0,0.0,0,0,0.0
2026-03-03,Facebook,Growify | MOF & BOF | Sale | India +intl,1161.49,0.0,4273,40503,0.0
2026-03-03,Facebook,Growify | MOF | Sale | India,65.12,0.0,146,1856,0.0
2026-03-03,Facebook,Growify | MOF | Sale | India,265.66,0.0,1684,14729,0.0
2026-03-03,Facebook,Growify | MOF | Sale | India,413.31,0.0,4654,35096,0.0
2026-03-03,Facebook,Growify | TOF | Sale | India,510.01,0.0,254,6744,0.0
2026-03-03,Facebook,Growify | TOF | Sale | India,0.57,0.0,0,21,0.0
2026-03-03,Facebook,Growify | TOF | Sale | India,12.61,0.0,15,123,0.0
2026-03-03,Facebook,Growify | TOF | Sale | India,94.05,0.0,22,551,0.0
2026-03-03,Facebook,Growify | TOF | Sale | India,6.63,0.0,25,272,0.0
2026-03-03,Facebook,Growify | TOF | Sale | India,121.58,0.0,480,4294,0.0
2026-03-03,Facebook,Growify | TOF | Sale | India,0.0,0.0,0,0,0.0
2026-03-03,Facebook,Growify | TOF | Sale | India,8.65,0.0,0,6,0.0
2026-03-03,Facebook,Growify | TOF | Sale | India,797.52,0.0,2074,19116,0.0
2026-03-03,Facebook,Growify | TOF | Sale | India,547.74,0.0,448,8916,0.0
2026-03-03,Facebook,Growify | TOF | Sale | India,556.65,0.0,172,4213,0.0
2026-03-03,Facebook,Growify | TOF | Sale | India,73.36,0.0,8,127,0.0
2026-03-03,Facebook,Growify | TOF | Sale | India,1945.5,0.0,24002,164362,0.0
2026-03-03,Facebook,Growify | TOF | Sale | India,0.07,0.0,1,5,0.0
2026-03-03,Facebook,Growify | TOF | Sale | India,719.03,0.0,239,7549,0.0
2026-03-03,Facebook,Growify | TOF | Sale | India,5.73,0.0,0,16,0.0
2026-03-03,Facebook,Growify | TOF | Sale | India,432.74,0.0,160,3514,0.0
2026-03-03,Facebook,Growify | TOF | Sale | India,2366.27,0.0,2680,26442,0.0
2026-03-03,Facebook,Growify | TOF | Sale | India,1004.7,0.0,671,13696,0.0
2026-03-03,Facebook,Growify | TOF | Sale | US,543.59,0.0,26,320,0.0
2026-03-03,Facebook,Growify | TOF | Sale | US,19.26,0.0,1,8,0.0
2026-03-03,Facebook,Growify | TOF | Sale | US,1047.302469,0.0,87,891,0.0
2026-03-03,Facebook,Growify | TOF | Sale | US,78.977531,0.0,1,35,0.0
2026-03-03,Facebook,Growify | TOF | Sale | US,295.37,0.0,22,193,0.0
2026-03-03,Facebook,Growify | TOF | Sale | US,205.67,0.0,24,250,0.0
2026-03-03,Facebook,Growify | TOF | Sale | US,152.5,0.0,15,123,0.0
2026-03-03,Facebook,Growify | TOF | Sale | US,15.49,0.0,1,10,0.0
2026-03-03,Facebook,Growify | TOF | Sale | US,9.22,0.0,0,3,0.0
2026-03-03,Facebook,Growify | TOF | Sale | US,724.4,0.0,27,409,0.0
2026-03-03,Facebook,Growify | TOF | Sales | India,733.31,0.0,6519,28992,0.0
2026-03-03,Facebook,Growify | TOF | Sales | India,216.66,0.0,2732,8418,0.0
2026-03-04,Facebook,Conv | Tof | Multi Category | Ind | Direct | Growify | LAL,1171.25,13050.0,525,5857,1.0
2026-03-04,Facebook,Conv | Tof | Multi Category | Ind | Direct | Growify | LAL,51.01,0.0,22,326,0.0
2026-03-04,Facebook,Conv | Tof | Multi Category | Ind | Direct | Growify | LAL,0.0,0.0,0,0,0.0
2026-03-04,Facebook,Conv | Tof | Multicategory | INT | Direct | Growify,80.76,0.0,4,109,0.0
2026-03-04,Facebook,Conv | Tof | Multicategory | INT | Direct | Growify,703.6,0.0,53,1208,0.0
2026-03-04,Facebook,Conv | Tof | Multicategory | INT | Direct | Growify,198.51,0.0,14,240,0.0
2026-03-04,Facebook,Conv | Tof | Multicategory | INT | Direct | Growify,92.41,0.0,7,36,0.0
2026-03-04,Facebook,Conv | Tof | Multicategory | INT | Direct | Growify,601.33,0.0,40,324,0.0
2026-03-04,Facebook,Conv | Tof | Multicategory | INT | Direct | Growify,570.72,0.0,68,320,0.0
2026-03-04,Facebook,Conv | Tof | Multicategory | INT | Direct | Growify,92.08,0.0,10,89,0.0
2026-03-04,Facebook,Conv | Tof | Multicategory | INT | Direct | Growify,64.08,0.0,6,78,0.0
2026-03-04,Facebook,Conv | Tof | Multicategory | INT | Direct | Growify,214.33,0.0,30,256,0.0
2026-03-04,Facebook,Conv | Tof | Multicategory | INT | Direct | Growify,223.7,0.0,32,249,0.0
2026-03-04,Facebook,Conv | Tof | Multicategory | INT | Direct | Growify,345.38,0.0,53,352,0.0
2026-03-04,Facebook,Conv | Tof | Multicategory | INT | Direct | Growify,340.66,0.0,40,297,0.0
2026-03-04,Facebook,Growify | Engagement | India,0.0,0.0,0,0,0.0
2026-03-04,Facebook,Growify | Engagement | India,464.75,0.0,19,1815,0.0
2026-03-04,Facebook,Growify | Engagement | India,781.15,0.0,127,2581,0.0
2026-03-04,Facebook,Growify | Engagement | India,315.42,0.0,51,2526,0.0
2026-03-04,Facebook,Growify | Engagement | India,190.49,0.0,56,2105,0.0
2026-03-04,Facebook,Growify | Engagement | India,361.74,0.0,54,3863,0.0
2026-03-04,Facebook,Growify | MOF & BOF | Sale | India +intl,1200.49,20700.0,5295,100228,1.0
2026-03-04,Facebook,Growify | MOF & BOF | Sale | India +intl,936.1,0.0,3240,33563,0.0
2026-03-04,Facebook,Growify | MOF & BOF | Sale | India +intl,0.0,0.0,0,0,0.0
2026-03-04,Facebook,Growify | MOF | Sale | India,0.0,0.0,0,0,0.0
2026-03-04,Facebook,Growify | TOF | Sale | INDIA,147.13,0.0,77,5935,0.0
2026-03-04,Facebook,Growify | TOF | Sale | INDIA,335.93,0.0,602,13279,0.0
2026-03-04,Facebook,Growify | TOF | Sale | INDIA,424.84,0.0,454,7258,0.0
2026-03-04,Facebook,Growify | TOF | Sale | INDIA,9.12,0.0,1,94,0.0
2026-03-04,Facebook,Growify | TOF | Sale | INDIA,309.97,0.0,24,2511,0.0
2026-03-04,Facebook,Growify | TOF | Sale | INDIA,788.6,0.0,173,17583,0.0
2026-03-04,Facebook,Growify | TOF | Sale | INDIA,156.92,0.0,55,4465,0.0
2026-03-04,Facebook,Growify | TOF | Sale | INDIA,390.62,0.0,498,10582,0.0
2026-03-04,Facebook,Growify | TOF | Sale | INDIA,285.98,0.0,313,6117,0.0
2026-03-04,Facebook,Growify | TOF | Sale | INDIA,235.05,0.0,54,2330,0.0
2026-03-04,Facebook,Growify | TOF | Sale | INDIA,243.72,0.0,39,4204,0.0
2026-03-04,Facebook,Growify | TOF | Sale | INDIA,474.51,0.0,95,6390,0.0
2026-03-04,Facebook,Growify | TOF | Sale | India,0.0,0.0,0,0,0.0
2026-03-04,Facebook,Growify | TOF | Sale | India,0.0,0.0,0,0,0.0
2026-03-04,Facebook,Growify | TOF | Sale | India,0.0,0.0,0,0,0.0
2026-03-04,Facebook,Growify | TOF | Sale | India,862.66,0.0,1525,15375,0.0
2026-03-04,Facebook,Growify | TOF | Sale | India,7.43,0.0,1,39,0.0
2026-03-04,Facebook,Growify | TOF | Sale | India,502.81,0.0,354,8310,0.0
2026-03-04,Facebook,Growify | TOF | Sale | India,662.3,6300.0,378,9624,1.0
2026-03-04,Facebook,Growify | TOF | Sale | India,0.0,0.0,0,0,0.0
2026-03-04,Facebook,Growify | TOF | Sale | India,1459.65,0.0,18899,139734,0.0
2026-03-04,Facebook,Growify | TOF | Sale | India,590.98,0.0,210,6533,0.0
2026-03-04,Facebook,Growify | TOF | Sale | India,286.88,0.0,141,2898,0.0
2026-03-04,Facebook,Growify | TOF | Sale | India,2253.61,5250.0,2916,31149,1.0
2026-03-04,Facebook,Growify | TOF | Sale | India,128.889999,5123.7,83,1761,1.0
2026-03-04,Facebook,Growify | TOF | Sale | US,152.96,0.0,19,174,0.0
2026-03-04,Facebook,Growify | TOF | Sale | US,13.86,0.0,2,7,0.0
2026-03-04,Facebook,Growify | TOF | Sale | US,1552.95,0.0,158,1676,0.0
2026-03-04,Facebook,Growify | TOF | Sale | US,53.52,0.0,3,83,0.0
2026-03-04,Facebook,Growify | TOF | Sale | US,0.0,0.0,0,0,0.0
2026-03-04,Facebook,Growify | TOF | Sale | US,0.0,0.0,0,0,0.0
2026-03-04,Facebook,Growify | TOF | Sales | India,0.0,0.0,0,0,0.0
2026-03-05,Facebook,Conv | Tof | Multi Category | Ind | Direct | Growify | LAL,1191.78,0.0,362,5650,0.0
2026-03-05,Facebook,Conv | Tof | Multi Category | Ind | Direct | Growify | LAL,0.0,0.0,0,0,0.0
2026-03-05,Facebook,Conv | Tof | Multi Category | Ind | Direct | Growify | LAL,0.0,0.0,0,0,0.0
2026-03-05,Facebook,Conv | Tof | Multicategory | INT | Direct | Growify,134.12,0.0,5,165,0.0
2026-03-05,Facebook,Conv | Tof | Multicategory | INT | Direct | Growify,601.48,0.0,54,1187,0.0
2026-03-05,Facebook,Conv | Tof | Multicategory | INT | Direct | Growify,252.78,0.0,20,330,0.0
2026-03-05,Facebook,Conv | Tof | Multicategory | INT | Direct | Growify,47.58,0.0,0,29,0.0
2026-03-05,Facebook,Conv | Tof | Multicategory | INT | Direct | Growify,351.55,0.0,10,197,0.0
2026-03-05,Facebook,Conv | Tof | Multicategory | INT | Direct | Growify,811.37,0.0,37,379,0.0
2026-03-05,Facebook,Conv | Tof | Multicategory | INT | Direct | Growify,110.37,0.0,4,79,0.0
2026-03-05,Facebook,Conv | Tof | Multicategory | INT | Direct | Growify,67.78,0.0,6,70,0.0
2026-03-05,Facebook,Conv | Tof | Multicategory | INT | Direct | Growify,226.4,0.0,21,228,0.0
2026-03-05,Facebook,Conv | Tof | Multicategory | INT | Direct | Growify,301.15,0.0,23,168,0.0
2026-03-05,Facebook,Conv | Tof | Multicategory | INT | Direct | Growify,378.92,0.0,45,419,0.0
2026-03-05,Facebook,Conv | Tof | Multicategory | INT | Direct | Growify,250.83,0.0,32,227,0.0
2026-03-05,Facebook,Growfiy | Tof | Traffic | Canada + US,0.0,0.0,0,0,0.0
2026-03-05,Facebook,Growify | Engagement | India,635.37,0.0,27,2247,0.0
2026-03-05,Facebook,Growify | Engagement | India,868.75,0.0,130,2500,0.0
2026-03-05,Facebook,Growify | Engagement | India,575.98,0.0,141,5864,0.0
2026-03-05,Facebook,Growify | Engagement | India,140.42,0.0,54,1661,0.0
2026-03-05,Facebook,Growify | Engagement | India,338.66,0.0,68,3648,0.0
2026-03-05,Facebook,Growify | MOF & BOF | Sale | India +intl,1187.91,0.0,3915,86367,0.0
2026-03-05,Facebook,Growify | MOF & BOF | Sale | India +intl,1290.23,0.0,3597,44804,0.0
2026-03-05,Facebook,Growify | MOF | Sale | India,0.0,0.0,0,0,0.0
2026-03-05,Facebook,Growify | TOF | Sale | INDIA,221.46,0.0,165,14539,0.0
2026-03-05,Facebook,Growify | TOF | Sale | INDIA,280.72,0.0,427,14027,0.0
2026-03-05,Facebook,Growify | TOF | Sale | INDIA,343.38,0.0,487,11635,0.0
2026-03-05,Facebook,Growify | TOF | Sale | INDIA,0.94,0.0,0,51,0.0
2026-03-05,Facebook,Growify | TOF | Sale | INDIA,132.75,0.0,48,3327,0.0
2026-03-05,Facebook,Growify | TOF | Sale | INDIA,909.22,0.0,257,30991,0.0
2026-03-05,Facebook,Growify | TOF | Sale | INDIA,178.47,0.0,113,8193,0.0
2026-03-05,Facebook,Growify | TOF | Sale | INDIA,353.64,0.0,448,12258,0.0
2026-03-05,Facebook,Growify | TOF | Sale | INDIA,326.74,0.0,319,8750,0.0
2026-03-05,Facebook,Growify | TOF | Sale | INDIA,69.02,0.0,46,2014,0.0
2026-03-05,Facebook,Growify | TOF | Sale | INDIA,198.67,0.0,49,5095,0.0
2026-03-05,Facebook,Growify | TOF | Sale | INDIA,830.01,0.0,281,18648,0.0
2026-03-05,Facebook,Growify | TOF | Sale | India,0.0,0.0,0,0,0.0
2026-03-05,Facebook,Growify | TOF | Sale | India,1.96,0.0,0,5,0.0
2026-03-05,Facebook,Growify | TOF | Sale | India,877.89,17550.0,1433,13262,1.0
2026-03-05,Facebook,Growify | TOF | Sale | India,26.24,0.0,11,535,0.0
2026-03-05,Facebook,Growify | TOF | Sale | India,180.84,0.0,106,2250,0.0
2026-03-05,Facebook,Growify | TOF | Sale | India,955.42,0.0,444,9689,0.0
2026-03-05,Facebook,Growify | TOF | Sale | India,0.0,0.0,0,0,0.0
2026-03-05,Facebook,Growify | TOF | Sale | India,1067.319999,0.0,13774,105026,0.0
2026-03-05,Facebook,Growify | TOF | Sale | India,0.3,0.0,2,14,0.0
2026-03-05,Facebook,Growify | TOF | Sale | India,452.22,0.0,181,6232,0.0
2026-03-05,Facebook,Growify | TOF | Sale | India,1.56,0.0,0,7,0.0
2026-03-05,Facebook,Growify | TOF | Sale | India,267.079999,0.0,140,2690,0.0
2026-03-05,Facebook,Growify | TOF | Sale | India,1733.4,0.0,333,25728,0.0
2026-03-05,Facebook,Growify | TOF | Sale | India,2878.38,0.0,3389,45341,0.0
2026-03-05,Facebook,Growify | TOF | Sale | India,73.32,0.0,59,1570,0.0
2026-03-05,Facebook,Growify | TOF | Sale | India,81.22,0.0,67,1171,0.0
2026-03-05,Facebook,Growify | TOF | Sale | US,169.64,0.0,13,205,0.0
2026-03-05,Facebook,Growify | TOF | Sale | US,1.75,0.0,0,5,0.0
2026-03-05,Facebook,Growify | TOF | Sale | US,1365.17,0.0,136,1637,0.0
2026-03-05,Facebook,Growify | TOF | Sale | US,71.48,0.0,0,57,0.0
2026-03-05,Facebook,Growify | TOF | Sale | US,0.0,0.0,0,0,0.0
2026-03-05,Facebook,Growify | TOF | Sales | India,0.0,0.0,0,0,0.0
2026-03-06,Facebook,Conv | Tof | Multi Category | Ind | Direct | Growify | LAL,1229.77,0.0,405,7597,0.0
2026-03-06,Facebook,Conv | Tof | Multi Category | Ind | Direct | Growify | LAL,0.0,0.0,0,0,0.0
2026-03-06,Facebook,Conv | Tof | Multicategory | INT | Direct | Growify,66.959999,0.0,2,107,0.0
2026-03-06,Facebook,Conv | Tof | Multicategory | INT | Direct | Growify,836.63,0.0,63,1297,0.0
2026-03-06,Facebook,Conv | Tof | Multicategory | INT | Direct | Growify,132.52,0.0,17,166,0.0
2026-03-06,Facebook,Conv | Tof | Multicategory | INT | Direct | Growify,39.08,0.0,0,8,0.0
2026-03-06,Facebook,Conv | Tof | Multicategory | INT | Direct | Growify,179.51,0.0,11,100,0.0
2026-03-06,Facebook,Conv | Tof | Multicategory | INT | Direct | Growify,1075.39,0.0,68,559,0.0
2026-03-06,Facebook,Conv | Tof | Multicategory | INT | Direct | Growify,65.45,0.0,5,48,0.0
2026-03-06,Facebook,Conv | Tof | Multicategory | INT | Direct | Growify,48.95,0.0,4,45,0.0
2026-03-06,Facebook,Conv | Tof | Multicategory | INT | Direct | Growify,92.06,0.0,4,101,0.0
2026-03-06,Facebook,Conv | Tof | Multicategory | INT | Direct | Growify,191.72,0.0,3,103,0.0
2026-03-06,Facebook,Conv | Tof | Multicategory | INT | Direct | Growify,406.66,0.0,43,424,0.0
2026-03-06,Facebook,Conv | Tof | Multicategory | INT | Direct | Growify,431.64,0.0,26,367,0.0
2026-03-06,Facebook,Growfiy | Tof | Traffic | Canada + US,0.0,0.0,0,0,0.0
2026-03-06,Facebook,Growify | 3rd Feb | Sale | ABO | Targeting,180.54,33586.2,25,1632,1.0
2026-03-06,Facebook,Growify | Engagement | India,0.0,0.0,0,0,0.0
2026-03-06,Facebook,Growify | Engagement | India,0.0,0.0,0,0,0.0
2026-03-06,Facebook,Growify | Engagement | India,0.0,0.0,0,0,0.0
2026-03-06,Facebook,Growify | MOF & BOF | Sale | India +intl,1682.31,0.0,3730,86054,0.0
2026-03-06,Facebook,Growify | MOF & BOF | Sale | India +intl,1157.74,0.0,3351,40102,0.0
2026-03-06,Facebook,Growify | TOF | Sale | INDIA,116.66,0.0,82,6689,0.0
2026-03-06,Facebook,Growify | TOF | Sale | INDIA,198.83,0.0,371,15646,0.0
2026-03-06,Facebook,Growify | TOF | Sale | INDIA,545.38,0.0,1050,36294,0.0
2026-03-06,Facebook,Growify | TOF | Sale | INDIA,56.49,0.0,0,25,0.0
2026-03-06,Facebook,Growify | TOF | Sale | INDIA,0.16,0.0,0,16,0.0
2026-03-06,Facebook,Growify | TOF | Sale | INDIA,280.58,0.0,147,14228,0.0
2026-03-06,Facebook,Growify | TOF | Sale | INDIA,501.76,0.0,267,22012,0.0
2026-03-06,Facebook,Growify | TOF | Sale | INDIA,113.15,0.0,34,4352,0.0
2026-03-06,Facebook,Growify | TOF | Sale | INDIA,599.43,0.0,818,30661,0.0
2026-03-06,Facebook,Growify | TOF | Sale | INDIA,175.05,0.0,257,10880,0.0
2026-03-06,Facebook,Growify | TOF | Sale | INDIA,0.64,0.0,0,9,0.0
2026-03-06,Facebook,Growify | TOF | Sale | INDIA,6.53,0.0,8,312,0.0
2026-03-06,Facebook,Growify | TOF | Sale | INDIA,31.91,0.0,7,962,0.0
2026-03-06,Facebook,Growify | TOF | Sale | INDIA,1120.18,0.0,417,30419,0.0
2026-03-06,Facebook,Growify | TOF | Sale | India,0.0,0.0,0,0,0.0
2026-03-06,Facebook,Growify | TOF | Sale | India,0.0,0.0,0,0,0.0
2026-03-06,Facebook,Growify | TOF | Sale | India,0.0,0.0,0,0,0.0
2026-03-06,Facebook,Growify | TOF | Sale | India,1482.03,0.0,3171,31697,0.0
2026-03-06,Facebook,Growify | TOF | Sale | India,1.47,0.0,0,71,0.0
2026-03-06,Facebook,Growify | TOF | Sale | India,0.0,0.0,0,0,0.0
2026-03-06,Facebook,Growify | TOF | Sale | India,1956.51,0.0,1231,39538,0.0
2026-03-06,Facebook,Growify | TOF | Sale | India,0.0,0.0,0,0,0.0
2026-03-06,Facebook,Growify | TOF | Sale | India,1053.569999,0.0,10987,53965,0.0
2026-03-06,Facebook,Growify | TOF | Sale | India,0.0,0.0,0,0,0.0
2026-03-06,Facebook,Growify | TOF | Sale | India,0.53,0.0,0,15,0.0
2026-03-06,Facebook,Growify | TOF | Sale | India,951.1,0.0,287,8219,0.0
2026-03-06,Facebook,Growify | TOF | Sale | India,1716.71,0.0,1825,24430,0.0
2026-03-06,Facebook,Growify | TOF | Sale | India,2614.2,0.0,2655,38531,0.0
2026-03-06,Facebook,Growify | TOF | Sale | India,5.91,0.0,7,112,0.0
2026-03-06,Facebook,Growify | TOF | Sale | India,0.0,0.0,0,0,0.0
2026-03-06,Facebook,Growify | TOF | Sale | US,0.0,0.0,0,0,0.0
2026-03-06,Facebook,Growify | TOF | Sale | US,0.0,0.0,0,0,0.0
2026-03-06,Facebook,Growify | TOF | Sale | US,0.0,0.0,0,0,0.0
2026-03-06,Facebook,Growify | TOF | Sale | US,0.0,0.0,0,0,0.0
2026-03-06,Facebook,Growify | TOF | Sale | US,0.0,0.0,0,0,0.0
2026-03-06,Facebook,Growify | TOF | Sales | India,0.0,0.0,0,0,0.0
2026-03-07,Facebook,Conv | Tof | Multi Category | Ind | Direct | Growify | LAL,873.66,0.0,439,7228,0.0
2026-03-07,Facebook,Conv | Tof | Multicategory | INT | Direct | Growify,1060.68,0.0,86,1532,0.0
2026-03-07,Facebook,Conv | Tof | Multicategory | INT | Direct | Growify,17.69,0.0,1,6,0.0
2026-03-07,Facebook,Conv | Tof | Multicategory | INT | Direct | Growify,68.46,0.0,2,20,0.0
2026-03-07,Facebook,Conv | Tof | Multicategory | INT | Direct | Growify,1088.48,0.0,51,532,0.0
2026-03-07,Facebook,Conv | Tof | Multicategory | INT | Direct | Growify,103.37,0.0,8,124,0.0
2026-03-07,Facebook,Conv | Tof | Multicategory | INT | Direct | Growify,151.15,0.0,14,81,0.0
2026-03-07,Facebook,Conv | Tof | Multicategory | INT | Direct | Growify,619.13,0.0,51,485,0.0
2026-03-07,Facebook,Conv | Tof | Multicategory | INT | Direct | Growify,443.67,0.0,53,387,0.0
2026-03-07,Facebook,Growify | 3rd Feb | Sale | ABO | Targeting,191.45,0.0,25,1402,0.0
2026-03-07,Facebook,Growify | Engagement | India,0.0,0.0,0,0,0.0
2026-03-07,Facebook,Growify | Engagement | India,0.0,0.0,0,0,0.0
2026-03-07,Facebook,Growify | MOF & BOF | Sale | India +intl,1560.32,0.0,3552,87396,0.0
2026-03-07,Facebook,Growify | MOF & BOF | Sale | India +intl,1179.22,0.0,3320,39060,0.0
2026-03-07,Facebook,Growify | TOF | Sale | INDIA,22.15,0.0,8,672,0.0
2026-03-07,Facebook,Growify | TOF | Sale | INDIA,95.54,0.0,134,5063,0.0
2026-03-07,Facebook,Growify | TOF | Sale | INDIA,941.7,0.0,2244,55256,0.0
2026-03-07,Facebook,Growify | TOF | Sale | INDIA,82.56,0.0,15,440,0.0
2026-03-07,Facebook,Growify | TOF | Sale | INDIA,3.49,0.0,1,165,0.0
2026-03-07,Facebook,Growify | TOF | Sale | INDIA,825.36,0.0,413,29488,0.0
2026-03-07,Facebook,Growify | TOF | Sale | INDIA,0.0,0.0,0,0,0.0
2026-03-07,Facebook,Growify | TOF | Sale | INDIA,35.95,0.0,15,1283,0.0
2026-03-07,Facebook,Growify | TOF | Sale | INDIA,1059.64,0.0,1605,55931,0.0
2026-03-07,Facebook,Growify | TOF | Sale | INDIA,0.0,0.0,0,0,0.0
2026-03-07,Facebook,Growify | TOF | Sale | INDIA,59.58,0.0,116,2821,0.0
2026-03-07,Facebook,Growify | TOF | Sale | INDIA,0.99,0.0,1,76,0.0
2026-03-07,Facebook,Growify | TOF | Sale | INDIA,11.22,0.0,4,289,0.0
2026-03-07,Facebook,Growify | TOF | Sale | INDIA,1319.55,0.0,541,21196,0.0
2026-03-07,Facebook,Growify | TOF | Sale | India,41.39,0.0,10,323,0.0
2026-03-07,Facebook,Growify | TOF | Sale | India,1459.78,0.0,3335,36949,0.0
2026-03-07,Facebook,Growify | TOF | Sale | India,24.85,0.0,3,572,0.0
2026-03-07,Facebook,Growify | TOF | Sale | India,0.0,0.0,0,0,0.0
2026-03-07,Facebook,Growify | TOF | Sale | India,1995.37,15750.0,865,17989,1.0
2026-03-07,Facebook,Growify | TOF | Sale | India,5.21,0.0,0,26,0.0
2026-03-07,Facebook,Growify | TOF | Sale | India,0.0,0.0,0,0,0.0
2026-03-07,Facebook,Growify | TOF | Sale | India,1199.94,0.0,11183,64858,0.0
2026-03-07,Facebook,Growify | TOF | Sale | India,0.0,0.0,0,0,0.0
2026-03-07,Facebook,Growify | TOF | Sale | India,16.719999,0.0,2,165,0.0
2026-03-07,Facebook,Growify | TOF | Sale | India,889.41,0.0,236,6566,0.0
2026-03-07,Facebook,Growify | TOF | Sale | India,1720.78,15750.0,1827,21470,1.0
2026-03-07,Facebook,Growify | TOF | Sale | India,2451.42,0.0,2372,32252,0.0
2026-03-07,Facebook,Growify | TOF | Sale | India,24.9,0.0,9,172,0.0
2026-03-07,Facebook,Growify | TOF | Sale | India,46.73,0.0,20,402,0.0
2026-03-07,Facebook,Growify | TOF | Sale | US,0.0,0.0,0,0,0.0
2026-03-08,Facebook,Conv | Tof | Multi Category | Ind | Direct | Growify | LAL,151.71,8050.0,85,1105,1.0
2026-03-08,Facebook,Conv | Tof | Multicategory | INT | Direct | Growify,355.28,0.0,30,534,0.0
2026-03-08,Facebook,Conv | Tof | Multicategory | INT | Direct | Growify,144.53,0.0,14,142,0.0
2026-03-08,Facebook,Conv | Tof | Multicategory | INT | Direct | Growify,373.58,0.0,25,218,0.0
2026-03-08,Facebook,Conv | Tof | Multicategory | INT | Direct | Growify,22.82,0.0,1,19,0.0
2026-03-08,Facebook,Conv | Tof | Multicategory | INT | Direct | Growify,16.85,0.0,3,18,0.0
2026-03-08,Facebook,Conv | Tof | Multicategory | INT | Direct | Growify,0.0,0.0,0,0,0.0
2026-03-08,Facebook,Conv | Tof | Multicategory | INT | Direct | Growify,186.58,0.0,24,155,0.0
2026-03-08,Facebook,Conv | Tof | Multicategory | INT | Direct | Growify,153.83,0.0,14,165,0.0
2026-03-08,Facebook,Growify | 3rd Feb | Sale | ABO | Targeting,41.94,0.0,5,334,0.0
2026-03-08,Facebook,Growify | MOF & BOF | Sale | India +intl,194.44,0.0,406,9726,0.0
2026-03-08,Facebook,Growify | MOF & BOF | Sale | India +intl,84.25,0.0,217,2188,0.0
2026-03-08,Facebook,Growify | TOF | Sale | INDIA,0.0,0.0,0,0,0.0
2026-03-08,Facebook,Growify | TOF | Sale | INDIA,0.0,0.0,0,0,0.0
2026-03-08,Facebook,Growify | TOF | Sale | INDIA,143.4,0.0,299,8539,0.0
2026-03-08,Facebook,Growify | TOF | Sale | INDIA,0.0,0.0,0,0,0.0
2026-03-08,Facebook,Growify | TOF | Sale | INDIA,125.98,0.0,93,7050,0.0
2026-03-08,Facebook,Growify | TOF | Sale | INDIA,143.01,0.0,202,6911,0.0
2026-03-08,Facebook,Growify | TOF | Sale | INDIA,2.57,0.0,0,36,0.0
2026-03-08,Facebook,Growify | TOF | Sale | INDIA,136.1,0.0,64,1816,0.0
2026-03-08,Facebook,Growify | TOF | Sale | India,224.65,0.0,347,4725,0.0
2026-03-08,Facebook,Growify | TOF | Sale | India,0.0,0.0,0,0,0.0
2026-03-08,Facebook,Growify | TOF | Sale | India,254.87,0.0,67,1081,0.0
2026-03-08,Facebook,Growify | TOF | Sale | India,0.0,0.0,0,0,0.0
2026-03-08,Facebook,Growify | TOF | Sale | India,140.13,0.0,1232,7064,0.0
2026-03-08,Facebook,Growify | TOF | Sale | India,0.0,0.0,0,0,0.0
2026-03-08,Facebook,Growify | TOF | Sale | India,177.91,0.0,77,2170,0.0
2026-03-08,Facebook,Growify | TOF | Sale | India,115.43,0.0,195,2493,0.0
2026-03-08,Facebook,Growify | TOF | Sale | India,222.08,0.0,239,3993,0.0
2026-03-08,Facebook,Growify | TOF | Sale | India,0.0,0.0,0,0,0.0
2026-03-08,Facebook,Growify | TOF | Sale | India,0.0,0.0,0,0,0.0
2026-03-09,Facebook,Conv | Tof | Multi Category | Ind | Direct | Growify | LAL,105.4,0.0,40,557,0.0
2026-03-09,Facebook,Conv | Tof | Multicategory | INT | Direct | Growify,124.94,0.0,9,178,0.0
2026-03-09,Facebook,Conv | Tof | Multicategory | INT | Direct | Growify,104.39,0.0,12,95,0.0
2026-03-09,Facebook,Conv | Tof | Multicategory | INT | Direct | Growify,0.0,0.0,0,0,0.0
2026-03-09,Facebook,Conv | Tof | Multicategory | INT | Direct | Growify,283.01,0.0,16,103,0.0
2026-03-09,Facebook,Conv | Tof | Multicategory | INT | Direct | Growify,2.98,0.0,0,3,0.0
2026-03-09,Facebook,Conv | Tof | Multicategory | INT | Direct | Growify,49.94,0.0,1,29,0.0
2026-03-09,Facebook,Conv | Tof | Multicategory | INT | Direct | Growify,21.48,0.0,4,27,0.0
2026-03-09,Facebook,Conv | Tof | Multicategory | INT | Direct | Growify,108.52,0.0,17,92,0.0
2026-03-09,Facebook,Growify | 3rd Feb | Sale | ABO | Targeting,103.32,0.0,10,464,0.0
2026-03-09,Facebook,Growify | MOF & BOF | Sale | India +intl,261.62,0.0,600,13266,0.0
2026-03-09,Facebook,Growify | MOF & BOF | Sale | India +intl,764.24,0.0,1925,24678,0.0
2026-03-09,Facebook,Growify | MOF & BOF | Sale | India +intl,0.0,0.0,0,0,0.0
2026-03-09,Facebook,Growify | TOF | Sale | INDIA,0.0,0.0,0,0,0.0
2026-03-09,Facebook,Growify | TOF | Sale | INDIA,0.0,0.0,0,0,0.0
2026-03-09,Facebook,Growify | TOF | Sale | INDIA,360.44,0.0,785,19019,0.0
2026-03-09,Facebook,Growify | TOF | Sale | INDIA,0.02,0.0,0,2,0.0
2026-03-09,Facebook,Growify | TOF | Sale | INDIA,200.27,0.0,187,17556,0.0
2026-03-09,Facebook,Growify | TOF | Sale | INDIA,303.84,0.0,470,14839,0.0
2026-03-09,Facebook,Growify | TOF | Sale | INDIA,0.0,0.0,0,0,0.0
2026-03-09,Facebook,Growify | TOF | Sale | INDIA,0.17,0.0,0,3,0.0
2026-03-09,Facebook,Growify | TOF | Sale | INDIA,0.0,0.0,0,0,0.0
2026-03-09,Facebook,Growify | TOF | Sale | INDIA,314.5,0.0,172,4158,0.0
2026-03-09,Facebook,Growify | TOF | Sale | India,1793.23,14350.0,3904,47515,1.0
2026-03-09,Facebook,Growify | TOF | Sale | India,0.0,0.0,0,0,0.0
2026-03-09,Facebook,Growify | TOF | Sale | India,1166.72,0.0,732,11620,0.0
2026-03-09,Facebook,Growify | TOF | Sale | India,0.0,0.0,0,0,0.0
2026-03-09,Facebook,Growify | TOF | Sale | India,0.0,0.0,0,0,0.0
2026-03-09,Facebook,Growify | TOF | Sale | India,0.0,0.0,0,0,0.0
2026-03-09,Facebook,Growify | TOF | Sale | India,235.43,0.0,50,1614,0.0
2026-03-09,Facebook,Growify | TOF | Sale | India,1271.44,0.0,2419,33863,0.0
2026-03-09,Facebook,Growify | TOF | Sale | India,991.05,0.0,1311,22610,0.0
2026-03-09,Facebook,Growify | TOF | Sale | US,0.0,0.0,0,0,0.0
2026-03-10,Facebook,Conv | Tof | Multi Category | Ind | Direct | Growify | LAL,1296.15,0.0,492,6634,0.0
2026-03-10,Facebook,Conv | Tof | Multicategory | INT | Direct | Growify,91.12,0.0,7,106,0.0
2026-03-10,Facebook,Conv | Tof | Multicategory | INT | Direct | Growify,834.21,0.0,100,1214,0.0
2026-03-10,Facebook,Conv | Tof | Multicategory | INT | Direct | Growify,3.31,0.0,0,3,0.0
2026-03-10,Facebook,Conv | Tof | Multicategory | INT | Direct | Growify,12.52,0.0,2,3,0.0
2026-03-10,Facebook,Conv | Tof | Multicategory | INT | Direct | Growify,42.03,0.0,4,19,0.0
2026-03-10,Facebook,Conv | Tof | Multicategory | INT | Direct | Growify,933.94,0.0,55,429,0.0
2026-03-10,Facebook,Conv | Tof | Multicategory | INT | Direct | Growify,0.0,0.0,0,0,0.0
2026-03-10,Facebook,Conv | Tof | Multicategory | INT | Direct | Growify,8.76,0.0,2,12,0.0
2026-03-10,Facebook,Conv | Tof | Multicategory | INT | Direct | Growify,4.52,0.0,0,4,0.0
2026-03-10,Facebook,Conv | Tof | Multicategory | INT | Direct | Growify,491.58,0.0,56,498,0.0
2026-03-10,Facebook,Conv | Tof | Multicategory | INT | Direct | Growify,518.84,0.0,24,294,0.0
2026-03-10,Facebook,Growify | 3rd Feb | Sale | ABO | Targeting,214.49,0.0,3,759,0.0
2026-03-10,Facebook,Growify | Engagement | India,1167.34,0.0,35,1919,0.0
2026-03-10,Facebook,Growify | Engagement | India,63.87,0.0,1,162,0.0
2026-03-10,Facebook,Growify | Engagement | India,1013.83,0.0,42,2455,0.0
2026-03-10,Facebook,Growify | Engagement | India,1706.1,0.0,145,16979,0.0
2026-03-10,Facebook,Growify | MOF & BOF | Sale | India +intl,4.77,0.0,6,48,0.0
2026-03-10,Facebook,Growify | MOF & BOF | Sale | India +intl,3169.53,0.0,6739,100715,0.0
2026-03-10,Facebook,Growify | TOF | Sale | INDIA,45.62,0.0,9,407,0.0
2026-03-10,Facebook,Growify | TOF | Sale | INDIA,11.57,0.0,12,817,0.0
2026-03-10,Facebook,Growify | TOF | Sale | INDIA,784.29,0.0,1207,23547,0.0
2026-03-10,Facebook,Growify | TOF | Sale | INDIA,0.0,0.0,0,0,0.0
2026-03-10,Facebook,Growify | TOF | Sale | INDIA,2.85,0.0,0,503,0.0
2026-03-10,Facebook,Growify | TOF | Sale | INDIA,768.48,0.0,451,36632,0.0
2026-03-10,Facebook,Growify | TOF | Sale | INDIA,0.0,0.0,0,1,0.0
2026-03-10,Facebook,Growify | TOF | Sale | INDIA,52.58,0.0,10,600,0.0
2026-03-10,Facebook,Growify | TOF | Sale | INDIA,691.46,0.0,766,26464,0.0
2026-03-10,Facebook,Growify | TOF | Sale | INDIA,29.04,0.0,26,438,0.0
2026-03-10,Facebook,Growify | TOF | Sale | INDIA,10.69,0.0,1,87,0.0
2026-03-10,Facebook,Growify | TOF | Sale | INDIA,803.97,0.0,301,6330,0.0
2026-03-10,Facebook,Growify | TOF | Sale | INDIA,0.18,0.0,0,2,0.0
2026-03-10,Facebook,Growify | TOF | Sale | India,16.579999,0.0,10,281,0.0
2026-03-10,Facebook,Growify | TOF | Sale | India,1653.899999,0.0,3488,38436,0.0
2026-03-10,Facebook,Growify | TOF | Sale | India,0.050001,0.0,0,10,0.0
2026-03-10,Facebook,Growify | TOF | Sale | India,785.62,0.0,113,11872,0.0
2026-03-10,Facebook,Growify | TOF | Sale | India,1041.359999,0.0,552,30169,0.0
2026-03-10,Facebook,Growify | TOF | Sale | India,1143.08,0.0,705,24443,0.0
2026-03-10,Facebook,Growify | TOF | Sale | India,11.58,0.0,4,410,0.0
2026-03-10,Facebook,Growify | TOF | Sale | India,1543.62,0.0,639,7143,0.0
2026-03-10,Facebook,Growify | TOF | Sale | India,0.96,0.0,0,3,0.0
2026-03-10,Facebook,Growify | TOF | Sale | India,0.0,0.0,0,0,0.0
2026-03-10,Facebook,Growify | TOF | Sale | India,91.86,0.0,10,299,0.0
2026-03-10,Facebook,Growify | TOF | Sale | India,1181.76,0.0,208,4696,0.0
2026-03-10,Facebook,Growify | TOF | Sale | India,1148.79,0.0,1916,22389,0.0
2026-03-10,Facebook,Growify | TOF | Sale | India,3267.37,10350.0,2341,31950,1.0
2026-03-10,Facebook,Growify | TOF | Sale | India,46.63,0.0,8,211,0.0
2026-03-10,Facebook,Growify | TOF | Sale | India,39.41,0.0,15,475,0.0
2026-03-11,Facebook,Conv | Tof | Multi Category | Ind | Direct | Growify | LAL,654.29,0.0,177,2386,0.0
2026-03-11,Facebook,Conv | Tof | Multi Category | Ind | Direct | Growify | LAL,1053.13,0.0,399,8544,0.0
2026-03-11,Facebook,Conv | Tof | Multicategory | INT | Direct | Growify,865.18,0.0,51,790,0.0
2026-03-11,Facebook,Conv | Tof | Multicategory | INT | Direct | Growify,0.25,0.0,0,1,0.0
2026-03-11,Facebook,Conv | Tof | Multicategory | INT | Direct | Growify,596.03,0.0,25,308,0.0
2026-03-11,Facebook,Conv | Tof | Multicategory | INT | Direct | Growify,228.56,0.0,28,206,0.0
2026-03-11,Facebook,Conv | Tof | Multicategory | INT | Direct | Growify,527.0,0.0,18,211,0.0
2026-03-11,Facebook,Growify | 3rd Feb | Sale | ABO | Targeting,47.22,0.0,1,305,0.0
2026-03-11,Facebook,Growify | 3rd Feb | Sale | ABO | Targeting,12.22,0.0,2,50,0.0
2026-03-11,Facebook,Growify | Engagement | India,160.22,0.0,4,324,0.0
2026-03-11,Facebook,Growify | Engagement | India,1724.24,0.0,64,3397,0.0
2026-03-11,Facebook,Growify | Engagement | India,410.18,0.0,47,4496,0.0
2026-03-11,Facebook,Growify | Engagement | India,935.09,0.0,109,11363,0.0
2026-03-11,Facebook,Growify | MOF & BOF | Sale | India +intl,1605.83,0.0,2503,47790,0.0
2026-03-11,Facebook,Growify | MOF & BOF | Sale | India +intl,1247.17,0.0,1990,26875,0.0
2026-03-11,Facebook,Growify | MOF & BOF | Sale | India +intl,0.0,0.0,0,0,0.0
2026-03-11,Facebook,Growify | TOF | Sale | INDIA,0.21,0.0,0,5,0.0
2026-03-11,Facebook,Growify | TOF | Sale | INDIA,0.21,0.0,1,20,0.0
2026-03-11,Facebook,Growify | TOF | Sale | INDIA,304.58,0.0,358,8348,0.0
2026-03-11,Facebook,Growify | TOF | Sale | INDIA,14.32,0.0,0,107,0.0
2026-03-11,Facebook,Growify | TOF | Sale | INDIA,273.94,0.0,145,10917,0.0
2026-03-11,Facebook,Growify | TOF | Sale | INDIA,0.0,0.0,0,0,0.0
2026-03-11,Facebook,Growify | TOF | Sale | INDIA,312.26,0.0,188,8577,0.0
2026-03-11,Facebook,Growify | TOF | Sale | INDIA,4.48,0.0,1,161,0.0
2026-03-11,Facebook,Growify | TOF | Sale | INDIA,460.53,0.0,113,2209,0.0
2026-03-11,Facebook,Growify | TOF | Sale | India,695.48,0.0,214,6506,0.0
2026-03-11,Facebook,Growify | TOF | Sale | India,514.65,0.0,987,11712,0.0
2026-03-11,Facebook,Growify | TOF | Sale | India,6.58,0.0,3,33,0.0
2026-03-11,Facebook,Growify | TOF | Sale | India,1112.89,0.0,607,43857,0.0
2026-03-11,Facebook,Growify | TOF | Sale | India,993.68,0.0,497,19120,0.0
2026-03-11,Facebook,Growify | TOF | Sale | India,1143.85,0.0,869,17330,0.0
2026-03-11,Facebook,Growify | TOF | Sale | India,0.01,0.0,0,1,0.0
2026-03-11,Facebook,Growify | TOF | Sale | India,648.21,0.0,238,2903,0.0
2026-03-11,Facebook,Growify | TOF | Sale | India,1043.56,0.0,93,6241,0.0
2026-03-11,Facebook,Growify | TOF | Sale | India,0.0,0.0,0,0,0.0
2026-03-11,Facebook,Growify | TOF | Sale | India,607.02,0.0,662,9147,0.0
2026-03-11,Facebook,Growify | TOF | Sale | India,1577.29,0.0,947,14313,0.0
2026-03-11,Facebook,Growify | TOF | Sale | India,0.0,0.0,0,0,0.0
2026-03-11,Facebook,Growify | TOF | Sale | India,0.05,0.0,0,1,0.0
2026-03-11,Facebook,Growify | TOF | Sale | US,84.05,0.0,0,30,0.0
2026-03-11,Facebook,Growify | TOF | Sale | US,462.97,0.0,7,175,0.0
2026-03-11,Facebook,Growify | TOF | Sale | US,933.24,0.0,28,425,0.0
2026-03-11,Facebook,Growify | TOF | Sale | US,1.07,0.0,0,4,0.0
2026-03-11,Facebook,Growify | TOF | Sales | India,550.09,0.0,822,5275,0.0
2026-03-11,Facebook,Growify | TOF | Sales | India,0.0,0.0,0,0,0.0
2026-03-11,Facebook,Growify | TOF | Sales | India,25.46,0.0,25,481,0.0
2026-03-12,Facebook,Conv | Tof | Multi Category | Ind | Direct | Growify | LAL,0.0,0.0,0,0,0.0
2026-03-12,Facebook,Conv | Tof | Multi Category | Ind | Direct | Growify | LAL,1551.2,9800.0,830,19587,1.0
2026-03-12,Facebook,Conv | Tof | Multicategory | INT | Direct | Growify,0.0,0.0,0,0,0.0
2026-03-12,Facebook,Conv | Tof | Multicategory | INT | Direct | Growify,0.0,0.0,0,0,0.0
2026-03-12,Facebook,Conv | Tof | Multicategory | INT | Direct | Growify,0.0,0.0,0,0,0.0
2026-03-12,Facebook,Growify | 3rd Feb | Sale | ABO | Targeting,4.43,0.0,0,25,0.0
2026-03-12,Facebook,Growify | 3rd Feb | Sale | ABO | Targeting,0.61,0.0,1,3,0.0
2026-03-12,Facebook,Growify | MOF & BOF | Sale | India +intl,1148.93,10350.0,2668,59112,1.0
2026-03-12,Facebook,Growify | MOF & BOF | Sale | India +intl,0.0,0.0,0,0,0.0
2026-03-12,Facebook,Growify | TOF | Sale | INDIA,0.0,0.0,0,0,0.0
2026-03-12,Facebook,Growify | TOF | Sale | INDIA,0.0,0.0,0,0,0.0
2026-03-12,Facebook,Growify | TOF | Sale | INDIA,0.0,0.0,0,0,0.0
2026-03-12,Facebook,Growify | TOF | Sale | INDIA,0.0,0.0,0,0,0.0
2026-03-12,Facebook,Growify | TOF | Sale | INDIA,0.0,0.0,0,0,0.0
2026-03-12,Facebook,Growify | TOF | Sale | India,977.6,0.0,598,33374,0.0
2026-03-12,Facebook,Growify | TOF | Sale | India,0.0,0.0,0,0,0.0
2026-03-12,Facebook,Growify | TOF | Sale | India,787.06,0.0,735,45350,0.0
2026-03-12,Facebook,Growify | TOF | Sale | India,813.01,0.0,946,42865,0.0
2026-03-12,Facebook,Growify | TOF | Sale | India,906.87,0.0,882,27161,0.0
2026-03-12,Facebook,Growify | TOF | Sale | India,0.0,0.0,0,0,0.0
2026-03-12,Facebook,Growify | TOF | Sale | India,1880.13,0.0,245,18249,0.0
2026-03-12,Facebook,Growify | TOF | Sale | India,0.03,0.0,0,8,0.0
2026-03-12,Facebook,Growify | TOF | Sale | India,0.03,0.0,0,5,0.0
2026-03-12,Facebook,Growify | TOF | Sale | India,0.0,0.0,0,0,0.0
2026-03-12,Facebook,Growify | TOF | Sale | India,0.0,0.0,0,0,0.0
2026-03-12,Facebook,Growify | TOF | Sale | US,102.36,0.0,3,41,0.0
2026-03-12,Facebook,Growify | TOF | Sale | US,181.5,0.0,12,125,0.0
2026-03-12,Facebook,Growify | TOF | Sale | US,2110.87,0.0,71,957,0.0
2026-03-12,Facebook,Growify | TOF | Sales | India,890.77,0.0,1962,19871,0.0
2026-03-12,Facebook,Growify | TOF | Sales | India,0.0,0.0,0,0,0.0
2026-03-12,Facebook,Growify | TOF | Sales | India,100.67,0.0,105,4850,0.0
2026-03-13,Facebook,Conv | Tof | Multi Category | Ind | Direct | Growify | LAL,0.0,0.0,0,0,0.0
2026-03-13,Facebook,Conv | Tof | Multi Category | Ind | Direct | Growify | LAL,2411.6,9800.0,750,15702,1.0
2026-03-13,Facebook,Conv | Tof | Multicategory | INT | Direct | Growify,1023.16,0.0,82,1441,0.0
2026-03-13,Facebook,Conv | Tof | Multicategory | INT | Direct | Growify,0.0,26255.0,0,0,1.0
2026-03-13,Facebook,Conv | Tof | Multicategory | INT | Direct | Growify,49.43,0.0,9,78,0.0
2026-03-13,Facebook,Conv | Tof | Multicategory | INT | Direct | Growify,0.0,0.0,0,0,0.0
2026-03-13,Facebook,Conv | Tof | Multicategory | INT | Direct | Growify,0.0,0.0,0,0,0.0
2026-03-13,Facebook,Conv | Tof | Multicategory | INT | Direct | Growify,0.0,0.0,0,0,0.0
2026-03-13,Facebook,Growify | 3rd Feb | Sale | ABO | Targeting,11.41,0.0,2,32,0.0
2026-03-13,Facebook,Growify | MOF & BOF | Sale | India +intl,2332.53,0.0,4455,85838,0.0
2026-03-13,Facebook,Growify | MOF & BOF | Sale | India +intl,0.0,0.0,0,0,0.0
2026-03-13,Facebook,Growify | TOF | Sale | INDIA,0.0,0.0,0,0,0.0
2026-03-13,Facebook,Growify | TOF | Sale | INDIA,0.0,0.0,0,0,0.0
2026-03-13,Facebook,Growify | TOF | Sale | INDIA,0.0,0.0,0,0,0.0
2026-03-13,Facebook,Growify | TOF | Sale | India,987.11,0.0,580,16413,0.0
2026-03-13,Facebook,Growify | TOF | Sale | India,0.0,0.0,0,0,0.0
2026-03-13,Facebook,Growify | TOF | Sale | India,549.49,0.0,282,14890,0.0
2026-03-13,Facebook,Growify | TOF | Sale | India,25.58,0.0,10,684,0.0
2026-03-13,Facebook,Growify | TOF | Sale | India,688.66,0.0,824,23059,0.0
2026-03-13,Facebook,Growify | TOF | Sale | India,763.62,0.0,1016,13282,0.0
2026-03-13,Facebook,Growify | TOF | Sale | India,0.0,0.0,0,0,0.0
2026-03-13,Facebook,Growify | TOF | Sale | India,567.43,0.0,47,2727,0.0
2026-03-13,Facebook,Growify | TOF | Sale | India,56.39,0.0,1,101,0.0
2026-03-13,Facebook,Growify | TOF | Sale | India,661.89,0.0,49,1134,0.0
2026-03-13,Facebook,Growify | TOF | Sale | India,0.0,0.0,0,0,0.0
2026-03-13,Facebook,Growify | TOF | Sale | India,0.0,0.0,0,0,0.0
2026-03-13,Facebook,Growify | TOF | Sale | India,0.0,0.0,0,0,0.0
2026-03-13,Facebook,Growify | TOF | Sale | US,29.63,0.0,0,15,0.0
2026-03-13,Facebook,Growify | TOF | Sale | US,231.16,0.0,5,116,0.0
2026-03-13,Facebook,Growify | TOF | Sale | US,4407.99,0.0,79,1319,0.0
2026-03-13,Facebook,Growify | TOF | Sales | India,905.3,0.0,714,5742,0.0
2026-03-13,Facebook,Growify | TOF | Sales | India,11.26,0.0,16,309,0.0
2026-03-14,Facebook,Conv | Tof | Multi Category | Ind | Direct | Growify | LAL,0.0,0.0,0,0,0.0
2026-03-14,Facebook,Conv | Tof | Multi Category | Ind | Direct | Growify | LAL,1722.85,0.0,387,8226,0.0
2026-03-14,Facebook,Conv | Tof | Multicategory | INT | Direct | Growify,3450.0,0.0,180,3423,0.0
2026-03-14,Facebook,Conv | Tof | Multicategory | INT | Direct | Growify,93.01,0.0,5,67,0.0
2026-03-14,Facebook,Conv | Tof | Multicategory | INT | Direct | Growify,105.09,0.0,5,129,0.0
2026-03-14,Facebook,Conv | Tof | Multicategory | INT | Direct | Growify,0.0,0.0,0,0,0.0
2026-03-14,Facebook,Conv | Tof | Multicategory | INT | Direct | Growify,0.0,0.0,0,0,0.0
2026-03-14,Facebook,Growify | MOF & BOF | Sale | India +intl,1817.43,5400.0,2701,50868,1.0
2026-03-14,Facebook,Growify | MOF & BOF | Sale | India +intl,0.0,0.0,0,0,0.0
2026-03-14,Facebook,Growify | TOF | Sale | INDIA,0.0,0.0,0,0,0.0
2026-03-14,Facebook,Growify | TOF | Sale | INDIA,0.0,0.0,0,0,0.0
2026-03-14,Facebook,Growify | TOF | Sale | INDIA,0.0,0.0,0,0,0.0
2026-03-14,Facebook,Growify | TOF | Sale | India,825.15,0.0,670,14671,0.0
2026-03-14,Facebook,Growify | TOF | Sale | India,0.0,0.0,0,0,0.0
2026-03-14,Facebook,Growify | TOF | Sale | India,0.03,0.0,0,3,0.0
2026-03-14,Facebook,Growify | TOF | Sale | India,29.15,0.0,0,62,0.0
2026-03-14,Facebook,Growify | TOF | Sale | India,0.0,0.0,0,0,0.0
2026-03-14,Facebook,Growify | TOF | Sale | India,0.0,0.0,0,0,0.0
2026-03-14,Facebook,Growify | TOF | Sale | India,0.0,0.0,0,0,0.0
2026-03-14,Facebook,Growify | TOF | Sale | India,0.0,0.0,0,0,0.0
2026-03-14,Facebook,Growify | TOF | Sale | India,0.0,0.0,0,0,0.0
2026-03-14,Facebook,Growify | TOF | Sale | India,0.0,0.0,0,0,0.0
2026-03-14,Facebook,Growify | TOF | Sale | India,0.0,0.0,0,0,0.0
2026-03-14,Facebook,Growify | TOF | Sale | India,0.0,0.0,0,0,0.0
2026-03-14,Facebook,Growify | TOF | Sale | India,0.0,0.0,0,0,0.0
2026-03-14,Facebook,Growify | TOF | Sale | US,19.99,0.0,0,13,0.0
2026-03-14,Facebook,Growify | TOF | Sale | US,3435.64,0.0,97,1410,0.0
2026-03-14,Facebook,Growify | TOF | Sales | India,0.0,0.0,0,0,0.0
2026-03-14,Facebook,Growify | TOF | Sales | India,0.0,0.0,0,0,0.0
2026-03-14,Facebook,Growify | TOF | Sales | India | Open,309.37,0.0,26,2180,0.0
2026-03-14,Facebook,Growify | TOF | Sales | India | Open,384.88,0.0,43,1043,0.0
2026-03-14,Facebook,Growify | TOF | Sales | India | Open,1145.9,0.0,132,3602,0.0
2026-03-14,Facebook,Growify | TOF | Sales | India | Open,50.06,0.0,5,687,0.0
2026-03-14,Facebook,Growify | TOF | Sales | India | Open,1926.32,0.0,147,4843,0.0
2026-03-15,Facebook,Conv | Tof | Multi Category | Ind | Direct | Growify | LAL,0.0,0.0,0,0,0.0
2026-03-15,Facebook,Conv | Tof | Multi Category | Ind | Direct | Growify | LAL,2027.3,16508.7,622,12197,1.0
2026-03-15,Facebook,Conv | Tof | Multicategory | INT | Direct | Growify,4449.54,0.0,159,3675,0.0
2026-03-15,Facebook,Conv | Tof | Multicategory | INT | Direct | Growify,0.0,0.0,0,0,0.0
2026-03-15,Facebook,Conv | Tof | Multicategory | INT | Direct | Growify,254.81,0.0,17,304,0.0
2026-03-15,Facebook,Conv | Tof | Multicategory | INT | Direct | Growify,0.0,0.0,0,0,0.0
2026-03-15,Facebook,Growify | MOF & BOF | Sale | India +intl,2294.55,6300.0,2402,48488,1.0
2026-03-15,Facebook,Growify | MOF & BOF | Sale | India +intl,0.0,0.0,0,0,0.0
2026-03-15,Facebook,Growify | MOF & BOF | Sale | India +intl,0.0,0.0,0,0,0.0
2026-03-15,Facebook,Growify | TOF | Sale | INDIA,0.0,0.0,0,0,0.0
2026-03-15,Facebook,Growify | TOF | Sale | INDIA,0.0,0.0,0,0,0.0
2026-03-15,Facebook,Growify | TOF | Sale | INDIA,0.0,0.0,0,0,0.0
2026-03-15,Facebook,Growify | TOF | Sale | India,1012.77,0.0,713,13252,0.0
2026-03-15,Facebook,Growify | TOF | Sale | India,0.0,0.0,0,0,0.0
2026-03-15,Facebook,Growify | TOF | Sale | India,16.9,0.0,2,24,0.0
2026-03-15,Facebook,Growify | TOF | Sale | India,0.0,0.0,0,0,0.0
2026-03-15,Facebook,Growify | TOF | Sale | India,0.0,0.0,0,0,0.0
2026-03-15,Facebook,Growify | TOF | Sale | India,0.0,0.0,0,0,0.0
2026-03-15,Facebook,Growify | TOF | Sale | India,0.0,0.0,0,0,0.0
2026-03-15,Facebook,Growify | TOF | Sale | India,0.0,0.0,0,0,0.0
2026-03-15,Facebook,Growify | TOF | Sale | India,0.0,0.0,0,0,0.0
2026-03-15,Facebook,Growify | TOF | Sale | India,0.0,0.0,0,0,0.0
2026-03-15,Facebook,Growify | TOF | Sale | US,31.22,0.0,0,22,0.0
2026-03-15,Facebook,Growify | TOF | Sale | US,29.07,0.0,0,8,0.0
2026-03-15,Facebook,Growify | TOF | Sale | US,3696.85,24750.0,109,1374,1.0
2026-03-15,Facebook,Growify | TOF | Sales | India,0.0,0.0,0,0,0.0
2026-03-15,Facebook,Growify | TOF | Sales | India,0.0,0.0,0,0,0.0
2026-03-15,Facebook,Growify | TOF | Sales | India | Open,527.49,0.0,49,3729,0.0
2026-03-15,Facebook,Growify | TOF | Sales | India | Open,659.17,0.0,62,1662,0.0
2026-03-15,Facebook,Growify | TOF | Sales | India | Open,1125.7,0.0,121,3705,0.0
2026-03-15,Facebook,Growify | TOF | Sales | India | Open,27.67,0.0,4,666,0.0
2026-03-15,Facebook,Growify | TOF | Sales | India | Open,1609.94,0.0,113,3642,0.0
2026-03-16,Facebook,Conv | Tof | Multi Category | Ind | Direct | Growify | LAL,60.48,0.0,15,292,0.0
2026-03-16,Facebook,Conv | Tof | Multicategory | INT | Direct | Growify,442.86,0.0,12,354,0.0
2026-03-16,Facebook,Conv | Tof | Multicategory | INT | Direct | Growify,42.91,0.0,6,54,0.0
2026-03-16,Facebook,Conv | Tof | Multicategory | INT | Direct | Growify,239.81,0.0,15,189,0.0
2026-03-16,Facebook,Growify | MOF & BOF | Sale | India +intl,104.97,0.0,115,2367,0.0
2026-03-16,Facebook,Growify | TOF | Sale | India,52.51,0.0,24,415,0.0
2026-03-16,Facebook,Growify | TOF | Sale | India,0.25,0.0,0,5,0.0
2026-03-16,Facebook,Growify | TOF | Sale | India,0.0,0.0,0,0,0.0
2026-03-16,Facebook,Growify | TOF | Sale | India,0.0,0.0,0,0,0.0
2026-03-16,Facebook,Growify | TOF | Sale | India,0.0,0.0,0,0,0.0
2026-03-16,Facebook,Growify | TOF | Sale | India,0.0,0.0,0,0,0.0
2026-03-16,Facebook,Growify | TOF | Sale | India,0.0,0.0,0,0,0.0
2026-03-16,Facebook,Growify | TOF | Sale | US,167.05,0.0,8,106,0.0
2026-03-16,Facebook,Growify | TOF | Sales | India,0.0,0.0,0,0,0.0
2026-03-16,Facebook,Growify | TOF | Sales | India | Open,4.5,0.0,0,67,0.0
2026-03-16,Facebook,Growify | TOF | Sales | India | Open,13.15,0.0,2,35,0.0
2026-03-16,Facebook,Growify | TOF | Sales | India | Open,57.18,0.0,5,148,0.0
2026-03-16,Facebook,Growify | TOF | Sales | India | Open,0.69,0.0,0,15,0.0
2026-03-16,Facebook,Growify | TOF | Sales | India | Open,53.63,0.0,12,183,0.0
2026-03-17,Facebook,Conv | Tof | Multi Category | Ind | Direct | Growify | LAL,0.0,0.0,0,0,0.0
2026-03-17,Facebook,Conv | Tof | Multicategory | INT | Direct | Growify,0.0,0.0,0,0,0.0
2026-03-17,Facebook,Conv | Tof | Multicategory | INT | Direct | Growify,0.0,0.0,0,0,0.0
2026-03-17,Facebook,Conv | Tof | Multicategory | INT | Direct | Growify,0.0,0.0,0,0,0.0
2026-03-17,Facebook,Growify | MOF & BOF | Sale | India +intl,0.0,0.0,0,0,0.0
2026-03-17,Facebook,Growify | TOF | Sale | India,0.0,0.0,0,0,0.0
2026-03-17,Facebook,Growify | TOF | Sale | US,0.0,0.0,0,0,0.0
2026-03-17,Facebook,Growify | TOF | Sales | India | Open,0.0,0.0,0,0,0.0
2026-03-17,Facebook,Growify | TOF | Sales | India | Open,0.0,0.0,0,0,0.0
2026-03-17,Facebook,Growify | TOF | Sales | India | Open,0.0,0.0,0,0,0.0
2026-03-18,Facebook,Conv | Tof | Multi Category | Ind | Direct | Growify | LAL,0.0,0.0,0,0,0.0
2026-03-18,Facebook,Conv | Tof | Multicategory | INT | Direct | Growify,0.0,23600.0,0,0,1.0
2026-03-18,Facebook,Conv | Tof | Multicategory | INT | Direct | Growify,0.0,0.0,0,0,0.0
2026-03-18,Facebook,Growify | MOF & BOF | Sale | India +intl,0.0,0.0,0,0,0.0
2026-03-18,Facebook,Growify | TOF | Sale | India,0.0,0.0,0,0,0.0
2026-03-18,Facebook,Growify | TOF | Sale | US,0.0,0.0,0,0,0.0
2026-03-18,Facebook,Growify | TOF | Sale | US,0.0,0.0,0,0,0.0
2026-03-18,Facebook,Growify | TOF | Sales | India | Open,0.0,0.0,0,0,0.0
2026-03-19,Facebook,Conv | Tof | Multi Category | Ind | Direct | Growify | LAL,0.0,0.0,0,0,0.0
2026-03-19,Facebook,Conv | Tof | Multicategory | INT | Direct | Growify,0.0,0.0,0,0,0.0
2026-03-19,Facebook,Growify | MOF & BOF | Sale | India +intl,0.0,0.0,0,0,0.0
2026-03-19,Facebook,Growify | TOF | Sale | India,0.0,0.0,0,0,0.0
2026-03-19,Facebook,Growify | TOF | Sale | US,0.0,0.0,0,0,0.0
2026-03-19,Facebook,Growify | TOF | Sales | India | Open,0.0,0.0,0,0,0.0
2026-03-20,Facebook,Growify | MOF & BOF | Sale | India +intl,0.0,0.0,0,0,0.0
2026-03-20,Facebook,Growify | TOF | Sale | India,0.0,0.0,0,0,0.0
2026-03-20,Facebook,Growify | TOF | Sales | India | Open,0.0,0.0,0,0,0.0
2026-03-21,Facebook,Conv | Tof | Multi Category | Ind | Direct | Growify | LAL,3451.83,0.0,2777,82313,0.0
2026-03-21,Facebook,Conv | Tof | Multicategory | INT | Direct | Growify,6354.7,0.0,272,8563,0.0
2026-03-21,Facebook,Conv | Tof | Multicategory | INT | Direct | Growify,99.68,0.0,12,181,0.0
2026-03-21,Facebook,Conv | Tof | Multicategory | INT | Direct | Growify,447.71,0.0,57,711,0.0
2026-03-21,Facebook,Growify | MOF & BOF | Sale | India +intl,3479.34,0.0,6404,91656,0.0
2026-03-21,Facebook,Growify | MOF & BOF | Sale | India +intl,0.0,0.0,0,0,0.0
2026-03-21,Facebook,Growify | TOF | Sale | India,1734.49,0.0,2252,75665,0.0
2026-03-21,Facebook,Growify | TOF | Sale | US,86.22,0.0,2,36,0.0
2026-03-21,Facebook,Growify | TOF | Sale | US,3.78,0.0,0,1,0.0
2026-03-21,Facebook,Growify | TOF | Sale | US,6829.21,0.0,142,2877,0.0
2026-03-21,Facebook,Growify | TOF | Sales | India | Open,0.0,0.0,0,0,0.0
2026-03-21,Facebook,Growify | TOF | Sales | India | Open,3839.02,0.0,563,21915,0.0
2026-03-21,Facebook,Growify | TOF | Sales | India | Open,0.06,0.0,0,1,0.0
2026-03-21,Facebook,Growify | TOF | Sales | India | Open,0.0,0.0,0,2,0.0
2026-03-21,Facebook,Growify | TOF | Sales | India | Open,2960.35,0.0,357,49571,0.0
2026-03-22,Facebook,Conv | Tof | Multi Category | Ind | Direct | Growify | LAL,2881.12,0.0,905,22679,0.0
2026-03-22,Facebook,Conv | Tof | Multicategory | INT | Direct | Growify,6144.53,25800.0,303,7025,1.0
2026-03-22,Facebook,Conv | Tof | Multicategory | INT | Direct | Growify,102.09,0.0,17,153,0.0
2026-03-22,Facebook,Conv | Tof | Multicategory | INT | Direct | Growify,421.34,0.0,44,432,0.0
2026-03-22,Facebook,Growify | MOF & BOF | Sale | India +intl,2668.54,0.0,4988,108056,0.0
2026-03-22,Facebook,Growify | TOF | Sale | India,1024.54,0.0,2080,68858,0.0
2026-03-22,Facebook,Growify | TOF | Sale | India,15.89,0.0,1,55,0.0
2026-03-22,Facebook,Growify | TOF | Sale | India,10.34,0.0,1,31,0.0
2026-03-22,Facebook,Growify | TOF | Sale | US,21.82,0.0,4,15,0.0
2026-03-22,Facebook,Growify | TOF | Sale | US,2.64,0.0,0,2,0.0
2026-03-22,Facebook,Growify | TOF | Sale | US,6806.64,0.0,124,2156,0.0
2026-03-22,Facebook,Growify | TOF | Sales | India | Open,0.0,0.0,0,1,0.0
2026-03-22,Facebook,Growify | TOF | Sales | India | Open,1303.23,0.0,113,4459,0.0
2026-03-22,Facebook,Growify | TOF | Sales | India | Open,4294.83,7650.0,554,16977,1.0
2026-03-22,Facebook,Growify | TOF | Sales | India | Open,184.31,0.0,41,5696,0.0
2026-03-22,Facebook,Growify | TOF | Sales | India | Open,331.12,0.0,50,1865,0.0
2026-03-23,Facebook,Conv | Tof | Multi Category | Ind | Direct | Growify | LAL,907.06,0.0,319,7820,0.0
2026-03-23,Facebook,Conv | Tof | Multicategory | INT | Direct | Growify,1664.39,0.0,56,1542,0.0
2026-03-23,Facebook,Conv | Tof | Multicategory | INT | Direct | Growify,311.71,0.0,26,423,0.0
2026-03-23,Facebook,Conv | Tof | Multicategory | INT | Direct | Growify,810.03,0.0,41,777,0.0
2026-03-23,Facebook,Growify | MOF & BOF | Sale | India +intl,889.49,0.0,1849,42920,0.0
2026-03-23,Facebook,Growify | MOF & BOF | Sale | India +intl,0.0,0.0,0,0,0.0
2026-03-23,Facebook,Growify | TOF | Sale | India,954.69,0.0,2482,108819,0.0
2026-03-23,Facebook,Growify | TOF | Sale | India,6.4,0.0,2,49,0.0
2026-03-23,Facebook,Growify | TOF | Sale | India,53.53,0.0,5,224,0.0
2026-03-23,Facebook,Growify | TOF | Sale | US,218.85,0.0,6,61,0.0
2026-03-23,Facebook,Growify | TOF | Sale | US,2242.42,0.0,44,732,0.0
2026-03-23,Facebook,Growify | TOF | Sales | India | Open,349.57,0.0,60,7526,0.0
2026-03-23,Facebook,Growify | TOF | Sales | India | Open,200.62,0.0,35,731,0.0
2026-03-23,Facebook,Growify | TOF | Sales | India | Open,699.01,0.0,157,5024,0.0
2026-03-23,Facebook,Growify | TOF | Sales | India | Open,66.39,0.0,43,8855,0.0
2026-03-23,Facebook,Growify | TOF | Sales | India | Open,290.38,0.0,73,2286,0.0
2026-03-24,Facebook,Conv | Tof | Multi Category | Ind | Direct | Growify | LAL,926.7,0.0,464,7718,0.0
2026-03-24,Facebook,Conv | Tof | Multicategory | INT | Direct | Growify,1249.09,0.0,49,1272,0.0
2026-03-24,Facebook,Conv | Tof | Multicategory | INT | Direct | Growify,804.35,0.0,37,575,0.0
2026-03-24,Facebook,Conv | Tof | Multicategory | INT | Direct | Growify,1077.49,0.0,88,831,0.0
2026-03-24,Facebook,Growify | MOF & BOF | Sale | India +intl,561.86,0.0,827,15886,0.0
2026-03-24,Facebook,Growify | TOF | Sale | India,924.76,14850.0,1324,43977,1.0
2026-03-24,Facebook,Growify | TOF | Sale | India,0.05,0.0,0,2,0.0
2026-03-24,Facebook,Growify | TOF | Sale | India,83.77,0.0,15,334,0.0
2026-03-24,Facebook,Growify | TOF | Sale | US,1570.07,0.0,33,683,0.0
2026-03-24,Facebook,Growify | TOF | Sale | US,935.62,0.0,28,577,0.0
2026-03-24,Facebook,Growify | TOF | Sale | US,731.2,0.0,16,275,0.0
2026-03-24,Facebook,Growify | TOF | Sales | India | Open,310.55,0.0,32,1800,0.0
2026-03-24,Facebook,Growify | TOF | Sales | India | Open,293.11,0.0,19,461,0.0
2026-03-24,Facebook,Growify | TOF | Sales | India | Open,1286.28,0.0,220,6325,0.0
2026-03-24,Facebook,Growify | TOF | Sales | India | Open,21.45,0.0,2,104,0.0
2026-03-24,Facebook,Growify | TOF | Sales | India | Open,736.59,0.0,60,1974,0.0
2026-03-25,Facebook,Conv | Tof | Multi Category | Ind | Direct | Growify | LAL,983.61,0.0,395,8440,0.0
2026-03-25,Facebook,Conv | Tof | Multicategory | INT | Direct | Growify,1049.119999,0.0,63,1064,0.0
2026-03-25,Facebook,Conv | Tof | Multicategory | INT | Direct | Growify,609.09,0.0,21,561,0.0
2026-03-25,Facebook,Conv | Tof | Multicategory | INT | Direct | Growify,2088.06,0.0,133,1845,0.0
2026-03-25,Facebook,Growify | MOF & BOF | Sale | India +intl,1431.4,0.0,2954,59100,0.0
2026-03-25,Facebook,Growify | MOF & BOF | Sale | India +intl,96.9,0.0,46,1969,0.0
2026-03-25,Facebook,Growify | TOF | Sale | India,846.58,0.0,487,22876,0.0
2026-03-25,Facebook,Growify | TOF | Sale | India,9.31,0.0,4,79,0.0
2026-03-25,Facebook,Growify | TOF | Sale | India,0.15,0.0,0,4,0.0
2026-03-25,Facebook,Growify | TOF | Sale | India,989.8,0.0,2151,95027,0.0
2026-03-25,Facebook,Growify | TOF | Sale | India,0.72,0.0,1,17,0.0
2026-03-25,Facebook,Growify | TOF | Sale | India,1.72,0.0,0,29,0.0
2026-03-25,Facebook,Growify | TOF | Sale | India,43.7,0.0,17,417,0.0
2026-03-25,Facebook,Growify | TOF | Sale | US,496.25,0.0,10,159,0.0
2026-03-25,Facebook,Growify | TOF | Sale | US,64.36,0.0,1,19,0.0
2026-03-25,Facebook,Growify | TOF | Sale | US,703.16,0.0,21,429,0.0
2026-03-25,Facebook,Growify | TOF | Sale | US,1498.57,0.0,51,741,0.0
2026-03-25,Facebook,Growify | TOF | Sales | India | Open,348.01,0.0,52,5870,0.0
2026-03-25,Facebook,Growify | TOF | Sales | India | Open,274.55,0.0,31,676,0.0
2026-03-25,Facebook,Growify | TOF | Sales | India | Open,572.33,0.0,59,733,0.0
2026-03-25,Facebook,Growify | TOF | Sales | India | Open,95.44,0.0,41,4493,0.0
2026-03-25,Facebook,Growify | TOF | Sales | India | Open,1949.55,35550.0,362,10557,2.0
2026-03-25,Facebook,Growify | TOF | Sales | India | Open,1.74,0.0,0,67,0.0
2026-03-25,Facebook,Growify | TOF | Sales | India | Open,211.78,0.0,21,801,0.0
2026-03-26,Facebook,Conv | Tof | Multi Category | Ind | Direct | Growify | LAL,967.95,0.0,370,7158,0.0
2026-03-26,Facebook,Conv | Tof | Multicategory | INT | Direct | Growify,1044.46,0.0,51,1292,0.0
2026-03-26,Facebook,Conv | Tof | Multicategory | INT | Direct | Growify,862.17,0.0,52,1011,0.0
2026-03-26,Facebook,Conv | Tof | Multicategory | INT | Direct | Growify,1836.69,0.0,158,2231,0.0
2026-03-26,Facebook,Growify | MOF & BOF | Sale | India +intl,746.33,0.0,982,18168,0.0
2026-03-26,Facebook,Growify | MOF & BOF | Sale | India +intl,318.81,0.0,258,4135,0.0
2026-03-26,Facebook,Growify | TOF | Sale | India,753.03,0.0,216,9747,0.0
2026-03-26,Facebook,Growify | TOF | Sale | India,92.34,0.0,13,641,0.0
2026-03-26,Facebook,Growify | TOF | Sale | India,88.46,0.0,7,241,0.0
2026-03-26,Facebook,Growify | TOF | Sale | India,869.04,0.0,1191,40911,0.0
2026-03-26,Facebook,Growify | TOF | Sale | India,4.78,0.0,1,60,0.0
2026-03-26,Facebook,Growify | TOF | Sale | India,102.74,0.0,14,368,0.0
2026-03-26,Facebook,Growify | TOF | Sale | US,644.76,0.0,6,220,0.0
2026-03-26,Facebook,Growify | TOF | Sale | US,692.16,0.0,11,244,0.0
2026-03-26,Facebook,Growify | TOF | Sale | US,383.44,0.0,7,139,0.0
2026-03-26,Facebook,Growify | TOF | Sale | US,1252.16,0.0,39,627,0.0
2026-03-26,Facebook,Growify | TOF | Sale | US,0.0,0.0,0,0,0.0
2026-03-26,Facebook,Growify | TOF | Sales | India | Open,211.3,31750.0,31,2925,1.0
2026-03-26,Facebook,Growify | TOF | Sales | India | Open,1194.77,0.0,115,3652,0.0
2026-03-26,Facebook,Growify | TOF | Sales | India | Open,244.35,0.0,24,348,0.0
2026-03-26,Facebook,Growify | TOF | Sales | India | Open,198.11,0.0,45,3846,0.0
2026-03-26,Facebook,Growify | TOF | Sales | India | Open,1045.67,0.0,162,4172,0.0
2026-03-26,Facebook,Growify | TOF | Sales | India | Open,0.0,0.0,0,0,0.0
2026-03-27,Facebook,Conv | Tof | Multi Category | Ind | Direct | Growify | LAL,986.1,0.0,311,5742,0.0
2026-03-27,Facebook,Conv | Tof | Multicategory | INT | Direct | Growify,860.46,0.0,39,757,0.0
2026-03-27,Facebook,Conv | Tof | Multicategory | INT | Direct | Growify,882.91,0.0,28,629,0.0
2026-03-27,Facebook,Conv | Tof | Multicategory | INT | Direct | Growify,2379.28,0.0,109,1434,0.0
2026-03-27,Facebook,Growify | MOF & BOF | Sale | India +intl,490.62,0.0,484,8190,0.0
2026-03-27,Facebook,Growify | MOF & BOF | Sale | India +intl,354.61,0.0,335,4119,0.0
2026-03-27,Facebook,Growify | TOF | Sale | India,724.33,0.0,261,8005,0.0
2026-03-27,Facebook,Growify | TOF | Sale | India,214.74,0.0,19,629,0.0
2026-03-27,Facebook,Growify | TOF | Sale | India,71.01,0.0,5,189,0.0
2026-03-27,Facebook,Growify | TOF | Sale | India,1021.98,0.0,1248,34841,0.0
2026-03-27,Facebook,Growify | TOF | Sale | India,4.12,0.0,0,29,0.0
2026-03-27,Facebook,Growify | TOF | Sale | India,52.01,0.0,7,180,0.0
2026-03-27,Facebook,Growify | TOF | Sale | US,506.75,0.0,5,167,0.0
2026-03-27,Facebook,Growify | TOF | Sale | US,644.34,0.0,22,359,0.0
2026-03-27,Facebook,Growify | TOF | Sale | US,990.09,0.0,19,424,0.0
2026-03-27,Facebook,Growify | TOF | Sale | US,875.56,0.0,20,427,0.0
2026-03-27,Facebook,Growify | TOF | Sale | US,0.0,0.0,0,0,0.0
2026-03-27,Facebook,Growify | TOF | Sales | India | Open,54.72,0.0,20,1621,0.0
2026-03-27,Facebook,Growify | TOF | Sales | India | Open,578.26,0.0,31,1848,0.0
2026-03-27,Facebook,Growify | TOF | Sales | India | Open,115.78,0.0,7,132,0.0
2026-03-27,Facebook,Growify | TOF | Sales | India | Open,168.11,0.0,24,2418,0.0
2026-03-27,Facebook,Growify | TOF | Sales | India | Open,1611.76,0.0,95,4355,0.0
2026-03-27,Facebook,Growify | TOF | Sales | India | Open,0.0,0.0,0,0,0.0
2026-03-28,Facebook,Conv | Tof | Multi Category | Ind | Direct | Growify | LAL,758.49,0.0,458,8477,0.0
2026-03-28,Facebook,Conv | Tof | Multicategory | INT | Direct | Growify,749.41,0.0,36,744,0.0
2026-03-28,Facebook,Conv | Tof | Multicategory | INT | Direct | Growify,497.83,0.0,29,551,0.0
2026-03-28,Facebook,Conv | Tof | Multicategory | INT | Direct | Growify,1936.98,0.0,99,1666,0.0
2026-03-28,Facebook,Growify | MOF & BOF | Sale | India +intl,320.47,0.0,438,6816,0.0
2026-03-28,Facebook,Growify | MOF & BOF | Sale | India +intl,345.57,0.0,481,5968,0.0
2026-03-28,Facebook,Growify | TOF | Sale | India,600.47,0.0,203,7197,0.0
2026-03-28,Facebook,Growify | TOF | Sale | India,20.81,0.0,0,61,0.0
2026-03-28,Facebook,Growify | TOF | Sale | India,8.93,0.0,1,28,0.0
2026-03-28,Facebook,Growify | TOF | Sale | India,748.18,0.0,901,23489,0.0
2026-03-28,Facebook,Growify | TOF | Sale | India,19.42,0.0,7,92,0.0
2026-03-28,Facebook,Growify | TOF | Sale | US,517.059999,0.0,16,203,0.0
2026-03-28,Facebook,Growify | TOF | Sale | US,0.0,0.0,0,0,0.0
2026-03-28,Facebook,Growify | TOF | Sale | US,406.04,0.0,11,244,0.0
2026-03-28,Facebook,Growify | TOF | Sale | US,1143.93,0.0,27,535,0.0
2026-03-28,Facebook,Growify | TOF | Sale | US,657.45,0.0,22,444,0.0
2026-03-28,Facebook,Growify | TOF | Sales | India | Open,148.65,0.0,22,1483,0.0
2026-03-28,Facebook,Growify | TOF | Sales | India | Open,650.52,0.0,60,3128,0.0
2026-03-28,Facebook,Growify | TOF | Sales | India | Open,147.63,0.0,11,229,0.0
2026-03-28,Facebook,Growify | TOF | Sales | India | Open,502.93,0.0,84,8013,0.0
2026-03-28,Facebook,Growify | TOF | Sales | India | Open,976.41,0.0,177,4529,0.0
2026-03-28,Facebook,Growify | TOF | Sales | India | Open,0.0,0.0,0,0,0.0
2026-03-29,Facebook,Conv | Tof | Multi Category | Ind | Direct | Growify | LAL,1099.54,0.0,566,11349,0.0
2026-03-29,Facebook,Conv | Tof | Multicategory | INT | Direct | Growify,931.53,0.0,42,760,0.0
2026-03-29,Facebook,Conv | Tof | Multicategory | INT | Direct | Growify,511.26,0.0,25,610,0.0
2026-03-29,Facebook,Conv | Tof | Multicategory | INT | Direct | Growify,2590.11,0.0,125,2449,0.0
2026-03-29,Facebook,Growify | MOF & BOF | Sale | India +intl,606.79,0.0,1188,18833,0.0
2026-03-29,Facebook,Growify | MOF & BOF | Sale | India +intl,237.89,0.0,377,5314,0.0
2026-03-29,Facebook,Growify | TOF | Sale | India,1007.95,0.0,397,13036,0.0
2026-03-29,Facebook,Growify | TOF | Sale | India,48.26,0.0,3,131,0.0
2026-03-29,Facebook,Growify | TOF | Sale | India,5.3,0.0,1,22,0.0
2026-03-29,Facebook,Growify | TOF | Sale | India,1041.099999,0.0,1482,38349,0.0
2026-03-29,Facebook,Growify | TOF | Sale | India,0.39,0.0,0,7,0.0
2026-03-29,Facebook,Growify | TOF | Sale | India,0.92,0.0,0,7,0.0
2026-03-29,Facebook,Growify | TOF | Sale | India,23.88,0.0,2,107,0.0
2026-03-29,Facebook,Growify | TOF | Sale | US,447.93,0.0,9,224,0.0
2026-03-29,Facebook,Growify | TOF | Sale | US,347.85,0.0,7,227,0.0
2026-03-29,Facebook,Growify | TOF | Sale | US,1330.24,0.0,37,646,0.0
2026-03-29,Facebook,Growify | TOF | Sale | US,0.0,0.0,0,0,0.0
2026-03-29,Facebook,Growify | TOF | Sale | US,898.38,0.0,10,386,0.0
2026-03-29,Facebook,Growify | TOF | Sales | India | Open,176.93,0.0,16,2523,0.0
2026-03-29,Facebook,Growify | TOF | Sales | India | Open,771.07,0.0,64,4307,0.0
2026-03-29,Facebook,Growify | TOF | Sales | India | Open,251.97,0.0,26,432,0.0
2026-03-29,Facebook,Growify | TOF | Sales | India | Open,493.71,0.0,118,11362,0.0
2026-03-29,Facebook,Growify | TOF | Sales | India | Open,1650.75,0.0,197,4828,0.0
2026-03-30,Facebook,Conv | Tof | Multi Category | Ind | Direct | Growify | LAL,841.28,0.0,551,8956,0.0
2026-03-30,Facebook,Conv | Tof | Multicategory | INT | Direct | Growify,1331.32,0.0,52,1394,0.0
2026-03-30,Facebook,Conv | Tof | Multicategory | INT | Direct | Growify,506.7,0.0,34,711,0.0
2026-03-30,Facebook,Conv | Tof | Multicategory | INT | Direct | Growify,1795.75,0.0,147,1970,0.0
2026-03-30,Facebook,Growify | MOF & BOF | Sale | India +intl,349.76,0.0,549,8134,0.0
2026-03-30,Facebook,Growify | MOF & BOF | Sale | India +intl,480.98,0.0,1014,14662,0.0
2026-03-30,Facebook,Growify | TOF | Sale | India,686.71,0.0,426,14220,0.0
2026-03-30,Facebook,Growify | TOF | Sale | India,68.41,0.0,3,141,0.0
2026-03-30,Facebook,Growify | TOF | Sale | India,0.25,0.0,0,4,0.0
2026-03-30,Facebook,Growify | TOF | Sale | India,13.32,0.0,1,62,0.0
2026-03-30,Facebook,Growify | TOF | Sale | India,755.28,0.0,1497,38028,0.0
2026-03-30,Facebook,Growify | TOF | Sale | India,13.77,0.0,4,19,0.0
2026-03-30,Facebook,Growify | TOF | Sale | India,33.259999,0.0,3,59,0.0
2026-03-30,Facebook,Growify | TOF | Sale | US,395.47,0.0,7,198,0.0
2026-03-30,Facebook,Growify | TOF | Sale | US,333.04,0.0,10,196,0.0
2026-03-30,Facebook,Growify | TOF | Sale | US,8.18,0.0,0,7,0.0
2026-03-30,Facebook,Growify | TOF | Sale | US,727.36,0.0,19,413,0.0
2026-03-30,Facebook,Growify | TOF | Sale | US,10.88,0.0,0,13,0.0
2026-03-30,Facebook,Growify | TOF | Sales | India | Open,322.86,0.0,50,5733,0.0
2026-03-30,Facebook,Growify | TOF | Sales | India | Open,403.27,0.0,43,4220,0.0
2026-03-30,Facebook,Growify | TOF | Sales | India | Open,206.34,0.0,24,426,0.0
2026-03-30,Facebook,Growify | TOF | Sales | India | Open,412.55,0.0,58,4892,0.0
2026-03-30,Facebook,Growify | TOF | Sales | India | Open,131.62,0.0,18,384,0.0
2026-03-30,Facebook,Growify | TOF | Sales | India | Open,895.16,0.0,128,3398,0.0
2026-03-31,Facebook,Conv | Tof | Multi Category | Ind | Direct | Growify | LAL,1034.619999,0.0,712,11853,0.0
2026-03-31,Facebook,Conv | Tof | Multi Category | Ind | Direct | Growify | LAL,87.25,0.0,2,147,0.0
2026-03-31,Facebook,Conv | Tof | Multicategory | INT | Direct | Growify,3996.09,0.0,133,4571,0.0
2026-03-31,Facebook,Conv | Tof | Multicategory | INT | Direct | Growify,979.49,0.0,48,1048,0.0
2026-03-31,Facebook,Conv | Tof | Multicategory | INT | Direct | Growify,909.64,0.0,17,693,0.0
2026-03-31,Facebook,Conv | Tof | Multicategory | INT | Direct | Growify,2318.53,0.0,110,2240,0.0
2026-03-31,Facebook,Growify | MOF & BOF | Sale | India +intl,67.26,0.0,8,166,0.0
2026-03-31,Facebook,Growify | MOF & BOF | Sale | India +intl,44.26,0.0,5,266,0.0
2026-03-31,Facebook,Growify | MOF & BOF | Sale | India +intl,8.109999,0.0,0,39,0.0
2026-03-31,Facebook,Growify | MOF & BOF | Sale | India +intl,167.54,0.0,18,748,0.0
2026-03-31,Facebook,Growify | MOF & BOF | Sale | India +intl,490.18,0.0,266,3839,0.0
2026-03-31,Facebook,Growify | MOF & BOF | Sale | India +intl,862.05,0.0,1641,19605,0.0
2026-03-31,Facebook,Growify | MOF & BOF | Sale | India +intl,342.47,0.0,811,10668,0.0
2026-03-31,Facebook,Growify | TOF | Sale | India,881.16,0.0,533,17389,0.0
2026-03-31,Facebook,Growify | TOF | Sale | India,11.19,0.0,5,57,0.0
2026-03-31,Facebook,Growify | TOF | Sale | India,4.48,0.0,0,8,0.0
2026-03-31,Facebook,Growify | TOF | Sale | India,0.18,0.0,0,1,0.0
2026-03-31,Facebook,Growify | TOF | Sale | India,258.69,14000.0,69,1061,1.0
2026-03-31,Facebook,Growify | TOF | Sale | India,1371.21,20890.1,2126,47985,1.0
2026-03-31,Facebook,Growify | TOF | Sale | India,0.41,0.0,0,1,0.0
2026-03-31,Facebook,Growify | TOF | Sale | India,0.14,0.0,0,2,0.0
2026-03-31,Facebook,Growify | TOF | Sale | India,207.57,0.0,16,419,0.0
2026-03-31,Facebook,Growify | TOF | Sale | India,3.46,0.0,1,7,0.0
2026-03-31,Facebook,Growify | TOF | Sale | India,242.44,0.0,5,89,0.0
2026-03-31,Facebook,Growify | TOF | Sale | US,479.4,0.0,16,275,0.0
2026-03-31,Facebook,Growify | TOF | Sale | US,507.52,0.0,17,248,0.0
2026-03-31,Facebook,Growify | TOF | Sale | US,31.4,0.0,0,7,0.0
2026-03-31,Facebook,Growify | TOF | Sale | US,1725.69,55200.0,41,583,1.0
2026-03-31,Facebook,Growify | TOF | Sale | US,305.3,0.0,5,74,0.0
2026-03-31,Facebook,Growify | TOF | Sale | US,905.0,0.0,52,462,0.0
2026-03-31,Facebook,Growify | TOF | Sales | India | Open,38.45,0.0,4,995,0.0
2026-03-31,Facebook,Growify | TOF | Sales | India | Open,529.75,0.0,63,7918,0.0
2026-03-31,Facebook,Growify | TOF | Sales | India | Open,175.97,0.0,25,295,0.0
2026-03-31,Facebook,Growify | TOF | Sales | India | Open,548.97,0.0,220,28862,0.0
2026-03-31,Facebook,Growify | TOF | Sales | India | Open,212.28,0.0,5,973,0.0
2026-03-31,Facebook,Growify | TOF | Sales | India | Open,2063.429999,0.0,263,7618,0.0
2026-03-31,Facebook,Growify | TOF | Sales | India | Open,1347.89,0.0,263,6158,0.0
2026-03-31,Facebook,Growify | TOF | Sales | India | Open,0.01,0.0,0,1,0.0
2026-04-01,Facebook,Conv | Tof | Multi Category | Ind | Direct | Growify | LAL,905.17,0.0,416,6206,0.0
2026-04-01,Facebook,Conv | Tof | Multi Category | Ind | Direct | Growify | LAL,161.51,0.0,11,623,0.0
2026-04-01,Facebook,Conv | Tof | Multicategory | INT | Direct | Growify,4440.06,0.0,224,4576,0.0
2026-04-01,Facebook,Conv | Tof | Multicategory | INT | Direct | Growify,478.96,0.0,20,495,0.0
2026-04-01,Facebook,Conv | Tof | Multicategory | INT | Direct | Growify,683.54,0.0,22,540,0.0
2026-04-01,Facebook,Conv | Tof | Multicategory | INT | Direct | Growify,448.47,0.0,28,422,0.0
2026-04-01,Facebook,Conv | Tof | Multicategory | INT | Direct | Growify,770.39,0.0,82,873,0.0
2026-04-01,Facebook,Conv | Tof | Multicategory | INT | Direct | Growify,1279.69,0.0,67,895,0.0
2026-04-01,Facebook,Conv | Tof | Multicategory | INT | Direct | Growify,58.62,0.0,2,64,0.0
2026-04-01,Facebook,Conv | Tof | Multicategory | INT | Direct | Growify,1442.11,0.0,96,1704,0.0
2026-04-01,Facebook,Growify | MOF & BOF | Sale | India +intl,99.99,0.0,11,241,0.0
2026-04-01,Facebook,Growify | MOF & BOF | Sale | India +intl,61.92,0.0,4,228,0.0
2026-04-01,Facebook,Growify | MOF & BOF | Sale | India +intl,212.17,0.0,126,2133,0.0
2026-04-01,Facebook,Growify | MOF & BOF | Sale | India +intl,107.67,0.0,9,477,0.0
2026-04-01,Facebook,Growify | MOF & BOF | Sale | India +intl,497.33,0.0,410,5569,0.0
2026-04-01,Facebook,Growify | MOF & BOF | Sale | India +intl,1033.18,6300.0,904,11633,1.0
2026-04-01,Facebook,Growify | MOF & BOF | Sale | India +intl,360.92,0.0,379,5363,0.0
2026-04-01,Facebook,Growify | TOF | Sale | India,969.32,0.0,331,10795,0.0
2026-04-01,Facebook,Growify | TOF | Sale | India,46.46,0.0,0,61,0.0
2026-04-01,Facebook,Growify | TOF | Sale | India,1.7,0.0,0,19,0.0
2026-04-01,Facebook,Growify | TOF | Sale | India,219.6,0.0,44,913,0.0
2026-04-01,Facebook,Growify | TOF | Sale | India,9.15,0.0,0,28,0.0
2026-04-01,Facebook,Growify | TOF | Sale | India,1982.98,0.0,2758,60533,0.0
2026-04-01,Facebook,Growify | TOF | Sale | India,26.08,0.0,2,63,0.0
2026-04-01,Facebook,Growify | TOF | Sale | India,126.64,0.0,17,622,0.0
2026-04-01,Facebook,Growify | TOF | Sale | India,72.71,18305.0,27,405,1.0
2026-04-01,Facebook,Growify | TOF | Sale | US,196.34,0.0,3,78,0.0
2026-04-01,Facebook,Growify | TOF | Sale | US,87.89,0.0,4,63,0.0
2026-04-01,Facebook,Growify | TOF | Sale | US,69.81,0.0,0,24,0.0
2026-04-01,Facebook,Growify | TOF | Sale | US,224.29,0.0,5,133,0.0
2026-04-01,Facebook,Growify | TOF | Sale | US,689.42,0.0,17,352,0.0
2026-04-01,Facebook,Growify | TOF | Sale | US,2275.81,0.0,81,1097,0.0
2026-04-01,Facebook,Growify | TOF | Sales | India | Open,346.11,0.0,32,4753,0.0
2026-04-01,Facebook,Growify | TOF | Sales | India | Open,204.22,0.0,9,220,0.0
2026-04-01,Facebook,Growify | TOF | Sales | India | Open,1882.61,18550.0,209,26762,1.0
2026-04-01,Facebook,Growify | TOF | Sales | India | Open,195.42,0.0,17,617,0.0
2026-04-01,Facebook,Growify | TOF | Sales | India | Open,1364.62,14350.0,185,5396,1.0
2026-04-01,Facebook,Growify | TOF | Sales | India | Open,1011.63,0.0,238,7003,0.0
2026-04-02,Facebook,Conv | Tof | Multi Category | Ind | Direct | Growify | LAL,674.21,0.0,373,5891,0.0
2026-04-02,Facebook,Conv | Tof | Multi Category | Ind | Direct | Growify | LAL,27.26,0.0,0,154,0.0
2026-04-02,Facebook,Conv | Tof | Multicategory | INT | Direct | Growify,1774.66,0.0,68,2110,0.0
2026-04-02,Facebook,Conv | Tof | Multicategory | INT | Direct | Growify,2309.84,0.0,84,3113,0.0
2026-04-02,Facebook,Conv | Tof | Multicategory | INT | Direct | Growify,548.44,0.0,10,774,0.0
2026-04-02,Facebook,Conv | Tof | Multicategory | INT | Direct | Growify,609.92,0.0,21,515,0.0
2026-04-02,Facebook,Conv | Tof | Multicategory | INT | Direct | Growify,819.65,0.0,58,799,0.0
2026-04-02,Facebook,Conv | Tof | Multicategory | INT | Direct | Growify,1625.22,31150.0,73,1913,1.0
2026-04-02,Facebook,Conv | Tof | Multicategory | INT | Direct | Growify,136.37,0.0,1,171,0.0
2026-04-02,Facebook,Conv | Tof | Multicategory | INT | Direct | Growify,1328.29,0.0,80,1643,0.0
2026-04-02,Facebook,Growify | MOF & BOF | Sale | India +intl,0.13,0.0,0,5,0.0
2026-04-02,Facebook,Growify | MOF & BOF | Sale | India +intl,8.13,0.0,2,90,0.0
2026-04-02,Facebook,Growify | MOF & BOF | Sale | India +intl,84.13,0.0,80,956,0.0
2026-04-02,Facebook,Growify | MOF & BOF | Sale | India +intl,31.61,0.0,1,51,0.0
2026-04-02,Facebook,Growify | MOF & BOF | Sale | India +intl,412.95,15050.0,464,7000,1.0
2026-04-02,Facebook,Growify | MOF & BOF | Sale | India +intl,580.3,0.0,964,13308,0.0
2026-04-02,Facebook,Growify | MOF & BOF | Sale | India +intl,124.55,0.0,302,3749,0.0
2026-04-02,Facebook,Growify | TOF | Sale | India,681.78,0.0,236,7144,0.0
2026-04-02,Facebook,Growify | TOF | Sale | India,0.64,0.0,0,4,0.0
2026-04-02,Facebook,Growify | TOF | Sale | India,7.63,0.0,4,58,0.0
2026-04-02,Facebook,Growify | TOF | Sale | India,78.96,0.0,12,277,0.0
2026-04-02,Facebook,Growify | TOF | Sale | India,1155.72,0.0,3397,58484,0.0
2026-04-02,Facebook,Growify | TOF | Sale | India,1.32,0.0,1,12,0.0
2026-04-02,Facebook,Growify | TOF | Sale | India,71.14,0.0,13,288,0.0
2026-04-02,Facebook,Growify | TOF | Sale | India,50.01,0.0,20,265,0.0
2026-04-02,Facebook,Growify | TOF | Sale | US,39.83,0.0,2,26,0.0
2026-04-02,Facebook,Growify | TOF | Sale | US,53.97,0.0,5,20,0.0
2026-04-02,Facebook,Growify | TOF | Sale | US,2.48,0.0,0,1,0.0
2026-04-02,Facebook,Growify | TOF | Sale | US,49.85,0.0,2,34,0.0
2026-04-02,Facebook,Growify | TOF | Sale | US,552.13,0.0,5,169,0.0
2026-04-02,Facebook,Growify | TOF | Sale | US,1186.13,0.0,34,550,0.0
2026-04-02,Facebook,Growify | TOF | Sales | India | Open,221.62,0.0,28,3343,0.0
2026-04-02,Facebook,Growify | TOF | Sales | India | Open,193.05,0.0,29,522,0.0
2026-04-02,Facebook,Growify | TOF | Sales | India | Open,423.4,0.0,162,16442,0.0
2026-04-02,Facebook,Growify | TOF | Sales | India | Open,218.53,0.0,19,1053,0.0
2026-04-02,Facebook,Growify | TOF | Sales | India | Open,1166.01,0.0,118,4735,0.0
2026-04-02,Facebook,Growify | TOF | Sales | India | Open,872.91,0.0,210,5027,0.0
2026-04-03,Facebook,Conv | Tof | Multi Category | Ind | Direct | Growify | LAL,1069.24,21700.0,460,6498,1.0
2026-04-03,Facebook,Conv | Tof | Multi Category | Ind | Direct | Growify | LAL,50.66,0.0,6,160,0.0
2026-04-03,Facebook,Conv | Tof | Multicategory | INT | Direct | Growify,584.87,0.0,34,624,0.0
2026-04-03,Facebook,Conv | Tof | Multicategory | INT | Direct | Growify,859.7,0.0,38,950,0.0
2026-04-03,Facebook,Conv | Tof | Multicategory | INT | Direct | Growify,24.27,0.0,0,34,0.0
2026-04-03,Facebook,Conv | Tof | Multicategory | INT | Direct | Growify,169.66,0.0,6,146,0.0
2026-04-03,Facebook,Conv | Tof | Multicategory | INT | Direct | Growify,632.63,0.0,54,561,0.0
2026-04-03,Facebook,Conv | Tof | Multicategory | INT | Direct | Growify,957.84,0.0,46,878,0.0
2026-04-03,Facebook,Conv | Tof | Multicategory | INT | Direct | Growify,102.67,0.0,1,75,0.0
2026-04-03,Facebook,Conv | Tof | Multicategory | INT | Direct | Growify,3966.36,0.0,207,4474,0.0
2026-04-03,Facebook,Growify | MOF & BOF | Sale | India +intl,0.04,0.0,0,1,0.0
2026-04-03,Facebook,Growify | MOF & BOF | Sale | India +intl,377.58,0.0,345,4813,0.0
2026-04-03,Facebook,Growify | MOF & BOF | Sale | India +intl,0.14,0.0,0,3,0.0
2026-04-03,Facebook,Growify | MOF & BOF | Sale | India +intl,1391.1,0.0,871,15413,0.0
2026-04-03,Facebook,Growify | MOF & BOF | Sale | India +intl,819.75,0.0,1102,16446,0.0
2026-04-03,Facebook,Growify | MOF & BOF | Sale | India +intl,164.23,19250.0,266,3549,1.0
2026-04-03,Facebook,Growify | TOF | Sale | India,704.76,0.0,282,7072,0.0
2026-04-03,Facebook,Growify | TOF | Sale | India,4.16,0.0,1,6,0.0
2026-04-03,Facebook,Growify | TOF | Sale | India,0.0,0.0,0,0,0.0
2026-04-03,Facebook,Growify | TOF | Sale | India,252.29,0.0,49,1082,0.0
2026-04-03,Facebook,Growify | TOF | Sale | India,0.48,0.0,0,3,0.0
2026-04-03,Facebook,Growify | TOF | Sale | India,1356.75,0.0,1830,36713,0.0
2026-04-03,Facebook,Growify | TOF | Sale | India,27.07,0.0,8,108,0.0
2026-04-03,Facebook,Growify | TOF | Sale | India,56.88,0.0,1,45,0.0
2026-04-03,Facebook,Growify | TOF | Sale | India,345.33,0.0,26,695,0.0
2026-04-03,Facebook,Growify | TOF | Sale | India,34.65,0.0,1,23,0.0
2026-04-03,Facebook,Growify | TOF | Sale | India,312.64,0.0,78,1299,0.0
2026-04-03,Facebook,Growify | TOF | Sale | US,42.81,0.0,0,34,0.0
2026-04-03,Facebook,Growify | TOF | Sale | US,46.49,0.0,8,39,0.0
2026-04-03,Facebook,Growify | TOF | Sale | US,95.09,0.0,4,38,0.0
2026-04-03,Facebook,Growify | TOF | Sale | US,104.43,0.0,1,62,0.0
2026-04-03,Facebook,Growify | TOF | Sale | US,551.68,0.0,6,222,0.0
2026-04-03,Facebook,Growify | TOF | Sale | US,2470.39,26769.1,74,1138,1.0
2026-04-03,Facebook,Growify | TOF | Sales | India | Open,70.73,0.0,12,460,0.0
2026-04-03,Facebook,Growify | TOF | Sales | India | Open,22.32,0.0,2,77,0.0
2026-04-03,Facebook,Growify | TOF | Sales | India | Open,140.58,0.0,40,4823,0.0
2026-04-03,Facebook,Growify | TOF | Sales | India | Open,103.33,0.0,4,271,0.0
2026-04-03,Facebook,Growify | TOF | Sales | India | Open,361.38,0.0,62,1669,0.0
2026-04-03,Facebook,Growify | TOF | Sales | India | Open,215.75,0.0,71,1765,0.0
2026-04-03,Facebook,Growify | TOF | Traffic | India,124.49,0.0,75,8420,0.0
2026-04-03,Facebook,Growify | TOF | Traffic | India,32.15,0.0,28,1480,0.0
2026-04-03,Facebook,Growify | TOF | Traffic | India,155.09,0.0,120,10487,0.0
2026-04-04,Facebook,Conv | Tof | Multi Category | Ind | Direct | Growify | LAL,973.37,0.0,338,5386,0.0
2026-04-04,Facebook,Conv | Tof | Multi Category | Ind | Direct | Growify | LAL,62.96,0.0,2,117,0.0
2026-04-04,Facebook,Conv | Tof | Multicategory | INT | Direct | Growify,0.0,0.0,0,0,0.0
2026-04-04,Facebook,Conv | Tof | Multicategory | INT | Direct | Growify,0.0,0.0,0,0,0.0
2026-04-04,Facebook,Conv | Tof | Multicategory | INT | Direct | Growify,0.0,0.0,0,0,0.0
2026-04-04,Facebook,Conv | Tof | Multicategory | INT | Direct | Growify,0.0,0.0,0,0,0.0
2026-04-04,Facebook,Conv | Tof | Multicategory | INT | Direct | Growify,4634.05,0.0,241,6144,0.0
2026-04-04,Facebook,Growify | MOF & BOF | Sale | India +intl,258.68,0.0,20,579,0.0
2026-04-04,Facebook,Growify | MOF & BOF | Sale | India +intl,237.89,0.0,115,2280,0.0
2026-04-04,Facebook,Growify | MOF & BOF | Sale | India +intl,1083.25,0.0,229,4835,0.0
2026-04-04,Facebook,Growify | MOF & BOF | Sale | India +intl,832.99,0.0,780,8421,0.0
2026-04-04,Facebook,Growify | MOF & BOF | Sale | India +intl,194.51,0.0,209,2133,0.0
2026-04-04,Facebook,Growify | TOF | Sale | India,844.0,0.0,237,5996,0.0
2026-04-04,Facebook,Growify | TOF | Sale | India,42.8,0.0,0,38,0.0
2026-04-04,Facebook,Growify | TOF | Sale | India,129.5,0.0,20,446,0.0
2026-04-04,Facebook,Growify | TOF | Sale | India,1372.45,0.0,1922,25836,0.0
2026-04-04,Facebook,Growify | TOF | Sale | India,14.25,0.0,0,52,0.0
2026-04-04,Facebook,Growify | TOF | Sale | India,3.41,0.0,0,4,0.0
2026-04-04,Facebook,Growify | TOF | Sale | India,58.29,0.0,0,51,0.0
2026-04-04,Facebook,Growify | TOF | Sale | India,201.01,0.0,19,457,0.0
2026-04-04,Facebook,Growify | TOF | Sale | India,367.91,0.0,63,1069,0.0
2026-04-04,Facebook,Growify | TOF | Sale | US,73.71,0.0,0,28,0.0
2026-04-04,Facebook,Growify | TOF | Sale | US,45.63,0.0,4,23,0.0
2026-04-04,Facebook,Growify | TOF | Sale | US,81.07,0.0,1,26,0.0
2026-04-04,Facebook,Growify | TOF | Sale | US,193.68,0.0,4,81,0.0
2026-04-04,Facebook,Growify | TOF | Sale | US,637.63,0.0,15,253,0.0
2026-04-04,Facebook,Growify | TOF | Sale | US,2555.77,24000.0,86,1285,1.0
2026-04-04,Facebook,Growify | TOF | Sales | India | Open,0.0,0.0,0,0,0.0
2026-04-04,Facebook,Growify | TOF | Sales | India | Open,0.0,0.0,0,0,0.0
2026-04-04,Facebook,Growify | TOF | Sales | India | Open,0.0,0.0,0,0,0.0
2026-04-04,Facebook,Growify | TOF | Traffic | India,87.06,0.0,69,3621,0.0
2026-04-04,Facebook,Growify | TOF | Traffic | India,141.96,0.0,229,3081,0.0
2026-04-04,Facebook,Growify | TOF | Traffic | India,182.23,0.0,194,10990,0.0
2026-04-05,Facebook,Conv | Tof | Multi Category | Ind | Direct | Growify | LAL,293.11,0.0,50,1017,0.0
2026-04-05,Facebook,Conv | Tof | Multi Category | Ind | Direct | Growify | LAL,12.28,0.0,1,37,0.0
2026-04-05,Facebook,Conv | Tof | Multicategory | INT | Direct | Growify,0.0,0.0,0,0,0.0
2026-04-05,Facebook,Conv | Tof | Multicategory | INT | Direct | Growify,4009.05,0.0,172,4391,0.0
2026-04-05,Facebook,Growify | MOF & BOF | Sale | India +intl,5.24,0.0,0,10,0.0
2026-04-05,Facebook,Growify | MOF & BOF | Sale | India +intl,136.59,0.0,7,255,0.0
2026-04-05,Facebook,Growify | MOF & BOF | Sale | India +intl,61.16,0.0,17,384,0.0
2026-04-05,Facebook,Growify | MOF & BOF | Sale | India +intl,2.94,0.0,2,15,0.0
2026-04-05,Facebook,Growify | MOF & BOF | Sale | India +intl,283.84,0.0,42,1098,0.0
2026-04-05,Facebook,Growify | MOF & BOF | Sale | India +intl,130.6,0.0,93,1293,0.0
2026-04-05,Facebook,Growify | MOF & BOF | Sale | India +intl,84.49,0.0,44,507,0.0
2026-04-05,Facebook,Growify | TOF | Sale | India,220.66,0.0,62,1662,0.0
2026-04-05,Facebook,Growify | TOF | Sale | India,14.45,0.0,1,30,0.0
2026-04-05,Facebook,Growify | TOF | Sale | India,24.13,0.0,0,64,0.0
2026-04-05,Facebook,Growify | TOF | Sale | India,17.31,0.0,0,31,0.0
2026-04-05,Facebook,Growify | TOF | Sale | India,445.88,0.0,575,8927,0.0
2026-04-05,Facebook,Growify | TOF | Sale | India,3.47,0.0,0,27,0.0
2026-04-05,Facebook,Growify | TOF | Sale | India,1.2,0.0,0,10,0.0
2026-04-05,Facebook,Growify | TOF | Sale | India,37.39,0.0,9,132,0.0
2026-04-05,Facebook,Growify | TOF | Sale | India,1.16,0.0,0,8,0.0
2026-04-05,Facebook,Growify | TOF | Sale | India,98.63,40600.0,17,357,1.0
2026-04-05,Facebook,Growify | TOF | Sale | US,48.27,0.0,1,12,0.0
2026-04-05,Facebook,Growify | TOF | Sale | US,60.62,0.0,2,16,0.0
2026-04-05,Facebook,Growify | TOF | Sale | US,124.81,0.0,0,22,0.0
2026-04-05,Facebook,Growify | TOF | Sale | US,114.72,0.0,6,98,0.0
2026-04-05,Facebook,Growify | TOF | Sale | US,277.88,0.0,5,130,0.0
2026-04-05,Facebook,Growify | TOF | Sale | US,1075.58,0.0,20,533,0.0
2026-04-05,Facebook,Growify | TOF | Sales | India | Open,0.0,0.0,0,0,0.0
2026-04-05,Facebook,Growify | TOF | Sales | India | Open,0.0,0.0,0,0,0.0
2026-04-05,Facebook,Growify | TOF | Sales | India | Open,0.0,0.0,0,0,0.0
2026-04-05,Facebook,Growify | TOF | Traffic | India,12.09,0.0,7,798,0.0
2026-04-05,Facebook,Growify | TOF | Traffic | India,75.31,0.0,152,1239,0.0
2026-04-05,Facebook,Growify | TOF | Traffic | India,61.46,0.0,68,4063,0.0
2026-04-06,Facebook,Conv | Tof | Multi Category | Ind | Direct | Growify | LAL,1285.16,0.0,465,6457,0.0
2026-04-06,Facebook,Conv | Tof | Multicategory | INT | Direct | Growify,0.0,0.0,0,0,0.0
2026-04-06,Facebook,Conv | Tof | Multicategory | INT | Direct | Growify,0.0,0.0,0,0,0.0
2026-04-06,Facebook,Conv | Tof | Multicategory | INT | Direct | Growify,6587.53,0.0,217,7825,0.0
2026-04-06,Facebook,Growify | MOF & BOF | Sale | India +intl,0.45,0.0,0,3,0.0
2026-04-06,Facebook,Growify | MOF & BOF | Sale | India +intl,0.0,0.0,0,1,0.0
2026-04-06,Facebook,Growify | MOF & BOF | Sale | India +intl,0.0,0.0,0,0,0.0
2026-04-06,Facebook,Growify | MOF & BOF | Sale | India +intl,568.43,0.0,37,2225,0.0
2026-04-06,Facebook,Growify | MOF & BOF | Sale | India +intl,828.08,13650.0,168,3815,1.0
2026-04-06,Facebook,Growify | MOF & BOF | Sale | India +intl,1299.93,0.0,1634,21342,0.0
2026-04-06,Facebook,Growify | MOF & BOF | Sale | India +intl,0.12,0.0,1,10,0.0
2026-04-06,Facebook,Growify | TOF | Sale | India,1349.76,0.0,720,19804,0.0
2026-04-06,Facebook,Growify | TOF | Sale | India,0.0,0.0,0,0,0.0
2026-04-06,Facebook,Growify | TOF | Sale | India,8.34,0.0,0,3,0.0
2026-04-06,Facebook,Growify | TOF | Sale | India,2195.95,0.0,4274,64573,0.0
2026-04-06,Facebook,Growify | TOF | Sale | India,0.0,0.0,0,0,0.0
2026-04-06,Facebook,Growify | TOF | Sale | India,0.0,0.0,0,0,0.0
2026-04-06,Facebook,Growify | TOF | Sale | India,0.17,0.0,0,3,0.0
2026-04-06,Facebook,Growify | TOF | Sale | India,153.9,0.0,43,738,0.0
2026-04-06,Facebook,Growify | TOF | Sale | US,0.0,0.0,0,0,0.0
2026-04-06,Facebook,Growify | TOF | Sale | US,0.0,0.0,0,0,0.0
2026-04-06,Facebook,Growify | TOF | Sale | US,25.56,0.0,3,8,0.0
2026-04-06,Facebook,Growify | TOF | Sale | US,320.48,0.0,7,133,0.0
2026-04-06,Facebook,Growify | TOF | Sale | US,446.97,0.0,9,163,0.0
2026-04-06,Facebook,Growify | TOF | Sale | US,1013.48,0.0,36,494,0.0
2026-04-06,Facebook,Growify | TOF | Sales | India | Open,0.0,0.0,0,0,0.0
2026-04-06,Facebook,Growify | TOF | Sales | India | Open,0.0,0.0,0,0,0.0
2026-04-06,Facebook,Growify | TOF | Sales | India | Open,0.0,0.0,0,0,0.0
2026-04-06,Facebook,Growify | TOF | Traffic | India,10.94,0.0,5,310,0.0
2026-04-06,Facebook,Growify | TOF | Traffic | India,86.44,0.0,121,1953,0.0
2026-04-06,Facebook,Growify | TOF | Traffic | India,205.82,0.0,255,25280,0.0
2026-04-07,Facebook,Conv | Tof | Multi Category | Ind | Direct | Growify | LAL,2990.01,0.0,753,10852,0.0
2026-04-07,Facebook,Conv | Tof | Multi Category | Ind | Direct | Growify | LAL,68.8,0.0,0,115,0.0
2026-04-07,Facebook,Conv | Tof | Multicategory | INT | Direct | Growify,6305.14,0.0,208,7103,0.0
2026-04-07,Facebook,Growify | MOF & BOF | Sale | India +intl,586.95,4200.0,77,1938,1.0
2026-04-07,Facebook,Growify | MOF & BOF | Sale | India +intl,0.03,0.0,0,1,0.0
2026-04-07,Facebook,Growify | MOF & BOF | Sale | India +intl,832.5,0.0,71,4730,0.0
2026-04-07,Facebook,Growify | MOF & BOF | Sale | India +intl,1917.69,0.0,581,12256,0.0
2026-04-07,Facebook,Growify | MOF & BOF | Sale | India +intl,2456.81,24150.0,3231,43602,1.0
2026-04-07,Facebook,Growify | MOF & BOF | Sale | India +intl,839.81,26250.0,1524,17380,1.0
2026-04-07,Facebook,Growify | TOF | Sale | India,3196.02,0.0,1629,42510,0.0
2026-04-07,Facebook,Growify | TOF | Sale | India,241.25,0.0,12,2219,0.0
2026-04-07,Facebook,Growify | TOF | Sale | India,57.26,0.0,5,119,0.0
2026-04-07,Facebook,Growify | TOF | Sale | India,17.11,0.0,0,110,0.0
2026-04-07,Facebook,Growify | TOF | Sale | India,0.45,0.0,0,3,0.0
2026-04-07,Facebook,Growify | TOF | Sale | India,3525.52,13650.0,8229,132677,1.0
2026-04-07,Facebook,Growify | TOF | Sale | India,3.33,0.0,0,5,0.0
2026-04-07,Facebook,Growify | TOF | Sale | India,1.25,0.0,0,13,0.0
2026-04-07,Facebook,Growify | TOF | Sale | India,130.61,0.0,20,332,0.0
2026-04-07,Facebook,Growify | TOF | Sale | India,0.07,0.0,0,3,0.0
2026-04-07,Facebook,Growify | TOF | Sale | India,571.37,0.0,137,2908,0.0
2026-04-07,Facebook,Growify | TOF | Sale | US,72.43,0.0,2,47,0.0
2026-04-07,Facebook,Growify | TOF | Sale | US,75.7,0.0,1,57,0.0
2026-04-07,Facebook,Growify | TOF | Sale | US,223.87,0.0,4,62,0.0
2026-04-07,Facebook,Growify | TOF | Sale | US,546.22,0.0,13,322,0.0
2026-04-07,Facebook,Growify | TOF | Sale | US,502.07,0.0,10,259,0.0
2026-04-07,Facebook,Growify | TOF | Sale | US,2986.57,0.0,61,979,0.0
2026-04-07,Facebook,Growify | TOF | Sales | India | Open,0.0,0.0,0,0,0.0
2026-04-07,Facebook,Growify | TOF | Sales | India | Open,0.0,0.0,0,0,0.0
2026-04-07,Facebook,Growify | TOF | Traffic | India,2.17,0.0,2,92,0.0
2026-04-07,Facebook,Growify | TOF | Traffic | India,173.39,0.0,247,3128,0.0
2026-04-07,Facebook,Growify | TOF | Traffic | India,476.95,0.0,548,59075,0.0
2026-04-08,Facebook,Conv | Tof | Multi Category | Ind | Direct | Growify | LAL,3042.41,4418.4,951,13667,1.0
2026-04-08,Facebook,Conv | Tof | Multi Category | Ind | Direct | Growify | LAL,44.44,0.0,1,95,0.0
2026-04-08,Facebook,Conv | Tof | Multicategory | INT | Direct | Growify,6122.98,0.0,231,6350,0.0
2026-04-08,Facebook,Growify | MOF & BOF | Sale | India +intl,493.17,0.0,93,3848,0.0
2026-04-08,Facebook,Growify | MOF & BOF | Sale | India +intl,0.0,0.0,0,0,0.0
2026-04-08,Facebook,Growify | MOF & BOF | Sale | India +intl,15.0,0.0,22,160,0.0
2026-04-08,Facebook,Growify | MOF & BOF | Sale | India +intl,592.02,28350.0,73,2853,1.0
2026-04-08,Facebook,Growify | MOF & BOF | Sale | India +intl,1925.8,0.0,1259,18848,0.0
2026-04-08,Facebook,Growify | MOF & BOF | Sale | India +intl,2107.33,5382.3,2847,38519,1.0
2026-04-08,Facebook,Growify | MOF & BOF | Sale | India +intl,935.72,0.0,1505,17199,0.0
2026-04-08,Facebook,Growify | MOF & BOF | Sale | India +intl,0.0,0.0,0,0,0.0
2026-04-08,Facebook,Growify | TOF | Sale | India,2504.1,0.0,1821,51151,0.0
2026-04-08,Facebook,Growify | TOF | Sale | India,239.55,0.0,25,1058,0.0
2026-04-08,Facebook,Growify | TOF | Sale | India,132.6,0.0,1,155,0.0
2026-04-08,Facebook,Growify | TOF | Sale | India,70.69,0.0,10,176,0.0
2026-04-08,Facebook,Growify | TOF | Sale | India,16.87,0.0,0,13,0.0
2026-04-08,Facebook,Growify | TOF | Sale | India,3667.83,0.0,10507,177177,0.0
2026-04-08,Facebook,Growify | TOF | Sale | India,2.67,0.0,0,7,0.0
2026-04-08,Facebook,Growify | TOF | Sale | India,1.43,0.0,1,14,0.0
2026-04-08,Facebook,Growify | TOF | Sale | India,21.31,0.0,10,217,0.0
2026-04-08,Facebook,Growify | TOF | Sale | India,1.11,0.0,0,5,0.0
2026-04-08,Facebook,Growify | TOF | Sale | India,182.56,0.0,77,1645,0.0
2026-04-08,Facebook,Growify | TOF | Sale | US,32.31,0.0,1,20,0.0
2026-04-08,Facebook,Growify | TOF | Sale | US,103.75,0.0,4,38,0.0
2026-04-08,Facebook,Growify | TOF | Sale | US,447.47,0.0,14,175,0.0
2026-04-08,Facebook,Growify | TOF | Sale | US,510.93,0.0,24,290,0.0
2026-04-08,Facebook,Growify | TOF | Sale | US,597.1,45864.6,14,242,2.0
2026-04-08,Facebook,Growify | TOF | Sale | US,2514.14,0.0,57,1076,0.0
2026-04-08,Facebook,Growify | TOF | Sales | India | Open,0.0,0.0,0,0,0.0
2026-04-08,Facebook,Growify | TOF | Traffic | India,1.3,0.0,0,75,0.0
2026-04-08,Facebook,Growify | TOF | Traffic | India,222.47,0.0,373,3764,0.0
2026-04-08,Facebook,Growify | TOF | Traffic | India,405.51,0.0,523,55622,0.0
2026-04-09,Facebook,Conv | Tof | Multi Category | Ind | Direct | Growify | LAL,2347.98,0.0,847,12024,0.0
2026-04-09,Facebook,Conv | Tof | Multi Category | Ind | Direct | Growify | LAL,417.03,0.0,238,2562,0.0
2026-04-09,Facebook,Conv | Tof | Multi Category | Ind | Direct | Growify | LAL,656.76,0.0,9,467,0.0
2026-04-09,Facebook,Conv | Tof | Multicategory | INT | Direct | Growify,6.27,0.0,0,8,0.0
2026-04-09,Facebook,Conv | Tof | Multicategory | INT | Direct | Growify,8.39,0.0,0,8,0.0
2026-04-09,Facebook,Conv | Tof | Multicategory | INT | Direct | Growify,464.9,0.0,41,400,0.0
2026-04-09,Facebook,Conv | Tof | Multicategory | INT | Direct | Growify,3659.94,0.0,125,3175,0.0
2026-04-09,Facebook,Conv | Tof | Multicategory | INT | Direct | Growify,198.12,0.0,10,228,0.0
2026-04-09,Facebook,Conv | Tof | Multicategory | INT | Direct | Growify,563.69,0.0,44,571,0.0
2026-04-09,Facebook,Growify | MOF & BOF | Sale | India +intl,506.57,0.0,73,3423,0.0
2026-04-09,Facebook,Growify | MOF & BOF | Sale | India +intl,273.77,0.0,22,1136,0.0
2026-04-09,Facebook,Growify | MOF & BOF | Sale | India +intl,542.85,0.0,58,2940,0.0
2026-04-09,Facebook,Growify | MOF & BOF | Sale | India +intl,2092.889999,0.0,732,14022,0.0
2026-04-09,Facebook,Growify | MOF & BOF | Sale | India +intl,1996.03,8050.0,2169,28777,1.0
2026-04-09,Facebook,Growify | MOF & BOF | Sale | India +intl,1314.91,0.0,1357,16502,0.0
2026-04-09,Facebook,Growify | TOF | Sale | India,1034.609999,0.0,624,18969,0.0
2026-04-09,Facebook,Growify | TOF | Sale | India,271.59,0.0,15,1150,0.0
2026-04-09,Facebook,Growify | TOF | Sale | India,65.08,0.0,5,159,0.0
2026-04-09,Facebook,Growify | TOF | Sale | India,107.0,0.0,1,227,0.0
2026-04-09,Facebook,Growify | TOF | Sale | India,1065.46,0.0,167,3304,0.0
2026-04-09,Facebook,Growify | TOF | Sale | India,2240.16,0.0,4885,74007,0.0
2026-04-09,Facebook,Growify | TOF | Sale | India,19.53,0.0,2,93,0.0
2026-04-09,Facebook,Growify | TOF | Sale | India,0.94,0.0,0,2,0.0
2026-04-09,Facebook,Growify | TOF | Sale | India,0.08,0.0,0,4,0.0
2026-04-09,Facebook,Growify | TOF | Sale | India,65.29,0.0,9,278,0.0
2026-04-09,Facebook,Growify | TOF | Sale | India,404.09,0.0,105,1941,0.0
2026-04-09,Facebook,Growify | TOF | Sale | US,146.75,0.0,0,43,0.0
2026-04-09,Facebook,Growify | TOF | Sale | US,43.77,0.0,1,32,0.0
2026-04-09,Facebook,Growify | TOF | Sale | US,269.79,0.0,11,98,0.0
2026-04-09,Facebook,Growify | TOF | Sale | US,641.82,23250.0,7,135,1.0
2026-04-09,Facebook,Growify | TOF | Sale | US,2152.86,0.0,24,869,0.0
2026-04-09,Facebook,Growify | TOF | Sale | US,1544.29,0.0,41,795,0.0
2026-04-09,Facebook,Growify | TOF | Sales | India | Open,956.03,0.0,251,31079,0.0
2026-04-09,Facebook,Growify | TOF | Sales | India | Open,4.32,0.0,0,42,0.0
2026-04-09,Facebook,Growify | TOF | Sales | India | Open,31.2,0.0,5,205,0.0
2026-04-09,Facebook,Growify | TOF | Traffic | India,0.01,0.0,0,1,0.0
2026-04-09,Facebook,Growify | TOF | Traffic | India,122.42,0.0,222,1672,0.0
2026-04-09,Facebook,Growify | TOF | Traffic | India,464.21,0.0,539,66877,0.0
2026-04-10,Facebook,Conv | Tof | Multi Category | Ind | Direct | Growify | LAL,1049.859999,0.0,169,2843,0.0
2026-04-10,Facebook,Conv | Tof | Multi Category | Ind | Direct | Growify | LAL,1216.33,0.0,347,4120,0.0
2026-04-10,Facebook,Conv | Tof | Multicategory | INT | Direct | Growify,10.09,0.0,1,15,0.0
2026-04-10,Facebook,Conv | Tof | Multicategory | INT | Direct | Growify,1539.32,0.0,88,1200,0.0
2026-04-10,Facebook,Conv | Tof | Multicategory | INT | Direct | Growify,0.0,27890.1,0,0,1.0
2026-04-10,Facebook,Conv | Tof | Multicategory | INT | Direct | Growify,188.68,0.0,7,206,0.0
2026-04-10,Facebook,Conv | Tof | Multicategory | INT | Direct | Growify,1506.56,0.0,78,1121,0.0
2026-04-10,Facebook,Growify | MOF & BOF | Sale | India +intl,316.92,0.0,61,2427,0.0
2026-04-10,Facebook,Growify | MOF & BOF | Sale | India +intl,395.69,0.0,57,2721,0.0
2026-04-10,Facebook,Growify | MOF & BOF | Sale | India +intl,1686.2,0.0,694,14829,0.0
2026-04-10,Facebook,Growify | MOF & BOF | Sale | India +intl,860.78,0.0,1014,9476,0.0
2026-04-10,Facebook,Growify | MOF & BOF | Sale | India +intl,2253.27,0.0,2487,31282,0.0
2026-04-10,Facebook,Growify | TOF | Sale | India,0.0,0.0,0,0,0.0
2026-04-10,Facebook,Growify | TOF | Sale | India,303.17,0.0,17,1073,0.0
2026-04-10,Facebook,Growify | TOF | Sale | India,0.0,0.0,0,0,0.0
2026-04-10,Facebook,Growify | TOF | Sale | India,76.61,0.0,2,154,0.0
2026-04-10,Facebook,Growify | TOF | Sale | India,1470.94,0.0,180,4586,0.0
2026-04-10,Facebook,Growify | TOF | Sale | India,0.0,0.0,0,0,0.0
2026-04-10,Facebook,Growify | TOF | Sale | India,0.01,0.0,0,1,0.0
2026-04-10,Facebook,Growify | TOF | Sale | India,14.94,0.0,0,23,0.0
2026-04-10,Facebook,Growify | TOF | Sale | India,170.2,0.0,1,64,0.0
2026-04-10,Facebook,Growify | TOF | Sale | India,277.48,0.0,36,935,0.0
2026-04-10,Facebook,Growify | TOF | Sale | India,1548.68,0.0,236,4514,0.0
2026-04-10,Facebook,Growify | TOF | Sale | US,0.0,0.0,0,0,0.0
2026-04-10,Facebook,Growify | TOF | Sale | US,0.0,0.0,0,0,0.0
2026-04-10,Facebook,Growify | TOF | Sale | US,3103.77,0.0,50,1608,0.0
2026-04-10,Facebook,Growify | TOF | Sale | US,1.02,0.0,0,1,0.0
2026-04-10,Facebook,Growify | TOF | Sales | India | Open,1405.91,0.0,547,63020,0.0
2026-04-10,Facebook,Growify | TOF | Traffic | India,1.53,0.0,0,85,0.0
2026-04-10,Facebook,Growify | TOF | Traffic | India,69.76,0.0,104,1062,0.0
2026-04-10,Facebook,Growify | TOF | Traffic | India,331.51,0.0,404,52665,0.0
2026-04-11,Facebook,Conv | Tof | Multi Category | Ind | Direct | Growify | LAL,656.69,0.0,289,4264,0.0
2026-04-11,Facebook,Conv | Tof | Multi Category | Ind | Direct | Growify | LAL,2320.12,0.0,1250,15454,0.0
2026-04-11,Facebook,Conv | Tof | Multicategory | INT | Direct | Growify,9.93,0.0,0,7,0.0
2026-04-11,Facebook,Conv | Tof | Multicategory | INT | Direct | Growify,479.54,0.0,52,650,0.0
2026-04-11,Facebook,Conv | Tof | Multicategory | INT | Direct | Growify,0.0,0.0,0,0,0.0
2026-04-11,Facebook,Conv | Tof | Multicategory | INT | Direct | Growify,59.32,0.0,4,73,0.0
2026-04-11,Facebook,Conv | Tof | Multicategory | INT | Direct | Growify,762.95,0.0,36,727,0.0
2026-04-11,Facebook,Growify | MOF & BOF | Sale | India +intl,227.02,0.0,36,1375,0.0
2026-04-11,Facebook,Growify | MOF & BOF | Sale | India +intl,702.82,0.0,145,5905,0.0
2026-04-11,Facebook,Growify | MOF & BOF | Sale | India +intl,3202.24,0.0,1710,33309,0.0
2026-04-11,Facebook,Growify | MOF & BOF | Sale | India +intl,1941.41,0.0,2124,23392,0.0
2026-04-11,Facebook,Growify | MOF & BOF | Sale | India +intl,0.0,0.0,0,0,0.0
2026-04-11,Facebook,Growify | MOF & BOF | Sale | India +intl,2665.12,0.0,2918,48594,0.0
2026-04-11,Facebook,Growify | TOF | Sale | India,0.0,0.0,0,0,0.0
2026-04-11,Facebook,Growify | TOF | Sale | India,159.78,31500.0,10,751,1.0
2026-04-11,Facebook,Growify | TOF | Sale | India,86.88,0.0,3,116,0.0
2026-04-11,Facebook,Growify | TOF | Sale | India,2676.84,0.0,423,10920,0.0
2026-04-11,Facebook,Growify | TOF | Sale | India,0.0,0.0,0,0,0.0
2026-04-11,Facebook,Growify | TOF | Sale | India,0.02,0.0,0,1,0.0
2026-04-11,Facebook,Growify | TOF | Sale | India,461.07,0.0,64,1863,0.0
2026-04-11,Facebook,Growify | TOF | Sale | India,5547.42,18095.0,1138,26510,2.0
2026-04-11,Facebook,Growify | TOF | Sale | US,0.0,0.0,0,0,0.0
2026-04-11,Facebook,Growify | TOF | Sale | US,54.59,0.0,1,29,0.0
2026-04-11,Facebook,Growify | TOF | Sale | US,5448.0,0.0,86,2402,0.0
2026-04-11,Facebook,Growify | TOF | Sale | US,556.74,0.0,16,209,0.0
2026-04-11,Facebook,Growify | TOF | Sales | India | Open,2293.36,0.0,1090,134363,0.0
2026-04-11,Facebook,Growify | TOF | Traffic | India,19.72,0.0,34,361,0.0
2026-04-11,Facebook,Growify | TOF | Traffic | India,709.08,0.0,683,98003,0.0
2026-04-12,Facebook,Conv | Tof | Multi Category | Ind | Direct | Growify | LAL,117.63,0.0,34,637,0.0
2026-04-12,Facebook,Conv | Tof | Multi Category | Ind | Direct | Growify | LAL,618.57,0.0,216,2610,0.0
2026-04-12,Facebook,Conv | Tof | Multicategory | INT | Direct | Growify,551.72,0.0,35,388,0.0
2026-04-12,Facebook,Conv | Tof | Multicategory | INT | Direct | Growify,177.23,0.0,8,112,0.0
2026-04-12,Facebook,Conv | Tof | Multicategory | INT | Direct | Growify,1148.27,0.0,76,927,0.0
2026-04-12,Facebook,Growify | MOF & BOF | Sale | India +intl,797.38,0.0,86,3627,0.0
2026-04-12,Facebook,Growify | MOF & BOF | Sale | India +intl,695.92,0.0,91,4200,0.0
2026-04-12,Facebook,Growify | MOF & BOF | Sale | India +intl,2240.89,0.0,779,15021,0.0
2026-04-12,Facebook,Growify | MOF & BOF | Sale | India +intl,1847.72,0.0,1568,15328,0.0
2026-04-12,Facebook,Growify | MOF & BOF | Sale | India +intl,2436.56,0.0,1622,30161,0.0
2026-04-12,Facebook,Growify | TOF | Sale | India,0.0,0.0,0,0,0.0
2026-04-12,Facebook,Growify | TOF | Sale | India,106.61,0.0,10,336,0.0
2026-04-12,Facebook,Growify | TOF | Sale | India,0.05,0.0,0,1,0.0
2026-04-12,Facebook,Growify | TOF | Sale | India,5067.73,13650.0,572,15962,1.0
2026-04-12,Facebook,Growify | TOF | Sale | India,0.0,0.0,0,0,0.0
2026-04-12,Facebook,Growify | TOF | Sale | India,1.3,0.0,0,2,0.0
2026-04-12,Facebook,Growify | TOF | Sale | India,176.39,0.0,8,406,0.0
2026-04-12,Facebook,Growify | TOF | Sale | India,888.46,0.0,120,3077,0.0
2026-04-12,Facebook,Growify | TOF | Sale | India,2481.85,0.0,425,9691,0.0
2026-04-12,Facebook,Growify | TOF | Sale | US,0.0,0.0,0,0,0.0
2026-04-12,Facebook,Growify | TOF | Sale | US,0.0,0.0,0,0,0.0
2026-04-12,Facebook,Growify | TOF | Sale | US,100.18,0.0,1,13,0.0
2026-04-12,Facebook,Growify | TOF | Sale | US,5208.19,93893.4,35,943,1.0
2026-04-12,Facebook,Growify | TOF | Sale | US,2285.75,0.0,51,757,0.0
2026-04-12,Facebook,Growify | TOF | Sales | India | Open,1970.3,0.0,806,106523,0.0
2026-04-12,Facebook,Growify | TOF | Sales | India | Open,3.24,0.0,2,55,0.0
2026-04-12,Facebook,Growify | TOF | Sales | India | Open,24.61,0.0,9,323,0.0
2026-04-12,Facebook,Growify | TOF | Traffic | India,1.07,0.0,2,49,0.0
2026-04-12,Facebook,Growify | TOF | Traffic | India,15.43,0.0,23,250,0.0
2026-04-12,Facebook,Growify | TOF | Traffic | India,497.34,0.0,544,69640,0.0
2026-04-13,Facebook,Conv | Tof | Multi Category | Ind | Direct | Growify | LAL,0.0,0.0,0,0,0.0
2026-04-13,Facebook,Conv | Tof | Multi Category | Ind | Direct | Growify | LAL,0.0,0.0,0,0,0.0
2026-04-13,Facebook,Conv | Tof | Multicategory | INT | Direct | Growify,0.0,0.0,0,0,0.0
2026-04-13,Facebook,Conv | Tof | Multicategory | INT | Direct | Growify,0.0,0.0,0,0,0.0
2026-04-13,Facebook,Growify | MOF & BOF | Sale | India +intl,828.23,17150.0,92,5218,1.0
2026-04-13,Facebook,Growify | MOF & BOF | Sale | India +intl,814.88,0.0,107,4818,0.0
2026-04-13,Facebook,Growify | MOF & BOF | Sale | India +intl,2298.37,33250.0,1168,21315,1.0
2026-04-13,Facebook,Growify | MOF & BOF | Sale | India +intl,1484.66,0.0,1612,18793,0.0
2026-04-13,Facebook,Growify | MOF & BOF | Sale | India +intl,2560.66,0.0,2094,35711,0.0
2026-04-13,Facebook,Growify | TOF | Sale | India,0.0,0.0,0,0,0.0
2026-04-13,Facebook,Growify | TOF | Sale | India,6561.82,0.0,608,16947,0.0
2026-04-13,Facebook,Growify | TOF | Sale | India,0.0,0.0,0,0,0.0
2026-04-13,Facebook,Growify | TOF | Sale | India,3.21,0.0,3,30,0.0
2026-04-13,Facebook,Growify | TOF | Sale | India,64.03,0.0,5,84,0.0
2026-04-13,Facebook,Growify | TOF | Sale | India,449.96,112520.6,17,934,1.0
2026-04-13,Facebook,Growify | TOF | Sale | India,284.25,0.0,13,355,0.0
2026-04-13,Facebook,Growify | TOF | Sale | India,3160.93,3850.0,458,9187,1.0
2026-04-13,Facebook,Growify | TOF | Sale | US,0.0,0.0,0,0,0.0
2026-04-13,Facebook,Growify | TOF | Sale | US,1085.4,0.0,34,414,0.0
2026-04-13,Facebook,Growify | TOF | Sale | US,2520.41,0.0,13,628,0.0
2026-04-13,Facebook,Growify | TOF | Sale | US,1369.89,0.0,28,550,0.0
2026-04-13,Facebook,Growify | TOF | Sales | India | Open,364.6,0.0,171,20667,0.0
2026-04-13,Facebook,Growify | TOF | Sales | India | Open,489.8,0.0,23,1906,0.0
2026-04-13,Facebook,Growify | TOF | Sales | India | Open,1752.11,0.0,138,4850,0.0
2026-04-13,Facebook,Growify | TOF | Traffic | India,1.34,0.0,0,83,0.0
2026-04-13,Facebook,Growify | TOF | Traffic | India,48.57,0.0,88,859,0.0
2026-04-13,Facebook,Growify | TOF | Traffic | India,428.29,0.0,463,64703,0.0
2026-04-14,Facebook,Conv | Tof | Multi Category | Ind | Direct | Growify | LAL,0.0,0.0,0,0,0.0
2026-04-14,Facebook,Conv | Tof | Multi Category | Ind | Direct | Growify | LAL,0.0,0.0,0,0,0.0
2026-04-14,Facebook,Conv | Tof | Multicategory | INT | Direct | Growify,0.0,0.0,0,0,0.0
2026-04-14,Facebook,Conv | Tof | Multicategory | INT | Direct | Growify,0.0,0.0,0,0,0.0
2026-04-14,Facebook,Conv | Tof | Multicategory | INT | Direct | Growify,0.0,0.0,0,0,0.0
2026-04-14,Facebook,Growify | MOF & BOF | Sale | India +intl,886.3,0.0,98,4843,0.0
2026-04-14,Facebook,Growify | MOF & BOF | Sale | India +intl,838.67,0.0,125,5174,0.0
2026-04-14,Facebook,Growify | MOF & BOF | Sale | India +intl,2465.7,0.0,1301,27975,0.0
2026-04-14,Facebook,Growify | MOF & BOF | Sale | India +intl,1480.88,51450.0,1546,16205,1.0
2026-04-14,Facebook,Growify | MOF & BOF | Sale | India +intl,2392.37,38150.0,2017,33872,1.0
2026-04-14,Facebook,Growify | TOF | Sale | India,0.0,0.0,0,0,0.0
2026-04-14,Facebook,Growify | TOF | Sale | India,6821.36,0.0,870,29967,0.0
2026-04-14,Facebook,Growify | TOF | Sale | India,0.0,0.0,0,0,0.0
2026-04-14,Facebook,Growify | TOF | Sale | India,159.7,0.0,9,140,0.0
2026-04-14,Facebook,Growify | TOF | Sale | India,488.33,0.0,26,1059,0.0
2026-04-14,Facebook,Growify | TOF | Sale | India,2875.58,0.0,415,9725,0.0
2026-04-14,Facebook,Growify | TOF | Sale | US,0.0,0.0,0,0,0.0
2026-04-14,Facebook,Growify | TOF | Sale | US,1865.82,0.0,37,827,0.0
2026-04-14,Facebook,Growify | TOF | Sale | US,1432.14,0.0,21,524,0.0
2026-04-14,Facebook,Growify | TOF | Sale | US,0.0,0.0,0,0,0.0
2026-04-14,Facebook,Growify | TOF | Sales | India | Open,197.7,0.0,103,11639,0.0
2026-04-14,Facebook,Growify | TOF | Sales | India | Open,511.18,34300.0,18,1893,2.0
2026-04-14,Facebook,Growify | TOF | Sales | India | Open,1802.98,30100.0,115,5637,1.0
2026-04-14,Facebook,Growify | TOF | Traffic | India,34.68,0.0,60,677,0.0
2026-04-14,Facebook,Growify | TOF | Traffic | India,485.62,0.0,588,73804,0.0
2026-04-15,Facebook,Conv | Tof | Multi Category | Ind | Direct | Growify | LAL,0.0,0.0,0,0,0.0
2026-04-15,Facebook,Conv | Tof | Multi Category | Ind | Direct | Growify | LAL,0.0,0.0,0,0,0.0
2026-04-15,Facebook,Conv | Tof | Multicategory | INT | Direct | Growify,0.0,0.0,0,0,0.0
2026-04-15,Facebook,Conv | Tof | Multicategory | INT | Direct | Growify,0.0,0.0,0,0,0.0
2026-04-15,Facebook,Growify | MOF & BOF | Sale | India +intl,1197.57,0.0,109,6288,0.0
2026-04-15,Facebook,Growify | MOF & BOF | Sale | India +intl,904.07,0.0,90,4841,0.0
2026-04-15,Facebook,Growify | MOF & BOF | Sale | India +intl,2208.61,15813.0,940,18064,2.0
2026-04-15,Facebook,Growify | MOF & BOF | Sale | India +intl,1847.72,0.0,1555,15040,0.0
2026-04-15,Facebook,Growify | MOF & BOF | Sale | India +intl,2174.12,7000.0,1895,28857,1.0
2026-04-15,Facebook,Growify | MOF & BOF | Sale | India +intl,0.0,0.0,0,0,0.0
2026-04-15,Facebook,Growify | TOF | Sale | India,0.0,0.0,0,0,0.0
2026-04-15,Facebook,Growify | TOF | Sale | India,0.0,0.0,0,0,0.0
2026-04-15,Facebook,Growify | TOF | Sale | India,11196.26,33180.0,774,33275,1.0
2026-04-15,Facebook,Growify | TOF | Sale | India,0.0,0.0,0,0,0.0
2026-04-15,Facebook,Growify | TOF | Sale | India,0.0,0.0,0,0,0.0
2026-04-15,Facebook,Growify | TOF | Sale | India,0.0,0.0,0,0,0.0
2026-04-15,Facebook,Growify | TOF | Sale | India,0.0,0.0,0,0,0.0
2026-04-15,Facebook,Growify | TOF | Sale | US,0.0,0.0,0,0,0.0
2026-04-15,Facebook,Growify | TOF | Sale | US,0.0,0.0,0,0,0.0
2026-04-15,Facebook,Growify | TOF | Sales | India | Open,517.26,0.0,117,15157,0.0
2026-04-15,Facebook,Growify | TOF | Sales | India | Open,713.2,0.0,10,1495,0.0
2026-04-15,Facebook,Growify | TOF | Sales | India | Open,1425.86,0.0,81,3624,0.0
2026-04-15,Facebook,Growify | TOF | Traffic | India,1.04,0.0,0,60,0.0
2026-04-15,Facebook,Growify | TOF | Traffic | India,11.45,0.0,11,145,0.0
2026-04-15,Facebook,Growify | TOF | Traffic | India,476.27,0.0,520,74911,0.0
2026-04-16,Facebook,Conv | Tof | Multi Category | Ind | Direct | Growify | LAL,0.0,0.0,0,0,0.0
2026-04-16,Facebook,Conv | Tof | Multicategory | INT | Direct | Growify,0.0,0.0,0,0,0.0
2026-04-16,Facebook,Conv | Tof | Multicategory | INT | Direct | Growify,0.0,0.0,0,0,0.0
2026-04-16,Facebook,Growify | MOF & BOF | Sale | India +intl,1025.0,0.0,119,9902,0.0
2026-04-16,Facebook,Growify | MOF & BOF | Sale | India +intl,891.05,0.0,102,5297,0.0
2026-04-16,Facebook,Growify | MOF & BOF | Sale | India +intl,2273.29,12950.0,2050,32147,1.0
2026-04-16,Facebook,Growify | MOF & BOF | Sale | India +intl,1817.59,0.0,1599,17304,0.0
2026-04-16,Facebook,Growify | MOF & BOF | Sale | India +intl,2573.77,0.0,2283,35889,0.0
2026-04-16,Facebook,Growify | MOF & BOF | Sale | India +intl,0.0,0.0,0,0,0.0
2026-04-16,Facebook,Growify | TOF | Sale | India,0.0,0.0,0,0,0.0
2026-04-16,Facebook,Growify | TOF | Sale | India,15372.62,0.0,1452,75417,0.0
2026-04-16,Facebook,Growify | TOF | Sale | India,0.0,0.0,0,0,0.0
2026-04-16,Facebook,Growify | TOF | Sale | India,0.0,0.0,0,0,0.0
2026-04-16,Facebook,Growify | TOF | Sale | India,0.0,0.0,0,0,0.0
2026-04-16,Facebook,Growify | TOF | Sale | India,0.0,0.0,0,0,0.0
2026-04-16,Facebook,Growify | TOF | Sale | US,0.0,0.0,0,0,0.0
2026-04-16,Facebook,Growify | TOF | Sale | US,0.0,0.0,0,0,0.0
2026-04-16,Facebook,Growify | TOF | Sales | India | Open,316.9,0.0,134,16957,0.0
2026-04-16,Facebook,Growify | TOF | Sales | India | Open,261.209999,0.0,7,1061,0.0
2026-04-16,Facebook,Growify | TOF | Sales | India | Open,1933.93,0.0,134,5496,0.0
2026-04-16,Facebook,Growify | TOF | Traffic | India,575.35,0.0,747,96882,0.0
2026-04-17,Facebook,Conv | Tof | Multi Category | Ind | Direct | Growify | LAL,0.0,0.0,0,0,0.0
2026-04-17,Facebook,Conv | Tof | Multicategory | INT | Direct | Growify,0.0,0.0,0,0,0.0
2026-04-17,Facebook,Conv | Tof | Multicategory | INT | Direct | Growify,0.0,0.0,0,0,0.0
2026-04-17,Facebook,Growify | MOF & BOF | Sale | India +intl,134.76,0.0,16,622,0.0
2026-04-17,Facebook,Growify | MOF & BOF | Sale | India +intl,414.26,0.0,56,2795,0.0
2026-04-17,Facebook,Growify | MOF & BOF | Sale | India +intl,196.2,0.0,20,831,0.0
2026-04-17,Facebook,Growify | MOF & BOF | Sale | India +intl,1314.36,0.0,901,17768,0.0
2026-04-17,Facebook,Growify | MOF & BOF | Sale | India +intl,1115.92,0.0,741,7095,0.0
2026-04-17,Facebook,Growify | MOF & BOF | Sale | India +intl,1471.48,3570.0,1311,19862,1.0
2026-04-17,Facebook,Growify | MOF & BOF | Sale | India +intl,3.71,0.0,0,10,0.0
2026-04-17,Facebook,Growify | TOF | Sale | India,8346.57,0.0,838,48145,0.0
2026-04-17,Facebook,Growify | TOF | Sale | India,0.0,0.0,0,0,0.0
2026-04-17,Facebook,Growify | TOF | Sale | India,0.0,0.0,0,0,0.0
2026-04-17,Facebook,Growify | TOF | Sale | US,0.0,0.0,0,0,0.0
2026-04-17,Facebook,Growify | TOF | Sales | India | Open,48.62,30150.0,17,1567,1.0
2026-04-17,Facebook,Growify | TOF | Sales | India | Open,56.84,0.0,2,190,0.0
2026-04-17,Facebook,Growify | TOF | Sales | India | Open,1378.35,0.0,226,5900,0.0
2026-04-17,Facebook,Growify | TOF | Traffic | India,0.3,0.0,0,25,0.0
2026-04-17,Facebook,Growify | TOF | Traffic | India,14.03,0.0,18,703,0.0
2026-04-17,Facebook,Growify | TOF | Traffic | India,15.23,0.0,30,292,0.0
2026-04-17,Facebook,Growify | TOF | Traffic | India,272.03,0.0,385,42605,0.0
2026-04-18,Facebook,Conv | Tof | Multicategory | INT | Direct | Growify,0.0,0.0,0,0,0.0
2026-04-18,Facebook,Growify | MOF & BOF | Sale | India +intl,5791.84,0.0,2549,53051,0.0
2026-04-18,Facebook,Growify | MOF & BOF | Sale | India +intl,0.0,0.0,0,0,0.0
2026-04-18,Facebook,Growify | MOF & BOF | Sale | India +intl,0.0,0.0,0,0,0.0
2026-04-18,Facebook,Growify | MOF & BOF | Sale | India +intl,0.0,0.0,0,0,0.0
2026-04-18,Facebook,Growify | MOF & BOF | Sale | India +intl,0.0,0.0,0,0,0.0
2026-04-18,Facebook,Growify | MOF & BOF | Sale | India +intl,4398.94,0.0,2758,45796,0.0
2026-04-18,Facebook,Growify | MOF & BOF | Sale | India +intl,393.39,0.0,61,1805,0.0
2026-04-18,Facebook,Growify | TOF | Sale | India,0.0,0.0,0,0,0.0
2026-04-18,Facebook,Growify | TOF | Sale | India,0.0,0.0,0,0,0.0
2026-04-18,Facebook,Growify | TOF | Sales | India | Open,508.06,0.0,124,18206,0.0
2026-04-18,Facebook,Growify | TOF | Sales | India | Open,0.0,0.0,0,2,0.0
2026-04-18,Facebook,Growify | TOF | Sales | India | Open,110.53,0.0,10,381,0.0
2026-04-18,Facebook,Growify | TOF | Sales | India | Open,2551.31,0.0,291,10016,0.0
2026-04-18,Facebook,Growify | TOF | Traffic | India,609.83,0.0,1332,76152,0.0
2026-04-19,Facebook,Growify | MOF & BOF | Sale | India +intl,4461.96,20650.0,2072,55010,1.0
2026-04-19,Facebook,Growify | MOF & BOF | Sale | India +intl,0.0,0.0,0,1,0.0
2026-04-19,Facebook,Growify | MOF & BOF | Sale | India +intl,0.0,0.0,0,0,0.0
2026-04-19,Facebook,Growify | MOF & BOF | Sale | India +intl,0.0,0.0,0,0,0.0
2026-04-19,Facebook,Growify | MOF & BOF | Sale | India +intl,3629.67,4418.4,2626,46617,1.0
2026-04-19,Facebook,Growify | MOF & BOF | Sale | India +intl,305.43,0.0,50,1313,0.0
2026-04-19,Facebook,Growify | TOF | Sale | India,0.0,0.0,0,0,0.0
2026-04-19,Facebook,Growify | TOF | Sale | India,0.0,0.0,0,0,0.0
2026-04-19,Facebook,Growify | TOF | Sales | India | Open,451.33,0.0,90,8835,0.0
2026-04-19,Facebook,Growify | TOF | Sales | India | Open,2.16,0.0,2,133,0.0
2026-04-19,Facebook,Growify | TOF | Sales | India | Open,21.48,0.0,0,108,0.0
2026-04-19,Facebook,Growify | TOF | Sales | India | Open,2317.28,0.0,249,8383,0.0
2026-04-19,Facebook,Growify | TOF | Traffic | India,563.32,0.0,1547,63358,0.0
2026-04-20,Facebook,Growify | MOF & BOF | Sale | India +intl,4786.5,0.0,1887,56909,0.0
2026-04-20,Facebook,Growify | MOF & BOF | Sale | India +intl,0.0,0.0,0,0,0.0
2026-04-20,Facebook,Growify | MOF & BOF | Sale | India +intl,0.0,0.0,0,0,0.0
2026-04-20,Facebook,Growify | MOF & BOF | Sale | India +intl,0.0,0.0,0,0,0.0
2026-04-20,Facebook,Growify | MOF & BOF | Sale | India +intl,0.0,0.0,0,0,0.0
2026-04-20,Facebook,Growify | MOF & BOF | Sale | India +intl,4008.88,20650.0,2454,49333,1.0
2026-04-20,Facebook,Growify | MOF & BOF | Sale | India +intl,413.74,0.0,88,2562,0.0
2026-04-20,Facebook,Growify | TOF | Sale | India,0.0,0.0,0,0,0.0
2026-04-20,Facebook,Growify | TOF | Sale | India,0.0,0.0,0,0,0.0
2026-04-20,Facebook,Growify | TOF | Sales | India | Open,429.29,0.0,76,4856,0.0
2026-04-20,Facebook,Growify | TOF | Sales | India | Open,0.0,0.0,0,0,0.0
2026-04-20,Facebook,Growify | TOF | Sales | India | Open,555.95,0.0,40,1593,0.0
2026-04-20,Facebook,Growify | TOF | Sales | India | Open,2146.46,0.0,241,7905,0.0
2026-04-20,Facebook,Growify | TOF | Traffic | India,533.87,0.0,1477,60358,0.0
2026-04-21,Facebook,Growify | MOF & BOF | Sale | India +intl,3575.44,2100.0,1621,44508,1.0
2026-04-21,Facebook,Growify | MOF & BOF | Sale | India +intl,0.0,0.0,0,0,0.0
2026-04-21,Facebook,Growify | MOF & BOF | Sale | India +intl,3144.81,0.0,1604,33885,0.0
2026-04-21,Facebook,Growify | MOF & BOF | Sale | India +intl,230.52,0.0,53,1426,0.0
2026-04-21,Facebook,Growify | TOF | Sale | India,0.0,0.0,0,0,0.0
2026-04-21,Facebook,Growify | TOF | Sales | India | Open,186.89,0.0,41,2424,0.0
2026-04-21,Facebook,Growify | TOF | Sales | India | Open,9.08,0.0,1,208,0.0
2026-04-21,Facebook,Growify | TOF | Sales | India | Open,60.18,0.0,5,186,0.0
2026-04-21,Facebook,Growify | TOF | Sales | India | Open,1806.67,0.0,147,6962,0.0
2026-04-21,Facebook,Growify | TOF | Traffic | India,298.91,0.0,498,12895,0.0
2026-04-22,Facebook,Growify | MOF & BOF | Sale | India +intl,4978.6,17550.0,1519,48433,1.0
2026-04-22,Facebook,Growify | MOF & BOF | Sale | India +intl,0.0,0.0,0,0,0.0
2026-04-22,Facebook,Growify | MOF & BOF | Sale | India +intl,3421.74,0.0,1884,44558,0.0
2026-04-22,Facebook,Growify | MOF & BOF | Sale | India +intl,0.0,0.0,0,0,0.0
2026-04-22,Facebook,Growify | MOF & BOF | Sale | India +intl,501.32,0.0,116,2938,0.0
2026-04-22,Facebook,Growify | TOF | Sale | India,0.0,0.0,0,0,0.0
2026-04-22,Facebook,Growify | TOF | Sales | India | Open,481.14,0.0,51,4550,0.0
2026-04-22,Facebook,Growify | TOF | Sales | India | Open,2221.69,0.0,212,8682,0.0
2026-04-22,Facebook,Growify | TOF | Traffic | India,591.91,0.0,1261,25330,0.0
2026-04-23,Facebook,Growify | MOF & BOF | Sale | India +intl,3520.4,0.0,1078,29210,0.0
2026-04-23,Facebook,Growify | MOF & BOF | Sale | India +intl,762.74,0.0,147,3500,0.0
2026-04-23,Facebook,Growify | MOF & BOF | Sale | India +intl,0.0,0.0,0,0,0.0
2026-04-23,Facebook,Growify | MOF & BOF | Sale | India +intl,0.0,0.0,0,0,0.0
2026-04-23,Facebook,Growify | MOF & BOF | Sale | India +intl,3280.7,0.0,1497,35549,0.0
2026-04-23,Facebook,Growify | MOF & BOF | Sale | India +intl,899.66,0.0,154,6190,0.0
2026-04-23,Facebook,Growify | MOF & BOF | Sale | India +intl,283.79,0.0,65,1544,0.0
2026-04-23,Facebook,Growify | TOF | Sale | India,588.23,0.0,69,2747,0.0
2026-04-23,Facebook,Growify | TOF | Sale | India,0.0,0.0,0,0,0.0
2026-04-23,Facebook,Growify | TOF | Sales | India | Open,494.47,0.0,43,4052,0.0
2026-04-23,Facebook,Growify | TOF | Sales | India | Open,71.61,0.0,19,815,0.0
2026-04-23,Facebook,Growify | TOF | Sales | India | Open,1991.35,0.0,200,7302,0.0
2026-04-23,Facebook,Growify | TOF | Traffic | India,867.03,0.0,541,69264,0.0
2026-04-24,Facebook,Growify | MOF & BOF | Sale | India +intl,386.22,4235.0,75,2256,1.0
2026-04-24,Facebook,Growify | MOF & BOF | Sale | India +intl,3389.72,3500.0,461,12115,1.0
2026-04-24,Facebook,Growify | MOF & BOF | Sale | India +intl,0.0,0.0,0,0,0.0
2026-04-24,Facebook,Growify | MOF & BOF | Sale | India +intl,1197.09,0.0,499,9531,0.0
2026-04-24,Facebook,Growify | MOF & BOF | Sale | India +intl,0.0,0.0,0,0,0.0
2026-04-24,Facebook,Growify | MOF & BOF | Sale | India +intl,219.25,0.0,31,751,0.0
2026-04-24,Facebook,Growify | MOF & BOF | Sale | India +intl,1512.46,3570.0,189,6069,1.0
2026-04-24,Facebook,Growify | TOF | Sale | India,2265.14,0.0,232,9211,0.0
2026-04-24,Facebook,Growify | TOF | Sales | India | Open,106.98,0.0,10,547,0.0
2026-04-24,Facebook,Growify | TOF | Sales | India | Open,1203.23,0.0,78,3347,0.0
2026-04-24,Facebook,Growify | TOF | Sales | India | Open,1173.59,0.0,77,3194,0.0
2026-04-24,Facebook,Growify | TOF | Traffic | India,68.81,0.0,66,4307,0.0
2026-04-25,Facebook,Growify | MOF & BOF | Sale | India +intl,599.41,49750.0,216,4187,2.0
2026-04-25,Facebook,Growify | MOF & BOF | Sale | India +intl,2885.83,2100.0,627,18080,1.0
2026-04-25,Facebook,Growify | MOF & BOF | Sale | India +intl,1025.19,0.0,504,9708,0.0
2026-04-25,Facebook,Growify | MOF & BOF | Sale | India +intl,0.0,0.0,0,0,0.0
2026-04-25,Facebook,Growify | MOF & BOF | Sale | India +intl,325.64,0.0,51,1222,0.0
2026-04-25,Facebook,Growify | MOF & BOF | Sale | India +intl,1091.65,0.0,262,7802,0.0
2026-04-25,Facebook,Growify | TOF | Sale | India,1475.66,45885.0,124,5769,1.0
2026-04-25,Facebook,Growify | TOF | Sales | India | Open,0.0,0.0,0,0,0.0
2026-04-25,Facebook,Growify | TOF | Sales | India | Open,1231.13,0.0,205,12631,0.0
2026-04-25,Facebook,Growify | TOF | Sales | India | Open,771.53,0.0,155,4463,0.0
2026-04-26,Facebook,Growify | MOF & BOF | Sale | India +intl,1387.65,0.0,338,8683,0.0
2026-04-26,Facebook,Growify | MOF & BOF | Sale | India +intl,3055.46,0.0,473,12893,0.0
2026-04-26,Facebook,Growify | MOF & BOF | Sale | India +intl,1722.77,0.0,793,15644,0.0
2026-04-26,Facebook,Growify | MOF & BOF | Sale | India +intl,285.79,0.0,50,1286,0.0
2026-04-26,Facebook,Growify | MOF & BOF | Sale | India +intl,1292.33,0.0,158,5608,0.0
2026-04-26,Facebook,Growify | TOF | Sale | India,2043.67,0.0,150,6896,0.0
2026-04-26,Facebook,Growify | TOF | Sales | India | Open,1301.7,0.0,121,7848,0.0
2026-04-26,Facebook,Growify | TOF | Sales | India | Open,1758.69,0.0,219,9069,0.0
2026-04-27,Facebook,Growify | MOF & BOF | Sale | India +intl,1361.32,0.0,452,12068,0.0
2026-04-27,Facebook,Growify | MOF & BOF | Sale | India +intl,2846.27,0.0,331,11610,0.0
2026-04-27,Facebook,Growify | MOF & BOF | Sale | India +intl,2307.15,4200.0,1469,28017,1.0
2026-04-27,Facebook,Growify | MOF & BOF | Sale | India +intl,323.86,0.0,41,1681,0.0
2026-04-27,Facebook,Growify | MOF & BOF | Sale | India +intl,663.95,0.0,49,2622,0.0
2026-04-27,Facebook,Growify | TOF | Sale | India,2186.76,0.0,202,9331,0.0
2026-04-27,Facebook,Growify | TOF | Sales | India | Open,1.1,0.0,0,30,0.0
2026-04-27,Facebook,Growify | TOF | Sales | India | Open,1031.17,19650.0,92,6492,1.0
2026-04-27,Facebook,Growify | TOF | Sales | India | Open,1593.31,0.0,245,9467,0.0
2026-04-28,Facebook,Growify | MOF & BOF | Sale | India +intl,359.91,0.0,105,2969,0.0
2026-04-28,Facebook,Growify | MOF & BOF | Sale | India +intl,3840.57,0.0,554,21882,0.0
2026-04-28,Facebook,Growify | MOF & BOF | Sale | India +intl,2812.47,0.0,2190,47760,0.0
2026-04-28,Facebook,Growify | MOF & BOF | Sale | India +intl,0.0,0.0,0,0,0.0
2026-04-28,Facebook,Growify | MOF & BOF | Sale | India +intl,29.95,0.0,5,184,0.0
2026-04-28,Facebook,Growify | TOF | Sale | India,2301.6,0.0,179,10530,0.0
2026-04-28,Facebook,Growify | TOF | Sale | India,957.5,0.0,230,20179,0.0
2026-04-28,Facebook,Growify | TOF | Sale | US,1084.32,0.0,17,224,0.0
2026-04-28,Facebook,Growify | TOF | Sales | India | Open,65.81,0.0,12,515,0.0
2026-04-28,Facebook,Growify | TOF | Sales | India | Open,248.19,0.0,19,1373,0.0
2026-04-28,Facebook,Growify | TOF | Sales | India | Open,2458.66,0.0,284,12194,0.0
2026-04-29,Facebook,Growify | MOF & BOF | Sale | India +intl,1632.69,22450.0,931,22573,1.0
2026-04-29,Facebook,Growify | MOF & BOF | Sale | India +intl,2354.73,0.0,424,16422,0.0
2026-04-29,Facebook,Growify | MOF & BOF | Sale | India +intl,0.0,0.0,0,0,0.0
2026-04-29,Facebook,Growify | MOF & BOF | Sale | India +intl,2782.94,0.0,2666,60720,0.0
2026-04-29,Facebook,Growify | MOF & BOF | Sale | India +intl,27.13,0.0,2,221,0.0
2026-04-29,Facebook,Growify | MOF & BOF | Sale | India +intl,49.7,0.0,2,198,0.0
2026-04-29,Facebook,Growify | TOF | Sale | India,1778.17,0.0,174,10973,0.0
2026-04-29,Facebook,Growify | TOF | Sale | India,2168.33,0.0,295,12478,0.0
2026-04-29,Facebook,Growify | TOF | Sale | India,893.47,0.0,85,4099,0.0
2026-04-29,Facebook,Growify | TOF | Sale | US,1643.17,36050.0,52,612,1.0
2026-04-29,Facebook,Growify | TOF | Sale | US,1271.0,0.0,32,494,0.0
2026-04-29,Facebook,Growify | TOF | Sales | India | Open,0.0,0.0,0,0,0.0
2026-04-29,Facebook,Growify | TOF | Sales | India | Open,397.71,0.0,60,6304,0.0
2026-04-29,Facebook,Growify | TOF | Sales | India | Open,1951.02,0.0,493,19190,0.0
2026-04-30,Facebook,Growify | MOF & BOF | Sale | India +intl,942.99,0.0,365,10273,0.0
2026-04-30,Facebook,Growify | MOF & BOF | Sale | India +intl,935.08,0.0,135,6191,0.0
2026-04-30,Facebook,Growify | MOF & BOF | Sale | India +intl,1233.18,0.0,1002,26247,0.0
2026-04-30,Facebook,Growify | MOF & BOF | Sale | India +intl,2.78,0.0,1,30,0.0
2026-04-30,Facebook,Growify | MOF & BOF | Sale | India +intl,0.0,0.0,0,0,0.0
2026-04-30,Facebook,Growify | TOF | Sale | India,861.01,0.0,103,7062,0.0
2026-04-30,Facebook,Growify | TOF | Sale | India,535.74,0.0,39,1943,0.0
2026-04-30,Facebook,Growify | TOF | Sale | India,131.32,0.0,23,674,0.0
2026-04-30,Facebook,Growify | TOF | Sale | US,479.9,60300.0,17,206,1.0
2026-04-30,Facebook,Growify | TOF | Sale | US,325.37,0.0,7,176,0.0
2026-04-30,Facebook,Growify | TOF | Sales | India | Open,67.45,0.0,8,856,0.0
2026-04-30,Facebook,Growify | TOF | Sales | India | Open,176.67,0.0,46,5296,0.0
2026-04-30,Facebook,Growify | TOF | Sales | India | Open,741.36,0.0,232,9086,0.0
2026-05-01,Facebook,Growify | MOF & BOF | Sale | India +intl,1721.09,0.0,627,18979,0.0
2026-05-01,Facebook,Growify | MOF & BOF | Sale | India +intl,1890.63,0.0,417,15672,0.0
2026-05-01,Facebook,Growify | MOF & BOF | Sale | India +intl,2675.82,0.0,2383,56688,0.0
2026-05-01,Facebook,Growify | MOF & BOF | Sale | India +intl,0.0,0.0,0,0,0.0
2026-05-01,Facebook,Growify | MOF & BOF | Sale | India +intl,0.0,0.0,0,0,0.0
2026-05-01,Facebook,Growify | TOF | Sale | India,1458.14,0.0,255,11408,0.0
2026-05-01,Facebook,Growify | TOF | Sale | India,1253.92,0.0,143,4716,0.0
2026-05-01,Facebook,Growify | TOF | Sale | India,39.43,0.0,10,133,0.0
2026-05-01,Facebook,Growify | TOF | Sale | US,957.82,0.0,28,361,0.0
2026-05-01,Facebook,Growify | TOF | Sale | US,17.49,0.0,0,10,0.0
2026-05-01,Facebook,Growify | TOF | Sales | India | Open,478.68,6300.0,119,11066,1.0
2026-05-01,Facebook,Growify | TOF | Sales | India | Open,1520.15,0.0,418,18534,0.0
2026-05-02,Facebook,Conv | Tof | Multicategory | INT | Direct | Growify,3984.79,16150.0,183,5077,1.0
2026-05-02,Facebook,Conv | Tof | Multicategory | INT | Direct | Growify,44.81,0.0,6,99,0.0
2026-05-02,Facebook,Conv | Tof | Multicategory | INT | Direct | Growify,2450.73,0.0,269,3710,0.0
2026-05-02,Facebook,Conv | Tof | Multicategory | INT | Direct | Growify,0.42,0.0,0,1,0.0
2026-05-02,Facebook,Conv | Tof | Multicategory | INT | Direct | Growify,17.04,0.0,0,17,0.0
2026-05-02,Facebook,Conv | Tof | Multicategory | INT | Direct | Growify,6.52,0.0,1,12,0.0
2026-05-02,Facebook,Conv | Tof | Multicategory | INT | Direct | Growify,15.95,0.0,3,39,0.0
2026-05-02,Facebook,Conv | Tof | Multicategory | INT | Direct | Growify,3613.09,0.0,226,4582,0.0
2026-05-02,Facebook,Growify | MOF & BOF | Sale | India +intl,3616.01,8470.0,1132,34693,1.0
2026-05-02,Facebook,Growify | MOF & BOF | Sale | India +intl,3304.04,0.0,586,26294,0.0
2026-05-02,Facebook,Growify | MOF & BOF | Sale | India +intl,4703.14,0.0,3789,91496,0.0
2026-05-02,Facebook,Growify | MOF & BOF | Sale | India +intl,0.0,0.0,0,0,0.0
2026-05-02,Facebook,Growify | MOF & BOF | Sale | India +intl,40.39,0.0,6,360,0.0
2026-05-02,Facebook,Growify | MOF & BOF | Sale | India +intl,0.05,0.0,0,3,0.0
2026-05-02,Facebook,Growify | TOF | Sale | India,3307.97,0.0,549,29702,0.0
2026-05-02,Facebook,Growify | TOF | Sale | India,1788.81,0.0,218,10726,0.0
2026-05-02,Facebook,Growify | TOF | Sale | India,681.21,0.0,76,5185,0.0
2026-05-02,Facebook,Growify | TOF | Sale | US,1591.67,0.0,52,705,0.0
2026-05-02,Facebook,Growify | TOF | Sale | US,1063.02,0.0,35,514,0.0
2026-05-02,Facebook,Growify | TOF | Sales | India | Open,21.47,0.0,15,2184,0.0
2026-05-02,Facebook,Growify | TOF | Sales | India | Open,1249.89,0.0,540,74529,0.0
2026-05-02,Facebook,Growify | TOF | Sales | India | Open,0.01,0.0,0,1,0.0
2026-05-02,Facebook,Growify | TOF | Sales | India | Open,2998.59,0.0,782,30700,0.0
2026-05-03,Facebook,Conv | Tof | Multicategory | INT | Direct | Growify,1075.05,0.0,54,1236,0.0
2026-05-03,Facebook,Conv | Tof | Multicategory | INT | Direct | Growify,122.5,0.0,11,197,0.0
2026-05-03,Facebook,Conv | Tof | Multicategory | INT | Direct | Growify,1076.95,0.0,104,1198,0.0
2026-05-03,Facebook,Conv | Tof | Multicategory | INT | Direct | Growify,460.65,0.0,39,437,0.0
2026-05-03,Facebook,Conv | Tof | Multicategory | INT | Direct | Growify,27.79,0.0,1,26,0.0
2026-05-03,Facebook,Conv | Tof | Multicategory | INT | Direct | Growify,94.7,0.0,12,136,0.0
2026-05-03,Facebook,Conv | Tof | Multicategory | INT | Direct | Growify,1588.38,0.0,150,1669,0.0
2026-05-03,Facebook,Growify | MOF & BOF | Sale | India +intl,1051.41,0.0,200,6479,0.0
2026-05-03,Facebook,Growify | MOF & BOF | Sale | India +intl,857.34,0.0,106,5141,0.0
2026-05-03,Facebook,Growify | MOF & BOF | Sale | India +intl,1271.59,6300.0,782,21417,1.0
2026-05-03,Facebook,Growify | MOF & BOF | Sale | India +intl,0.0,0.0,0,0,0.0
2026-05-03,Facebook,Growify | MOF & BOF | Sale | India +intl,2.76,0.0,0,21,0.0
2026-05-03,Facebook,Growify | TOF | Sale | India,820.22,0.0,98,6147,0.0
2026-05-03,Facebook,Growify | TOF | Sale | India,1047.56,0.0,125,8586,0.0
2026-05-03,Facebook,Growify | TOF | Sale | India,353.78,0.0,35,3519,0.0
2026-05-03,Facebook,Growify | TOF | Sale | US,885.51,0.0,20,304,0.0
2026-05-03,Facebook,Growify | TOF | Sale | US,919.57,26850.0,35,435,1.0
2026-05-03,Facebook,Growify | TOF | Sales | India | Open,324.06,0.0,205,35273,0.0
2026-05-03,Facebook,Growify | TOF | Sales | India | Open,829.37,0.0,168,7186,0.0
2026-05-04,Facebook,Conv | Tof | Multicategory | INT | Direct | Growify,460.39,0.0,26,456,0.0
2026-05-04,Facebook,Conv | Tof | Multicategory | INT | Direct | Growify,2.29,0.0,0,1,0.0
2026-05-04,Facebook,Conv | Tof | Multicategory | INT | Direct | Growify,0.0,0.0,0,0,0.0
2026-05-04,Facebook,Conv | Tof | Multicategory | INT | Direct | Growify,774.83,0.0,48,848,0.0
2026-05-04,Facebook,Conv | Tof | Multicategory | INT | Direct | Growify,929.73,0.0,62,1098,0.0
2026-05-04,Facebook,Growify | MOF & BOF | Sale | India +intl,1269.14,10500.0,443,17818,1.0
2026-05-04,Facebook,Growify | MOF & BOF | Sale | India +intl,0.0,0.0,0,0,0.0
2026-05-04,Facebook,Growify | MOF & BOF | Sale | India +intl,872.14,0.0,208,9376,0.0
2026-05-04,Facebook,Growify | MOF & BOF | Sale | India +intl,0.0,0.0,0,0,0.0
2026-05-04,Facebook,Growify | MOF & BOF | Sale | India +intl,683.69,0.0,596,14910,0.0
2026-05-04,Facebook,Growify | MOF & BOF | Sale | India +intl,0.0,0.0,0,0,0.0
2026-05-04,Facebook,Growify | MOF & BOF | Sale | India +intl,0.0,0.0,0,0,0.0
2026-05-04,Facebook,Growify | TOF | Sale | India,450.97,0.0,82,5719,0.0
2026-05-04,Facebook,Growify | TOF | Sale | India,942.96,0.0,258,20370,0.0
2026-05-04,Facebook,Growify | TOF | Sale | India,338.68,0.0,77,6461,0.0
2026-05-04,Facebook,Growify | TOF | Sale | US,352.54,0.0,14,129,0.0
2026-05-04,Facebook,Growify | TOF | Sale | US,77.44,0.0,3,54,0.0
2026-05-04,Facebook,Growify | TOF | Sales | India | Open,181.29,0.0,130,22765,0.0
2026-05-04,Facebook,Growify | TOF | Sales | India | Open,846.85,0.0,228,12671,0.0
2026-05-05,Facebook,Conv | Tof | Multicategory | INT | Direct | Growify,1197.75,0.0,42,1294,0.0
2026-05-05,Facebook,Conv | Tof | Multicategory | INT | Direct | Growify,126.78,0.0,10,177,0.0
2026-05-05,Facebook,Conv | Tof | Multicategory | INT | Direct | Growify,0.0,0.0,0,0,0.0
2026-05-05,Facebook,Conv | Tof | Multicategory | INT | Direct | Growify,1989.75,0.0,121,2248,0.0
2026-05-05,Facebook,Conv | Tof | Multicategory | INT | Direct | Growify,339.99,9000.0,16,415,1.0
2026-05-05,Facebook,Conv | Tof | Multicategory | INT | Direct | Growify,2277.97,0.0,156,2760,0.0
2026-05-05,Facebook,Growify | MOF & BOF | Sale | India +intl,3303.27,10150.0,1437,49497,1.0
2026-05-05,Facebook,Growify | MOF & BOF | Sale | India +intl,0.01,0.0,0,1,0.0
2026-05-05,Facebook,Growify | MOF & BOF | Sale | India +intl,2961.04,0.0,599,25513,0.0
2026-05-05,Facebook,Growify | MOF & BOF | Sale | India +intl,4646.07,13050.0,3107,77138,1.0
2026-05-05,Facebook,Growify | MOF & BOF | Sale | India +intl,0.0,0.0,0,0,0.0
2026-05-05,Facebook,Growify | MOF & BOF | Sale | India +intl,71.62,0.0,5,412,0.0
2026-05-05,Facebook,Growify | TOF | Sale | India,3345.13,0.0,499,30913,0.0
2026-05-05,Facebook,Growify | TOF | Sale | India,3456.05,0.0,654,42436,0.0
2026-05-05,Facebook,Growify | TOF | Sale | India,1010.02,0.0,169,17190,0.0
2026-05-05,Facebook,Growify | TOF | Sale | US,2375.5,0.0,72,870,0.0
2026-05-05,Facebook,Growify | TOF | Sale | US,0.0,0.0,0,0,0.0
2026-05-05,Facebook,Growify | TOF | Sale | US,909.79,0.0,23,463,0.0
2026-05-05,Facebook,Growify | TOF | Sales | India | Open,189.41,0.0,99,20282,0.0
2026-05-05,Facebook,Growify | TOF | Sales | India | Open,893.34,0.0,664,135093,0.0
2026-05-05,Facebook,Growify | TOF | Sales | India | Open,0.02,0.0,0,2,0.0
2026-05-05,Facebook,Growify | TOF | Sales | India | Open,4110.17,0.0,1145,49361,0.0
2026-05-05,Facebook,Growify | TOF | Sales | India | Open,0.0,0.0,0,0,0.0
2026-05-06,Facebook,Conv | Tof | Multicategory | INT | Direct | Growify,442.69,0.0,18,508,0.0
2026-05-06,Facebook,Conv | Tof | Multicategory | INT | Direct | Growify,595.6,0.0,29,790,0.0
2026-05-06,Facebook,Conv | Tof | Multicategory | INT | Direct | Growify,0.0,0.0,0,0,0.0
2026-05-06,Facebook,Conv | Tof | Multicategory | INT | Direct | Growify,2109.78,0.0,136,2127,0.0
2026-05-06,Facebook,Conv | Tof | Multicategory | INT | Direct | Growify,599.57,0.0,41,569,0.0
2026-05-06,Facebook,Conv | Tof | Multicategory | INT | Direct | Growify,2317.52,0.0,128,2252,0.0
2026-05-06,Facebook,Growify | MOF & BOF | Sale | India +intl,2413.35,0.0,744,23193,0.0
2026-05-06,Facebook,Growify | MOF & BOF | Sale | India +intl,1509.06,0.0,247,9710,0.0
2026-05-06,Facebook,Growify | MOF & BOF | Sale | India +intl,3753.45,0.0,465,16277,0.0
2026-05-06,Facebook,Growify | MOF & BOF | Sale | India +intl,0.0,0.0,0,0,0.0
2026-05-06,Facebook,Growify | MOF & BOF | Sale | India +intl,4891.19,6300.0,2733,76034,1.0
2026-05-06,Facebook,Growify | MOF & BOF | Sale | India +intl,0.0,0.0,0,0,0.0
2026-05-06,Facebook,Growify | MOF & BOF | Sale | India +intl,28.47,0.0,5,131,0.0
2026-05-06,Facebook,Growify | MOF & BOF | Sale | India +intl,13.28,0.0,2,46,0.0
2026-05-06,Facebook,Growify | TOF | Sale | India,3510.3,0.0,503,20393,0.0
2026-05-06,Facebook,Growify | TOF | Sale | India,3366.57,0.0,594,30372,0.0
2026-05-06,Facebook,Growify | TOF | Sale | India,22.91,0.0,5,679,0.0
2026-05-06,Facebook,Growify | TOF | Sale | India,560.64,0.0,71,3909,0.0
2026-05-06,Facebook,Growify | TOF | Sale | US,3075.19,0.0,113,970,0.0
2026-05-06,Facebook,Growify | TOF | Sale | US,828.85,0.0,19,450,0.0
2026-05-06,Facebook,Growify | TOF | Sales | India | Open,320.31,0.0,118,14284,0.0
2026-05-06,Facebook,Growify | TOF | Sales | India | Open,678.52,0.0,314,44508,0.0
2026-05-06,Facebook,Growify | TOF | Sales | India | Open,3743.06,0.0,1013,46368,0.0
2026-05-07,Facebook,Conv | Tof | Multicategory | INT | Direct | Growify,1281.64,0.0,31,1067,0.0
2026-05-07,Facebook,Conv | Tof | Multicategory | INT | Direct | Growify,594.55,0.0,32,587,0.0
2026-05-07,Facebook,Conv | Tof | Multicategory | INT | Direct | Growify,2795.79,0.0,149,2794,0.0
2026-05-07,Facebook,Conv | Tof | Multicategory | INT | Direct | Growify,534.57,0.0,27,599,0.0
2026-05-07,Facebook,Conv | Tof | Multicategory | INT | Direct | Growify,1652.44,0.0,67,1477,0.0
2026-05-07,Facebook,Conv | Tof | Multicategory | INT | Direct | Growify,1479.95,0.0,96,1635,0.0
2026-05-07,Facebook,Conv | Tof | Multicategory | INT | Direct | Growify,640.92,0.0,31,582,0.0
2026-05-07,Facebook,Growify | MOF & BOF | Sale | India +intl,3362.82,0.0,1141,34700,0.0
2026-05-07,Facebook,Growify | MOF & BOF | Sale | India +intl,0.0,0.0,0,0,0.0
2026-05-07,Facebook,Growify | MOF & BOF | Sale | India +intl,1741.88,0.0,238,8428,0.0
2026-05-07,Facebook,Growify | MOF & BOF | Sale | India +intl,0.0,0.0,0,0,0.0
2026-05-07,Facebook,Growify | MOF & BOF | Sale | India +intl,1978.18,33750.0,231,7042,1.0
2026-05-07,Facebook,Growify | MOF & BOF | Sale | India +intl,680.73,0.0,92,2483,0.0
2026-05-07,Facebook,Growify | MOF & BOF | Sale | India +intl,4583.2,0.0,2455,73288,0.0
2026-05-07,Facebook,Growify | MOF & BOF | Sale | India +intl,0.0,0.0,0,0,0.0
2026-05-07,Facebook,Growify | MOF & BOF | Sale | India +intl,680.16,0.0,53,1543,0.0
2026-05-07,Facebook,Growify | MOF & BOF | Sale | India +intl,0.04,0.0,0,5,0.0
2026-05-07,Facebook,Growify | MOF & BOF | Sale | India +intl,537.44,0.0,65,2225,0.0
2026-05-07,Facebook,Growify | TOF | Sale | India,2409.84,0.0,258,11116,0.0
2026-05-07,Facebook,Growify | TOF | Sale | India,1694.88,0.0,121,4537,0.0
2026-05-07,Facebook,Growify | TOF | Sale | India,1681.26,0.0,191,10559,0.0
2026-05-07,Facebook,Growify | TOF | Sale | India,0.01,0.0,0,2,0.0
2026-05-07,Facebook,Growify | TOF | Sale | India,224.05,0.0,38,1210,0.0
2026-05-07,Facebook,Growify | TOF | Sale | India,464.54,0.0,55,1639,0.0
2026-05-07,Facebook,Growify | TOF | Sale | India,2.82,0.0,2,18,0.0
2026-05-07,Facebook,Growify | TOF | Sale | US,1822.66,0.0,69,711,0.0
2026-05-07,Facebook,Growify | TOF | Sale | US,478.99,0.0,8,220,0.0
2026-05-07,Facebook,Growify | TOF | Sale | US,1092.77,0.0,29,493,0.0
2026-05-07,Facebook,Growify | TOF | Sales | India | Open,651.61,0.0,383,55708,0.0
2026-05-07,Facebook,Growify | TOF | Sales | India | Open,640.4,0.0,292,38461,0.0
2026-05-07,Facebook,Growify | TOF | Sales | India | Open,559.33,0.0,282,14659,0.0
2026-05-07,Facebook,Growify | TOF | Sales | India | Open,3497.41,15750.0,785,36092,1.0
2026-05-07,Facebook,Growify | TOF | Sales | India | Open,0.0,0.0,0,0,0.0
2026-05-08,Facebook,Conv | Tof | Multicategory | INT | Direct | Growify,491.85,0.0,17,521,0.0
2026-05-08,Facebook,Conv | Tof | Multicategory | INT | Direct | Growify,116.79,0.0,4,113,0.0
2026-05-08,Facebook,Conv | Tof | Multicategory | INT | Direct | Growify,1480.94,0.0,82,1511,0.0
2026-05-08,Facebook,Conv | Tof | Multicategory | INT | Direct | Growify,303.97,0.0,8,203,0.0
2026-05-08,Facebook,Conv | Tof | Multicategory | INT | Direct | Growify,669.92,0.0,21,422,0.0
2026-05-08,Facebook,Conv | Tof | Multicategory | INT | Direct | Growify,498.22,0.0,17,170,0.0
2026-05-08,Facebook,Conv | Tof | Multicategory | INT | Direct | Growify,598.85,0.0,35,520,0.0
2026-05-08,Facebook,Conv | Tof | Multicategory | INT | Direct | Growify,716.86,0.0,27,268,0.0
2026-05-08,Facebook,Conv | Tof | Multicategory | INT | Direct | Growify,225.96,0.0,14,227,0.0
2026-05-08,Facebook,Conv | Tof | Multicategory | INT | Direct | Growify,66.5,0.0,1,21,0.0
2026-05-08,Facebook,Growify | MOF & BOF | Sale | India +intl,569.22,0.0,203,7330,0.0
2026-05-08,Facebook,Growify | MOF & BOF | Sale | India +intl,450.76,5670.0,66,2557,1.0
2026-05-08,Facebook,Growify | MOF & BOF | Sale | India +intl,318.13,0.0,30,1411,0.0
2026-05-08,Facebook,Growify | MOF & BOF | Sale | India +intl,126.62,0.0,21,744,0.0
2026-05-08,Facebook,Growify | MOF & BOF | Sale | India +intl,88.81,0.0,7,408,0.0
2026-05-08,Facebook,Growify | MOF & BOF | Sale | India +intl,755.51,0.0,332,8565,0.0
2026-05-08,Facebook,Growify | MOF & BOF | Sale | India +intl,426.61,0.0,12,196,0.0
2026-05-08,Facebook,Growify | MOF & BOF | Sale | India +intl,0.0,0.0,0,0,0.0
2026-05-08,Facebook,Growify | MOF & BOF | Sale | India +intl,16.69,0.0,6,113,0.0
2026-05-08,Facebook,Growify | MOF & BOF | Sale | India +intl,47.62,0.0,29,689,0.0
2026-05-08,Facebook,Growify | MOF & BOF | Sale | India +intl,61.81,0.0,5,52,0.0
2026-05-08,Facebook,Growify | MOF & BOF | Sale | India +intl,0.0,0.0,0,0,0.0
2026-05-08,Facebook,Growify | MOF & BOF | Sale | India +intl,14.09,0.0,1,58,0.0
2026-05-08,Facebook,Growify | MOF & BOF | Sale | India +intl,15.56,0.0,2,80,0.0
2026-05-08,Facebook,Growify | MOF & BOF | Sale | India +intl,55.26,0.0,7,327,0.0
2026-05-08,Facebook,Growify | MOF & BOF | Sale | India +intl,24.18,0.0,0,35,0.0
2026-05-08,Facebook,Growify | TOF | Sale | India,1095.65,0.0,197,11303,0.0
2026-05-08,Facebook,Growify | TOF | Sale | India,1160.1,0.0,113,4954,0.0
2026-05-08,Facebook,Growify | TOF | Sale | India,705.6,0.0,154,7329,0.0
2026-05-08,Facebook,Growify | TOF | Sale | India,7.3,0.0,1,15,0.0
2026-05-08,Facebook,Growify | TOF | Sale | India,9.06,0.0,2,86,0.0
2026-05-08,Facebook,Growify | TOF | Sale | India,332.34,0.0,40,1338,0.0
2026-05-08,Facebook,Growify | TOF | Sale | India,26.47,0.0,4,93,0.0
2026-05-08,Facebook,Growify | TOF | Sale | US,207.55,0.0,19,241,0.0
2026-05-08,Facebook,Growify | TOF | Sale | US,847.71,0.0,18,317,0.0
2026-05-08,Facebook,Growify | TOF | Sale | US,1.25,0.0,0,3,0.0
2026-05-08,Facebook,Growify | TOF | Sale | US,118.68,0.0,2,48,0.0
2026-05-08,Facebook,Growify | TOF | Sale | US,204.35,0.0,6,202,0.0
2026-05-08,Facebook,Growify | TOF | Sale | US,831.75,0.0,15,325,0.0
2026-05-08,Facebook,Growify | TOF | Sales | India | Open,116.37,0.0,65,10523,0.0
2026-05-08,Facebook,Growify | TOF | Sales | India | Open,120.11,0.0,56,6183,0.0
2026-05-08,Facebook,Growify | TOF | Sales | India | Open,225.67,0.0,98,4089,0.0
2026-05-08,Facebook,Growify | TOF | Sales | India | Open,772.96,0.0,233,9873,0.0
2026-05-08,Facebook,Growify | TOF | Sales | India | Open,0.0,0.0,0,0,0.0
2026-05-09,Facebook,Conv | Tof | Multicategory | INT | Direct | Growify,248.6,0.0,8,170,0.0
2026-05-09,Facebook,Conv | Tof | Multicategory | INT | Direct | Growify,18.05,0.0,0,24,0.0
2026-05-09,Facebook,Conv | Tof | Multicategory | INT | Direct | Growify,1839.33,0.0,80,1556,0.0
2026-05-09,Facebook,Conv | Tof | Multicategory | INT | Direct | Growify,49.3,0.0,1,60,0.0
2026-05-09,Facebook,Conv | Tof | Multicategory | INT | Direct | Growify,185.61,0.0,2,91,0.0
2026-05-09,Facebook,Conv | Tof | Multicategory | INT | Direct | Growify,828.38,0.0,29,332,0.0
2026-05-09,Facebook,Conv | Tof | Multicategory | INT | Direct | Growify,208.07,0.0,3,120,0.0
2026-05-09,Facebook,Conv | Tof | Multicategory | INT | Direct | Growify,1107.16,0.0,44,397,0.0
2026-05-09,Facebook,Conv | Tof | Multicategory | INT | Direct | Growify,15.7,0.0,0,13,0.0
2026-05-09,Facebook,Conv | Tof | Multicategory | INT | Direct | Growify,70.8,0.0,1,28,0.0
2026-05-09,Facebook,Growify | MOF & BOF | Sale | India +intl,1078.78,0.0,310,10091,0.0
2026-05-09,Facebook,Growify | MOF & BOF | Sale | India +intl,717.08,0.0,104,3340,0.0
2026-05-09,Facebook,Growify | MOF & BOF | Sale | India +intl,239.41,0.0,42,1310,0.0
2026-05-09,Facebook,Growify | MOF & BOF | Sale | India +intl,327.69,0.0,28,1216,0.0
2026-05-09,Facebook,Growify | MOF & BOF | Sale | India +intl,243.031416,0.0,22,881,0.0
2026-05-09,Facebook,Growify | MOF & BOF | Sale | India +intl,849.659911,0.0,386,7296,0.0
2026-05-09,Facebook,Growify | MOF & BOF | Sale | India +intl,610.408673,0.0,25,423,0.0
2026-05-09,Facebook,Growify | MOF & BOF | Sale | India +intl,53.71,0.0,13,270,0.0
2026-05-09,Facebook,Growify | MOF & BOF | Sale | India +intl,111.73,0.0,23,766,0.0
2026-05-09,Facebook,Growify | MOF & BOF | Sale | India +intl,51.87,0.0,1,114,0.0
2026-05-09,Facebook,Growify | MOF & BOF | Sale | India +intl,22.02,0.0,1,70,0.0
2026-05-09,Facebook,Growify | MOF & BOF | Sale | India +intl,11.88,0.0,1,89,0.0
2026-05-09,Facebook,Growify | MOF & BOF | Sale | India +intl,23.61,0.0,0,33,0.0
2026-05-09,Facebook,Growify | TOF | Sale | India,2202.19,0.0,364,17830,0.0
2026-05-09,Facebook,Growify | TOF | Sale | India,2550.21,0.0,268,9426,0.0
2026-05-09,Facebook,Growify | TOF | Sale | India,1521.47,0.0,205,7282,0.0
2026-05-09,Facebook,Growify | TOF | Sale | India,35.48,0.0,10,112,0.0
2026-05-09,Facebook,Growify | TOF | Sale | India,20.98,0.0,1,48,0.0
2026-05-09,Facebook,Growify | TOF | Sale | India,385.97,0.0,41,945,0.0
2026-05-09,Facebook,Growify | TOF | Sale | India,170.64,0.0,21,476,0.0
2026-05-09,Facebook,Growify | TOF | Sale | US,661.74,0.0,31,620,0.0
2026-05-09,Facebook,Growify | TOF | Sale | US,1293.18,0.0,53,523,0.0
2026-05-09,Facebook,Growify | TOF | Sale | US,265.43,0.0,7,117,0.0
2026-05-09,Facebook,Growify | TOF | Sale | US,102.97,0.0,5,43,0.0
2026-05-09,Facebook,Growify | TOF | Sale | US,399.03,0.0,14,363,0.0
2026-05-09,Facebook,Growify | TOF | Sale | US,978.52,0.0,16,445,0.0
2026-05-09,Facebook,Growify | TOF | Sale | US,267.57,0.0,8,162,0.0
2026-05-09,Facebook,Growify | TOF | Sale | US,241.92,0.0,1,90,0.0
2026-05-09,Facebook,Growify | TOF | Sales | India | Open,216.15,0.0,89,14242,0.0
2026-05-09,Facebook,Growify | TOF | Sales | India | Open,294.33,0.0,65,6912,0.0
2026-05-09,Facebook,Growify | TOF | Sales | India | Open,157.36,0.0,56,3295,0.0
2026-05-09,Facebook,Growify | TOF | Sales | India | Open,1624.92,0.0,417,18184,0.0
2026-05-09,Facebook,Growify | TOF | Sales | India | Open,0.0,0.0,0,0,0.0
2026-05-10,Facebook,Conv | Tof | Multicategory | INT | Direct | Growify,162.3,0.0,5,153,0.0
2026-05-10,Facebook,Conv | Tof | Multicategory | INT | Direct | Growify,12.83,0.0,1,20,0.0
2026-05-10,Facebook,Conv | Tof | Multicategory | INT | Direct | Growify,1213.94,0.0,60,1268,0.0
2026-05-10,Facebook,Conv | Tof | Multicategory | INT | Direct | Growify,19.86,0.0,1,28,0.0
2026-05-10,Facebook,Conv | Tof | Multicategory | INT | Direct | Growify,93.57,0.0,1,95,0.0
2026-05-10,Facebook,Conv | Tof | Multicategory | INT | Direct | Growify,577.32,0.0,19,243,0.0
2026-05-10,Facebook,Conv | Tof | Multicategory | INT | Direct | Growify,112.43,0.0,3,120,0.0
2026-05-10,Facebook,Conv | Tof | Multicategory | INT | Direct | Growify,1133.55,32805.0,40,341,1.0
2026-05-10,Facebook,Conv | Tof | Multicategory | INT | Direct | Growify,0.0,0.0,0,0,0.0
2026-05-10,Facebook,Conv | Tof | Multicategory | INT | Direct | Growify,0.0,0.0,0,0,0.0
2026-05-10,Facebook,Growify | MOF & BOF | Sale | India +intl,555.87,0.0,113,4279,0.0
2026-05-10,Facebook,Growify | MOF & BOF | Sale | India +intl,389.65,0.0,46,1781,0.0
2026-05-10,Facebook,Growify | MOF & BOF | Sale | India +intl,176.22,0.0,31,641,0.0
2026-05-10,Facebook,Growify | MOF & BOF | Sale | India +intl,5.92,0.0,1,6,0.0
2026-05-10,Facebook,Growify | MOF & BOF | Sale | India +intl,134.35,0.0,11,493,0.0
2026-05-10,Facebook,Growify | MOF & BOF | Sale | India +intl,322.08,0.0,109,2677,0.0
2026-05-10,Facebook,Growify | MOF & BOF | Sale | India +intl,382.99,0.0,9,263,0.0
2026-05-10,Facebook,Growify | MOF & BOF | Sale | India +intl,35.59,0.0,1,196,0.0
2026-05-10,Facebook,Growify | MOF & BOF | Sale | India +intl,21.56,0.0,11,257,0.0
2026-05-10,Facebook,Growify | MOF & BOF | Sale | India +intl,68.7,0.0,2,77,0.0
2026-05-10,Facebook,Growify | MOF & BOF | Sale | India +intl,13.41,0.0,1,25,0.0
2026-05-10,Facebook,Growify | MOF & BOF | Sale | India +intl,3.13,0.0,2,55,0.0
2026-05-10,Facebook,Growify | MOF & BOF | Sale | India +intl,8.57,0.0,0,14,0.0
2026-05-10,Facebook,Growify | MOF & BOF | Sale | India +intl,0.86,0.0,0,8,0.0
2026-05-10,Facebook,Growify | MOF & BOF | Sale | India +intl,3.94,0.0,0,9,0.0
2026-05-10,Facebook,Growify | MOF & BOF | Sale | India +intl,0.88,0.0,0,5,0.0
2026-05-10,Facebook,Growify | TOF | Sale | India,505.66,0.0,71,3225,0.0
2026-05-10,Facebook,Growify | TOF | Sale | India,689.0,0.0,58,2577,0.0
2026-05-10,Facebook,Growify | TOF | Sale | India,376.42,0.0,53,2901,0.0
2026-05-10,Facebook,Growify | TOF | Sale | India,0.0,0.0,0,0,0.0
2026-05-10,Facebook,Growify | TOF | Sale | India,348.62,0.0,27,754,0.0
2026-05-10,Facebook,Growify | TOF | Sale | India,55.42,0.0,4,80,0.0
2026-05-10,Facebook,Growify | TOF | Sale | US,235.16,0.0,15,245,0.0
2026-05-10,Facebook,Growify | TOF | Sale | US,499.65,0.0,11,252,0.0
2026-05-10,Facebook,Growify | TOF | Sale | US,35.07,0.0,2,41,0.0
2026-05-10,Facebook,Growify | TOF | Sale | US,23.73,0.0,1,19,0.0
2026-05-10,Facebook,Growify | TOF | Sale | US,0.22,0.0,0,1,0.0
2026-05-10,Facebook,Growify | TOF | Sale | US,18.13,0.0,0,2,0.0
2026-05-10,Facebook,Growify | TOF | Sale | US,154.23,0.0,5,132,0.0
2026-05-10,Facebook,Growify | TOF | Sale | US,378.11,0.0,3,132,0.0
2026-05-10,Facebook,Growify | TOF | Sale | US,46.29,0.0,3,45,0.0
2026-05-10,Facebook,Growify | TOF | Sale | US,47.01,0.0,2,28,0.0
2026-05-10,Facebook,Growify | TOF | Sales | India | Open,66.489999,0.0,14,2359,0.0
2026-05-10,Facebook,Growify | TOF | Sales | India | Open,155.71,0.0,29,3889,0.0
2026-05-10,Facebook,Growify | TOF | Sales | India | Open,0.0,0.0,0,0,0.0
2026-05-10,Facebook,Growify | TOF | Sales | India | Open,734.43,0.0,158,7087,0.0
2026-05-11,Facebook,Conv | Tof | Multicategory | INT | Direct | Growify,0.0,0.0,0,0,0.0
2026-05-11,Facebook,Conv | Tof | Multicategory | INT | Direct | Growify,0.0,21750.0,0,0,1.0
2026-05-11,Facebook,Conv | Tof | Multicategory | INT | Direct | Growify,0.0,0.0,0,0,0.0
2026-05-11,Facebook,Conv | Tof | Multicategory | INT | Direct | Growify,0.0,0.0,0,0,0.0
2026-05-11,Facebook,Growify | MOF & BOF | Sale | India +intl,0.0,0.0,0,0,0.0
2026-05-11,Facebook,Growify | MOF & BOF | Sale | India +intl,0.0,0.0,0,0,0.0
2026-05-11,Facebook,Growify | MOF & BOF | Sale | India +intl,0.0,0.0,0,0,0.0
2026-05-11,Facebook,Growify | MOF & BOF | Sale | India +intl,0.0,0.0,0,0,0.0
2026-05-11,Facebook,Growify | TOF | Sale | India,0.0,0.0,0,0,0.0
2026-05-11,Facebook,Growify | TOF | Sale | India,0.0,0.0,0,0,0.0
2026-05-11,Facebook,Growify | TOF | Sale | India,0.0,0.0,0,0,0.0
2026-05-11,Facebook,Growify | TOF | Sale | India,0.0,0.0,0,0,0.0
2026-05-11,Facebook,Growify | TOF | Sale | India,0.0,0.0,0,0,0.0
2026-05-11,Facebook,Growify | TOF | Sale | US,0.0,0.0,0,0,0.0
2026-05-11,Facebook,Growify | TOF | Sales | India | Open,0.0,0.0,0,0,0.0
2026-05-11,Facebook,Growify | TOF | Sales | India | Open,0.0,0.0,0,0,0.0
2026-05-12,Facebook,Conv | Tof | Multicategory | INT | Direct | Growify,0.31,0.0,0,2,0.0
2026-05-12,Facebook,Conv | Tof | Multicategory | INT | Direct | Growify,1081.69,26600.0,54,1148,1.0
2026-05-12,Facebook,Conv | Tof | Multicategory | INT | Direct | Growify,346.09,0.0,19,330,0.0
2026-05-12,Facebook,Conv | Tof | Multicategory | INT | Direct | Growify,1125.73,0.0,52,417,0.0
2026-05-12,Facebook,Conv | Tof | Multicategory | INT | Direct | Growify,0.0,0.0,0,0,0.0
2026-05-12,Facebook,Growify | MOF & BOF | Sale | India +intl,0.0,0.0,0,0,0.0
2026-05-12,Facebook,Growify | MOF & BOF | Sale | India +intl,0.04,10150.0,0,3,1.0
2026-05-12,Facebook,Growify | MOF & BOF | Sale | India +intl,2610.71,0.0,373,17413,0.0
2026-05-12,Facebook,Growify | MOF & BOF | Sale | India +intl,0.0,0.0,0,0,0.0
2026-05-12,Facebook,Growify | MOF & BOF | Sale | India +intl,193.024947,0.0,26,577,0.0
2026-05-12,Facebook,Growify | MOF & BOF | Sale | India +intl,884.008026,0.0,423,12127,0.0
2026-05-12,Facebook,Growify | MOF & BOF | Sale | India +intl,339.037027,0.0,8,221,0.0
2026-05-12,Facebook,Growify | MOF & BOF | Sale | India +intl,0.0,0.0,0,0,0.0
2026-05-12,Facebook,Growify | MOF & BOF | Sale | India +intl,0.0,0.0,0,0,0.0
2026-05-12,Facebook,Growify | TOF | Sale | India,0.0,0.0,0,0,0.0
2026-05-12,Facebook,Growify | TOF | Sale | India,2230.58,0.0,230,13741,0.0
2026-05-12,Facebook,Growify | TOF | Sale | India,0.0,0.0,0,0,0.0
2026-05-12,Facebook,Growify | TOF | Sale | India,4.61,0.0,1,62,0.0
2026-05-12,Facebook,Growify | TOF | Sale | India,0.0,0.0,0,0,0.0
2026-05-12,Facebook,Growify | TOF | Sale | India,752.82,0.0,85,3125,0.0
2026-05-12,Facebook,Growify | TOF | Sale | India,1010.79,0.0,138,3941,0.0
2026-05-12,Facebook,Growify | TOF | Sale | US,316.82,0.0,15,309,0.0
2026-05-12,Facebook,Growify | TOF | Sale | US,790.15,0.0,27,248,0.0
2026-05-12,Facebook,Growify | TOF | Sale | US,0.44,0.0,0,1,0.0
2026-05-12,Facebook,Growify | TOF | Sale | US,0.0,0.0,0,0,0.0
2026-05-12,Facebook,Growify | TOF | Sales | India | Open,0.0,0.0,0,0,0.0
2026-05-12,Facebook,Growify | TOF | Sales | India | Open,2272.41,0.0,460,23363,0.0
2026-05-13,Facebook,Conv | Tof | Multicategory | INT | Direct | Growify,1.39,0.0,1,3,0.0
2026-05-13,Facebook,Conv | Tof | Multicategory | INT | Direct | Growify,2486.79,0.0,105,2187,0.0
2026-05-13,Facebook,Conv | Tof | Multicategory | INT | Direct | Growify,1225.56,0.0,48,953,0.0
2026-05-13,Facebook,Conv | Tof | Multicategory | INT | Direct | Growify,4100.81,0.0,149,1732,0.0
2026-05-13,Facebook,Conv | Tof | Multicategory | INT | Direct | Growify,10.9,0.0,0,5,0.0
2026-05-13,Facebook,Conv | Tof | Multicategory | INT | Direct | Growify,26.9,0.0,1,10,0.0
2026-05-13,Facebook,Growify | MOF & BOF | Sale | India +intl,1365.54,0.0,286,8785,0.0
2026-05-13,Facebook,Growify | MOF & BOF | Sale | India +intl,60.61,0.0,0,46,0.0
2026-05-13,Facebook,Growify | MOF & BOF | Sale | India +intl,1466.3,0.0,201,6984,0.0
2026-05-13,Facebook,Growify | MOF & BOF | Sale | India +intl,96.87,0.0,1,74,0.0
2026-05-13,Facebook,Growify | MOF & BOF | Sale | India +intl,1109.885668,0.0,123,5794,0.0
2026-05-13,Facebook,Growify | MOF & BOF | Sale | India +intl,145.474332,0.0,4,61,0.0
2026-05-13,Facebook,Growify | MOF & BOF | Sale | India +intl,93.22,0.0,4,180,0.0
2026-05-13,Facebook,Growify | MOF & BOF | Sale | India +intl,326.761921,0.0,45,1278,0.0
2026-05-13,Facebook,Growify | MOF & BOF | Sale | India +intl,2552.914964,0.0,955,24659,0.0
2026-05-13,Facebook,Growify | MOF & BOF | Sale | India +intl,1109.783115,0.0,27,578,0.0
2026-05-13,Facebook,Growify | MOF & BOF | Sale | India +intl,33.72,0.0,2,30,0.0
2026-05-13,Facebook,Growify | MOF & BOF | Sale | India +intl,40.29,0.0,4,197,0.0
2026-05-13,Facebook,Growify | MOF & BOF | Sale | India +intl,2.99,0.0,0,9,0.0
2026-05-13,Facebook,Growify | TOF | Sale | India,2336.38,0.0,278,11396,0.0
2026-05-13,Facebook,Growify | TOF | Sale | India,248.92,0.0,18,870,0.0
2026-05-13,Facebook,Growify | TOF | Sale | India,1837.42,0.0,130,5674,0.0
2026-05-13,Facebook,Growify | TOF | Sale | India,0.0,0.0,0,0,0.0
2026-05-13,Facebook,Growify | TOF | Sale | India,1657.81,0.0,100,4781,0.0
2026-05-13,Facebook,Growify | TOF | Sale | India,170.85,0.0,14,821,0.0
2026-05-13,Facebook,Growify | TOF | Sale | India,68.44,0.0,9,257,0.0
2026-05-13,Facebook,Growify | TOF | Sale | India,1270.5,0.0,131,2585,0.0
2026-05-13,Facebook,Growify | TOF | Sale | US,1211.692543,0.0,45,988,0.0
2026-05-13,Facebook,Growify | TOF | Sale | US,3032.717457,0.0,101,1090,0.0
2026-05-13,Facebook,Growify | TOF | Sale | US,0.0,0.0,0,0,0.0
2026-05-13,Facebook,Growify | TOF | Sale | US,5.36,0.0,0,2,0.0
2026-05-13,Facebook,Growify | TOF | Sale | US,108.25,0.0,0,70,0.0
2026-05-13,Facebook,Growify | TOF | Sale | US,182.16,0.0,3,66,0.0
2026-05-13,Facebook,Growify | TOF | Sales | India | Open,15.56,0.0,10,485,0.0
2026-05-13,Facebook,Growify | TOF | Sales | India | Open,211.33,0.0,60,7380,0.0
2026-05-13,Facebook,Growify | TOF | Sales | India | Open,456.38,0.0,93,10088,0.0
2026-05-13,Facebook,Growify | TOF | Sales | India | Open,3005.79,10500.0,654,41425,1.0
2026-05-14,Facebook,Conv | Tof | Multicategory | INT | Direct | Growify,1268.06,0.0,58,1177,0.0
2026-05-14,Facebook,Conv | Tof | Multicategory | INT | Direct | Growify,288.78,0.0,14,170,0.0
2026-05-14,Facebook,Conv | Tof | Multicategory | INT | Direct | Growify,1063.53,0.0,24,257,0.0
2026-05-14,Facebook,Conv | Tof | Multicategory | INT | Direct | Growify,414.76,0.0,10,304,0.0
2026-05-14,Facebook,Conv | Tof | Multicategory | INT | Direct | Growify,1370.44,0.0,32,471,0.0
2026-05-14,Facebook,Growify | MOF & BOF | Sale | India +intl,423.0,0.0,103,2905,0.0
2026-05-14,Facebook,Growify | MOF & BOF | Sale | India +intl,126.02,0.0,1,128,0.0
2026-05-14,Facebook,Growify | MOF & BOF | Sale | India +intl,241.19,0.0,26,1218,0.0
2026-05-14,Facebook,Growify | MOF & BOF | Sale | India +intl,201.99,0.0,0,97,0.0
2026-05-14,Facebook,Growify | MOF & BOF | Sale | India +intl,339.461386,0.0,30,982,0.0
2026-05-14,Facebook,Growify | MOF & BOF | Sale | India +intl,316.718614,0.0,3,152,0.0
2026-05-14,Facebook,Growify | MOF & BOF | Sale | India +intl,173.221269,0.0,15,664,0.0
2026-05-14,Facebook,Growify | MOF & BOF | Sale | India +intl,777.345693,0.0,291,7501,0.0
2026-05-14,Facebook,Growify | MOF & BOF | Sale | India +intl,414.903039,0.0,16,234,0.0
2026-05-14,Facebook,Growify | MOF & BOF | Sale | India +intl,1.6,0.0,1,13,0.0
2026-05-14,Facebook,Growify | MOF & BOF | Sale | India +intl,27.87,0.0,12,255,0.0
2026-05-14,Facebook,Growify | MOF & BOF | Sale | India +intl,0.39,0.0,0,2,0.0
2026-05-14,Facebook,Growify | TOF | Sale | India,740.62,0.0,74,4048,0.0
2026-05-14,Facebook,Growify | TOF | Sale | India,426.39,0.0,26,1711,0.0
2026-05-14,Facebook,Growify | TOF | Sale | India,311.0,0.0,30,1775,0.0
2026-05-14,Facebook,Growify | TOF | Sale | India,0.0,0.0,0,0,0.0
2026-05-14,Facebook,Growify | TOF | Sale | India,58.02,0.0,9,480,0.0
2026-05-14,Facebook,Growify | TOF | Sale | India,187.51,0.0,6,748,0.0
2026-05-14,Facebook,Growify | TOF | Sale | India,53.01,0.0,5,72,0.0
2026-05-14,Facebook,Growify | TOF | Sale | India,74.98,0.0,27,936,0.0
2026-05-14,Facebook,Growify | TOF | Sale | India,524.059999,0.0,45,863,0.0
2026-05-14,Facebook,Growify | TOF | Sale | US,479.08,0.0,25,386,0.0
2026-05-14,Facebook,Growify | TOF | Sale | US,1158.42,0.0,42,435,0.0
2026-05-14,Facebook,Growify | TOF | Sale | US,188.45,0.0,10,180,0.0
2026-05-14,Facebook,Growify | TOF | Sale | US,356.15,0.0,2,112,0.0
2026-05-14,Facebook,Growify | TOF | Sales | India | Open,204.31,0.0,109,17058,0.0
2026-05-14,Facebook,Growify | TOF | Sales | India | Open,342.5,0.0,88,9036,0.0
2026-05-14,Facebook,Growify | TOF | Sales | India | Open,729.59,0.0,147,10300,0.0
2026-05-15,Facebook,Conv | Tof | Multicategory | INT | Direct | Growify,0.0,0.0,0,0,0.0
2026-05-15,Facebook,Conv | Tof | Multicategory | INT | Direct | Growify,0.0,0.0,0,0,0.0
2026-05-15,Facebook,Conv | Tof | Multicategory | INT | Direct | Growify,0.0,0.0,0,0,0.0
2026-05-15,Facebook,Conv | Tof | Multicategory | INT | Direct | Growify,0.0,0.0,0,0,0.0
2026-05-15,Facebook,Growify | MOF & BOF | Sale | India +intl,0.0,0.0,0,0,0.0
2026-05-15,Facebook,Growify | MOF & BOF | Sale | India +intl,0.0,0.0,0,0,0.0
2026-05-15,Facebook,Growify | MOF & BOF | Sale | India +intl,0.0,0.0,0,0,0.0
2026-05-15,Facebook,Growify | MOF & BOF | Sale | India +intl,0.0,0.0,0,0,0.0
2026-05-15,Facebook,Growify | MOF & BOF | Sale | India +intl,0.0,0.0,0,0,0.0
2026-05-15,Facebook,Growify | MOF & BOF | Sale | India +intl,0.0,0.0,0,0,0.0
2026-05-15,Facebook,Growify | TOF | Sale | India,0.0,0.0,0,0,0.0
2026-05-15,Facebook,Growify | TOF | Sale | India,0.0,0.0,0,0,0.0
2026-05-15,Facebook,Growify | TOF | Sale | India,0.0,0.0,0,0,0.0
2026-05-15,Facebook,Growify | TOF | Sale | US,0.0,0.0,0,0,0.0
2026-05-15,Facebook,Growify | TOF | Sale | US,0.0,0.0,0,0,0.0
2026-05-15,Facebook,Growify | TOF | Sale | US,0.0,0.0,0,0,0.0
2026-05-15,Facebook,Growify | TOF | Sales | India | Open,0.0,0.0,0,0,0.0
2026-05-15,Facebook,Growify | TOF | Sales | India | Open,0.0,0.0,0,0,0.0
2026-05-16,Facebook,Conv | Tof | Multicategory | INT | Direct | Growify,540.19,0.0,24,525,0.0
2026-05-16,Facebook,Conv | Tof | Multicategory | INT | Direct | Growify,2341.57,0.0,74,2448,0.0
2026-05-16,Facebook,Conv | Tof | Multicategory | INT | Direct | Growify,1170.81,0.0,53,1111,0.0
2026-05-16,Facebook,Conv | Tof | Multicategory | INT | Direct | Growify,5039.49,0.0,142,1747,0.0
2026-05-16,Facebook,Growify | MOF & BOF | Sale | India +intl,0.0,0.0,0,0,0.0
2026-05-16,Facebook,Growify | MOF & BOF | Sale | India +intl,3651.278374,0.0,440,22939,0.0
2026-05-16,Facebook,Growify | MOF & BOF | Sale | India +intl,708.791626,0.0,15,264,0.0
2026-05-16,Facebook,Growify | MOF & BOF | Sale | India +intl,0.0,0.0,0,0,0.0
2026-05-16,Facebook,Growify | MOF & BOF | Sale | India +intl,307.949952,0.0,14,586,0.0
2026-05-16,Facebook,Growify | MOF & BOF | Sale | India +intl,2704.040813,0.0,1439,36696,0.0
2026-05-16,Facebook,Growify | MOF & BOF | Sale | India +intl,533.659234,0.0,27,228,0.0
2026-05-16,Facebook,Growify | MOF & BOF | Sale | India +intl,0.0,0.0,0,0,0.0
2026-05-16,Facebook,Growify | MOF & BOF | Sale | India +intl,52.14,0.0,2,92,0.0
2026-05-16,Facebook,Growify | MOF & BOF | Sale | India +intl,688.5,0.0,105,4616,0.0
2026-05-16,Facebook,Growify | MOF & BOF | Sale | India +intl,45.1,42120.0,2,32,1.0
2026-05-16,Facebook,Growify | MOF & BOF | Sale | India +intl,0.0,0.0,0,0,0.0
2026-05-16,Facebook,Growify | TOF | Sale | India,4837.54,0.0,731,38657,0.0
2026-05-16,Facebook,Growify | TOF | Sale | India,3420.95,0.0,421,10439,0.0
2026-05-16,Facebook,Growify | TOF | Sale | US,719.45,0.0,23,705,0.0
2026-05-16,Facebook,Growify | TOF | Sale | US,4049.9,0.0,75,1065,0.0
2026-05-16,Facebook,Growify | TOF | Sale | US,0.36,0.0,0,1,0.0
2026-05-16,Facebook,Growify | TOF | Sale | US,16.52,0.0,0,5,0.0
2026-05-16,Facebook,Growify | TOF | Sales | India | Open,0.0,0.0,0,0,0.0
2026-05-16,Facebook,Growify | TOF | Sales | India | Open,33.72,0.0,18,1997,0.0
2026-05-16,Facebook,Growify | TOF | Sales | India | Open,4259.92,0.0,1152,82762,0.0
2026-05-17,Facebook,Conv | Tof | Multicategory | INT | Direct | Growify,751.46,0.0,39,729,0.0
2026-05-17,Facebook,Conv | Tof | Multicategory | INT | Direct | Growify,1832.59,0.0,73,1798,0.0
2026-05-17,Facebook,Conv | Tof | Multicategory | INT | Direct | Growify,697.18,0.0,31,563,0.0
2026-05-17,Facebook,Conv | Tof | Multicategory | INT | Direct | Growify,2200.0,0.0,64,901,0.0
2026-05-17,Facebook,Conv | Tof | Multicategory | INT | Direct | Growify,28.86,0.0,1,34,0.0
2026-05-17,Facebook,Conv | Tof | Multicategory | INT | Direct | Growify,250.11,0.0,6,62,0.0
2026-05-17,Facebook,Conv | Tof | Multicategory | INT | Direct | Growify,0.0,0.0,0,0,0.0
2026-05-17,Facebook,Growify | MOF & BOF | Sale | India +intl,423.52,0.0,90,2678,0.0
2026-05-17,Facebook,Growify | MOF & BOF | Sale | India +intl,6.65,0.0,0,17,0.0
2026-05-17,Facebook,Growify | MOF & BOF | Sale | India +intl,77.55,0.0,4,278,0.0
2026-05-17,Facebook,Growify | MOF & BOF | Sale | India +intl,31.95,0.0,2,16,0.0
2026-05-17,Facebook,Growify | MOF & BOF | Sale | India +intl,2385.55,0.0,232,8224,0.0
2026-05-17,Facebook,Growify | MOF & BOF | Sale | India +intl,819.89,0.0,14,439,0.0
2026-05-17,Facebook,Growify | MOF & BOF | Sale | India +intl,472.29,0.0,36,1195,0.0
2026-05-17,Facebook,Growify | MOF & BOF | Sale | India +intl,1840.07,0.0,975,24010,0.0
2026-05-17,Facebook,Growify | MOF & BOF | Sale | India +intl,599.03,0.0,17,438,0.0
2026-05-17,Facebook,Growify | MOF & BOF | Sale | India +intl,0.09,0.0,0,7,0.0
2026-05-17,Facebook,Growify | MOF & BOF | Sale | India +intl,17.29,0.0,4,89,0.0
2026-05-17,Facebook,Growify | MOF & BOF | Sale | India +intl,0.0,0.0,0,1,0.0
2026-05-17,Facebook,Growify | MOF & BOF | Sale | India +intl,82.17,0.0,5,145,0.0
2026-05-17,Facebook,Growify | MOF & BOF | Sale | India +intl,141.17,0.0,19,848,0.0
2026-05-17,Facebook,Growify | MOF & BOF | Sale | India +intl,69.36,0.0,5,41,0.0
2026-05-17,Facebook,Growify | MOF & BOF | Sale | India +intl,4.17,0.0,0,8,0.0
2026-05-17,Facebook,Growify | MOF & BOF | Sale | India +intl,51.07,0.0,1,67,0.0
2026-05-17,Facebook,Growify | MOF & BOF | Sale | India +intl,0.04,0.0,0,1,0.0
2026-05-17,Facebook,Growify | TOF | Sale | India,3392.01,0.0,395,22949,0.0
2026-05-17,Facebook,Growify | TOF | Sale | India,45.8,0.0,4,130,0.0
2026-05-17,Facebook,Growify | TOF | Sale | India,7.93,0.0,0,2,0.0
2026-05-17,Facebook,Growify | TOF | Sale | India,502.7,0.0,26,884,0.0
2026-05-17,Facebook,Growify | TOF | Sale | India,0.0,0.0,0,0,0.0
2026-05-17,Facebook,Growify | TOF | Sale | India,12.7,0.0,2,604,0.0
2026-05-17,Facebook,Growify | TOF | Sale | India,173.23,0.0,6,467,0.0
2026-05-17,Facebook,Growify | TOF | Sale | India,121.31,0.0,6,291,0.0
2026-05-17,Facebook,Growify | TOF | Sale | India,1522.29,0.0,107,2770,0.0
2026-05-17,Facebook,Growify | TOF | Sale | US,794.74,0.0,33,514,0.0
2026-05-17,Facebook,Growify | TOF | Sale | US,2380.09,0.0,51,759,0.0
2026-05-17,Facebook,Growify | TOF | Sale | US,13.52,0.0,0,11,0.0
2026-05-17,Facebook,Growify | TOF | Sale | US,14.84,0.0,0,7,0.0
2026-05-17,Facebook,Growify | TOF | Sales | India | Open,46.35,0.0,31,4981,0.0
2026-05-17,Facebook,Growify | TOF | Sales | India | Open,16.219999,0.0,9,2083,0.0
2026-05-17,Facebook,Growify | TOF | Sales | India | Open,2373.39,0.0,573,45967,0.0
2026-05-18,Facebook,Conv | Tof | Multicategory | INT | Direct | Growify,0.0,0.0,0,0,0.0
2026-05-18,Facebook,Conv | Tof | Multicategory | INT | Direct | Growify,0.0,0.0,0,0,0.0
2026-05-18,Facebook,Conv | Tof | Multicategory | INT | Direct | Growify,0.0,0.0,0,0,0.0
2026-05-18,Facebook,Growify | MOF & BOF | Sale | India +intl,0.0,0.0,0,0,0.0
2026-05-18,Facebook,Growify | MOF & BOF | Sale | India +intl,0.0,0.0,0,0,0.0
2026-05-18,Facebook,Growify | MOF & BOF | Sale | India +intl,0.0,0.0,0,0,0.0
2026-05-18,Facebook,Growify | MOF & BOF | Sale | India +intl,0.0,0.0,0,0,0.0
2026-05-18,Facebook,Growify | MOF & BOF | Sale | India +intl,0.0,0.0,0,0,0.0
2026-05-18,Facebook,Growify | MOF & BOF | Sale | India +intl,0.0,0.0,0,0,0.0
2026-05-18,Facebook,Growify | TOF | Sale | India,0.0,0.0,0,0,0.0
2026-05-18,Facebook,Growify | TOF | Sale | India,0.0,0.0,0,0,0.0
2026-05-18,Facebook,Growify | TOF | Sale | India,0.0,0.0,0,0,0.0
2026-05-18,Facebook,Growify | TOF | Sale | India,0.0,0.0,0,0,0.0
2026-05-18,Facebook,Growify | TOF | Sale | US,0.0,0.0,0,0,0.0
2026-05-18,Facebook,Growify | TOF | Sale | US,0.0,0.0,0,0,0.0
2026-05-18,Facebook,Growify | TOF | Sale | US,0.0,0.0,0,0,0.0
2026-05-18,Facebook,Growify | TOF | Sales | India | Open,0.0,0.0,0,0,0.0
2026-05-18,Facebook,Growify | TOF | Sales | India | Open,0.0,0.0,0,0,0.0
2026-05-19,Facebook,Conv | Tof | Multicategory | INT | Direct | Growify,579.74,0.0,33,635,0.0
2026-05-19,Facebook,Conv | Tof | Multicategory | INT | Direct | Growify,0.0,0.0,0,0,0.0
2026-05-19,Facebook,Conv | Tof | Multicategory | INT | Direct | Growify,201.16,0.0,10,176,0.0
2026-05-19,Facebook,Conv | Tof | Multicategory | INT | Direct | Growify,587.2,0.0,11,198,0.0
2026-05-19,Facebook,Conv | Tof | Multicategory | INT | Direct | Growify,0.0,0.0,0,0,0.0
2026-05-19,Facebook,Growify | MOF & BOF | Sale | India +intl,0.0,0.0,0,0,0.0
2026-05-19,Facebook,Growify | MOF & BOF | Sale | India +intl,985.965999,0.0,186,7788,0.0
2026-05-19,Facebook,Growify | MOF & BOF | Sale | India +intl,147.324001,0.0,0,101,0.0
2026-05-19,Facebook,Growify | MOF & BOF | Sale | India +intl,0.0,0.0,0,0,0.0
2026-05-19,Facebook,Growify | MOF & BOF | Sale | India +intl,134.514118,0.0,17,474,0.0
2026-05-19,Facebook,Growify | MOF & BOF | Sale | India +intl,905.958932,0.0,652,17607,0.0
2026-05-19,Facebook,Growify | MOF & BOF | Sale | India +intl,111.76695,0.0,10,103,0.0
2026-05-19,Facebook,Growify | MOF & BOF | Sale | India +intl,0.0,0.0,0,0,0.0
2026-05-19,Facebook,Growify | MOF & BOF | Sale | India +intl,0.0,16850.0,0,0,1.0
2026-05-19,Facebook,Growify | MOF & BOF | Sale | India +intl,0.02,0.0,0,1,0.0
2026-05-19,Facebook,Growify | MOF & BOF | Sale | India +intl,1.78,0.0,0,5,0.0
2026-05-19,Facebook,Growify | TOF | Sale | India,938.29,23054.5,190,13014,1.0
2026-05-19,Facebook,Growify | TOF | Sale | India,1016.56,0.0,121,3214,0.0
2026-05-19,Facebook,Growify | TOF | Sale | US,277.956173,0.0,13,242,0.0
2026-05-19,Facebook,Growify | TOF | Sale | US,598.353827,0.0,11,283,0.0
2026-05-19,Facebook,Growify | TOF | Sale | US,0.0,0.0,0,0,0.0
2026-05-19,Facebook,Growify | TOF | Sales | India | Open,0.0,0.0,0,0,0.0
2026-05-19,Facebook,Growify | TOF | Sales | India | Open,1083.83,0.0,382,31688,0.0
2026-05-19,Facebook,Growify | TOF | Sales | India | Open,0.0,0.0,0,1,0.0
2026-05-20,Facebook,Conv | Tof | Multicategory | INT | Direct | Growify,1583.62,0.0,103,1470,0.0
2026-05-20,Facebook,Conv | Tof | Multicategory | INT | Direct | Growify,87.45,0.0,2,97,0.0
2026-05-20,Facebook,Conv | Tof | Multicategory | INT | Direct | Growify,511.65,0.0,19,423,0.0
2026-05-20,Facebook,Conv | Tof | Multicategory | INT | Direct | Growify,1255.72,0.0,39,496,0.0
2026-05-20,Facebook,Conv | Tof | Multicategory | INT | Direct | Growify,9.56,0.0,0,7,0.0
2026-05-20,Facebook,Conv | Tof | Multicategory | INT | Direct | Growify,34.37,0.0,1,8,0.0
2026-05-20,Facebook,Growify | MOF & BOF | Sale | India +intl,84.59,0.0,3,337,0.0
2026-05-20,Facebook,Growify | MOF & BOF | Sale | India +intl,6.65,0.0,3,4,0.0
2026-05-20,Facebook,Growify | MOF & BOF | Sale | India +intl,783.914558,0.0,94,3685,0.0
2026-05-20,Facebook,Growify | MOF & BOF | Sale | India +intl,187.515442,0.0,6,116,0.0
2026-05-20,Facebook,Growify | MOF & BOF | Sale | India +intl,1403.41,0.0,1308,22733,0.0
2026-05-20,Facebook,Growify | MOF & BOF | Sale | India +intl,191.88,0.0,9,159,0.0
2026-05-20,Facebook,Growify | MOF & BOF | Sale | India +intl,261.857409,0.0,33,1002,0.0
2026-05-20,Facebook,Growify | MOF & BOF | Sale | India +intl,1510.875053,0.0,1434,32834,0.0
2026-05-20,Facebook,Growify | MOF & BOF | Sale | India +intl,248.847538,0.0,11,245,0.0
2026-05-20,Facebook,Growify | MOF & BOF | Sale | India +intl,0.61,0.0,0,7,0.0
2026-05-20,Facebook,Growify | MOF & BOF | Sale | India +intl,3.61,0.0,0,25,0.0
2026-05-20,Facebook,Growify | MOF & BOF | Sale | India +intl,0.0,0.0,0,1,0.0
2026-05-20,Facebook,Growify | MOF & BOF | Sale | India +intl,4.31,0.0,0,33,0.0
2026-05-20,Facebook,Growify | MOF & BOF | Sale | India +intl,16.84,0.0,2,81,0.0
2026-05-20,Facebook,Growify | MOF & BOF | Sale | India +intl,0.2,0.0,0,3,0.0
2026-05-20,Facebook,Growify | TOF | Sale | India,2398.89,0.0,371,25293,0.0
2026-05-20,Facebook,Growify | TOF | Sale | India,224.14,0.0,23,1290,0.0
2026-05-20,Facebook,Growify | TOF | Sale | India,103.14,0.0,15,1793,0.0
2026-05-20,Facebook,Growify | TOF | Sale | India,1096.11,0.0,73,1568,0.0
2026-05-20,Facebook,Growify | TOF | Sale | US,764.21,4418.4,25,561,1.0
2026-05-20,Facebook,Growify | TOF | Sale | US,1396.61,0.0,36,549,0.0
2026-05-20,Facebook,Growify | TOF | Sale | US,0.28,0.0,0,1,0.0
2026-05-20,Facebook,Growify | TOF | Sale | US,16.51,0.0,0,4,0.0
2026-05-20,Facebook,Growify | TOF | Sale | US,99.01,0.0,2,98,0.0
2026-05-20,Facebook,Growify | TOF | Sale | US,120.57,0.0,1,57,0.0
2026-05-20,Facebook,Growify | TOF | Sales | India | Open,165.23,0.0,117,12656,0.0
2026-05-20,Facebook,Growify | TOF | Sales | India | Open,1.8,0.0,2,335,0.0
2026-05-20,Facebook,Growify | TOF | Sales | India | Open,2.25,0.0,0,74,0.0
2026-05-20,Facebook,Growify | TOF | Sales | India | Open,1307.69,0.0,263,21449,0.0
2026-05-20,Facebook,Growify | TOF | Sales | India | Open,0.0,0.0,0,0,0.0
2026-05-20,Facebook,Growify | TOF | Sales | India | Open,886.79,0.0,691,21957,0.0
2026-05-21,Facebook,Conv | Tof | Multicategory | INT | Direct | Growify,1929.8,0.0,95,1738,0.0
2026-05-21,Facebook,Conv | Tof | Multicategory | INT | Direct | Growify,0.0,0.0,0,0,0.0
2026-05-21,Facebook,Conv | Tof | Multicategory | INT | Direct | Growify,283.01,0.0,10,187,0.0
2026-05-21,Facebook,Conv | Tof | Multicategory | INT | Direct | Growify,316.22,0.0,26,175,0.0
2026-05-21,Facebook,Conv | Tof | Multicategory | INT | Direct | Growify,1620.07,0.0,28,416,0.0
2026-05-21,Facebook,Growify | MOF & BOF | Sale | India +intl,5.0,0.0,0,20,0.0
2026-05-21,Facebook,Growify | MOF & BOF | Sale | India +intl,0.58,0.0,0,3,0.0
2026-05-21,Facebook,Growify | MOF & BOF | Sale | India +intl,114.04,0.0,9,230,0.0
2026-05-21,Facebook,Growify | MOF & BOF | Sale | India +intl,2.39,0.0,0,6,0.0
2026-05-21,Facebook,Growify | MOF & BOF | Sale | India +intl,1312.166396,0.0,2531,35101,0.0
2026-05-21,Facebook,Growify | MOF & BOF | Sale | India +intl,257.333603,0.0,9,230,0.0
2026-05-21,Facebook,Growify | MOF & BOF | Sale | India +intl,196.359674,0.0,23,960,0.0
2026-05-21,Facebook,Growify | MOF & BOF | Sale | India +intl,1491.949486,0.0,1548,36631,0.0
2026-05-21,Facebook,Growify | MOF & BOF | Sale | India +intl,307.80084,0.0,10,229,0.0
2026-05-21,Facebook,Growify | MOF & BOF | Sale | India +intl,1.21,0.0,0,33,0.0
2026-05-21,Facebook,Growify | MOF & BOF | Sale | India +intl,12.6,0.0,2,25,0.0
2026-05-21,Facebook,Growify | MOF & BOF | Sale | India +intl,0.03,0.0,0,2,0.0
2026-05-21,Facebook,Growify | TOF | Sale | India,2367.62,0.0,355,27930,0.0
2026-05-21,Facebook,Growify | TOF | Sale | India,29.01,0.0,5,229,0.0
2026-05-21,Facebook,Growify | TOF | Sale | India,0.0,0.0,0,0,0.0
2026-05-21,Facebook,Growify | TOF | Sale | US,415.84,0.0,22,417,0.0
2026-05-21,Facebook,Growify | TOF | Sale | US,329.83,0.0,30,223,0.0
2026-05-21,Facebook,Growify | TOF | Sale | US,1682.12,0.0,23,376,0.0
2026-05-21,Facebook,Growify | TOF | Sale | US,53.57,0.0,2,44,0.0
2026-05-21,Facebook,Growify | TOF | Sale | US,30.32,0.0,0,23,0.0
2026-05-21,Facebook,Growify | TOF | Sale | US,115.76,0.0,2,50,0.0
2026-05-21,Facebook,Growify | TOF | Sale | US,19.51,0.0,2,20,0.0
2026-05-21,Facebook,Growify | TOF | Sale | US,22.77,0.0,2,8,0.0
2026-05-21,Facebook,Growify | TOF | Sale | US,35.87,0.0,0,12,0.0
2026-05-21,Facebook,Growify | TOF | Sales | India | Open,0.32,0.0,2,59,0.0
2026-05-21,Facebook,Growify | TOF | Sales | India | Open,0.0,0.0,0,0,0.0
2026-05-21,Facebook,Growify | TOF | Sales | India | Open,63.2,0.0,20,1297,0.0
2026-05-21,Facebook,Growify | TOF | Sales | India | Open,230.81,0.0,53,2476,0.0
2026-05-21,Facebook,Growify | TOF | Sales | India | Open,1658.82,0.0,1491,29383,0.0
2026-05-22,Facebook,Conv | Tof | Multicategory | INT | Direct | Growify,1009.65,0.0,57,989,0.0
2026-05-22,Facebook,Conv | Tof | Multicategory | INT | Direct | Growify,0.0,0.0,0,0,0.0
2026-05-22,Facebook,Conv | Tof | Multicategory | INT | Direct | Growify,545.0,0.0,35,323,0.0
2026-05-22,Facebook,Conv | Tof | Multicategory | INT | Direct | Growify,1650.93,0.0,41,565,0.0
2026-05-22,Facebook,Conv | Tof | Multicategory | INT | Direct | Growify,53.78,0.0,1,24,0.0
2026-05-22,Facebook,Conv | Tof | Multicategory | INT | Direct | Growify,38.16,0.0,1,23,0.0
2026-05-22,Facebook,Conv | Tof | Multicategory | INT | Direct | Growify,25.73,0.0,2,14,0.0
2026-05-22,Facebook,Conv | Tof | Multicategory | INT | Direct | Growify,5.17,0.0,0,4,0.0
2026-05-22,Facebook,Growify | MOF & BOF | Sale | India +intl,21.68,0.0,29,291,0.0
2026-05-22,Facebook,Growify | MOF & BOF | Sale | India +intl,5.68,0.0,1,38,0.0
2026-05-22,Facebook,Growify | MOF & BOF | Sale | India +intl,1.92,0.0,0,2,0.0
2026-05-22,Facebook,Growify | MOF & BOF | Sale | India +intl,17.86,0.0,1,25,0.0
2026-05-22,Facebook,Growify | MOF & BOF | Sale | India +intl,32.97,0.0,0,3,0.0
2026-05-22,Facebook,Growify | MOF & BOF | Sale | India +intl,1283.41,0.0,2130,26553,0.0
2026-05-22,Facebook,Growify | MOF & BOF | Sale | India +intl,317.4,0.0,9,142,0.0
2026-05-22,Facebook,Growify | MOF & BOF | Sale | India +intl,130.78,0.0,7,438,0.0
2026-05-22,Facebook,Growify | MOF & BOF | Sale | India +intl,649.89,0.0,613,14353,0.0
2026-05-22,Facebook,Growify | MOF & BOF | Sale | India +intl,254.49,0.0,7,116,0.0
2026-05-22,Facebook,Growify | MOF & BOF | Sale | India +intl,0.27,0.0,1,35,0.0
2026-05-22,Facebook,Growify | MOF & BOF | Sale | India +intl,35.7,0.0,45,801,0.0
2026-05-22,Facebook,Growify | MOF & BOF | Sale | India +intl,0.02,0.0,0,3,0.0
2026-05-22,Facebook,Growify | MOF & BOF | Sale | India +intl,0.0,0.0,0,0,0.0
2026-05-22,Facebook,Growify | MOF & BOF | Sale | India +intl,33.97,0.0,2,136,0.0
2026-05-22,Facebook,Growify | MOF & BOF | Sale | India +intl,219.87,0.0,61,2248,0.0
2026-05-22,Facebook,Growify | MOF & BOF | Sale | India +intl,207.69,0.0,3,42,0.0
2026-05-22,Facebook,Growify | TOF | Sale | India,1715.41,0.0,303,18944,0.0
2026-05-22,Facebook,Growify | TOF | Sale | India,98.76,0.0,7,697,0.0
2026-05-22,Facebook,Growify | TOF | Sale | India,0.0,0.0,0,0,0.0
2026-05-22,Facebook,Growify | TOF | Sale | US,467.08,0.0,30,355,0.0
2026-05-22,Facebook,Growify | TOF | Sale | US,337.75,0.0,19,206,0.0
2026-05-22,Facebook,Growify | TOF | Sale | US,684.47,0.0,11,223,0.0
2026-05-22,Facebook,Growify | TOF | Sale | US,47.99,0.0,0,29,0.0
2026-05-22,Facebook,Growify | TOF | Sale | US,5.75,0.0,0,5,0.0
2026-05-22,Facebook,Growify | TOF | Sale | US,154.98,0.0,2,30,0.0
2026-05-22,Facebook,Growify | TOF | Sale | US,67.2,0.0,5,61,0.0
2026-05-22,Facebook,Growify | TOF | Sale | US,5.92,0.0,0,3,0.0
2026-05-22,Facebook,Growify | TOF | Sale | US,60.36,0.0,1,31,0.0
2026-05-22,Facebook,Growify | TOF | Sales | India | Open,120.19,0.0,264,9738,0.0
2026-05-22,Facebook,Growify | TOF | Sales | India | Open,520.36,0.0,643,42805,0.0
2026-05-22,Facebook,Growify | TOF | Sales | India | Open,2.63,0.0,2,307,0.0
2026-05-22,Facebook,Growify | TOF | Sales | India | Open,3.31,0.0,0,41,0.0
2026-05-22,Facebook,Growify | TOF | Sales | India | Open,0.0,0.0,0,0,0.0
2026-05-22,Facebook,Growify | TOF | Sales | India | Open,87.91,0.0,9,444,0.0
2026-05-22,Facebook,Growify | TOF | Sales | India | Open,1002.33,0.0,885,15137,0.0
2026-05-23,Facebook,Conv | Tof | Multicategory | INT | Direct | Growify,0.0,0.0,0,0,0.0
2026-05-23,Facebook,Conv | Tof | Multicategory | INT | Direct | Growify,353.07,0.0,25,200,0.0
2026-05-23,Facebook,Conv | Tof | Multicategory | INT | Direct | Growify,1587.32,0.0,53,545,0.0
2026-05-23,Facebook,Growify | MOF & BOF | Sale | India +intl,13.65,0.0,2,66,0.0
2026-05-23,Facebook,Growify | MOF & BOF | Sale | India +intl,0.0,0.0,0,0,0.0
2026-05-23,Facebook,Growify | MOF & BOF | Sale | India +intl,976.966735,0.0,1699,23027,0.0
2026-05-23,Facebook,Growify | MOF & BOF | Sale | India +intl,89.213265,0.0,3,106,0.0
2026-05-23,Facebook,Growify | MOF & BOF | Sale | India +intl,0.0,0.0,0,0,0.0
2026-05-23,Facebook,Growify | MOF & BOF | Sale | India +intl,155.01,15050.0,12,456,1.0
2026-05-23,Facebook,Growify | MOF & BOF | Sale | India +intl,903.7,0.0,196,7422,0.0
2026-05-23,Facebook,Growify | MOF & BOF | Sale | India +intl,150.9,0.0,5,103,0.0
2026-05-23,Facebook,Growify | MOF & BOF | Sale | India +intl,0.0,0.0,0,0,0.0
2026-05-23,Facebook,Growify | TOF | Sale | India,1527.75,0.0,255,14808,0.0
2026-05-23,Facebook,Growify | TOF | Sale | India,0.0,0.0,0,0,0.0
2026-05-23,Facebook,Growify | TOF | Sale | US,362.91,0.0,23,322,0.0
2026-05-23,Facebook,Growify | TOF | Sale | US,184.81,0.0,8,80,0.0
2026-05-23,Facebook,Growify | TOF | Sale | US,375.19,0.0,8,161,0.0
2026-05-23,Facebook,Growify | TOF | Sale | US,61.53,0.0,3,32,0.0
2026-05-23,Facebook,Growify | TOF | Sale | US,21.91,0.0,0,12,0.0
2026-05-23,Facebook,Growify | TOF | Sale | US,30.74,0.0,0,16,0.0
2026-05-23,Facebook,Growify | TOF | Sale | US,8.67,0.0,0,15,0.0
2026-05-23,Facebook,Growify | TOF | Sale | US,2.2,0.0,1,5,0.0
2026-05-23,Facebook,Growify | TOF | Sale | US,12.91,0.0,1,9,0.0
2026-05-23,Facebook,Growify | TOF | Sales | India | Open,738.16,0.0,955,25472,0.0
2026-05-23,Facebook,Growify | TOF | Sales | India | Open,548.94,0.0,774,29960,0.0
2026-05-23,Facebook,Growify | TOF | Sales | India | Open,5.96,0.0,0,36,0.0
2026-05-23,Facebook,Growify | TOF | Sales | India | Open,11.23,0.0,6,157,0.0
2026-05-23,Facebook,Growify | TOF | Sales | India | Open,0.0,0.0,0,0,0.0
2026-05-24,Facebook,Conv | Tof | Multicategory | INT | Direct | Growify,0.0,0.0,0,0,0.0
2026-05-24,Facebook,Conv | Tof | Multicategory | INT | Direct | Growify,89.29,0.0,7,44,0.0
2026-05-24,Facebook,Conv | Tof | Multicategory | INT | Direct | Growify,123.93,0.0,6,60,0.0
2026-05-24,Facebook,Growify | MOF & BOF | Sale | India +intl,0.0,0.0,0,0,0.0
2026-05-24,Facebook,Growify | MOF & BOF | Sale | India +intl,3.89,0.0,5,43,0.0
2026-05-24,Facebook,Growify | MOF & BOF | Sale | India +intl,0.0,0.0,0,0,0.0
2026-05-24,Facebook,Growify | MOF & BOF | Sale | India +intl,0.0,0.0,0,0,0.0
2026-05-24,Facebook,Growify | MOF & BOF | Sale | India +intl,0.19,0.0,0,1,0.0
2026-05-24,Facebook,Growify | MOF & BOF | Sale | India +intl,3.7,0.0,0,23,0.0
2026-05-24,Facebook,Growify | TOF | Sale | India,3.1,0.0,0,30,0.0
2026-05-24,Facebook,Growify | TOF | Sale | US,2.4,0.0,0,2,0.0
2026-05-24,Facebook,Growify | TOF | Sale | US,1.32,0.0,0,2,0.0
2026-05-24,Facebook,Growify | TOF | Sale | US,0.0,0.0,0,0,0.0
2026-05-24,Facebook,Growify | TOF | Sale | US,0.0,0.0,0,0,0.0
2026-05-24,Facebook,Growify | TOF | Sales | India | Open,65.56,0.0,9,186,0.0
2026-05-24,Facebook,Growify | TOF | Sales | India | Open,0.0,0.0,0,1,0.0
2026-05-24,Facebook,Growify | TOF | Sales | India | Open,0.0,0.0,0,0,0.0
2026-05-24,Facebook,Growify | TOF | Sales | India | Open,0.0,0.0,0,0,0.0
2026-05-25,Facebook,Conv | Tof | Multicategory | INT | Direct | Growify,354.37,0.0,12,221,0.0
2026-05-25,Facebook,Conv | Tof | Multicategory | INT | Direct | Growify,1846.87,0.0,45,571,0.0
2026-05-25,Facebook,Conv | Tof | Multicategory | INT | Direct | Growify,31.77,0.0,0,9,0.0
2026-05-25,Facebook,Conv | Tof | Multicategory | INT | Direct | Growify,42.62,0.0,3,23,0.0
2026-05-25,Facebook,Conv | Tof | Multicategory | INT | Direct | Growify,103.15,0.0,2,58,0.0
2026-05-25,Facebook,Conv | Tof | Multicategory | INT | Direct | Growify,297.84,0.0,9,119,0.0
2026-05-25,Facebook,Growify | MOF & BOF | Sale | India +intl,0.07,0.0,0,2,0.0
2026-05-25,Facebook,Growify | MOF & BOF | Sale | India +intl,16.41,0.0,2,87,0.0
2026-05-25,Facebook,Growify | MOF & BOF | Sale | India +intl,31.66,0.0,0,3,0.0
2026-05-25,Facebook,Growify | MOF & BOF | Sale | India +intl,2110.426222,0.0,3014,50188,0.0
2026-05-25,Facebook,Growify | MOF & BOF | Sale | India +intl,304.103778,0.0,8,235,0.0
2026-05-25,Facebook,Growify | MOF & BOF | Sale | India +intl,0.0,0.0,0,0,0.0
2026-05-25,Facebook,Growify | MOF & BOF | Sale | India +intl,306.44,0.0,27,942,0.0
2026-05-25,Facebook,Growify | MOF & BOF | Sale | India +intl,1732.93,10500.0,328,15903,2.0
2026-05-25,Facebook,Growify | MOF & BOF | Sale | India +intl,264.959999,0.0,1,198,0.0
2026-05-25,Facebook,Growify | TOF | Awareness| India + INTL | Pre- Buzz,1.96,0.0,0,5,0.0
2026-05-25,Facebook,Growify | TOF | Awareness| India + INTL | Pre- Buzz,68.91,0.0,1,154,0.0
2026-05-25,Facebook,Growify | TOF | Awareness| India + INTL | Pre- Buzz,0.23,0.0,0,1,0.0
2026-05-25,Facebook,Growify | TOF | Awareness| India + INTL | Pre- Buzz,3.02,0.0,0,98,0.0
2026-05-25,Facebook,Growify | TOF | Awareness| India + INTL | Pre- Buzz,178.75,0.0,15,4133,0.0
2026-05-25,Facebook,Growify | TOF | Awareness| India + INTL | Pre- Buzz,60.91,0.0,0,67,0.0
2026-05-25,Facebook,Growify | TOF | Awareness| India + INTL | Pre- Buzz,3.63,0.0,0,4,0.0
2026-05-25,Facebook,Growify | TOF | Sale | India,2803.06,0.0,503,31625,0.0
2026-05-25,Facebook,Growify | TOF | Sale | US,628.09,0.0,46,651,0.0
2026-05-25,Facebook,Growify | TOF | Sale | US,361.93,0.0,12,153,0.0
2026-05-25,Facebook,Growify | TOF | Sale | US,1049.69,0.0,17,344,0.0
2026-05-25,Facebook,Growify | TOF | Sale | US,284.49,0.0,16,326,0.0
2026-05-25,Facebook,Growify | TOF | Sale | US,24.61,0.0,1,24,0.0
2026-05-25,Facebook,Growify | TOF | Sale | US,455.78,0.0,9,171,0.0
2026-05-25,Facebook,Growify | TOF | Sales | India + INTL | Pre- Buzz,0.9,0.0,0,2,0.0
2026-05-25,Facebook,Growify | TOF | Sales | India + INTL | Pre- Buzz,61.7,0.0,11,81,0.0
2026-05-25,Facebook,Growify | TOF | Sales | India + INTL | Pre- Buzz,8.199999,0.0,0,5,0.0
2026-05-25,Facebook,Growify | TOF | Sales | India + INTL | Pre- Buzz,1.97,0.0,0,1,0.0
2026-05-25,Facebook,Growify | TOF | Sales | India | Open,2471.23,11900.0,3444,71156,1.0
2026-05-25,Facebook,Growify | TOF | Sales | India | Open,126.03,0.0,65,1950,0.0
2026-05-25,Facebook,Growify | TOF | Sales | India | Open,9.78,0.0,2,47,0.0
2026-05-25,Facebook,Growify | TOF | Sales | India | Open,0.0,0.0,0,0,0.0
2026-05-25,Facebook,Growify | TOF | Traffic | India + INTL | Pre- Buzz,3.77,0.0,0,7,0.0
2026-05-25,Facebook,Growify | TOF | Traffic | India + INTL | Pre- Buzz,129.63,0.0,3,228,0.0
2026-05-25,Facebook,Growify | TOF | Traffic | India + INTL | Pre- Buzz,2.19,0.0,0,1,0.0
2026-05-25,Facebook,Growify | TOF | Traffic | India + INTL | Pre- Buzz,0.79,0.0,0,23,0.0
2026-05-25,Facebook,Growify | TOF | Traffic | India + INTL | Pre- Buzz,481.75,0.0,99,11038,0.0
2026-05-25,Facebook,Growify | TOF | Traffic | India + INTL | Pre- Buzz,77.17,0.0,7,114,0.0
2026-05-25,Facebook,Growify | TOF | Traffic | India + INTL | Pre- Buzz,1.61,0.0,0,3,0.0
2026-05-25,Facebook,Growify | TOF | Traffic | India + INTL | Pre- Buzz,33.53,0.0,1,30,0.0
2026-05-26,Facebook,Conv | Tof | Multicategory | INT | Direct | Growify,146.96,0.0,7,74,0.0
2026-05-26,Facebook,Conv | Tof | Multicategory | INT | Direct | Growify,1272.04,0.0,29,420,0.0
2026-05-26,Facebook,Conv | Tof | Multicategory | INT | Direct | Growify,65.79,0.0,7,49,0.0
2026-05-26,Facebook,Conv | Tof | Multicategory | INT | Direct | Growify,430.83,0.0,13,135,0.0
2026-05-26,Facebook,Conv | Tof | Multicategory | INT | Direct | Growify,5.01,0.0,0,4,0.0
2026-05-26,Facebook,Conv | Tof | Multicategory | INT | Direct | Growify,17.04,0.0,0,5,0.0
2026-05-26,Facebook,Growify | MOF & BOF | Sale | India +intl,8.05,0.0,3,81,0.0
2026-05-26,Facebook,Growify | MOF & BOF | Sale | India +intl,1.59,0.0,0,3,0.0
2026-05-26,Facebook,Growify | MOF & BOF | Sale | India +intl,1320.4,0.0,1426,24079,0.0
2026-05-26,Facebook,Growify | MOF & BOF | Sale | India +intl,351.54,0.0,8,175,0.0
2026-05-26,Facebook,Growify | MOF & BOF | Sale | India +intl,0.0,0.0,0,0,0.0
2026-05-26,Facebook,Growify | MOF & BOF | Sale | India +intl,0.0,24900.0,0,0,1.0
2026-05-26,Facebook,Growify | MOF & BOF | Sale | India +intl,0.0,0.0,0,0,0.0
2026-05-26,Facebook,Growify | MOF & BOF | Sale | India +intl,0.0,0.0,0,0,0.0
2026-05-26,Facebook,Growify | MOF & BOF | Sale | India +intl,1.87,0.0,0,25,0.0
2026-05-26,Facebook,Growify | MOF & BOF | Sale | India +intl,15.63,0.0,3,48,0.0
2026-05-26,Facebook,Growify | MOF & BOF | Sale | India +intl,0.08,0.0,0,5,0.0
2026-05-26,Facebook,Growify | MOF & BOF | Sale | India +intl,246.16,0.0,17,457,0.0
2026-05-26,Facebook,Growify | MOF & BOF | Sale | India +intl,1210.85,22450.0,168,8093,2.0
2026-05-26,Facebook,Growify | MOF & BOF | Sale | India +intl,268.41,0.0,2,84,0.0
2026-05-26,Facebook,Growify | TOF | Awareness| India + INTL | Pre- Buzz,1.39,0.0,0,4,0.0
2026-05-26,Facebook,Growify | TOF | Awareness| India + INTL | Pre- Buzz,364.87,0.0,9,1143,0.0
2026-05-26,Facebook,Growify | TOF | Awareness| India + INTL | Pre- Buzz,0.84,0.0,0,2,0.0
2026-05-26,Facebook,Growify | TOF | Awareness| India + INTL | Pre- Buzz,1.85,0.0,0,172,0.0
2026-05-26,Facebook,Growify | TOF | Awareness| India + INTL | Pre- Buzz,505.65,0.0,72,19202,0.0
2026-05-26,Facebook,Growify | TOF | Awareness| India + INTL | Pre- Buzz,352.51,0.0,2,629,0.0
2026-05-26,Facebook,Growify | TOF | Awareness| India + INTL | Pre- Buzz,8.48,0.0,0,10,0.0
2026-05-26,Facebook,Growify | TOF | Awareness| India + INTL | Pre- Buzz,340.46,0.0,0,494,0.0
2026-05-26,Facebook,Growify | TOF | Sale | India,1990.06,0.0,396,26614,0.0
2026-05-26,Facebook,Growify | TOF | Sale | India,4.26,0.0,0,23,0.0
2026-05-26,Facebook,Growify | TOF | Sale | US,356.57,0.0,20,289,0.0
2026-05-26,Facebook,Growify | TOF | Sale | US,34.21,0.0,1,29,0.0
2026-05-26,Facebook,Growify | TOF | Sale | US,575.23,0.0,11,152,0.0
2026-05-26,Facebook,Growify | TOF | Sale | US,116.71,0.0,4,114,0.0
2026-05-26,Facebook,Growify | TOF | Sale | US,41.82,0.0,0,13,0.0
2026-05-26,Facebook,Growify | TOF | Sale | US,193.47,0.0,4,73,0.0
2026-05-26,Facebook,Growify | TOF | Sale | US,270.08,0.0,8,259,0.0
2026-05-26,Facebook,Growify | TOF | Sale | US,12.17,0.0,1,6,0.0
2026-05-26,Facebook,Growify | TOF | Sale | US,470.74,33917.8,2,92,1.0
2026-05-26,Facebook,Growify | TOF | Sales | India + INTL | Pre- Buzz,166.11,0.0,14,143,0.0
2026-05-26,Facebook,Growify | TOF | Sales | India + INTL | Pre- Buzz,233.83,0.0,16,166,0.0
2026-05-26,Facebook,Growify | TOF | Sales | India + INTL | Pre- Buzz,0.24,0.0,0,1,0.0
2026-05-26,Facebook,Growify | TOF | Sales | India + INTL | Pre- Buzz,1.38,0.0,0,3,0.0
2026-05-26,Facebook,Growify | TOF | Sales | India + INTL | Pre- Buzz,240.03,0.0,35,359,0.0
2026-05-26,Facebook,Growify | TOF | Sales | India + INTL | Pre- Buzz,268.31,0.0,46,438,0.0
2026-05-26,Facebook,Growify | TOF | Sales | India + INTL | Pre- Buzz,59.62,0.0,0,36,0.0
2026-05-26,Facebook,Growify | TOF | Sales | India + INTL | Pre- Buzz,441.74,0.0,35,278,0.0
2026-05-26,Facebook,Growify | TOF | Sales | India + INTL | Pre- Buzz,165.64,0.0,7,92,0.0
2026-05-26,Facebook,Growify | TOF | Sales | India + INTL | Pre- Buzz,305.62,0.0,6,110,0.0
2026-05-26,Facebook,Growify | TOF | Sales | India | Open,1787.4,0.0,2763,54773,0.0
2026-05-26,Facebook,Growify | TOF | Sales | India | Open,158.65,0.0,136,4870,0.0
2026-05-26,Facebook,Growify | TOF | Sales | India | Open,9.09,0.0,3,40,0.0
2026-05-26,Facebook,Growify | TOF | Sales | India | Open,0.0,0.0,0,0,0.0
2026-05-26,Facebook,Growify | TOF | Traffic | India + INTL | Pre- Buzz,34.38,0.0,4,75,0.0
2026-05-26,Facebook,Growify | TOF | Traffic | India + INTL | Pre- Buzz,610.73,0.0,41,1191,0.0
2026-05-26,Facebook,Growify | TOF | Traffic | India + INTL | Pre- Buzz,0.77,0.0,0,3,0.0
2026-05-26,Facebook,Growify | TOF | Traffic | India + INTL | Pre- Buzz,10.46,0.0,0,19,0.0
2026-05-26,Facebook,Growify | TOF | Traffic | India + INTL | Pre- Buzz,10.95,0.0,9,274,0.0
2026-05-26,Facebook,Growify | TOF | Traffic | India + INTL | Pre- Buzz,697.48,0.0,141,13907,0.0
2026-05-26,Facebook,Growify | TOF | Traffic | India + INTL | Pre- Buzz,12.81,0.0,2,21,0.0
2026-05-26,Facebook,Growify | TOF | Traffic | India + INTL | Pre- Buzz,306.9,0.0,36,405,0.0
2026-05-26,Facebook,Growify | TOF | Traffic | India + INTL | Pre- Buzz,110.11,0.0,10,114,0.0
2026-05-26,Facebook,Growify | TOF | Traffic | India + INTL | Pre- Buzz,190.12,0.0,14,158,0.0
2026-05-27,Facebook,Conv | Tof | Multicategory | INT | Direct | Growify,153.53,0.0,18,247,0.0
2026-05-27,Facebook,Conv | Tof | Multicategory | INT | Direct | Growify,655.0,0.0,46,672,0.0
2026-05-27,Facebook,Conv | Tof | Multicategory | INT | Direct | Growify,0.0,0.0,0,0,0.0
2026-05-27,Facebook,Conv | Tof | Multicategory | INT | Direct | Growify,539.59,0.0,24,274,0.0
2026-05-27,Facebook,Conv | Tof | Multicategory | INT | Direct | Growify,1681.43,0.0,55,574,0.0
2026-05-27,Facebook,Conv | Tof | Multicategory | INT | Direct | Growify,36.1,0.0,1,16,0.0
2026-05-27,Facebook,Conv | Tof | Multicategory | INT | Direct | Growify,50.57,0.0,0,31,0.0
2026-05-27,Facebook,Conv | Tof | Multicategory | INT | Direct | Growify,0.0,0.0,0,0,0.0
2026-05-27,Facebook,Growify | MOF & BOF | Sale | India +intl,554.77,3366.0,150,3522,1.0
2026-05-27,Facebook,Growify | MOF & BOF | Sale | India +intl,24.88,0.0,1,20,0.0
2026-05-27,Facebook,Growify | MOF & BOF | Sale | India +intl,97.56,0.0,8,427,0.0
2026-05-27,Facebook,Growify | MOF & BOF | Sale | India +intl,4.46,0.0,0,4,0.0
2026-05-27,Facebook,Growify | MOF & BOF | Sale | India +intl,1153.421269,0.0,234,5470,0.0
2026-05-27,Facebook,Growify | MOF & BOF | Sale | India +intl,143.518731,0.0,11,85,0.0
2026-05-27,Facebook,Growify | MOF & BOF | Sale | India +intl,0.0,0.0,0,0,0.0
2026-05-27,Facebook,Growify | MOF & BOF | Sale | India +intl,0.0,14190.0,0,0,1.0
2026-05-27,Facebook,Growify | MOF & BOF | Sale | India +intl,0.0,0.0,0,0,0.0
2026-05-27,Facebook,Growify | MOF & BOF | Sale | India +intl,63.849383,0.0,11,383,0.0
2026-05-27,Facebook,Growify | MOF & BOF | Sale | India +intl,2045.028216,0.0,1474,22217,0.0
2026-05-27,Facebook,Growify | MOF & BOF | Sale | India +intl,70.162401,0.0,6,100,0.0
2026-05-27,Facebook,Growify | MOF & BOF | Sale | India +intl,3.16,0.0,1,19,0.0
2026-05-27,Facebook,Growify | MOF & BOF | Sale | India +intl,64.34,0.0,12,434,0.0
2026-05-27,Facebook,Growify | MOF & BOF | Sale | India +intl,0.85,0.0,0,3,0.0
2026-05-27,Facebook,Growify | MOF & BOF | Sale | India +intl,53.888112,0.0,6,190,0.0
2026-05-27,Facebook,Growify | MOF & BOF | Sale | India +intl,562.43592,0.0,117,2295,0.0
2026-05-27,Facebook,Growify | MOF & BOF | Sale | India +intl,63.605968,0.0,7,40,0.0
2026-05-27,Facebook,Growify | TOF | Awareness| India + INTL | Pre- Buzz,0.01,0.0,0,1,0.0
2026-05-27,Facebook,Growify | TOF | Awareness| India + INTL | Pre- Buzz,0.0,0.0,0,0,0.0
2026-05-27,Facebook,Growify | TOF | Sale | India,566.75,0.0,264,7754,0.0
2026-05-27,Facebook,Growify | TOF | Sale | India,0.0,0.0,0,0,0.0
2026-05-27,Facebook,Growify | TOF | Sale | India,980.44,0.0,97,2206,0.0
2026-05-27,Facebook,Growify | TOF | Sale | India,1549.33,0.0,163,4075,0.0
2026-05-27,Facebook,Growify | TOF | Sale | US,0.0,0.0,0,0,0.0
2026-05-27,Facebook,Growify | TOF | Sale | US,0.0,0.0,0,0,0.0
2026-05-27,Facebook,Growify | TOF | Sale | US,625.99,17945.98,71,718,1.0
2026-05-27,Facebook,Growify | TOF | Sale | US,108.52,0.0,16,90,0.0
2026-05-27,Facebook,Growify | TOF | Sale | US,753.8,0.0,25,309,0.0
2026-05-27,Facebook,Growify | TOF | Sale | US,0.0,0.0,0,0,0.0
2026-05-27,Facebook,Growify | TOF | Sale | US,121.22,0.0,14,145,0.0
2026-05-27,Facebook,Growify | TOF | Sale | US,60.15,0.0,2,49,0.0
2026-05-27,Facebook,Growify | TOF | Sale | US,167.73,0.0,6,61,0.0
2026-05-27,Facebook,Growify | TOF | Sale | US,145.97,0.0,9,126,0.0
2026-05-27,Facebook,Growify | TOF | Sale | US,52.03,0.0,1,41,0.0
2026-05-27,Facebook,Growify | TOF | Sale | US,262.67,0.0,4,65,0.0
2026-05-27,Facebook,Growify | TOF | Sales | India + INTL | Pre- Buzz,95.6,0.0,8,69,0.0
2026-05-27,Facebook,Growify | TOF | Sales | India + INTL | Pre- Buzz,1.63,0.0,0,3,0.0
2026-05-27,Facebook,Growify | TOF | Sales | India + INTL | Pre- Buzz,240.52,0.0,44,406,0.0
2026-05-27,Facebook,Growify | TOF | Sales | India + INTL | Pre- Buzz,0.63,0.0,0,1,0.0
2026-05-27,Facebook,Growify | TOF | Sales | India + INTL | Pre- Buzz,111.75,0.0,8,74,0.0
2026-05-27,Facebook,Growify | TOF | Sales | India + INTL | Pre- Buzz,87.11,0.0,3,47,0.0
2026-05-27,Facebook,Growify | TOF | Sales | India | Open,99.84,0.0,88,2131,0.0
2026-05-27,Facebook,Growify | TOF | Sales | India | Open,197.22,0.0,37,861,0.0
2026-05-27,Facebook,Growify | TOF | Sales | India | Open,1443.48,12870.0,223,3715,1.0
2026-05-27,Facebook,Growify | TOF | Traffic | India + INTL | Pre- Buzz,0.01,0.0,0,3,0.0
2026-05-28,Facebook,Conv | Tof | Multi Category | Ind | Direct | Growify |,22.65,0.0,7,166,0.0
2026-05-28,Facebook,Conv | Tof | Multi Category | Ind | Direct | Growify |,70.08,0.0,15,353,0.0
2026-05-28,Facebook,Conv | Tof | Multi Category | Ind | Direct | Growify |,699.9,15576.0,84,1940,2.0
2026-05-28,Facebook,Conv | Tof | Multi Category | Ind | Direct | Growify |,76.01,0.0,14,639,0.0
2026-05-28,Facebook,Conv | Tof | Multi Category | Ind | Direct | Growify |,99.92,0.0,12,252,0.0
2026-05-28,Facebook,Conv | Tof | Multi Category | Ind | Direct | Growify |,157.64,0.0,43,1038,0.0
2026-05-28,Facebook,Conv | Tof | Multicategory | CA | Direct | Growify,12.53,0.0,0,13,0.0
2026-05-28,Facebook,Conv | Tof | Multicategory | CA | Direct | Growify,13.02,0.0,1,8,0.0
2026-05-28,Facebook,Conv | Tof | Multicategory | CA | Direct | Growify,760.24,0.0,45,754,0.0
2026-05-28,Facebook,Conv | Tof | Multicategory | CA | Direct | Growify,12.42,0.0,0,6,0.0
2026-05-28,Facebook,Conv | Tof | Multicategory | CA | Direct | Growify,10.08,0.0,0,8,0.0
2026-05-28,Facebook,Conv | Tof | Multicategory | CA | Direct | Growify,185.472943,0.0,16,195,0.0
2026-05-28,Facebook,Conv | Tof | Multicategory | CA | Direct | Growify,393.79,0.0,20,334,0.0
2026-05-28,Facebook,Conv | Tof | Multicategory | CA | Direct | Growify,0.78,0.0,0,2,0.0
2026-05-28,Facebook,Conv | Tof | Multicategory | CA | Direct | Growify,2.267057,0.0,0,2,0.0
2026-05-28,Facebook,Conv | Tof | Multicategory | INT | Direct | Growify,943.19,0.0,47,875,0.0
2026-05-28,Facebook,Conv | Tof | Multicategory | INT | Direct | Growify,2812.28,0.0,176,2216,0.0
2026-05-28,Facebook,Conv | Tof | Multicategory | INT | Direct | Growify,523.57,0.0,18,275,0.0
2026-05-28,Facebook,Conv | Tof | Multicategory | INT | Direct | Growify,2292.75,21450.0,52,765,1.0
2026-05-28,Facebook,Conv | Tof | Multicategory | INT | Direct | Growify,14.13,0.0,1,8,0.0
2026-05-28,Facebook,Conv | Tof | Multicategory | INT | Direct | Growify,107.95,0.0,3,26,0.0
2026-05-28,Facebook,Conv | Tof | Multicategory | US | Direct | Growify,48.61,0.0,0,14,0.0
2026-05-28,Facebook,Conv | Tof | Multicategory | US | Direct | Growify,253.46,0.0,3,109,0.0
2026-05-28,Facebook,Conv | Tof | Multicategory | US | Direct | Growify,418.27,0.0,12,169,0.0
2026-05-28,Facebook,Conv | Tof | Multicategory | US | Direct | Growify,148.78,0.0,4,64,0.0
2026-05-28,Facebook,Conv | Tof | Multicategory | US | Direct | Growify,296.33,0.0,1,103,0.0
2026-05-28,Facebook,Conv | Tof | Multicategory | US | Direct | Growify,383.26,0.0,9,157,0.0
2026-05-28,Facebook,Growify | MOF & BOF | Sale | India +intl,223.98,0.0,24,489,0.0
2026-05-28,Facebook,Growify | MOF & BOF | Sale | India +intl,6.27,0.0,0,6,0.0
2026-05-28,Facebook,Growify | MOF & BOF | Sale | India +intl,138.57,0.0,12,195,0.0
2026-05-28,Facebook,Growify | MOF & BOF | Sale | India +intl,21.2,0.0,0,11,0.0
2026-05-28,Facebook,Growify | MOF & BOF | Sale | India +intl,1408.85,14065.92,195,4503,2.0
2026-05-28,Facebook,Growify | MOF & BOF | Sale | India +intl,497.83,0.0,14,243,0.0
2026-05-28,Facebook,Growify | MOF & BOF | Sale | India +intl,0.0,0.0,0,0,0.0
2026-05-28,Facebook,Growify | MOF & BOF | Sale | India +intl,0.0,0.0,0,0,0.0
2026-05-28,Facebook,Growify | MOF & BOF | Sale | India +intl,210.837636,25270.0,13,225,1.0
2026-05-28,Facebook,Growify | MOF & BOF | Sale | India +intl,562.79369,7590.0,168,1931,1.0
2026-05-28,Facebook,Growify | MOF & BOF | Sale | India +intl,118.208675,0.0,9,64,0.0
2026-05-28,Facebook,Growify | MOF & BOF | Sale | India +intl,0.0,0.0,0,0,0.0
2026-05-28,Facebook,Growify | MOF & BOF | Sale | India +intl,40.6,0.0,1,33,0.0
2026-05-28,Facebook,Growify | MOF & BOF | Sale | India +intl,41.81,0.0,2,101,0.0
2026-05-28,Facebook,Growify | MOF & BOF | Sale | India +intl,24.7,0.0,1,15,0.0
2026-05-28,Facebook,Growify | MOF & BOF | Sale | India +intl,329.832336,92486.38,35,667,1.0
2026-05-28,Facebook,Growify | MOF & BOF | Sale | India +intl,427.256904,17787.0,56,1286,1.0
2026-05-28,Facebook,Growify | MOF & BOF | Sale | India +intl,174.42076,0.0,7,73,0.0
2026-05-28,Facebook,Growify | MOF & BOF | Sale | India +intl,921.17,0.0,39,294,0.0
2026-05-28,Facebook,Growify | MOF & BOF | Sale | India +intl,17.95,0.0,0,4,0.0
2026-05-28,Facebook,Growify | MOF & BOF | Sale | India +intl,54.72,0.0,0,36,0.0
2026-05-28,Facebook,Growify | TOF | Sale | India,220.82,0.0,56,892,0.0
2026-05-28,Facebook,Growify | TOF | Sale | India,0.0,0.0,0,0,0.0
2026-05-28,Facebook,Growify | TOF | Sale | India,1173.71,0.0,107,3058,0.0
2026-05-28,Facebook,Growify | TOF | Sale | India,1639.63,28510.02,124,3443,2.0
2026-05-28,Facebook,Growify | TOF | Sale | US,0.0,0.0,0,0,0.0
2026-05-28,Facebook,Growify | TOF | Sale | US,916.41,0.0,50,784,0.0
2026-05-28,Facebook,Growify | TOF | Sale | US,234.88,0.0,15,107,0.0
2026-05-28,Facebook,Growify | TOF | Sale | US,1198.71,0.0,39,399,0.0
2026-05-28,Facebook,Growify | TOF | Sale | US,233.67,0.0,25,178,0.0
2026-05-28,Facebook,Growify | TOF | Sale | US,36.31,0.0,4,19,0.0
2026-05-28,Facebook,Growify | TOF | Sale | US,442.53,0.0,3,97,0.0
2026-05-28,Facebook,Growify | TOF | Sale | US,52.24,10560.0,2,26,1.0
2026-05-28,Facebook,Growify | TOF | Sale | US,14.21,0.0,0,8,0.0
2026-05-28,Facebook,Growify | TOF | Sale | US,82.08,0.0,0,11,0.0
2026-05-28,Facebook,Growify | TOF | Sales | India + INTL | Pre- Buzz,521.61,0.0,48,526,0.0
2026-05-28,Facebook,Growify | TOF | Sales | India + INTL | Pre- Buzz,4.099999,0.0,0,8,0.0
2026-05-28,Facebook,Growify | TOF | Sales | India + INTL | Pre- Buzz,233.21,0.0,48,423,0.0
2026-05-28,Facebook,Growify | TOF | Sales | India + INTL | Pre- Buzz,344.96,0.0,9,155,0.0
2026-05-28,Facebook,Growify | TOF | Sales | India + INTL | Pre- Buzz,4.26,0.0,0,2,0.0
2026-05-28,Facebook,Growify | TOF | Sales | India + INTL | Pre- Buzz,444.52,0.0,16,199,0.0
2026-05-28,Facebook,Growify | TOF | Sales | India | Open,426.53,12870.0,135,3768,1.0
2026-05-28,Facebook,Growify | TOF | Sales | India | Open,0.0,0.0,0,0,0.0
2026-05-28,Facebook,Growify | TOF | Sales | India | Open,387.61,0.0,46,1249,0.0
2026-05-28,Facebook,Growify | TOF | Sales | India | Open,1715.15,32670.0,187,4083,1.0
2026-05-28,Facebook,Growify | TOF | Sales | India | Open,0.0,0.0,0,0,0.0
2026-05-28,Facebook,Growify | TOF | Sales | United Kingdom | EOSS,163.14,0.0,10,133,0.0
2026-05-28,Facebook,Growify | TOF | Sales | United Kingdom | EOSS,245.51,0.0,9,162,0.0
2026-05-28,Facebook,Growify | TOF | Sales | United Kingdom | EOSS,297.28,0.0,18,257,0.0
2026-05-28,Facebook,Growify | TOF | Sales | United Kingdom | EOSS,35.14,0.0,0,13,0.0
2026-05-28,Facebook,Growify | TOF | Sales | United Kingdom | EOSS,151.68,0.0,7,99,0.0
2026-05-28,Facebook,Growify | TOF | Sales | United Kingdom | EOSS,267.41,0.0,17,197,0.0
2026-05-29,Facebook,Conv | Tof | Multi Category | Ind | Direct | Growify |,48.31,0.0,5,91,0.0
2026-05-29,Facebook,Conv | Tof | Multi Category | Ind | Direct | Growify |,204.86,0.0,10,308,0.0
2026-05-29,Facebook,Conv | Tof | Multi Category | Ind | Direct | Growify |,1577.94,0.0,130,3709,0.0
2026-05-29,Facebook,Conv | Tof | Multi Category | Ind | Direct | Growify |,137.5,0.0,17,268,0.0
2026-05-29,Facebook,Conv | Tof | Multi Category | Ind | Direct | Growify |,939.51,0.0,47,1559,0.0
2026-05-29,Facebook,Conv | Tof | Multi Category | Ind | Direct | Growify |,971.23,3366.0,88,2083,1.0
2026-05-29,Facebook,Conv | Tof | Multicategory | CA | Direct | Growify,173.0,0.0,6,140,0.0
2026-05-29,Facebook,Conv | Tof | Multicategory | CA | Direct | Growify,397.8,0.0,19,278,0.0
2026-05-29,Facebook,Conv | Tof | Multicategory | CA | Direct | Growify,1210.71,0.0,64,1175,0.0
2026-05-29,Facebook,Conv | Tof | Multicategory | CA | Direct | Growify,5.34,0.0,0,8,0.0
2026-05-29,Facebook,Conv | Tof | Multicategory | CA | Direct | Growify,9.18,0.0,0,13,0.0
2026-05-29,Facebook,Conv | Tof | Multicategory | CA | Direct | Growify,0.0,0.0,0,0,0.0
2026-05-29,Facebook,Conv | Tof | Multicategory | CA | Direct | Growify,323.41,0.0,13,233,0.0
2026-05-29,Facebook,Conv | Tof | Multicategory | CA | Direct | Growify,329.4,0.0,10,219,0.0
2026-05-29,Facebook,Conv | Tof | Multicategory | CA | Direct | Growify,1231.295574,0.0,64,1182,0.0
2026-05-29,Facebook,Conv | Tof | Multicategory | CA | Direct | Growify,0.28,0.0,0,1,0.0
2026-05-29,Facebook,Conv | Tof | Multicategory | CA | Direct | Growify,2.54,0.0,0,4,0.0
2026-05-29,Facebook,Conv | Tof | Multicategory | CA | Direct | Growify,14.054426,0.0,0,11,0.0
2026-05-29,Facebook,Conv | Tof | Multicategory | INT | Direct | Growify,721.77,0.0,40,452,0.0
2026-05-29,Facebook,Conv | Tof | Multicategory | INT | Direct | Growify,3261.44,13027.0,93,1787,1.0
2026-05-29,Facebook,Conv | Tof | Multicategory | INT | Direct | Growify,381.23,0.0,14,238,0.0
2026-05-29,Facebook,Conv | Tof | Multicategory | INT | Direct | Growify,2465.37,0.0,58,710,0.0
2026-05-29,Facebook,Conv | Tof | Multicategory | INT | Direct | Growify,17.52,0.0,0,7,0.0
2026-05-29,Facebook,Conv | Tof | Multicategory | INT | Direct | Growify,32.52,0.0,0,9,0.0
2026-05-29,Facebook,Conv | Tof | Multicategory | US | Direct | Growify,167.27,0.0,7,73,0.0
2026-05-29,Facebook,Conv | Tof | Multicategory | US | Direct | Growify,347.25,0.0,14,130,0.0
2026-05-29,Facebook,Conv | Tof | Multicategory | US | Direct | Growify,1323.59,0.0,27,604,0.0
2026-05-29,Facebook,Conv | Tof | Multicategory | US | Direct | Growify,169.6,0.0,8,79,0.0
2026-05-29,Facebook,Conv | Tof | Multicategory | US | Direct | Growify,404.26,0.0,8,157,0.0
2026-05-29,Facebook,Conv | Tof | Multicategory | US | Direct | Growify,1276.62,0.0,34,560,0.0
2026-05-29,Facebook,Growify | MOF & BOF | Sale | India +intl,334.98,0.0,59,1135,0.0
2026-05-29,Facebook,Growify | MOF & BOF | Sale | India +intl,245.51,0.0,18,454,0.0
2026-05-29,Facebook,Growify | MOF & BOF | Sale | India +intl,2408.67,0.0,389,11334,0.0
2026-05-29,Facebook,Growify | MOF & BOF | Sale | India +intl,0.0,0.0,0,0,0.0
2026-05-29,Facebook,Growify | MOF & BOF | Sale | India +intl,0.0,0.0,0,0,0.0
2026-05-29,Facebook,Growify | MOF & BOF | Sale | India +intl,742.55,0.0,41,363,0.0
2026-05-29,Facebook,Growify | MOF & BOF | Sale | India +intl,0.0,3960.0,0,0,1.0
2026-05-29,Facebook,Growify | MOF & BOF | Sale | India +intl,0.0,0.0,0,0,0.0
2026-05-29,Facebook,Growify | MOF & BOF | Sale | India +intl,184.36,0.0,3,77,0.0
2026-05-29,Facebook,Growify | MOF & BOF | Sale | India +intl,1787.42,0.0,76,1840,0.0
2026-05-29,Facebook,Growify | MOF & BOF | Sale | India +intl,0.0,0.0,0,0,0.0
2026-05-29,Facebook,Growify | MOF & BOF | Sale | India +intl,1737.48,0.0,57,472,0.0
2026-05-29,Facebook,Growify | MOF & BOF | Sale | India +intl,74.01,0.0,1,31,0.0
2026-05-29,Facebook,Growify | MOF & BOF | Sale | India +intl,485.99,0.0,15,259,0.0
2026-05-29,Facebook,Growify | TOF | Sale | India,242.11,0.0,23,737,0.0
2026-05-29,Facebook,Growify | TOF | Sale | India,0.0,0.0,0,0,0.0
2026-05-29,Facebook,Growify | TOF | Sale | India,472.42,0.0,27,947,0.0
2026-05-29,Facebook,Growify | TOF | Sale | India,2063.42,0.0,149,4544,0.0
2026-05-29,Facebook,Growify | TOF | Sale | US,876.54,20613.7,34,614,1.0
2026-05-29,Facebook,Growify | TOF | Sale | US,223.79,0.0,10,119,0.0
2026-05-29,Facebook,Growify | TOF | Sale | US,1464.99,0.0,54,510,0.0
2026-05-29,Facebook,Growify | TOF | Sale | US,61.19,0.0,0,62,0.0
2026-05-29,Facebook,Growify | TOF | Sale | US,12.98,0.0,0,11,0.0
2026-05-29,Facebook,Growify | TOF | Sale | US,182.86,0.0,4,59,0.0
2026-05-29,Facebook,Growify | TOF | Sale | US,18.9,0.0,0,7,0.0
2026-05-29,Facebook,Growify | TOF | Sale | US,7.17,0.0,1,2,0.0
2026-05-29,Facebook,Growify | TOF | Sale | US,158.08,0.0,0,13,0.0
2026-05-29,Facebook,Growify | TOF | Sales | India | Open,434.69,7590.0,127,1609,1.0
2026-05-29,Facebook,Growify | TOF | Sales | India | Open,0.0,0.0,0,0,0.0
2026-05-29,Facebook,Growify | TOF | Sales | India | Open,364.2,58986.18,26,1430,3.0
2026-05-29,Facebook,Growify | TOF | Sales | India | Open,1817.49,45540.0,138,3717,2.0
2026-05-29,Facebook,Growify | TOF | Sales | United Kingdom | EOSS,148.31,0.0,17,117,0.0
2026-05-29,Facebook,Growify | TOF | Sales | United Kingdom | EOSS,348.84,0.0,19,287,0.0
2026-05-29,Facebook,Growify | TOF | Sales | United Kingdom | EOSS,1363.41,0.0,43,756,0.0
2026-05-29,Facebook,Growify | TOF | Sales | United Kingdom | EOSS,232.55,0.0,13,150,0.0
2026-05-29,Facebook,Growify | TOF | Sales | United Kingdom | EOSS,829.08,0.0,32,413,0.0
2026-05-29,Facebook,Growify | TOF | Sales | United Kingdom | EOSS,907.04,0.0,42,479,0.0
2026-05-30,Facebook,Conv | Tof | Multi Category | Ind | Direct | Growify |,601.65,0.0,197,1703,0.0
2026-05-30,Facebook,Conv | Tof | Multi Category | Ind | Direct | Growify |,2010.61,0.0,843,9008,0.0
2026-05-30,Facebook,Conv | Tof | Multi Category | Ind | Direct | Growify |,59.34,0.0,5,120,0.0
2026-05-30,Facebook,Conv | Tof | Multi Category | Ind | Direct | Growify |,330.78,0.0,44,843,0.0
2026-05-30,Facebook,Conv | Tof | Multi Category | Ind | Direct | Growify |,47.78,0.0,3,93,0.0
2026-05-30,Facebook,Conv | Tof | Multi Category | Ind | Direct | Growify |,79.32,0.0,8,174,0.0
2026-05-30,Facebook,Conv | Tof | Multi Category | Ind | Direct | Growify |,1202.81,0.0,125,3147,0.0
2026-05-30,Facebook,Conv | Tof | Multi Category | Ind | Direct | Growify |,58.57,0.0,2,80,0.0
2026-05-30,Facebook,Conv | Tof | Multi Category | Ind | Direct | Growify |,761.64,6600.0,49,1407,1.0
2026-05-30,Facebook,Conv | Tof | Multi Category | Ind | Direct | Growify |,906.72,10527.0,66,2037,1.0
2026-05-30,Facebook,Conv | Tof | Multicategory | CA | Direct | Growify,89.33,0.0,6,76,0.0
2026-05-30,Facebook,Conv | Tof | Multicategory | CA | Direct | Growify,620.92,0.0,34,548,0.0
2026-05-30,Facebook,Conv | Tof | Multicategory | CA | Direct | Growify,0.75,0.0,0,2,0.0
2026-05-30,Facebook,Conv | Tof | Multicategory | CA | Direct | Growify,7.28,0.0,0,10,0.0
2026-05-30,Facebook,Conv | Tof | Multicategory | CA | Direct | Growify,2.049999,0.0,0,3,0.0
2026-05-30,Facebook,Conv | Tof | Multicategory | CA | Direct | Growify,134.09,0.0,4,107,0.0
2026-05-30,Facebook,Conv | Tof | Multicategory | CA | Direct | Growify,255.68,0.0,14,160,0.0
2026-05-30,Facebook,Conv | Tof | Multicategory | CA | Direct | Growify,615.53,0.0,44,654,0.0
2026-05-30,Facebook,Conv | Tof | Multicategory | CA | Direct | Growify,8.26,0.0,0,4,0.0
2026-05-30,Facebook,Conv | Tof | Multicategory | CA | Direct | Growify,12.33,0.0,0,7,0.0
2026-05-30,Facebook,Conv | Tof | Multicategory | CA | Direct | Growify,1398.15,0.0,74,1423,0.0
2026-05-30,Facebook,Conv | Tof | Multicategory | CA | Direct | Growify,2143.199999,0.0,112,1943,0.0
2026-05-30,Facebook,Conv | Tof | Multicategory | CA | Direct | Growify,70.13,0.0,4,68,0.0
2026-05-30,Facebook,Conv | Tof | Multicategory | CA | Direct | Growify,305.95,0.0,4,146,0.0
2026-05-30,Facebook,Conv | Tof | Multicategory | CA | Direct | Growify,1454.78,0.0,57,1151,0.0
2026-05-30,Facebook,Conv | Tof | Multicategory | CA | Direct | Growify,0.31,0.0,0,1,0.0
2026-05-30,Facebook,Conv | Tof | Multicategory | CA | Direct | Growify,21.26,0.0,0,21,0.0
2026-05-30,Facebook,Conv | Tof | Multicategory | CA | Direct | Growify,0.0,0.0,0,0,0.0
2026-05-30,Facebook,Conv | Tof | Multicategory | INT | Direct | Growify,7.55,0.0,0,4,0.0
2026-05-30,Facebook,Conv | Tof | Multicategory | INT | Direct | Growify,3284.41,107580.0,92,1828,1.0
2026-05-30,Facebook,Conv | Tof | Multicategory | INT | Direct | Growify,529.429999,0.0,19,239,0.0
2026-05-30,Facebook,Conv | Tof | Multicategory | INT | Direct | Growify,2468.44,0.0,48,841,0.0
2026-05-30,Facebook,Conv | Tof | Multicategory | INT | Direct | Growify,61.66,0.0,1,4,0.0
2026-05-30,Facebook,Conv | Tof | Multicategory | INT | Direct | Growify,7.43,0.0,0,4,0.0
2026-05-30,Facebook,Conv | Tof | Multicategory | US | Direct | Growify,106.36,0.0,0,53,0.0
2026-05-30,Facebook,Conv | Tof | Multicategory | US | Direct | Growify,227.93,0.0,6,103,0.0
2026-05-30,Facebook,Conv | Tof | Multicategory | US | Direct | Growify,1397.72,0.0,17,670,0.0
2026-05-30,Facebook,Conv | Tof | Multicategory | US | Direct | Growify,49.79,0.0,19,21,0.0
2026-05-30,Facebook,Conv | Tof | Multicategory | US | Direct | Growify,965.02,0.0,48,262,0.0
2026-05-30,Facebook,Conv | Tof | Multicategory | US | Direct | Growify,2727.15,0.0,115,1004,0.0
2026-05-30,Facebook,Conv | Tof | Multicategory | US | Direct | Growify,71.08,0.0,4,25,0.0
2026-05-30,Facebook,Conv | Tof | Multicategory | US | Direct | Growify,392.33,0.0,10,170,0.0
2026-05-30,Facebook,Conv | Tof | Multicategory | US | Direct | Growify,166.78,0.0,4,53,0.0
2026-05-30,Facebook,Conv | Tof | Multicategory | US | Direct | Growify,124.01,0.0,0,36,0.0
2026-05-30,Facebook,Conv | Tof | Multicategory | US | Direct | Growify,263.56,0.0,7,104,0.0
2026-05-30,Facebook,Conv | Tof | Multicategory | US | Direct | Growify,583.46,0.0,22,345,0.0
2026-05-30,Facebook,Growify | MOF & BOF | Sale | India +intl,55.13,12870.0,6,115,1.0
2026-05-30,Facebook,Growify | MOF & BOF | Sale | India +intl,7.49,0.0,1,11,0.0
2026-05-30,Facebook,Growify | MOF & BOF | Sale | India +intl,2519.17,7590.0,444,12927,1.0
2026-05-30,Facebook,Growify | MOF & BOF | Sale | India +intl,0.0,0.0,0,0,0.0
2026-05-30,Facebook,Growify | MOF & BOF | Sale | India +intl,156.87,0.0,15,83,0.0
2026-05-30,Facebook,Growify | MOF & BOF | Sale | India +intl,0.0,0.0,0,0,0.0
2026-05-30,Facebook,Growify | MOF & BOF | Sale | India +intl,32.92,0.0,1,22,0.0
2026-05-30,Facebook,Growify | MOF & BOF | Sale | India +intl,0.0,0.0,0,0,0.0
2026-05-30,Facebook,Growify | MOF & BOF | Sale | India +intl,2147.07,0.0,147,2441,0.0
2026-05-30,Facebook,Growify | MOF & BOF | Sale | India +intl,0.0,0.0,0,0,0.0
2026-05-30,Facebook,Growify | MOF & BOF | Sale | India +intl,0.0,0.0,0,0,0.0
2026-05-30,Facebook,Growify | MOF & BOF | Sale | India +intl,1228.94,0.0,41,421,0.0
2026-05-30,Facebook,Growify | MOF & BOF | Sale | India +intl,33.32,0.0,1,14,0.0
2026-05-30,Facebook,Growify | MOF & BOF | Sale | India +intl,243.87,0.0,7,128,0.0
2026-05-30,Facebook,Growify | TOF | Sale | India,0.3,0.0,0,2,0.0
2026-05-30,Facebook,Growify | TOF | Sale | India,16.99,0.0,0,14,0.0
2026-05-30,Facebook,Growify | TOF | Sale | India,1911.74,6534.0,146,4183,1.0
2026-05-30,Facebook,Growify | TOF | Sale | US,707.22,0.0,21,453,0.0
2026-05-30,Facebook,Growify | TOF | Sale | US,262.24,0.0,11,99,0.0
2026-05-30,Facebook,Growify | TOF | Sale | US,1153.98,0.0,37,419,0.0
2026-05-30,Facebook,Growify | TOF | Sale | US,7.59,0.0,0,8,0.0
2026-05-30,Facebook,Growify | TOF | Sale | US,1.23,0.0,0,1,0.0
2026-05-30,Facebook,Growify | TOF | Sale | US,16.41,0.0,0,10,0.0
2026-05-30,Facebook,Growify | TOF | Sale | US,6.78,0.0,0,4,0.0
2026-05-30,Facebook,Growify | TOF | Sale | US,3.19,0.0,0,2,0.0
2026-05-30,Facebook,Growify | TOF | Sale | US,7.7,0.0,1,3,0.0
2026-05-30,Facebook,Growify | TOF | Sales | India | Open,100.83,0.0,36,349,0.0
2026-05-30,Facebook,Growify | TOF | Sales | India | Open,324.63,0.0,18,692,0.0
2026-05-30,Facebook,Growify | TOF | Sales | India | Open,1838.35,0.0,168,5219,0.0
2026-05-30,Facebook,Growify | TOF | Sales | United Kingdom | EOSS,36.58,0.0,1,25,0.0
2026-05-30,Facebook,Growify | TOF | Sales | United Kingdom | EOSS,628.23,0.0,21,317,0.0
2026-05-30,Facebook,Growify | TOF | Sales | United Kingdom | EOSS,3107.34,0.0,190,2011,0.0
2026-05-30,Facebook,Growify | TOF | Sales | United Kingdom | EOSS,4.91,0.0,0,3,0.0
2026-05-30,Facebook,Growify | TOF | Sales | United Kingdom | EOSS,764.34,0.0,21,376,0.0
2026-05-30,Facebook,Growify | TOF | Sales | United Kingdom | EOSS,150.44,0.0,5,37,0.0
2026-05-30,Facebook,Growify | TOF | Sales | United Kingdom | EOSS,79.77,0.0,2,55,0.0
2026-05-30,Facebook,Growify | TOF | Sales | United Kingdom | EOSS,85.97,0.0,7,46,0.0
2026-05-30,Facebook,Growify | TOF | Sales | United Kingdom | EOSS,590.1,0.0,6,284,0.0
2026-05-30,Facebook,Growify | TOF | Sales | United Kingdom | EOSS,71.43,0.0,3,46,0.0
2026-05-30,Facebook,Growify | TOF | Sales | United Kingdom | EOSS,175.1,0.0,11,100,0.0
2026-05-30,Facebook,Growify | TOF | Sales | United Kingdom | EOSS,1498.7,0.0,60,910,0.0
2026-05-31,Facebook,Conv | Tof | Multi Category | Ind | Direct | Growify |,280.61,0.0,72,590,0.0
2026-05-31,Facebook,Conv | Tof | Multi Category | Ind | Direct | Growify |,810.1,7931.88,226,1875,1.0
2026-05-31,Facebook,Conv | Tof | Multi Category | Ind | Direct | Growify |,471.26,0.0,164,1046,0.0
2026-05-31,Facebook,Conv | Tof | Multi Category | Ind | Direct | Growify |,153.16,0.0,5,300,0.0
2026-05-31,Facebook,Conv | Tof | Multi Category | Ind | Direct | Growify |,1218.4,0.0,135,2126,0.0
2026-05-31,Facebook,Conv | Tof | Multi Category | Ind | Direct | Growify |,0.82,0.0,0,19,0.0
2026-05-31,Facebook,Conv | Tof | Multi Category | Ind | Direct | Growify |,0.0,0.0,0,0,0.0
2026-05-31,Facebook,Conv | Tof | Multi Category | Ind | Direct | Growify |,93.25,0.0,7,316,0.0
2026-05-31,Facebook,Conv | Tof | Multi Category | Ind | Direct | Growify |,977.04,61259.88,116,2685,1.0
2026-05-31,Facebook,Conv | Tof | Multicategory | CA | Direct | Growify,160.75,0.0,6,81,0.0
2026-05-31,Facebook,Conv | Tof | Multicategory | CA | Direct | Growify,472.12,0.0,36,393,0.0
2026-05-31,Facebook,Conv | Tof | Multicategory | CA | Direct | Growify,0.71,0.0,0,1,0.0
2026-05-31,Facebook,Conv | Tof | Multicategory | CA | Direct | Growify,1.64,0.0,0,3,0.0
2026-05-31,Facebook,Conv | Tof | Multicategory | CA | Direct | Growify,920.2,0.0,48,631,0.0
2026-05-31,Facebook,Conv | Tof | Multicategory | CA | Direct | Growify,10.57,0.0,0,10,0.0
2026-05-31,Facebook,Conv | Tof | Multicategory | CA | Direct | Growify,0.0,0.0,0,0,0.0
2026-05-31,Facebook,Conv | Tof | Multicategory | CA | Direct | Growify,0.0,12936.58,0,0,1.0
2026-05-31,Facebook,Conv | Tof | Multicategory | CA | Direct | Growify,378.26,0.0,22,337,0.0
2026-05-31,Facebook,Conv | Tof | Multicategory | CA | Direct | Growify,526.159999,0.0,29,466,0.0
2026-05-31,Facebook,Conv | Tof | Multicategory | CA | Direct | Growify,1091.16,0.0,52,771,0.0
2026-05-31,Facebook,Conv | Tof | Multicategory | CA | Direct | Growify,105.18,0.0,7,95,0.0
2026-05-31,Facebook,Conv | Tof | Multicategory | CA | Direct | Growify,1241.5,0.0,59,1111,0.0
2026-05-31,Facebook,Conv | Tof | Multicategory | CA | Direct | Growify,0.24,0.0,0,1,0.0
2026-05-31,Facebook,Conv | Tof | Multicategory | CA | Direct | Growify,9.9,0.0,0,17,0.0
2026-05-31,Facebook,Conv | Tof | Multicategory | INT | Direct | Growify,284.71,0.0,3,125,0.0
2026-05-31,Facebook,Conv | Tof | Multicategory | INT | Direct | Growify,1587.48,0.0,52,804,0.0
2026-05-31,Facebook,Conv | Tof | Multicategory | INT | Direct | Growify,295.58,0.0,7,101,0.0
2026-05-31,Facebook,Conv | Tof | Multicategory | INT | Direct | Growify,1490.68,16170.0,47,530,1.0
2026-05-31,Facebook,Conv | Tof | Multicategory | INT | Direct | Growify,0.0,0.0,0,0,0.0
2026-05-31,Facebook,Conv | Tof | Multicategory | INT | Direct | Growify,0.0,0.0,0,0,0.0
2026-05-31,Facebook,Conv | Tof | Multicategory | US | Direct | Growify,111.32,0.0,0,49,0.0
2026-05-31,Facebook,Conv | Tof | Multicategory | US | Direct | Growify,211.52,0.0,2,89,0.0
2026-05-31,Facebook,Conv | Tof | Multicategory | US | Direct | Growify,1015.35,0.0,21,488,0.0
2026-05-31,Facebook,Conv | Tof | Multicategory | US | Direct | Growify,485.37,0.0,19,194,0.0
2026-05-31,Facebook,Conv | Tof | Multicategory | US | Direct | Growify,644.69,0.0,34,184,0.0
2026-05-31,Facebook,Conv | Tof | Multicategory | US | Direct | Growify,997.5,0.0,36,360,0.0
2026-05-31,Facebook,Conv | Tof | Multicategory | US | Direct | Growify,197.89,0.0,4,90,0.0
2026-05-31,Facebook,Conv | Tof | Multicategory | US | Direct | Growify,800.27,0.0,26,247,0.0
2026-05-31,Facebook,Conv | Tof | Multicategory | US | Direct | Growify,528.49,0.0,9,190,0.0
2026-05-31,Facebook,Growify | MOF & BOF | Sale | India +intl,10.32,0.0,4,30,0.0
2026-05-31,Facebook,Growify | MOF & BOF | Sale | India +intl,51.69,0.0,3,85,0.0
2026-05-31,Facebook,Growify | MOF & BOF | Sale | India +intl,1617.86,0.0,267,8245,0.0
2026-05-31,Facebook,Growify | MOF & BOF | Sale | India +intl,333.74,0.0,5,130,0.0
2026-05-31,Facebook,Growify | MOF & BOF | Sale | India +intl,0.0,0.0,0,0,0.0
2026-05-31,Facebook,Growify | MOF & BOF | Sale | India +intl,13.03,0.0,0,10,0.0
2026-05-31,Facebook,Growify | MOF & BOF | Sale | India +intl,1631.12,0.0,126,1875,0.0
2026-05-31,Facebook,Growify | MOF & BOF | Sale | India +intl,0.0,0.0,0,0,0.0
2026-05-31,Facebook,Growify | MOF & BOF | Sale | India +intl,1707.87,44476.0,67,618,1.0
2026-05-31,Facebook,Growify | MOF & BOF | Sale | India +intl,2.59,0.0,0,1,0.0
2026-05-31,Facebook,Growify | MOF & BOF | Sale | India +intl,163.4,0.0,2,55,0.0
2026-05-31,Facebook,Growify | TOF | Sale | India,302.13,0.0,45,524,0.0
2026-05-31,Facebook,Growify | TOF | Sale | India,1414.98,9570.0,138,3451,1.0
2026-05-31,Facebook,Growify | TOF | Sale | US,634.38,0.0,26,487,0.0
2026-05-31,Facebook,Growify | TOF | Sale | US,328.32,0.0,21,151,0.0
2026-05-31,Facebook,Growify | TOF | Sale | US,980.68,0.0,54,435,0.0
2026-05-31,Facebook,Growify | TOF | Sale | US,5.07,0.0,0,11,0.0
2026-05-31,Facebook,Growify | TOF | Sale | US,50.49,0.0,0,10,0.0
2026-05-31,Facebook,Growify | TOF | Sale | US,3.23,0.0,3,3,0.0
2026-05-31,Facebook,Growify | TOF | Sale | US,7.15,0.0,0,7,0.0
2026-05-31,Facebook,Growify | TOF | Sale | US,7.67,0.0,0,5,0.0
2026-05-31,Facebook,Growify | TOF | Sales | India + INTL | Pre- Buzz,0.0,0.0,0,0,0.0
2026-05-31,Facebook,Growify | TOF | Sales | India | Open,1543.22,4620.0,389,3619,1.0
2026-05-31,Facebook,Growify | TOF | Sales | India | Open,48.72,0.0,4,337,0.0
2026-05-31,Facebook,Growify | TOF | Sales | India | Open,1242.79,0.0,118,3500,0.0
2026-05-31,Facebook,Growify | TOF | Sales | United Kingdom | EOSS,193.18,0.0,6,92,0.0
2026-05-31,Facebook,Growify | TOF | Sales | United Kingdom | EOSS,606.11,0.0,35,401,0.0
2026-05-31,Facebook,Growify | TOF | Sales | United Kingdom | EOSS,1247.84,0.0,61,657,0.0
2026-05-31,Facebook,Growify | TOF | Sales | United Kingdom | EOSS,328.18,0.0,7,215,0.0
2026-05-31,Facebook,Growify | TOF | Sales | United Kingdom | EOSS,578.64,0.0,18,380,0.0
2026-05-31,Facebook,Growify | TOF | Sales | United Kingdom | EOSS,680.77,0.0,43,340,0.0
2026-05-31,Facebook,Growify | TOF | Sales | United Kingdom | EOSS,0.0,0.0,0,0,0.0
2026-05-31,Facebook,Growify | TOF | Sales | United Kingdom | EOSS,98.16,0.0,7,69,0.0
2026-05-31,Facebook,Growify | TOF | Sales | United Kingdom | EOSS,1377.23,0.0,38,839,0.0
2026-06-01,Facebook,Conv | Tof | Multi Category | Ind | Direct | Growify |,290.41,22770.0,107,764,1.0
2026-06-01,Facebook,Conv | Tof | Multi Category | Ind | Direct | Growify |,1273.88,38940.0,602,5008,2.0
2026-06-01,Facebook,Conv | Tof | Multi Category | Ind | Direct | Growify |,0.0,0.0,0,0,0.0
2026-06-01,Facebook,Conv | Tof | Multi Category | Ind | Direct | Growify |,210.73,0.0,113,942,0.0
2026-06-01,Facebook,Conv | Tof | Multi Category | Ind | Direct | Growify |,68.45,0.0,9,282,0.0
2026-06-01,Facebook,Conv | Tof | Multi Category | Ind | Direct | Growify |,1318.33,7590.0,125,2335,1.0
2026-06-01,Facebook,Conv | Tof | Multi Category | Ind | Direct | Growify |,189.59,0.0,22,790,0.0
2026-06-01,Facebook,Conv | Tof | Multi Category | Ind | Direct | Growify |,25.63,0.0,1,127,0.0
2026-06-01,Facebook,Conv | Tof | Multi Category | Ind | Direct | Growify |,970.3,0.0,162,4129,0.0
2026-06-01,Facebook,Conv | Tof | Multicategory | CA | Direct | Growify,18.28,0.0,1,19,0.0
2026-06-01,Facebook,Conv | Tof | Multicategory | CA | Direct | Growify,1035.9,0.0,69,672,0.0
2026-06-01,Facebook,Conv | Tof | Multicategory | CA | Direct | Growify,2.89,0.0,0,4,0.0
2026-06-01,Facebook,Conv | Tof | Multicategory | CA | Direct | Growify,76.21,0.0,10,100,0.0
2026-06-01,Facebook,Conv | Tof | Multicategory | CA | Direct | Growify,0.0,0.0,0,0,0.0
2026-06-01,Facebook,Conv | Tof | Multicategory | CA | Direct | Growify,41.38,0.0,3,46,0.0
2026-06-01,Facebook,Conv | Tof | Multicategory | CA | Direct | Growify,655.97,0.0,12,519,0.0
2026-06-01,Facebook,Conv | Tof | Multicategory | CA | Direct | Growify,1426.52,0.0,85,939,0.0
2026-06-01,Facebook,Conv | Tof | Multicategory | CA | Direct | Growify,1.06,0.0,1,2,0.0
2026-06-01,Facebook,Conv | Tof | Multicategory | CA | Direct | Growify,3.57,0.0,2,5,0.0
2026-06-01,Facebook,Conv | Tof | Multicategory | CA | Direct | Growify,723.06,0.0,30,640,0.0
2026-06-01,Facebook,Conv | Tof | Multicategory | CA | Direct | Growify,0.8,0.0,0,3,0.0
2026-06-01,Facebook,Conv | Tof | Multicategory | INT | Direct | Growify,0.86,0.0,0,1,0.0
2026-06-01,Facebook,Conv | Tof | Multicategory | INT | Direct | Growify,792.92,0.0,33,583,0.0
2026-06-01,Facebook,Conv | Tof | Multicategory | INT | Direct | Growify,323.52,0.0,14,186,0.0
2026-06-01,Facebook,Conv | Tof | Multicategory | INT | Direct | Growify,1326.86,0.0,23,351,0.0
2026-06-01,Facebook,Conv | Tof | Multicategory | US | Direct | Growify,10.49,0.0,0,7,0.0
2026-06-01,Facebook,Conv | Tof | Multicategory | US | Direct | Growify,10.5,0.0,0,3,0.0
2026-06-01,Facebook,Conv | Tof | Multicategory | US | Direct | Growify,996.91,0.0,25,421,0.0
2026-06-01,Facebook,Conv | Tof | Multicategory | US | Direct | Growify,129.99,0.0,8,52,0.0
2026-06-01,Facebook,Conv | Tof | Multicategory | US | Direct | Growify,434.37,0.0,22,139,0.0
2026-06-01,Facebook,Conv | Tof | Multicategory | US | Direct | Growify,1894.26,0.0,72,582,0.0
2026-06-01,Facebook,Conv | Tof | Multicategory | US | Direct | Growify,21.51,0.0,1,13,0.0
2026-06-01,Facebook,Conv | Tof | Multicategory | US | Direct | Growify,1426.98,0.0,32,421,0.0
2026-06-01,Facebook,Conv | Tof | Multicategory | US | Direct | Growify,14.06,0.0,0,10,0.0
2026-06-01,Facebook,Growify | MOF & BOF | Sale | India +intl,56.48,0.0,26,699,0.0
2026-06-01,Facebook,Growify | MOF & BOF | Sale | India +intl,4.44,0.0,0,29,0.0
2026-06-01,Facebook,Growify | MOF & BOF | Sale | India +intl,1373.45,0.0,245,7941,0.0
2026-06-01,Facebook,Growify | MOF & BOF | Sale | India +intl,0.0,0.0,0,0,0.0
2026-06-01,Facebook,Growify | MOF & BOF | Sale | India +intl,0.0,0.0,0,0,0.0
2026-06-01,Facebook,Growify | MOF & BOF | Sale | India +intl,397.98,0.0,35,677,0.0
2026-06-01,Facebook,Growify | MOF & BOF | Sale | India +intl,0.0,0.0,0,0,0.0
2026-06-01,Facebook,Growify | MOF & BOF | Sale | India +intl,0.0,0.0,0,0,0.0
2026-06-01,Facebook,Growify | MOF & BOF | Sale | India +intl,1209.51,0.0,18,336,0.0
2026-06-01,Facebook,Growify | MOF & BOF | Sale | India +intl,1.08,0.0,0,1,0.0
2026-06-01,Facebook,Growify | TOF | Sale | India,3.01,0.0,2,27,0.0
2026-06-01,Facebook,Growify | TOF | Sale | India,1437.2,0.0,137,4121,0.0
2026-06-01,Facebook,Growify | TOF | Sale | US,434.7,0.0,19,421,0.0
2026-06-01,Facebook,Growify | TOF | Sale | US,135.78,0.0,9,129,0.0
2026-06-01,Facebook,Growify | TOF | Sale | US,745.81,0.0,23,333,0.0
2026-06-01,Facebook,Growify | TOF | Sale | US,3.0,0.0,1,3,0.0
2026-06-01,Facebook,Growify | TOF | Sale | US,4.46,0.0,0,5,0.0
2026-06-01,Facebook,Growify | TOF | Sale | US,3.55,0.0,0,2,0.0
2026-06-01,Facebook,Growify | TOF | Sale | US,0.0,0.0,0,0,0.0
2026-06-01,Facebook,Growify | TOF | Sale | US,0.0,0.0,0,0,0.0
2026-06-01,Facebook,Growify | TOF | Sale | US,0.0,0.0,0,0,0.0
2026-06-01,Facebook,Growify | TOF | Sales | India | Open,3167.53,0.0,1169,13593,0.0
2026-06-01,Facebook,Growify | TOF | Sales | India | Open,1.44,0.0,0,39,0.0
2026-06-01,Facebook,Growify | TOF | Sales | India | Open,19.21,0.0,4,228,0.0
2026-06-01,Facebook,Growify | TOF | Sales | United Kingdom | EOSS,220.21,0.0,9,122,0.0
2026-06-01,Facebook,Growify | TOF | Sales | United Kingdom | EOSS,461.67,0.0,7,168,0.0
2026-06-01,Facebook,Growify | TOF | Sales | United Kingdom | EOSS,1717.17,0.0,72,977,0.0
2026-06-01,Facebook,Growify | TOF | Sales | United Kingdom | EOSS,88.18,0.0,7,88,0.0
2026-06-01,Facebook,Growify | TOF | Sales | United Kingdom | EOSS,113.33,0.0,4,109,0.0
2026-06-01,Facebook,Growify | TOF | Sales | United Kingdom | EOSS,1490.54,0.0,65,692,0.0
2026-06-01,Facebook,Growify | TOF | Sales | United Kingdom | EOSS,2.34,0.0,0,2,0.0
2026-06-01,Facebook,Growify | TOF | Sales | United Kingdom | EOSS,988.71,28710.0,32,641,1.0
2026-06-02,Facebook,Conv | Tof | Multi Category | Ind | Direct | Growify |,410.97,0.0,71,728,0.0
2026-06-02,Facebook,Conv | Tof | Multi Category | Ind | Direct | Growify |,1381.12,0.0,500,4631,0.0
2026-06-02,Facebook,Conv | Tof | Multi Category | Ind | Direct | Growify |,2.29,0.0,0,8,0.0
2026-06-02,Facebook,Conv | Tof | Multi Category | Ind | Direct | Growify |,1398.81,0.0,146,2084,0.0
2026-06-02,Facebook,Conv | Tof | Multi Category | Ind | Direct | Growify |,54.32,0.0,3,134,0.0
2026-06-02,Facebook,Conv | Tof | Multi Category | Ind | Direct | Growify |,1199.9,7590.0,182,3835,1.0
2026-06-02,Facebook,Conv | Tof | Multicategory | CA | Direct | Growify,63.74,0.0,1,18,0.0
2026-06-02,Facebook,Conv | Tof | Multicategory | CA | Direct | Growify,1673.29,86650.0,80,948,1.0
2026-06-02,Facebook,Conv | Tof | Multicategory | CA | Direct | Growify,3.04,0.0,0,6,0.0
2026-06-02,Facebook,Conv | Tof | Multicategory | CA | Direct | Growify,149.83,0.0,3,79,0.0
2026-06-02,Facebook,Conv | Tof | Multicategory | CA | Direct | Growify,0.32,0.0,0,1,0.0
2026-06-02,Facebook,Conv | Tof | Multicategory | CA | Direct | Growify,444.83,0.0,14,339,0.0
2026-06-02,Facebook,Conv | Tof | Multicategory | CA | Direct | Growify,1898.21,0.0,74,1109,0.0
2026-06-02,Facebook,Conv | Tof | Multicategory | CA | Direct | Growify,0.0,0.0,0,0,0.0
2026-06-02,Facebook,Conv | Tof | Multicategory | CA | Direct | Growify,0.0,16896.58,0,0,1.0
2026-06-02,Facebook,Conv | Tof | Multicategory | CA | Direct | Growify,1357.74,0.0,73,1164,0.0
2026-06-02,Facebook,Conv | Tof | Multicategory | CA | Direct | Growify,9.42,0.0,0,14,0.0
2026-06-02,Facebook,Conv | Tof | Multicategory | CA | Direct | Growify,0.0,0.0,0,0,0.0
2026-06-02,Facebook,Conv | Tof | Multicategory | INT | Direct | Growify,29.46,0.0,1,26,0.0
2026-06-02,Facebook,Conv | Tof | Multicategory | INT | Direct | Growify,2310.82,0.0,85,1217,0.0
2026-06-02,Facebook,Conv | Tof | Multicategory | INT | Direct | Growify,210.07,0.0,5,137,0.0
2026-06-02,Facebook,Conv | Tof | Multicategory | INT | Direct | Growify,1860.9,0.0,20,523,0.0
2026-06-02,Facebook,Conv | Tof | Multicategory | INT | Direct | Growify,62.380646,0.0,0,8,0.0
2026-06-02,Facebook,Conv | Tof | Multicategory | INT | Direct | Growify,97.269354,0.0,5,28,0.0
2026-06-02,Facebook,Conv | Tof | Multicategory | US | Direct | Growify,71.95,0.0,5,35,0.0
2026-06-02,Facebook,Conv | Tof | Multicategory | US | Direct | Growify,1119.47,0.0,33,524,0.0
2026-06-02,Facebook,Conv | Tof | Multicategory | US | Direct | Growify,38.28,0.0,2,14,0.0
2026-06-02,Facebook,Conv | Tof | Multicategory | US | Direct | Growify,632.03,20790.0,23,189,1.0
2026-06-02,Facebook,Conv | Tof | Multicategory | US | Direct | Growify,1612.82,0.0,37,399,0.0
2026-06-02,Facebook,Conv | Tof | Multicategory | US | Direct | Growify,1786.86,0.0,60,508,0.0
2026-06-02,Facebook,Conv | Tof | Multicategory | US | Direct | Growify,17.82,0.0,2,6,0.0
2026-06-02,Facebook,Conv | Tof | Multicategory | US | Direct | Growify,0.0,0.0,0,0,0.0
2026-06-02,Facebook,Growify | MOF & BOF | Sale | India +intl,0.0,0.0,0,0,0.0
2026-06-02,Facebook,Growify | MOF & BOF | Sale | India +intl,20.02,0.0,4,51,0.0
2026-06-02,Facebook,Growify | MOF & BOF | Sale | India +intl,2186.04,0.0,388,12653,0.0
2026-06-02,Facebook,Growify | MOF & BOF | Sale | India +intl,84.95,0.0,3,46,0.0
2026-06-02,Facebook,Growify | MOF & BOF | Sale | India +intl,0.0,0.0,0,0,0.0
2026-06-02,Facebook,Growify | MOF & BOF | Sale | India +intl,210.57,0.0,2,104,0.0
2026-06-02,Facebook,Growify | MOF & BOF | Sale | India +intl,2209.53,0.0,154,2732,0.0
2026-06-02,Facebook,Growify | MOF & BOF | Sale | India +intl,0.0,0.0,0,0,0.0
2026-06-02,Facebook,Growify | MOF & BOF | Sale | India +intl,0.0,17031.88,0,0,1.0
2026-06-02,Facebook,Growify | MOF & BOF | Sale | India +intl,2147.26,0.0,53,744,0.0
2026-06-02,Facebook,Growify | MOF & BOF | Sale | India +intl,65.23,0.0,1,12,0.0
2026-06-02,Facebook,Growify | MOF & BOF | Sale | India +intl,118.82,0.0,2,58,0.0
2026-06-02,Facebook,Growify | TOF | Sale | India,39.71,0.0,3,93,0.0
2026-06-02,Facebook,Growify | TOF | Sale | India,0.0,0.0,0,0,0.0
2026-06-02,Facebook,Growify | TOF | Sale | India,2442.08,0.0,223,6920,0.0
2026-06-02,Facebook,Growify | TOF | Sale | US,664.44,0.0,40,722,0.0
2026-06-02,Facebook,Growify | TOF | Sale | US,451.44,31870.0,22,210,1.0
2026-06-02,Facebook,Growify | TOF | Sale | US,1286.48,0.0,45,629,0.0
2026-06-02,Facebook,Growify | TOF | Sale | US,0.0,0.0,0,0,0.0
2026-06-02,Facebook,Growify | TOF | Sale | US,8.33,0.0,0,8,0.0
2026-06-02,Facebook,Growify | TOF | Sale | US,41.49,0.0,0,10,0.0
2026-06-02,Facebook,Growify | TOF | Sales | India | Open,2388.01,5610.0,735,7922,1.0
2026-06-02,Facebook,Growify | TOF | Sales | India | Open,0.0,0.0,0,0,0.0
2026-06-02,Facebook,Growify | TOF | Sales | India | Open,20.54,0.0,3,120,0.0
2026-06-02,Facebook,Growify | TOF | Sales | United Kingdom | EOSS,222.18,0.0,6,52,0.0
2026-06-02,Facebook,Growify | TOF | Sales | United Kingdom | EOSS,321.17,0.0,16,202,0.0
2026-06-02,Facebook,Growify | TOF | Sales | United Kingdom | EOSS,1978.39,0.0,120,1059,0.0
2026-06-02,Facebook,Growify | TOF | Sales | United Kingdom | EOSS,1680.96,0.0,97,725,0.0
2026-06-02,Facebook,Growify | TOF | Sales | United Kingdom | EOSS,33.68,0.0,1,15,0.0
2026-06-02,Facebook,Growify | TOF | Sales | United Kingdom | EOSS,1389.23,0.0,47,883,0.0
2026-06-03,Facebook,Conv | Tof | Multi Category | Ind | Direct | Growify |,267.779999,0.0,49,590,0.0
2026-06-03,Facebook,Conv | Tof | Multi Category | Ind | Direct | Growify |,1379.85,9570.0,759,7243,1.0
2026-06-03,Facebook,Conv | Tof | Multi Category | Ind | Direct | Growify |,101.29,0.0,21,199,0.0
2026-06-03,Facebook,Conv | Tof | Multi Category | Ind | Direct | Growify |,1249.35,0.0,239,2641,0.0
2026-06-03,Facebook,Conv | Tof | Multi Category | Ind | Direct | Growify |,1225.2,0.0,277,5843,0.0
2026-06-03,Facebook,Conv | Tof | Multicategory | CA | Direct | Growify,1536.31,0.0,71,865,0.0
2026-06-03,Facebook,Conv | Tof | Multicategory | CA | Direct | Growify,5.5,0.0,0,5,0.0
2026-06-03,Facebook,Conv | Tof | Multicategory | CA | Direct | Growify,154.08,0.0,5,81,0.0
2026-06-03,Facebook,Conv | Tof | Multicategory | CA | Direct | Growify,336.29,0.0,6,246,0.0
2026-06-03,Facebook,Conv | Tof | Multicategory | CA | Direct | Growify,1931.3,0.0,121,1543,0.0
2026-06-03,Facebook,Conv | Tof | Multicategory | CA | Direct | Growify,549.11,0.0,18,509,0.0
2026-06-03,Facebook,Conv | Tof | Multicategory | CA | Direct | Growify,709.92,0.0,32,652,0.0
2026-06-03,Facebook,Conv | Tof | Multicategory | CA | Direct | Growify,0.7,0.0,0,5,0.0
2026-06-03,Facebook,Conv | Tof | Multicategory | CA | Direct | Growify,5.33,0.0,0,6,0.0
2026-06-03,Facebook,Conv | Tof | Multicategory | CA | Direct | Growify,0.0,0.0,0,0,0.0
2026-06-03,Facebook,Conv | Tof | Multicategory | INT | Direct | Growify,33.42,0.0,0,18,0.0
2026-06-03,Facebook,Conv | Tof | Multicategory | INT | Direct | Growify,1780.62,0.0,68,1243,0.0
2026-06-03,Facebook,Conv | Tof | Multicategory | INT | Direct | Growify,442.18,0.0,27,205,0.0
2026-06-03,Facebook,Conv | Tof | Multicategory | INT | Direct | Growify,1435.18,0.0,23,359,0.0
2026-06-03,Facebook,Conv | Tof | Multicategory | INT | Direct | Growify,0.0,0.0,0,0,0.0
2026-06-03,Facebook,Conv | Tof | Multicategory | US | Direct | Growify,786.77,0.0,19,393,0.0
2026-06-03,Facebook,Conv | Tof | Multicategory | US | Direct | Growify,124.2,0.0,1,31,0.0
2026-06-03,Facebook,Conv | Tof | Multicategory | US | Direct | Growify,524.059999,0.0,23,168,0.0
2026-06-03,Facebook,Conv | Tof | Multicategory | US | Direct | Growify,1795.17,3366.0,46,477,1.0
2026-06-03,Facebook,Conv | Tof | Multicategory | US | Direct | Growify,857.25,0.0,34,322,0.0
2026-06-03,Facebook,Growify | MOF & BOF | Sale | India +intl,12.77,0.0,3,59,0.0
2026-06-03,Facebook,Growify | MOF & BOF | Sale | India +intl,52.95,0.0,4,177,0.0
2026-06-03,Facebook,Growify | MOF & BOF | Sale | India +intl,2128.61,0.0,544,17253,0.0
2026-06-03,Facebook,Growify | MOF & BOF | Sale | India +intl,2272.22,0.0,138,2768,0.0
2026-06-03,Facebook,Growify | MOF & BOF | Sale | India +intl,0.0,0.0,0,0,0.0
2026-06-03,Facebook,Growify | MOF & BOF | Sale | India +intl,2438.6,0.0,73,750,0.0
2026-06-03,Facebook,Growify | MOF & BOF | Sale | India +intl,64.0,0.0,0,22,0.0
2026-06-03,Facebook,Growify | MOF & BOF | Sale | India +intl,4.12,0.0,0,2,0.0
2026-06-03,Facebook,Growify | MOF & BOF | Sale | India +intl,562.29,0.0,362,4103,0.0
2026-06-03,Facebook,Growify | TOF | Sale | India,1717.93,0.0,197,5293,0.0
2026-06-03,Facebook,Growify | TOF | Sale | US,612.34,0.0,36,645,0.0
2026-06-03,Facebook,Growify | TOF | Sale | US,563.26,0.0,34,228,0.0
2026-06-03,Facebook,Growify | TOF | Sale | US,1098.78,0.0,28,515,0.0
2026-06-03,Facebook,Growify | TOF | Sale | US,31.2,0.0,5,46,0.0
2026-06-03,Facebook,Growify | TOF | Sale | US,8.95,0.0,0,3,0.0
2026-06-03,Facebook,Growify | TOF | Sale | US,105.65,0.0,2,39,0.0
2026-06-03,Facebook,Growify | TOF | Sales | India | Open,1577.06,5940.0,618,6850,1.0
2026-06-03,Facebook,Growify | TOF | Sales | India | Open,0.0,0.0,0,0,0.0
2026-06-03,Facebook,Growify | TOF | Sales | India | Open,0.0,0.0,0,1,0.0
2026-06-03,Facebook,Growify | TOF | Sales | United Kingdom | EOSS,111.32,0.0,7,62,0.0
2026-06-03,Facebook,Growify | TOF | Sales | United Kingdom | EOSS,669.3,0.0,54,416,0.0
2026-06-03,Facebook,Growify | TOF | Sales | United Kingdom | EOSS,4.43,0.0,1,2,0.0
2026-06-03,Facebook,Growify | TOF | Sales | United Kingdom | EOSS,7.89,0.0,1,4,0.0
2026-06-03,Facebook,Growify | TOF | Sales | United Kingdom | EOSS,522.76,0.0,21,251,0.0
2026-06-03,Facebook,Growify | TOF | Sales | United Kingdom | EOSS,1376.75,0.0,58,1021,0.0
2026-06-04,Facebook,Conv | Tof | Multi Category | Ind | Direct | Growify |,220.58,0.0,100,783,0.0
2026-06-04,Facebook,Conv | Tof | Multi Category | Ind | Direct | Growify |,1256.83,14190.0,1207,12572,1.0
2026-06-04,Facebook,Conv | Tof | Multi Category | Ind | Direct | Growify |,0.17,0.0,0,1,0.0
2026-06-04,Facebook,Conv | Tof | Multi Category | Ind | Direct | Growify |,1246.96,0.0,238,3491,0.0
2026-06-04,Facebook,Conv | Tof | Multi Category | Ind | Direct | Growify |,0.0,0.0,0,0,0.0
2026-06-04,Facebook,Conv | Tof | Multi Category | Ind | Direct | Growify |,1249.19,0.0,246,6215,0.0
2026-06-04,Facebook,Conv | Tof | Multicategory | CA | Direct | Growify,1185.81,0.0,74,837,0.0
2026-06-04,Facebook,Conv | Tof | Multicategory | CA | Direct | Growify,0.39,0.0,0,1,0.0
2026-06-04,Facebook,Conv | Tof | Multicategory | CA | Direct | Growify,221.34,0.0,8,133,0.0
2026-06-04,Facebook,Conv | Tof | Multicategory | CA | Direct | Growify,0.0,0.0,0,0,0.0
2026-06-04,Facebook,Conv | Tof | Multicategory | CA | Direct | Growify,282.42,0.0,9,161,0.0
2026-06-04,Facebook,Conv | Tof | Multicategory | CA | Direct | Growify,1635.3,9166.0,99,1510,1.0
2026-06-04,Facebook,Conv | Tof | Multicategory | CA | Direct | Growify,0.0,0.0,0,0,0.0
2026-06-04,Facebook,Conv | Tof | Multicategory | CA | Direct | Growify,75.38,0.0,8,89,0.0
2026-06-04,Facebook,Conv | Tof | Multicategory | CA | Direct | Growify,1292.91,0.0,53,1003,0.0
2026-06-04,Facebook,Conv | Tof | Multicategory | CA | Direct | Growify,0.55,0.0,0,1,0.0
2026-06-04,Facebook,Conv | Tof | Multicategory | CA | Direct | Growify,15.2,0.0,0,7,0.0
2026-06-04,Facebook,Conv | Tof | Multicategory | INT | Direct | Growify,1241.67,0.0,37,799,0.0
2026-06-04,Facebook,Conv | Tof | Multicategory | INT | Direct | Growify,498.4,0.0,14,378,0.0
2026-06-04,Facebook,Conv | Tof | Multicategory | INT | Direct | Growify,626.87,0.0,20,280,0.0
2026-06-04,Facebook,Conv | Tof | Multicategory | INT | Direct | Growify,0.0,37864.78,0,0,1.0
2026-06-04,Facebook,Conv | Tof | Multicategory | US | Direct | Growify,0.0,0.0,0,0,0.0
2026-06-04,Facebook,Conv | Tof | Multicategory | US | Direct | Growify,343.08,0.0,36,134,0.0
2026-06-04,Facebook,Conv | Tof | Multicategory | US | Direct | Growify,1419.57,0.0,41,403,0.0
2026-06-04,Facebook,Conv | Tof | Multicategory | US | Direct | Growify,0.0,0.0,0,0,0.0
2026-06-04,Facebook,Conv | Tof | Multicategory | US | Direct | Growify,0.0,18355.92,0,0,1.0
2026-06-04,Facebook,Growify | MOF & BOF | Sale | India +intl,391.87,0.0,72,1733,0.0
2026-06-04,Facebook,Growify | MOF & BOF | Sale | India +intl,309.41,0.0,25,1277,0.0
2026-06-04,Facebook,Growify | MOF & BOF | Sale | India +intl,886.7,0.0,205,6473,0.0
2026-06-04,Facebook,Growify | MOF & BOF | Sale | India +intl,591.38,0.0,14,301,0.0
2026-06-04,Facebook,Growify | MOF & BOF | Sale | India +intl,97.99,0.0,0,69,0.0
2026-06-04,Facebook,Growify | MOF & BOF | Sale | India +intl,1114.78,20980.0,74,1394,1.0
2026-06-04,Facebook,Growify | MOF & BOF | Sale | India +intl,1485.23,0.0,39,497,0.0
2026-06-04,Facebook,Growify | MOF & BOF | Sale | India +intl,67.09,0.0,1,32,0.0
2026-06-04,Facebook,Growify | MOF & BOF | Sale | India +intl,1565.54,32670.0,734,8980,1.0
2026-06-04,Facebook,Growify | TOF | Sale | India,9.33,0.0,3,31,0.0
2026-06-04,Facebook,Growify | TOF | Sale | India,1342.54,0.0,116,3851,0.0
2026-06-04,Facebook,Growify | TOF | Sale | India,7.39,0.0,0,20,0.0
2026-06-04,Facebook,Growify | TOF | Sale | US,305.73,0.0,18,379,0.0
2026-06-04,Facebook,Growify | TOF | Sale | US,221.76,0.0,13,182,0.0
2026-06-04,Facebook,Growify | TOF | Sale | US,809.72,0.0,40,305,0.0
2026-06-04,Facebook,Growify | TOF | Sale | US,83.17,0.0,1,67,0.0
2026-06-04,Facebook,Growify | TOF | Sale | US,43.9,0.0,0,21,0.0
2026-06-04,Facebook,Growify | TOF | Sale | US,171.81,0.0,4,83,0.0
2026-06-04,Facebook,Growify | TOF | Sale | US,5.9,0.0,0,9,0.0
2026-06-04,Facebook,Growify | TOF | Sale | US,18.31,0.0,1,5,0.0
2026-06-04,Facebook,Growify | TOF | Sale | US,24.22,0.0,0,10,0.0
2026-06-04,Facebook,Growify | TOF | Sales | India | Open,1152.76,3366.0,421,4830,1.0
2026-06-04,Facebook,Growify | TOF | Sales | United Kingdom | EOSS,0.0,0.0,0,0,0.0
2026-06-04,Facebook,Growify | TOF | Sales | United Kingdom | EOSS,0.69,0.0,0,2,0.0
2026-06-04,Facebook,Growify | TOF | Sales | United Kingdom | EOSS,1173.91,13860.0,36,883,1.0
2026-06-05,Facebook,Conv | Tof | Multi Category | Ind | Direct | Growify |,335.84,0.0,70,474,0.0
2026-06-05,Facebook,Conv | Tof | Multi Category | Ind | Direct | Growify |,1437.13,0.0,699,6104,0.0
2026-06-05,Facebook,Conv | Tof | Multi Category | Ind | Direct | Growify |,0.0,0.0,0,0,0.0
2026-06-05,Facebook,Conv | Tof | Multi Category | Ind | Direct | Growify |,35.32,0.0,21,139,0.0
2026-06-05,Facebook,Conv | Tof | Multi Category | Ind | Direct | Growify |,25.82,0.0,0,38,0.0
2026-06-05,Facebook,Conv | Tof | Multi Category | Ind | Direct | Growify |,30.74,0.0,3,46,0.0
2026-06-05,Facebook,Conv | Tof | Multi Category | Ind | Direct | Growify |,60.25,0.0,5,147,0.0
2026-06-05,Facebook,Conv | Tof | Multi Category | Ind | Direct | Growify |,296.02,0.0,59,687,0.0
2026-06-05,Facebook,Conv | Tof | Multi Category | Ind | Direct | Growify |,493.3,0.0,68,640,0.0
2026-06-05,Facebook,Conv | Tof | Multi Category | Ind | Direct | Growify |,321.26,0.0,80,593,0.0
2026-06-05,Facebook,Conv | Tof | Multi Category | Ind | Direct | Growify |,38.57,0.0,1,50,0.0
2026-06-05,Facebook,Conv | Tof | Multi Category | Ind | Direct | Growify |,586.05,0.0,118,1167,0.0
2026-06-05,Facebook,Conv | Tof | Multi Category | Ind | Direct | Growify |,543.4,0.0,74,1455,0.0
2026-06-05,Facebook,Conv | Tof | Multicategory | CA | Direct | Growify,39.43,0.0,5,27,0.0
2026-06-05,Facebook,Conv | Tof | Multicategory | CA | Direct | Growify,823.48,0.0,30,422,0.0
2026-06-05,Facebook,Conv | Tof | Multicategory | CA | Direct | Growify,24.26,0.0,0,9,0.0
2026-06-05,Facebook,Conv | Tof | Multicategory | CA | Direct | Growify,445.52,0.0,18,297,0.0
2026-06-05,Facebook,Conv | Tof | Multicategory | CA | Direct | Growify,0.03,0.0,0,1,0.0
2026-06-05,Facebook,Conv | Tof | Multicategory | CA | Direct | Growify,959.54,0.0,32,527,0.0
2026-06-05,Facebook,Conv | Tof | Multicategory | CA | Direct | Growify,104.23,0.0,6,91,0.0
2026-06-05,Facebook,Conv | Tof | Multicategory | CA | Direct | Growify,120.76,0.0,15,56,0.0
2026-06-05,Facebook,Conv | Tof | Multicategory | CA | Direct | Growify,1041.98,0.0,69,617,0.0
2026-06-05,Facebook,Conv | Tof | Multicategory | CA | Direct | Growify,0.0,0.0,0,0,0.0
2026-06-05,Facebook,Conv | Tof | Multicategory | CA | Direct | Growify,5.75,0.0,2,8,0.0
2026-06-05,Facebook,Conv | Tof | Multicategory | CA | Direct | Growify,545.26,0.0,9,493,0.0
2026-06-05,Facebook,Conv | Tof | Multicategory | CA | Direct | Growify,714.747425,0.0,33,619,0.0
2026-06-05,Facebook,Conv | Tof | Multicategory | CA | Direct | Growify,7.1,0.0,0,7,0.0
2026-06-05,Facebook,Conv | Tof | Multicategory | CA | Direct | Growify,16.452575,0.0,0,7,0.0
2026-06-05,Facebook,Conv | Tof | Multicategory | INT | Direct | Growify,1033.77,0.0,35,600,0.0
2026-06-05,Facebook,Conv | Tof | Multicategory | INT | Direct | Growify,330.84,0.0,12,147,0.0
2026-06-05,Facebook,Conv | Tof | Multicategory | INT | Direct | Growify,941.56,0.0,21,298,0.0
2026-06-05,Facebook,Conv | Tof | Multicategory | US | Direct | Growify,1013.25,0.0,34,339,0.0
2026-06-05,Facebook,Conv | Tof | Multicategory | US | Direct | Growify,83.38,0.0,6,18,0.0
2026-06-05,Facebook,Conv | Tof | Multicategory | US | Direct | Growify,233.44,0.0,2,62,0.0
2026-06-05,Facebook,Conv | Tof | Multicategory | US | Direct | Growify,674.99,17787.0,19,184,1.0
2026-06-05,Facebook,Conv | Tof | Multicategory | US | Direct | Growify,161.24,0.0,4,35,0.0
2026-06-05,Facebook,Conv | Tof | Multicategory | US | Direct | Growify,208.48,0.0,8,76,0.0
2026-06-05,Facebook,Growify | MOF & BOF | Sale | India +intl,0.0,0.0,0,0,0.0
2026-06-05,Facebook,Growify | MOF & BOF | Sale | India +intl,0.0,0.0,0,0,0.0
2026-06-05,Facebook,Growify | MOF & BOF | Sale | India +intl,290.66,0.0,20,815,0.0
2026-06-05,Facebook,Growify | MOF & BOF | Sale | India +intl,380.84,0.0,21,949,0.0
2026-06-05,Facebook,Growify | MOF & BOF | Sale | India +intl,49.27,0.0,6,540,0.0
2026-06-05,Facebook,Growify | MOF & BOF | Sale | India +intl,756.21,0.0,165,8319,0.0
2026-06-05,Facebook,Growify | MOF & BOF | Sale | India +intl,267.99,0.0,55,1110,0.0
2026-06-05,Facebook,Growify | MOF & BOF | Sale | India +intl,1064.819999,0.0,179,4373,0.0
2026-06-05,Facebook,Growify | MOF & BOF | Sale | India +intl,25.07,0.0,1,31,0.0
2026-06-05,Facebook,Growify | MOF & BOF | Sale | India +intl,69.75,0.0,2,57,0.0
2026-06-05,Facebook,Growify | MOF & BOF | Sale | India +intl,445.38,0.0,31,350,0.0
2026-06-05,Facebook,Growify | MOF & BOF | Sale | India +intl,19.28,0.0,0,18,0.0
2026-06-05,Facebook,Growify | MOF & BOF | Sale | India +intl,44.06,0.0,1,25,0.0
2026-06-05,Facebook,Growify | MOF & BOF | Sale | India +intl,154.9,0.0,10,119,0.0
2026-06-05,Facebook,Growify | MOF & BOF | Sale | India +intl,2.35,0.0,0,8,0.0
2026-06-05,Facebook,Growify | MOF & BOF | Sale | India +intl,719.26,0.0,48,716,0.0
2026-06-05,Facebook,Growify | MOF & BOF | Sale | India +intl,47.03,0.0,2,13,0.0
2026-06-05,Facebook,Growify | MOF & BOF | Sale | India +intl,35.38,0.0,0,17,0.0
2026-06-05,Facebook,Growify | MOF & BOF | Sale | India +intl,528.6,0.0,11,451,0.0
2026-06-05,Facebook,Growify | MOF & BOF | Sale | India +intl,635.36,0.0,13,508,0.0
2026-06-05,Facebook,Growify | MOF & BOF | Sale | India +intl,1565.37,0.0,79,1560,0.0
2026-06-05,Facebook,Growify | MOF & BOF | Sale | India +intl,8.65,0.0,0,12,0.0
2026-06-05,Facebook,Growify | MOF & BOF | Sale | India +intl,50.75,0.0,2,16,0.0
2026-06-05,Facebook,Growify | MOF & BOF | Sale | India +intl,216.13,0.0,7,89,0.0
2026-06-05,Facebook,Growify | MOF & BOF | Sale | India +intl,102.22,0.0,5,75,0.0
2026-06-05,Facebook,Growify | MOF & BOF | Sale | India +intl,23.9,0.0,0,27,0.0
2026-06-05,Facebook,Growify | MOF & BOF | Sale | India +intl,86.37,0.0,7,82,0.0
2026-06-05,Facebook,Growify | MOF & BOF | Sale | India +intl,961.45,0.0,64,595,0.0
2026-06-05,Facebook,Growify | MOF & BOF | Sale | India +intl,20.54,0.0,0,13,0.0
2026-06-05,Facebook,Growify | MOF & BOF | Sale | India +intl,100.38,0.0,1,55,0.0
2026-06-05,Facebook,Growify | MOF & BOF | Sale | India +intl,368.16,0.0,7,217,0.0
2026-06-05,Facebook,Growify | MOF & BOF | Sale | India +intl,38.34,0.0,1,28,0.0
2026-06-05,Facebook,Growify | MOF & BOF | Sale | India +intl,48.01,0.0,0,27,0.0
2026-06-05,Facebook,Growify | MOF & BOF | Sale | India +intl,79.37,0.0,4,79,0.0
2026-06-05,Facebook,Growify | MOF & BOF | Sale | India +intl,13.65,0.0,0,8,0.0
2026-06-05,Facebook,Growify | MOF & BOF | Sale | India +intl,24.56,0.0,1,17,0.0
2026-06-05,Facebook,Growify | MOF & BOF | Sale | India +intl,207.31,0.0,3,91,0.0
2026-06-05,Facebook,Growify | MOF & BOF | Sale | India +intl,1215.83,0.0,36,435,0.0
2026-06-05,Facebook,Growify | MOF & BOF | Sale | India +intl,24.81,0.0,0,5,0.0
2026-06-05,Facebook,Growify | MOF & BOF | Sale | India +intl,189.03,0.0,1,80,0.0
2026-06-05,Facebook,Growify | MOF & BOF | Sale | India +intl,252.07,0.0,3,78,0.0
2026-06-05,Facebook,Growify | MOF & BOF | Sale | India +intl,18.23,0.0,0,14,0.0
2026-06-05,Facebook,Growify | MOF & BOF | Sale | India +intl,56.3,0.0,0,23,0.0
2026-06-05,Facebook,Growify | MOF & BOF | Sale | India +intl,778.39,0.0,29,372,0.0
2026-06-05,Facebook,Growify | MOF & BOF | Sale | India +intl,173.82,0.0,2,98,0.0
2026-06-05,Facebook,Growify | MOF & BOF | Sale | India +intl,194.18,0.0,3,109,0.0
2026-06-05,Facebook,Growify | MOF & BOF | Sale | India +intl,349.18,0.0,199,1808,0.0
2026-06-05,Facebook,Growify | MOF & BOF | Sale | India +intl,1387.78,12870.0,410,4399,1.0
2026-06-05,Facebook,Growify | MOF & BOF | Sale | India +intl,452.16,0.0,139,1569,0.0
2026-06-05,Facebook,Growify | TOF | Sale | India,0.0,0.0,0,0,0.0
2026-06-05,Facebook,Growify | TOF | Sale | India,14.13,0.0,1,27,0.0
2026-06-05,Facebook,Growify | TOF | Sale | India,711.14,0.0,64,1815,0.0
2026-06-05,Facebook,Growify | TOF | Sale | India,0.47,0.0,1,5,0.0
2026-06-05,Facebook,Growify | TOF | Sale | US,1009.72,0.0,48,777,0.0
2026-06-05,Facebook,Growify | TOF | Sale | US,411.59,0.0,18,236,0.0
2026-06-05,Facebook,Growify | TOF | Sale | US,1401.81,0.0,35,626,0.0
2026-06-05,Facebook,Growify | TOF | Sale | US,6.3,0.0,0,6,0.0
2026-06-05,Facebook,Growify | TOF | Sale | US,19.1,0.0,0,14,0.0
2026-06-05,Facebook,Growify | TOF | Sale | US,16.129999,0.0,0,3,0.0
2026-06-05,Facebook,Growify | TOF | Sales | India | Open,1635.8,22770.0,547,6526,3.0
2026-06-05,Facebook,Growify | TOF | Sales | United Kingdom | EOSS,0.0,0.0,0,0,0.0
2026-06-05,Facebook,Growify | TOF | Sales | United Kingdom | EOSS,224.02,0.0,7,121,0.0
2026-06-05,Facebook,Growify | TOF | Sales | United Kingdom | EOSS,498.88,0.0,11,287,0.0
2026-06-05,Facebook,Growify | TOF | Sales | United Kingdom | EOSS,553.92,0.0,11,321,0.0
2026-06-05,Facebook,Growify | TOF | Sales | United Kingdom | EOSS,605.07,0.0,16,452,0.0
2026-06-06,Facebook,Conv | Tof | Multi Category | Ind | Direct | Growify |,329.64,0.0,68,475,0.0
2026-06-06,Facebook,Conv | Tof | Multi Category | Ind | Direct | Growify |,1418.03,4620.0,1148,7895,1.0
2026-06-06,Facebook,Conv | Tof | Multi Category | Ind | Direct | Growify |,0.0,0.0,0,0,0.0
2026-06-06,Facebook,Conv | Tof | Multi Category | Ind | Direct | Growify |,18.45,0.0,4,77,0.0
2026-06-06,Facebook,Conv | Tof | Multi Category | Ind | Direct | Growify |,69.76,0.0,8,142,0.0
2026-06-06,Facebook,Conv | Tof | Multi Category | Ind | Direct | Growify |,121.07,0.0,14,283,0.0
2026-06-06,Facebook,Conv | Tof | Multi Category | Ind | Direct | Growify |,579.15,0.0,49,892,0.0
2026-06-06,Facebook,Conv | Tof | Multi Category | Ind | Direct | Growify |,854.34,5610.0,231,1924,1.0
2026-06-06,Facebook,Conv | Tof | Multi Category | Ind | Direct | Growify |,153.92,0.0,37,313,0.0
2026-06-06,Facebook,Conv | Tof | Multi Category | Ind | Direct | Growify |,209.5,0.0,37,496,0.0
2026-06-06,Facebook,Conv | Tof | Multicategory | CA | Direct | Growify,94.14,0.0,9,67,0.0
2026-06-06,Facebook,Conv | Tof | Multicategory | CA | Direct | Growify,317.97,0.0,26,275,0.0
2026-06-06,Facebook,Conv | Tof | Multicategory | CA | Direct | Growify,1.16,0.0,0,2,0.0
2026-06-06,Facebook,Conv | Tof | Multicategory | CA | Direct | Growify,100.15,0.0,7,89,0.0
2026-06-06,Facebook,Conv | Tof | Multicategory | CA | Direct | Growify,733.72,0.0,26,454,0.0
2026-06-06,Facebook,Conv | Tof | Multicategory | CA | Direct | Growify,4.0,0.0,0,6,0.0
2026-06-06,Facebook,Conv | Tof | Multicategory | CA | Direct | Growify,1499.04,0.0,74,1120,0.0
2026-06-06,Facebook,Conv | Tof | Multicategory | CA | Direct | Growify,0.0,0.0,0,0,0.0
2026-06-06,Facebook,Conv | Tof | Multicategory | CA | Direct | Growify,0.0,0.0,0,0,0.0
2026-06-06,Facebook,Conv | Tof | Multicategory | CA | Direct | Growify,14.61,0.0,0,18,0.0
2026-06-06,Facebook,Conv | Tof | Multicategory | CA | Direct | Growify,0.0,0.0,0,0,0.0
2026-06-06,Facebook,Conv | Tof | Multicategory | CA | Direct | Growify,0.0,0.0,0,0,0.0
2026-06-06,Facebook,Conv | Tof | Multicategory | CA | Direct | Growify,990.56,0.0,43,933,0.0
2026-06-06,Facebook,Conv | Tof | Multicategory | CA | Direct | Growify,21.57,0.0,0,18,0.0
2026-06-06,Facebook,Conv | Tof | Multicategory | INT | Direct | Growify,65.15,0.0,0,46,0.0
2026-06-06,Facebook,Conv | Tof | Multicategory | INT | Direct | Growify,958.39,0.0,38,785,0.0
2026-06-06,Facebook,Conv | Tof | Multicategory | INT | Direct | Growify,145.1,0.0,11,70,0.0
2026-06-06,Facebook,Conv | Tof | Multicategory | INT | Direct | Growify,1008.28,0.0,19,227,0.0
2026-06-06,Facebook,Conv | Tof | Multicategory | INT | Direct | Growify,11.79,0.0,0,5,0.0
2026-06-06,Facebook,Conv | Tof | Multicategory | INT | Direct | Growify,178.97,0.0,1,53,0.0
2026-06-06,Facebook,Conv | Tof | Multicategory | US | Direct | Growify,0.0,0.0,0,0,0.0
2026-06-06,Facebook,Conv | Tof | Multicategory | US | Direct | Growify,1867.87,0.0,95,659,0.0
2026-06-06,Facebook,Conv | Tof | Multicategory | US | Direct | Growify,0.0,0.0,0,0,0.0
2026-06-06,Facebook,Conv | Tof | Multicategory | US | Direct | Growify,0.0,0.0,0,0,0.0
2026-06-06,Facebook,Conv | Tof | Multicategory | US | Direct | Growify,0.47,0.0,0,1,0.0
2026-06-06,Facebook,Conv | Tof | Multicategory | US | Direct | Growify,0.0,0.0,0,0,0.0
2026-06-06,Facebook,Conv | Tof | Multicategory | US | Direct | Growify,83.15,0.0,1,21,0.0
2026-06-06,Facebook,Conv | Tof | Multicategory | US | Direct | Growify,286.55,0.0,7,76,0.0
2026-06-06,Facebook,Conv | Tof | Multicategory | US | Direct | Growify,472.86,0.0,11,176,0.0
2026-06-06,Facebook,Growify | MOF & BOF | Sale | India +intl,19.84,0.0,3,50,0.0
2026-06-06,Facebook,Growify | MOF & BOF | Sale | India +intl,29.9,0.0,1,56,0.0
2026-06-06,Facebook,Growify | MOF & BOF | Sale | India +intl,201.49,6600.0,4,395,1.0
2026-06-06,Facebook,Growify | MOF & BOF | Sale | India +intl,798.64,3960.0,64,1584,1.0
2026-06-06,Facebook,Growify | MOF & BOF | Sale | India +intl,81.31,0.0,11,764,0.0
2026-06-06,Facebook,Growify | MOF & BOF | Sale | India +intl,208.51,0.0,53,2402,0.0
2026-06-06,Facebook,Growify | MOF & BOF | Sale | India +intl,981.39,0.0,264,12624,0.0
2026-06-06,Facebook,Growify | MOF & BOF | Sale | India +intl,0.0,0.0,0,0,0.0
2026-06-06,Facebook,Growify | MOF & BOF | Sale | India +intl,106.31,0.0,24,514,0.0
2026-06-06,Facebook,Growify | MOF & BOF | Sale | India +intl,14.4,0.0,2,19,0.0
2026-06-06,Facebook,Growify | MOF & BOF | Sale | India +intl,156.05,0.0,4,131,0.0
2026-06-06,Facebook,Growify | MOF & BOF | Sale | India +intl,654.95,0.0,35,618,0.0
2026-06-06,Facebook,Growify | MOF & BOF | Sale | India +intl,42.19,0.0,6,32,0.0
2026-06-06,Facebook,Growify | MOF & BOF | Sale | India +intl,100.83,0.0,6,134,0.0
2026-06-06,Facebook,Growify | MOF & BOF | Sale | India +intl,309.48,0.0,20,306,0.0
2026-06-06,Facebook,Growify | MOF & BOF | Sale | India +intl,299.28,0.0,11,373,0.0
2026-06-06,Facebook,Growify | MOF & BOF | Sale | India +intl,443.35,0.0,19,476,0.0
2026-06-06,Facebook,Growify | MOF & BOF | Sale | India +intl,540.37,0.0,30,688,0.0
2026-06-06,Facebook,Growify | MOF & BOF | Sale | India +intl,876.38,0.0,20,956,0.0
2026-06-06,Facebook,Growify | MOF & BOF | Sale | India +intl,1320.08,38470.0,46,1052,1.0
2026-06-06,Facebook,Growify | MOF & BOF | Sale | India +intl,25.42,0.0,1,25,0.0
2026-06-06,Facebook,Growify | MOF & BOF | Sale | India +intl,12.74,0.0,1,12,0.0
2026-06-06,Facebook,Growify | MOF & BOF | Sale | India +intl,97.63,0.0,1,45,0.0
2026-06-06,Facebook,Growify | MOF & BOF | Sale | India +intl,427.4,0.0,25,291,0.0
2026-06-06,Facebook,Growify | MOF & BOF | Sale | India +intl,336.59,0.0,7,177,0.0
2026-06-06,Facebook,Growify | MOF & BOF | Sale | India +intl,37.79,0.0,2,22,0.0
2026-06-06,Facebook,Growify | MOF & BOF | Sale | India +intl,47.44,0.0,1,13,0.0
2026-06-06,Facebook,Growify | MOF & BOF | Sale | India +intl,619.41,0.0,38,367,0.0
2026-06-06,Facebook,Growify | MOF & BOF | Sale | India +intl,15.01,0.0,0,1,0.0
2026-06-06,Facebook,Growify | MOF & BOF | Sale | India +intl,20.95,0.0,1,11,0.0
2026-06-06,Facebook,Growify | MOF & BOF | Sale | India +intl,314.25,0.0,12,216,0.0
2026-06-06,Facebook,Growify | MOF & BOF | Sale | India +intl,36.54,0.0,3,21,0.0
2026-06-06,Facebook,Growify | MOF & BOF | Sale | India +intl,276.42,0.0,12,183,0.0
2026-06-06,Facebook,Growify | MOF & BOF | Sale | India +intl,671.79,0.0,49,561,0.0
2026-06-06,Facebook,Growify | MOF & BOF | Sale | India +intl,54.11,0.0,3,48,0.0
2026-06-06,Facebook,Growify | MOF & BOF | Sale | India +intl,127.72,0.0,1,66,0.0
2026-06-06,Facebook,Growify | MOF & BOF | Sale | India +intl,184.07,0.0,8,144,0.0
2026-06-06,Facebook,Growify | MOF & BOF | Sale | India +intl,0.0,0.0,0,0,0.0
2026-06-06,Facebook,Growify | MOF & BOF | Sale | India +intl,53.9,0.0,0,10,0.0
2026-06-06,Facebook,Growify | MOF & BOF | Sale | India +intl,481.13,0.0,9,198,0.0
2026-06-06,Facebook,Growify | MOF & BOF | Sale | India +intl,153.91,0.0,6,95,0.0
2026-06-06,Facebook,Growify | MOF & BOF | Sale | India +intl,481.29,0.0,16,325,0.0
2026-06-06,Facebook,Growify | MOF & BOF | Sale | India +intl,631.33,0.0,26,346,0.0
2026-06-06,Facebook,Growify | MOF & BOF | Sale | India +intl,0.0,0.0,0,0,0.0
2026-06-06,Facebook,Growify | MOF & BOF | Sale | India +intl,817.39,0.0,23,401,0.0
2026-06-06,Facebook,Growify | MOF & BOF | Sale | India +intl,442.26,0.0,131,1348,0.0
2026-06-06,Facebook,Growify | MOF & BOF | Sale | India +intl,0.0,0.0,0,0,0.0
2026-06-06,Facebook,Growify | MOF & BOF | Sale | India +intl,1675.66,12870.0,661,7630,1.0
2026-06-06,Facebook,Growify | TOF | Sale | India,163.64,0.0,12,433,0.0
2026-06-06,Facebook,Growify | TOF | Sale | India,14.35,0.0,0,18,0.0
2026-06-06,Facebook,Growify | TOF | Sale | US,892.1,0.0,52,989,0.0
2026-06-06,Facebook,Growify | TOF | Sale | US,197.8,0.0,13,141,0.0
2026-06-06,Facebook,Growify | TOF | Sale | US,1702.88,0.0,56,651,0.0
2026-06-06,Facebook,Growify | TOF | Sale | US,12.91,0.0,4,20,0.0
2026-06-06,Facebook,Growify | TOF | Sale | US,10.44,0.0,1,10,0.0
2026-06-06,Facebook,Growify | TOF | Sale | US,14.61,0.0,4,8,0.0
2026-06-06,Facebook,Growify | TOF | Sales | India | Open,1501.68,0.0,619,6941,0.0
2026-06-06,Facebook,Growify | TOF | Sales | United Kingdom | EOSS,224.2,0.0,5,126,0.0
2026-06-06,Facebook,Growify | TOF | Sales | United Kingdom | EOSS,298.88,0.0,7,146,0.0
2026-06-06,Facebook,Growify | TOF | Sales | United Kingdom | EOSS,713.95,0.0,23,387,0.0
2026-06-06,Facebook,Growify | TOF | Sales | United Kingdom | EOSS,1234.16,0.0,42,961,0.0
2026-06-07,Facebook,Conv | Tof | Multi Category | Ind | Direct | Growify |,332.39,0.0,69,632,0.0
2026-06-07,Facebook,Conv | Tof | Multi Category | Ind | Direct | Growify |,1707.48,0.0,1383,10717,0.0
2026-06-07,Facebook,Conv | Tof | Multi Category | Ind | Direct | Growify |,809.07,0.0,85,1349,0.0
2026-06-07,Facebook,Conv | Tof | Multi Category | Ind | Direct | Growify |,1522.09,0.0,411,4134,0.0
2026-06-07,Facebook,Conv | Tof | Multi Category | Ind | Direct | Growify |,0.0,0.0,0,0,0.0
2026-06-07,Facebook,Conv | Tof | Multi Category | Ind | Direct | Growify |,1.2,0.0,0,1,0.0
2026-06-07,Facebook,Conv | Tof | Multi Category | Ind | Direct | Growify |,0.0,0.0,0,0,0.0
2026-06-07,Facebook,Conv | Tof | Multicategory | CA | Direct | Growify,0.0,0.0,0,0,0.0
2026-06-07,Facebook,Conv | Tof | Multicategory | CA | Direct | Growify,0.0,0.0,0,0,0.0
2026-06-07,Facebook,Conv | Tof | Multicategory | CA | Direct | Growify,169.4,0.0,7,172,0.0
2026-06-07,Facebook,Conv | Tof | Multicategory | CA | Direct | Growify,1184.43,0.0,51,938,0.0
2026-06-07,Facebook,Conv | Tof | Multicategory | CA | Direct | Growify,0.82,0.0,0,1,0.0
2026-06-07,Facebook,Conv | Tof | Multicategory | CA | Direct | Growify,10.94,0.0,0,10,0.0
2026-06-07,Facebook,Conv | Tof | Multicategory | CA | Direct | Growify,1795.23,16170.0,113,1130,2.0
2026-06-07,Facebook,Conv | Tof | Multicategory | CA | Direct | Growify,0.0,0.0,0,0,0.0
2026-06-07,Facebook,Conv | Tof | Multicategory | CA | Direct | Growify,0.69,0.0,0,1,0.0
2026-06-07,Facebook,Conv | Tof | Multicategory | CA | Direct | Growify,100.81,0.0,13,60,0.0
2026-06-07,Facebook,Conv | Tof | Multicategory | CA | Direct | Growify,0.0,0.0,0,0,0.0
2026-06-07,Facebook,Conv | Tof | Multicategory | CA | Direct | Growify,0.0,0.0,0,0,0.0
2026-06-07,Facebook,Conv | Tof | Multicategory | CA | Direct | Growify,135.74,0.0,5,130,0.0
2026-06-07,Facebook,Conv | Tof | Multicategory | CA | Direct | Growify,895.75,0.0,29,875,0.0
2026-06-07,Facebook,Conv | Tof | Multicategory | CA | Direct | Growify,10.91,0.0,0,13,0.0
2026-06-07,Facebook,Conv | Tof | Multicategory | INT | Direct | Growify,22.46,0.0,1,18,0.0
2026-06-07,Facebook,Conv | Tof | Multicategory | INT | Direct | Growify,1105.0,0.0,58,737,0.0
2026-06-07,Facebook,Conv | Tof | Multicategory | INT | Direct | Growify,284.18,0.0,9,122,0.0
2026-06-07,Facebook,Conv | Tof | Multicategory | INT | Direct | Growify,1032.4,0.0,18,316,0.0
2026-06-07,Facebook,Conv | Tof | Multicategory | INT | Direct | Growify,25.39,0.0,1,11,0.0
2026-06-07,Facebook,Conv | Tof | Multicategory | INT | Direct | Growify,46.19,0.0,0,17,0.0
2026-06-07,Facebook,Conv | Tof | Multicategory | US | Direct | Growify,2021.09,0.0,93,676,0.0
2026-06-07,Facebook,Conv | Tof | Multicategory | US | Direct | Growify,11.71,0.0,0,3,0.0
2026-06-07,Facebook,Conv | Tof | Multicategory | US | Direct | Growify,26.61,0.0,0,7,0.0
2026-06-07,Facebook,Conv | Tof | Multicategory | US | Direct | Growify,454.36,0.0,25,160,0.0
2026-06-07,Facebook,Conv | Tof | Multicategory | US | Direct | Growify,197.55,0.0,21,63,0.0
2026-06-07,Facebook,Conv | Tof | Multicategory | US | Direct | Growify,1049.74,0.0,39,388,0.0
2026-06-07,Facebook,Growify | MOF & BOF | Sale | India +intl,0.0,0.0,0,0,0.0
2026-06-07,Facebook,Growify | MOF & BOF | Sale | India +intl,117.46,0.0,5,309,0.0
2026-06-07,Facebook,Growify | MOF & BOF | Sale | India +intl,956.34,0.0,82,2291,0.0
2026-06-07,Facebook,Growify | MOF & BOF | Sale | India +intl,1.17,0.0,1,12,0.0
2026-06-07,Facebook,Growify | MOF & BOF | Sale | India +intl,273.89,0.0,79,4368,0.0
2026-06-07,Facebook,Growify | MOF & BOF | Sale | India +intl,1101.5,0.0,212,11861,0.0
2026-06-07,Facebook,Growify | MOF & BOF | Sale | India +intl,0.0,0.0,0,0,0.0
2026-06-07,Facebook,Growify | MOF & BOF | Sale | India +intl,475.26,9570.0,65,1707,1.0
2026-06-07,Facebook,Growify | MOF & BOF | Sale | India +intl,188.45,0.0,13,159,0.0
2026-06-07,Facebook,Growify | MOF & BOF | Sale | India +intl,717.44,0.0,44,749,0.0
2026-06-07,Facebook,Growify | MOF & BOF | Sale | India +intl,177.69,0.0,23,160,0.0
2026-06-07,Facebook,Growify | MOF & BOF | Sale | India +intl,306.01,0.0,35,494,0.0
2026-06-07,Facebook,Growify | MOF & BOF | Sale | India +intl,60.93,0.0,2,112,0.0
2026-06-07,Facebook,Growify | MOF & BOF | Sale | India +intl,450.85,0.0,12,521,0.0
2026-06-07,Facebook,Growify | MOF & BOF | Sale | India +intl,1153.55,0.0,69,1318,0.0
2026-06-07,Facebook,Growify | MOF & BOF | Sale | India +intl,137.32,0.0,7,109,0.0
2026-06-07,Facebook,Growify | MOF & BOF | Sale | India +intl,129.199999,0.0,2,73,0.0
2026-06-07,Facebook,Growify | MOF & BOF | Sale | India +intl,462.47,0.0,9,514,0.0
2026-06-07,Facebook,Growify | MOF & BOF | Sale | India +intl,1204.09,0.0,34,1013,0.0
2026-06-07,Facebook,Growify | MOF & BOF | Sale | India +intl,155.86,0.0,2,239,0.0
2026-06-07,Facebook,Growify | MOF & BOF | Sale | India +intl,140.26,0.0,3,110,0.0
2026-06-07,Facebook,Growify | MOF & BOF | Sale | India +intl,13.23,0.0,1,10,0.0
2026-06-07,Facebook,Growify | MOF & BOF | Sale | India +intl,264.93,0.0,13,181,0.0
2026-06-07,Facebook,Growify | MOF & BOF | Sale | India +intl,158.07,0.0,5,82,0.0
2026-06-07,Facebook,Growify | MOF & BOF | Sale | India +intl,21.43,0.0,2,21,0.0
2026-06-07,Facebook,Growify | MOF & BOF | Sale | India +intl,68.67,0.0,1,13,0.0
2026-06-07,Facebook,Growify | MOF & BOF | Sale | India +intl,309.59,0.0,18,206,0.0
2026-06-07,Facebook,Growify | MOF & BOF | Sale | India +intl,32.86,0.0,1,19,0.0
2026-06-07,Facebook,Growify | MOF & BOF | Sale | India +intl,142.91,0.0,3,71,0.0
2026-06-07,Facebook,Growify | MOF & BOF | Sale | India +intl,35.12,0.0,2,21,0.0
2026-06-07,Facebook,Growify | MOF & BOF | Sale | India +intl,323.26,0.0,17,288,0.0
2026-06-07,Facebook,Growify | MOF & BOF | Sale | India +intl,402.48,0.0,33,415,0.0
2026-06-07,Facebook,Growify | MOF & BOF | Sale | India +intl,1.37,0.0,0,2,0.0
2026-06-07,Facebook,Growify | MOF & BOF | Sale | India +intl,4.46,0.0,0,7,0.0
2026-06-07,Facebook,Growify | MOF & BOF | Sale | India +intl,213.77,57750.0,5,148,1.0
2026-06-07,Facebook,Growify | MOF & BOF | Sale | India +intl,0.0,0.0,0,0,0.0
2026-06-07,Facebook,Growify | MOF & BOF | Sale | India +intl,931.05,0.0,19,314,0.0
2026-06-07,Facebook,Growify | MOF & BOF | Sale | India +intl,94.77,0.0,4,81,0.0
2026-06-07,Facebook,Growify | MOF & BOF | Sale | India +intl,1515.33,0.0,58,850,0.0
2026-06-07,Facebook,Growify | MOF & BOF | Sale | India +intl,188.55,0.0,4,58,0.0
2026-06-07,Facebook,Growify | MOF & BOF | Sale | India +intl,555.28,0.0,15,263,0.0
2026-06-07,Facebook,Growify | MOF & BOF | Sale | India +intl,315.21,0.0,107,1075,0.0
2026-06-07,Facebook,Growify | MOF & BOF | Sale | India +intl,200.22,0.0,100,889,0.0
2026-06-07,Facebook,Growify | MOF & BOF | Sale | India +intl,1698.4,0.0,811,9274,0.0
2026-06-07,Facebook,Growify | TOF | Sale | India,14.45,0.0,1,26,0.0
2026-06-07,Facebook,Growify | TOF | Sale | India,158.0,0.0,16,397,0.0
2026-06-07,Facebook,Growify | TOF | Sale | India,53.37,0.0,5,134,0.0
2026-06-07,Facebook,Growify | TOF | Sale | US,643.82,33850.0,52,713,1.0
2026-06-07,Facebook,Growify | TOF | Sale | US,370.33,0.0,14,195,0.0
2026-06-07,Facebook,Growify | TOF | Sale | US,1729.71,0.0,54,587,0.0
2026-06-07,Facebook,Growify | TOF | Sale | US,14.8,0.0,0,7,0.0
2026-06-07,Facebook,Growify | TOF | Sale | US,1.56,0.0,0,1,0.0
2026-06-07,Facebook,Growify | TOF | Sale | US,25.07,0.0,0,7,0.0
2026-06-07,Facebook,Growify | TOF | Sales | India | Open,1688.21,0.0,776,8772,0.0
2026-06-07,Facebook,Growify | TOF | Sales | United Kingdom | EOSS,1412.91,0.0,33,673,0.0
2026-06-07,Facebook,Growify | TOF | Sales | United Kingdom | EOSS,1504.8,0.0,65,1180,0.0
2026-06-08,Facebook,Conv | Tof | Multi Category | Ind | Direct | Growify |,265.529999,0.0,76,719,0.0
2026-06-08,Facebook,Conv | Tof | Multi Category | Ind | Direct | Growify |,1395.99,20455.38,1355,11361,1.0
2026-06-08,Facebook,Conv | Tof | Multi Category | Ind | Direct | Growify |,3.56,0.0,1,10,0.0
2026-06-08,Facebook,Conv | Tof | Multi Category | Ind | Direct | Growify |,21.3,0.0,0,38,0.0
2026-06-08,Facebook,Conv | Tof | Multi Category | Ind | Direct | Growify |,933.47,0.0,136,1977,0.0
2026-06-08,Facebook,Conv | Tof | Multi Category | Ind | Direct | Growify |,1442.64,0.0,713,5664,0.0
2026-06-08,Facebook,Conv | Tof | Multi Category | Ind | Direct | Growify |,2.35,0.0,0,7,0.0
2026-06-08,Facebook,Conv | Tof | Multi Category | Ind | Direct | Growify |,3.1,0.0,0,8,0.0
2026-06-08,Facebook,Conv | Tof | Multicategory | CA | Direct | Growify,87.33,0.0,4,78,0.0
2026-06-08,Facebook,Conv | Tof | Multicategory | CA | Direct | Growify,116.96,0.0,8,92,0.0
2026-06-08,Facebook,Conv | Tof | Multicategory | CA | Direct | Growify,1.02,0.0,0,2,0.0
2026-06-08,Facebook,Conv | Tof | Multicategory | CA | Direct | Growify,45.99,0.0,0,4,0.0
2026-06-08,Facebook,Conv | Tof | Multicategory | CA | Direct | Growify,0.0,0.0,0,0,0.0
2026-06-08,Facebook,Conv | Tof | Multicategory | CA | Direct | Growify,1029.819999,0.0,30,819,0.0
2026-06-08,Facebook,Conv | Tof | Multicategory | CA | Direct | Growify,7.66,0.0,0,9,0.0
2026-06-08,Facebook,Conv | Tof | Multicategory | CA | Direct | Growify,1256.67,0.0,108,943,0.0
2026-06-08,Facebook,Conv | Tof | Multicategory | CA | Direct | Growify,0.0,0.0,0,0,0.0
2026-06-08,Facebook,Conv | Tof | Multicategory | CA | Direct | Growify,61.04,0.0,2,43,0.0
2026-06-08,Facebook,Conv | Tof | Multicategory | CA | Direct | Growify,319.28,0.0,27,216,0.0
2026-06-08,Facebook,Conv | Tof | Multicategory | CA | Direct | Growify,2.76,0.0,0,3,0.0
2026-06-08,Facebook,Conv | Tof | Multicategory | CA | Direct | Growify,1099.69,0.0,54,1071,0.0
2026-06-08,Facebook,Conv | Tof | Multicategory | CA | Direct | Growify,0.39,0.0,0,1,0.0
2026-06-08,Facebook,Conv | Tof | Multicategory | CA | Direct | Growify,14.09,0.0,0,14,0.0
2026-06-08,Facebook,Conv | Tof | Multicategory | INT | Direct | Growify,67.73,0.0,3,55,0.0
2026-06-08,Facebook,Conv | Tof | Multicategory | INT | Direct | Growify,316.37,0.0,15,221,0.0
2026-06-08,Facebook,Conv | Tof | Multicategory | INT | Direct | Growify,759.79,0.0,61,677,0.0
2026-06-08,Facebook,Conv | Tof | Multicategory | INT | Direct | Growify,284.06,0.0,18,144,0.0
2026-06-08,Facebook,Conv | Tof | Multicategory | INT | Direct | Growify,1072.03,0.0,25,408,0.0
2026-06-08,Facebook,Conv | Tof | Multicategory | US | Direct | Growify,2070.29,0.0,61,660,0.0
2026-06-08,Facebook,Conv | Tof | Multicategory | US | Direct | Growify,0.0,0.0,0,0,0.0
2026-06-08,Facebook,Conv | Tof | Multicategory | US | Direct | Growify,32.259999,0.0,0,7,0.0
2026-06-08,Facebook,Conv | Tof | Multicategory | US | Direct | Growify,76.9,0.0,9,30,0.0
2026-06-08,Facebook,Conv | Tof | Multicategory | US | Direct | Growify,25.32,0.0,0,19,0.0
2026-06-08,Facebook,Conv | Tof | Multicategory | US | Direct | Growify,190.88,0.0,10,64,0.0
2026-06-08,Facebook,Conv | Tof | Multicategory | US | Direct | Growify,1272.02,0.0,54,413,0.0
2026-06-08,Facebook,Growify | MOF & BOF | Sale | India +intl,2.77,0.0,0,10,0.0
2026-06-08,Facebook,Growify | MOF & BOF | Sale | India +intl,29.58,0.0,3,27,0.0
2026-06-08,Facebook,Growify | MOF & BOF | Sale | India +intl,65.67,0.0,5,196,0.0
2026-06-08,Facebook,Growify | MOF & BOF | Sale | India +intl,1148.91,0.0,108,3277,0.0
2026-06-08,Facebook,Growify | MOF & BOF | Sale | India +intl,3.74,0.0,0,62,0.0
2026-06-08,Facebook,Growify | MOF & BOF | Sale | India +intl,563.83,0.0,96,5224,0.0
2026-06-08,Facebook,Growify | MOF & BOF | Sale | India +intl,8.74,0.0,3,48,0.0
2026-06-08,Facebook,Growify | MOF & BOF | Sale | India +intl,70.22,0.0,13,260,0.0
2026-06-08,Facebook,Growify | MOF & BOF | Sale | India +intl,14.76,0.0,3,15,0.0
2026-06-08,Facebook,Growify | MOF & BOF | Sale | India +intl,405.0,0.0,22,476,0.0
2026-06-08,Facebook,Growify | MOF & BOF | Sale | India +intl,78.8,0.0,11,131,0.0
2026-06-08,Facebook,Growify | MOF & BOF | Sale | India +intl,56.94,0.0,4,82,0.0
2026-06-08,Facebook,Growify | MOF & BOF | Sale | India +intl,123.62,0.0,6,230,0.0
2026-06-08,Facebook,Growify | MOF & BOF | Sale | India +intl,257.66,0.0,5,314,0.0
2026-06-08,Facebook,Growify | MOF & BOF | Sale | India +intl,0.95,0.0,0,2,0.0
2026-06-08,Facebook,Growify | MOF & BOF | Sale | India +intl,51.76,0.0,1,70,0.0
2026-06-08,Facebook,Growify | MOF & BOF | Sale | India +intl,1697.14,0.0,61,1775,0.0
2026-06-08,Facebook,Growify | MOF & BOF | Sale | India +intl,11.23,0.0,0,6,0.0
2026-06-08,Facebook,Growify | MOF & BOF | Sale | India +intl,24.55,0.0,0,20,0.0
2026-06-08,Facebook,Growify | MOF & BOF | Sale | India +intl,329.08,127900.0,15,293,1.0
2026-06-08,Facebook,Growify | MOF & BOF | Sale | India +intl,363.4,0.0,9,223,0.0
2026-06-08,Facebook,Growify | MOF & BOF | Sale | India +intl,43.19,0.0,4,37,0.0
2026-06-08,Facebook,Growify | MOF & BOF | Sale | India +intl,418.93,0.0,24,346,0.0
2026-06-08,Facebook,Growify | MOF & BOF | Sale | India +intl,9.92,0.0,0,13,0.0
2026-06-08,Facebook,Growify | MOF & BOF | Sale | India +intl,368.42,0.0,14,226,0.0
2026-06-08,Facebook,Growify | MOF & BOF | Sale | India +intl,0.0,0.0,0,0,0.0
2026-06-08,Facebook,Growify | MOF & BOF | Sale | India +intl,12.79,0.0,0,8,0.0
2026-06-08,Facebook,Growify | MOF & BOF | Sale | India +intl,66.33,0.0,9,85,0.0
2026-06-08,Facebook,Growify | MOF & BOF | Sale | India +intl,10.53,0.0,0,8,0.0
2026-06-08,Facebook,Growify | MOF & BOF | Sale | India +intl,24.88,0.0,3,19,0.0
2026-06-08,Facebook,Growify | MOF & BOF | Sale | India +intl,180.56,0.0,2,62,0.0
2026-06-08,Facebook,Growify | MOF & BOF | Sale | India +intl,37.82,0.0,0,15,0.0
2026-06-08,Facebook,Growify | MOF & BOF | Sale | India +intl,1065.23,0.0,17,390,0.0
2026-06-08,Facebook,Growify | MOF & BOF | Sale | India +intl,103.07,0.0,5,69,0.0
2026-06-08,Facebook,Growify | MOF & BOF | Sale | India +intl,241.51,0.0,5,149,0.0
2026-06-08,Facebook,Growify | MOF & BOF | Sale | India +intl,0.0,0.0,0,0,0.0
2026-06-08,Facebook,Growify | MOF & BOF | Sale | India +intl,83.94,0.0,2,43,0.0
2026-06-08,Facebook,Growify | MOF & BOF | Sale | India +intl,0.0,0.0,0,0,0.0
2026-06-08,Facebook,Growify | MOF & BOF | Sale | India +intl,0.0,0.0,0,0,0.0
2026-06-08,Facebook,Growify | MOF & BOF | Sale | India +intl,2195.74,74990.0,1612,20340,2.0
2026-06-08,Facebook,Growify | TOF | Sale | India,177.57,0.0,15,271,0.0
2026-06-08,Facebook,Growify | TOF | Sale | US,442.031193,0.0,19,518,0.0
2026-06-08,Facebook,Growify | TOF | Sale | US,214.462061,0.0,21,139,0.0
2026-06-08,Facebook,Growify | TOF | Sale | US,1222.456745,0.0,48,497,0.0
2026-06-08,Facebook,Growify | TOF | Sale | US,22.7,0.0,0,32,0.0
2026-06-08,Facebook,Growify | TOF | Sale | US,9.3,0.0,0,2,0.0
2026-06-08,Facebook,Growify | TOF | Sale | US,56.79,0.0,0,23,0.0
2026-06-08,Facebook,Growify | TOF | Sales | India | Open,1564.26,5610.0,1133,11965,1.0
2026-06-08,Facebook,Growify | TOF | Sales | United Kingdom | EOSS,16.8,0.0,2,15,0.0
2026-06-08,Facebook,Growify | TOF | Sales | United Kingdom | EOSS,35.92,0.0,3,16,0.0
2026-06-08,Facebook,Growify | TOF | Sales | United Kingdom | EOSS,1309.77,0.0,40,763,0.0
2026-06-08,Facebook,Growify | TOF | Sales | United Kingdom | EOSS,1424.54,0.0,49,1112,0.0
2026-06-09,Facebook,Conv | Tof | Multi Category | Ind | Direct | Growify |,482.47,3270.0,236,1501,1.0
2026-06-09,Facebook,Conv | Tof | Multi Category | Ind | Direct | Growify |,2531.64,0.0,4993,30887,0.0
2026-06-09,Facebook,Conv | Tof | Multi Category | Ind | Direct | Growify |,3.65,0.0,1,13,0.0
2026-06-09,Facebook,Conv | Tof | Multi Category | Ind | Direct | Growify |,2002.3,18150.0,353,4569,2.0
2026-06-09,Facebook,Conv | Tof | Multi Category | Ind | Direct | Growify |,2068.73,7590.0,937,8039,1.0
2026-06-09,Facebook,Conv | Tof | Multi Category | Ind | Direct | Growify |,125.44,0.0,44,422,0.0
2026-06-09,Facebook,Conv | Tof | Multi Category | Ind | Direct | Growify |,0.68,0.0,1,16,0.0
2026-06-09,Facebook,Conv | Tof | Multicategory | CA | Direct | Growify,84.39,0.0,4,30,0.0
2026-06-09,Facebook,Conv | Tof | Multicategory | CA | Direct | Growify,55.4,0.0,3,41,0.0
2026-06-09,Facebook,Conv | Tof | Multicategory | CA | Direct | Growify,1532.27,0.0,54,1058,0.0
2026-06-09,Facebook,Conv | Tof | Multicategory | CA | Direct | Growify,0.85,0.0,0,3,0.0
2026-06-09,Facebook,Conv | Tof | Multicategory | CA | Direct | Growify,11.93,0.0,0,9,0.0
2026-06-09,Facebook,Conv | Tof | Multicategory | CA | Direct | Growify,2377.08,0.0,124,1706,0.0
2026-06-09,Facebook,Conv | Tof | Multicategory | CA | Direct | Growify,0.0,0.0,0,0,0.0
2026-06-09,Facebook,Conv | Tof | Multicategory | CA | Direct | Growify,3.23,0.0,0,2,0.0
2026-06-09,Facebook,Conv | Tof | Multicategory | CA | Direct | Growify,169.5,0.0,3,152,0.0
2026-06-09,Facebook,Conv | Tof | Multicategory | CA | Direct | Growify,1349.44,0.0,56,1518,0.0
2026-06-09,Facebook,Conv | Tof | Multicategory | CA | Direct | Growify,2.1,0.0,0,4,0.0
2026-06-09,Facebook,Conv | Tof | Multicategory | CA | Direct | Growify,15.9,0.0,0,22,0.0
2026-06-09,Facebook,Conv | Tof | Multicategory | INT | Direct | Growify,574.11,0.0,11,377,0.0
2026-06-09,Facebook,Conv | Tof | Multicategory | INT | Direct | Growify,1544.16,0.0,84,1239,0.0
2026-06-09,Facebook,Conv | Tof | Multicategory | INT | Direct | Growify,0.0,0.0,0,0,0.0
2026-06-09,Facebook,Conv | Tof | Multicategory | INT | Direct | Growify,283.59,0.0,9,185,0.0
2026-06-09,Facebook,Conv | Tof | Multicategory | INT | Direct | Growify,1787.38,0.0,32,603,0.0
2026-06-09,Facebook,Conv | Tof | Multicategory | INT | Direct | Growify,31.86,0.0,1,9,0.0
2026-06-09,Facebook,Conv | Tof | Multicategory | INT | Direct | Growify,3.42,0.0,0,2,0.0
2026-06-09,Facebook,Conv | Tof | Multicategory | US | Direct | Growify,2549.27,0.0,84,819,0.0
2026-06-09,Facebook,Conv | Tof | Multicategory | US | Direct | Growify,64.79,0.0,14,36,0.0
2026-06-09,Facebook,Conv | Tof | Multicategory | US | Direct | Growify,82.71,0.0,4,18,0.0
2026-06-09,Facebook,Conv | Tof | Multicategory | US | Direct | Growify,77.63,0.0,0,40,0.0
2026-06-09,Facebook,Conv | Tof | Multicategory | US | Direct | Growify,2120.27,0.0,83,733,0.0
2026-06-09,Facebook,Growify | MOF & BOF | Sale | India +intl,102.22,0.0,30,650,0.0
2026-06-09,Facebook,Growify | MOF & BOF | Sale | India +intl,159.38,0.0,25,578,0.0
2026-06-09,Facebook,Growify | MOF & BOF | Sale | India +intl,2071.07,5940.0,240,6111,1.0
2026-06-09,Facebook,Growify | MOF & BOF | Sale | India +intl,0.0,0.0,0,0,0.0
2026-06-09,Facebook,Growify | MOF & BOF | Sale | India +intl,67.15,0.0,14,537,0.0
2026-06-09,Facebook,Growify | MOF & BOF | Sale | India +intl,0.0,0.0,0,0,0.0
2026-06-09,Facebook,Growify | MOF & BOF | Sale | India +intl,956.66,0.0,66,794,0.0
2026-06-09,Facebook,Growify | MOF & BOF | Sale | India +intl,122.57,0.0,2,99,0.0
2026-06-09,Facebook,Growify | MOF & BOF | Sale | India +intl,37.61,0.0,4,55,0.0
2026-06-09,Facebook,Growify | MOF & BOF | Sale | India +intl,1878.22,0.0,83,1741,0.0
2026-06-09,Facebook,Growify | MOF & BOF | Sale | India +intl,99.24,0.0,8,144,0.0
2026-06-09,Facebook,Growify | MOF & BOF | Sale | India +intl,32.45,0.0,1,40,0.0
2026-06-09,Facebook,Growify | MOF & BOF | Sale | India +intl,8.79,0.0,1,8,0.0
2026-06-09,Facebook,Growify | MOF & BOF | Sale | India +intl,972.34,0.0,33,528,0.0
2026-06-09,Facebook,Growify | MOF & BOF | Sale | India +intl,456.64,0.0,12,277,0.0
2026-06-09,Facebook,Growify | MOF & BOF | Sale | India +intl,53.75,0.0,2,58,0.0
2026-06-09,Facebook,Growify | MOF & BOF | Sale | India +intl,859.25,0.0,39,664,0.0
2026-06-09,Facebook,Growify | MOF & BOF | Sale | India +intl,61.78,0.0,0,14,0.0
2026-06-09,Facebook,Growify | MOF & BOF | Sale | India +intl,600.33,0.0,15,345,0.0
2026-06-09,Facebook,Growify | MOF & BOF | Sale | India +intl,198.759153,0.0,16,229,0.0
2026-06-09,Facebook,Growify | MOF & BOF | Sale | India +intl,222.41,0.0,16,289,0.0
2026-06-09,Facebook,Growify | MOF & BOF | Sale | India +intl,17.34,0.0,1,13,0.0
2026-06-09,Facebook,Growify | MOF & BOF | Sale | India +intl,65.320847,0.0,4,74,0.0
2026-06-09,Facebook,Growify | MOF & BOF | Sale | India +intl,0.0,0.0,0,0,0.0
2026-06-09,Facebook,Growify | MOF & BOF | Sale | India +intl,0.4,0.0,0,1,0.0
2026-06-09,Facebook,Growify | MOF & BOF | Sale | India +intl,1282.28,0.0,31,554,0.0
2026-06-09,Facebook,Growify | MOF & BOF | Sale | India +intl,15.81,0.0,1,19,0.0
2026-06-09,Facebook,Growify | MOF & BOF | Sale | India +intl,213.59,0.0,7,96,0.0
2026-06-09,Facebook,Growify | MOF & BOF | Sale | India +intl,13.97,0.0,28,172,0.0
2026-06-09,Facebook,Growify | MOF & BOF | Sale | India +intl,265.45,0.0,156,1859,0.0
2026-06-09,Facebook,Growify | MOF & BOF | Sale | India +intl,3131.62,0.0,2834,39185,0.0
2026-06-09,Facebook,Growify | MOF & BOF | Sale | India +intl,0.0,0.0,0,0,0.0
2026-06-09,Facebook,Growify | TOF | Sale | India,0.1,0.0,0,1,0.0
2026-06-09,Facebook,Growify | TOF | Sale | India,224.34,0.0,32,669,0.0
2026-06-09,Facebook,Growify | TOF | Sale | India,3.87,0.0,0,8,0.0
2026-06-09,Facebook,Growify | TOF | Sale | US,594.89,0.0,53,955,0.0
2026-06-09,Facebook,Growify | TOF | Sale | US,235.17,0.0,34,202,0.0
2026-06-09,Facebook,Growify | TOF | Sale | US,1884.7,0.0,71,939,0.0
2026-06-09,Facebook,Growify | TOF | Sale | US,0.0,0.0,0,0,0.0
2026-06-09,Facebook,Growify | TOF | Sale | US,40.59,0.0,4,63,0.0
2026-06-09,Facebook,Growify | TOF | Sale | US,12.23,0.0,0,10,0.0
2026-06-09,Facebook,Growify | TOF | Sale | US,140.63,0.0,5,52,0.0
2026-06-09,Facebook,Growify | TOF | Sale | US,7.3,0.0,0,11,0.0
2026-06-09,Facebook,Growify | TOF | Sale | US,11.36,0.0,0,4,0.0
2026-06-09,Facebook,Growify | TOF | Sale | US,46.47,0.0,1,21,0.0
2026-06-09,Facebook,Growify | TOF | Sales | India | Open,2577.11,0.0,2482,29075,0.0
2026-06-09,Facebook,Growify | TOF | Sales | United Kingdom | EOSS,28.69,0.0,1,19,0.0
2026-06-09,Facebook,Growify | TOF | Sales | United Kingdom | EOSS,114.6,0.0,9,90,0.0
2026-06-09,Facebook,Growify | TOF | Sales | United Kingdom | EOSS,1525.67,0.0,51,888,0.0
2026-06-09,Facebook,Growify | TOF | Sales | United Kingdom | EOSS,1904.7,0.0,68,1774,0.0
2026-06-10,Facebook,Conv | Tof | Multi Category | Ind | Direct | Growify |,0.0,0.0,0,0,0.0
2026-06-10,Facebook,Conv | Tof | Multi Category | Ind | Direct | Growify |,210.81,0.0,95,557,0.0
2026-06-10,Facebook,Conv | Tof | Multi Category | Ind | Direct | Growify |,2336.0,3960.0,3902,21421,1.0
2026-06-10,Facebook,Conv | Tof | Multi Category | Ind | Direct | Growify |,88.99,0.0,36,190,0.0
2026-06-10,Facebook,Conv | Tof | Multi Category | Ind | Direct | Growify |,1846.59,0.0,224,4128,0.0
2026-06-10,Facebook,Conv | Tof | Multi Category | Ind | Direct | Growify |,2095.84,0.0,1124,9072,0.0
2026-06-10,Facebook,Conv | Tof | Multi Category | Ind | Direct | Growify |,0.0,0.0,0,0,0.0
2026-06-10,Facebook,Conv | Tof | Multi Category | Ind | Direct | Growify |,22.98,0.0,8,146,0.0
2026-06-10,Facebook,Conv | Tof | Multicategory | CA | Direct | Growify,185.02,0.0,6,145,0.0
2026-06-10,Facebook,Conv | Tof | Multicategory | CA | Direct | Growify,416.03,0.0,21,298,0.0
2026-06-10,Facebook,Conv | Tof | Multicategory | CA | Direct | Growify,0.63,0.0,0,1,0.0
2026-06-10,Facebook,Conv | Tof | Multicategory | CA | Direct | Growify,3.94,0.0,0,2,0.0
2026-06-10,Facebook,Conv | Tof | Multicategory | CA | Direct | Growify,1041.22,0.0,40,667,0.0
2026-06-10,Facebook,Conv | Tof | Multicategory | CA | Direct | Growify,15.04,0.0,0,10,0.0
2026-06-10,Facebook,Conv | Tof | Multicategory | CA | Direct | Growify,0.0,0.0,0,0,0.0
2026-06-10,Facebook,Conv | Tof | Multicategory | CA | Direct | Growify,2311.75,0.0,137,1473,0.0
2026-06-10,Facebook,Conv | Tof | Multicategory | CA | Direct | Growify,15.56,0.0,5,10,0.0
2026-06-10,Facebook,Conv | Tof | Multicategory | CA | Direct | Growify,25.54,0.0,1,28,0.0
2026-06-10,Facebook,Conv | Tof | Multicategory | CA | Direct | Growify,337.45,0.0,16,277,0.0
2026-06-10,Facebook,Conv | Tof | Multicategory | CA | Direct | Growify,1294.84,0.0,57,1320,0.0
2026-06-10,Facebook,Conv | Tof | Multicategory | CA | Direct | Growify,1.31,0.0,0,4,0.0
2026-06-10,Facebook,Conv | Tof | Multicategory | CA | Direct | Growify,23.55,0.0,0,26,0.0
2026-06-10,Facebook,Conv | Tof | Multicategory | INT | Direct | Growify,518.39,0.0,19,360,0.0
2026-06-10,Facebook,Conv | Tof | Multicategory | INT | Direct | Growify,1410.72,0.0,43,979,0.0
2026-06-10,Facebook,Conv | Tof | Multicategory | INT | Direct | Growify,376.45,0.0,15,223,0.0
2026-06-10,Facebook,Conv | Tof | Multicategory | INT | Direct | Growify,1741.67,0.0,41,558,0.0
2026-06-10,Facebook,Conv | Tof | Multicategory | US | Direct | Growify,2233.47,0.0,63,550,0.0
2026-06-10,Facebook,Conv | Tof | Multicategory | US | Direct | Growify,55.89,0.0,3,25,0.0
2026-06-10,Facebook,Conv | Tof | Multicategory | US | Direct | Growify,120.68,0.0,7,27,0.0
2026-06-10,Facebook,Conv | Tof | Multicategory | US | Direct | Growify,221.9,0.0,5,67,0.0
2026-06-10,Facebook,Conv | Tof | Multicategory | US | Direct | Growify,48.42,0.0,0,21,0.0
2026-06-10,Facebook,Conv | Tof | Multicategory | US | Direct | Growify,2378.68,0.0,78,553,0.0
2026-06-10,Facebook,Growify | MOF & BOF | Sale | India +intl,0.0,24750.0,0,0,1.0
2026-06-10,Facebook,Growify | MOF & BOF | Sale | India +intl,34.73,0.0,5,155,0.0
2026-06-10,Facebook,Growify | MOF & BOF | Sale | India +intl,1884.4,0.0,187,4880,0.0
2026-06-10,Facebook,Growify | MOF & BOF | Sale | India +intl,0.0,0.0,0,0,0.0
2026-06-10,Facebook,Growify | MOF & BOF | Sale | India +intl,17.71,0.0,4,147,0.0
2026-06-10,Facebook,Growify | MOF & BOF | Sale | India +intl,603.6,11550.0,127,3546,1.0
2026-06-10,Facebook,Growify | MOF & BOF | Sale | India +intl,0.0,0.0,0,0,0.0
2026-06-10,Facebook,Growify | MOF & BOF | Sale | India +intl,484.19,0.0,31,394,0.0
2026-06-10,Facebook,Growify | MOF & BOF | Sale | India +intl,157.51,0.0,6,135,0.0
2026-06-10,Facebook,Growify | MOF & BOF | Sale | India +intl,2931.43,0.0,90,2472,0.0
2026-06-10,Facebook,Growify | MOF & BOF | Sale | India +intl,866.78,0.0,35,471,0.0
2026-06-10,Facebook,Growify | MOF & BOF | Sale | India +intl,553.46,0.0,11,243,0.0
2026-06-10,Facebook,Growify | MOF & BOF | Sale | India +intl,180.45,0.0,4,64,0.0
2026-06-10,Facebook,Growify | MOF & BOF | Sale | India +intl,815.16,0.0,33,633,0.0
2026-06-10,Facebook,Growify | MOF & BOF | Sale | India +intl,23.76,0.0,0,10,0.0
2026-06-10,Facebook,Growify | MOF & BOF | Sale | India +intl,450.16,0.0,13,274,0.0
2026-06-10,Facebook,Growify | MOF & BOF | Sale | India +intl,0.33,0.0,0,1,0.0
2026-06-10,Facebook,Growify | MOF & BOF | Sale | India +intl,88.16,0.0,4,78,0.0
2026-06-10,Facebook,Growify | MOF & BOF | Sale | India +intl,1.16,0.0,0,5,0.0
2026-06-10,Facebook,Growify | MOF & BOF | Sale | India +intl,38.27,0.0,1,7,0.0
2026-06-10,Facebook,Growify | MOF & BOF | Sale | India +intl,19.44,0.0,1,9,0.0
2026-06-10,Facebook,Growify | MOF & BOF | Sale | India +intl,33.38,0.0,0,21,0.0
2026-06-10,Facebook,Growify | MOF & BOF | Sale | India +intl,1161.27,0.0,28,438,0.0
2026-06-10,Facebook,Growify | MOF & BOF | Sale | India +intl,0.0,0.0,0,0,0.0
2026-06-10,Facebook,Growify | MOF & BOF | Sale | India +intl,315.56,0.0,9,163,0.0
2026-06-10,Facebook,Growify | MOF & BOF | Sale | India +intl,322.39,0.0,142,1775,0.0
2026-06-10,Facebook,Growify | MOF & BOF | Sale | India +intl,32.18,0.0,12,122,0.0
2026-06-10,Facebook,Growify | MOF & BOF | Sale | India +intl,2624.86,0.0,1442,20321,1.0
2026-06-10,Facebook,Growify | TOF | Sale | India,17.83,0.0,2,48,0.0
2026-06-10,Facebook,Growify | TOF | Sale | India,155.9,0.0,10,516,0.0
2026-06-10,Facebook,Growify | TOF | Sale | US,663.61,0.0,60,845,0.0
2026-06-10,Facebook,Growify | TOF | Sale | US,296.61,0.0,19,221,0.0
2026-06-10,Facebook,Growify | TOF | Sale | US,2071.409999,4500.0,69,796,1.0
2026-06-10,Facebook,Growify | TOF | Sale | US,0.0,0.0,0,0,0.0
2026-06-10,Facebook,Growify | TOF | Sale | US,0.0,0.0,0,0,0.0
2026-06-10,Facebook,Growify | TOF | Sale | US,69.2,0.0,0,30,0.0
2026-06-10,Facebook,Growify | TOF | Sale | US,42.86,0.0,0,18,0.0
2026-06-10,Facebook,Growify | TOF | Sale | US,43.45,0.0,0,22,0.0
2026-06-10,Facebook,Growify | TOF | Sales | India | Open,2584.39,9629.4,2325,30161,2.0
2026-06-10,Facebook,Growify | TOF | Sales | United Kingdom | EOSS,436.29,0.0,13,288,0.0
2026-06-10,Facebook,Growify | TOF | Sales | United Kingdom | EOSS,1239.23,0.0,29,794,0.0
2026-06-10,Facebook,Growify | TOF | Sales | United Kingdom | EOSS,1973.42,0.0,56,1687,0.0
2026-06-11,Facebook,Conv | Tof | Multi Category | Ind | Direct | Growify |,172.95,0.0,46,1359,0.0
2026-06-11,Facebook,Conv | Tof | Multi Category | Ind | Direct | Growify |,1046.25,0.0,291,13149,0.0
2026-06-11,Facebook,Conv | Tof | Multi Category | Ind | Direct | Growify |,390.85,0.0,101,3107,0.0
2026-06-11,Facebook,Conv | Tof | Multi Category | Ind | Direct | Growify |,1290.48,0.0,459,25480,0.0
2026-06-11,Facebook,Conv | Tof | Multi Category | Ind | Direct | Growify |,330.98,0.0,183,1508,0.0
2026-06-11,Facebook,Conv | Tof | Multi Category | Ind | Direct | Growify |,2795.32,0.0,4856,55889,0.0
2026-06-11,Facebook,Conv | Tof | Multi Category | Ind | Direct | Growify |,119.32,0.0,10,1462,0.0
2026-06-11,Facebook,Conv | Tof | Multi Category | Ind | Direct | Growify |,110.26,0.0,23,533,0.0
2026-06-11,Facebook,Conv | Tof | Multi Category | Ind | Direct | Growify |,196.61,0.0,36,461,0.0
2026-06-11,Facebook,Conv | Tof | Multi Category | Ind | Direct | Growify |,1559.07,0.0,283,4366,0.0
2026-06-11,Facebook,Conv | Tof | Multi Category | Ind | Direct | Growify |,2144.63,0.0,1239,12701,0.0
2026-06-11,Facebook,Conv | Tof | Multi Category | Ind | Direct | Growify |,42.08,0.0,44,319,0.0
2026-06-11,Facebook,Conv | Tof | Multi Category | Ind | Direct | Growify |,55.84,0.0,15,317,0.0
2026-06-11,Facebook,Conv | Tof | Multicategory | CA | Direct | Growify,72.54,0.0,0,53,0.0
2026-06-11,Facebook,Conv | Tof | Multicategory | CA | Direct | Growify,301.93,0.0,22,310,0.0
2026-06-11,Facebook,Conv | Tof | Multicategory | CA | Direct | Growify,1.8,0.0,0,1,0.0
2026-06-11,Facebook,Conv | Tof | Multicategory | CA | Direct | Growify,682.0,0.0,38,762,0.0
2026-06-11,Facebook,Conv | Tof | Multicategory | CA | Direct | Growify,5.88,0.0,0,11,0.0
2026-06-11,Facebook,Conv | Tof | Multicategory | CA | Direct | Growify,225.92,0.0,9,229,0.0
2026-06-11,Facebook,Conv | Tof | Multicategory | CA | Direct | Growify,884.07,0.0,63,595,0.0
2026-06-11,Facebook,Conv | Tof | Multicategory | CA | Direct | Growify,0.41,0.0,0,1,0.0
2026-06-11,Facebook,Conv | Tof | Multicategory | CA | Direct | Growify,6.64,0.0,0,10,0.0
2026-06-11,Facebook,Conv | Tof | Multicategory | CA | Direct | Growify,287.42,0.0,11,313,0.0
2026-06-11,Facebook,Conv | Tof | Multicategory | CA | Direct | Growify,1918.74,0.0,119,1593,0.0
2026-06-11,Facebook,Conv | Tof | Multicategory | CA | Direct | Growify,18.93,0.0,1,23,0.0
2026-06-11,Facebook,Conv | Tof | Multicategory | CA | Direct | Growify,257.43,0.0,10,291,0.0
2026-06-11,Facebook,Conv | Tof | Multicategory | CA | Direct | Growify,1462.58,0.0,50,1584,0.0
2026-06-11,Facebook,Conv | Tof | Multicategory | CA | Direct | Growify,2.009999,0.0,0,3,0.0
2026-06-11,Facebook,Conv | Tof | Multicategory | CA | Direct | Growify,14.49,0.0,0,27,0.0
2026-06-11,Facebook,Conv | Tof | Multicategory | INT | Direct | Growify,0.0,0.0,0,0,0.0
2026-06-11,Facebook,Conv | Tof | Multicategory | INT | Direct | Growify,1938.91,0.0,100,1905,0.0
2026-06-11,Facebook,Conv | Tof | Multicategory | INT | Direct | Growify,386.64,0.0,37,348,0.0
2026-06-11,Facebook,Conv | Tof | Multicategory | INT | Direct | Growify,867.95,0.0,35,397,0.0
2026-06-11,Facebook,Conv | Tof | Multicategory | INT | Direct | Growify,0.0,0.0,0,0,0.0
2026-06-11,Facebook,Conv | Tof | Multicategory | INT | Direct | Growify,129.49,0.0,11,122,0.0
2026-06-11,Facebook,Conv | Tof | Multicategory | INT | Direct | Growify,317.84,0.0,4,121,0.0
2026-06-11,Facebook,Conv | Tof | Multicategory | US | Direct | Growify,2686.63,0.0,96,948,0.0
2026-06-11,Facebook,Conv | Tof | Multicategory | US | Direct | Growify,0.0,0.0,0,0,0.0
2026-06-11,Facebook,Conv | Tof | Multicategory | US | Direct | Growify,0.0,0.0,0,0,0.0
2026-06-11,Facebook,Conv | Tof | Multicategory | US | Direct | Growify,174.82,0.0,5,58,0.0
2026-06-11,Facebook,Conv | Tof | Multicategory | US | Direct | Growify,220.09,0.0,1,87,0.0
2026-06-11,Facebook,Conv | Tof | Multicategory | US | Direct | Growify,65.019999,0.0,0,24,0.0
2026-06-11,Facebook,Conv | Tof | Multicategory | US | Direct | Growify,1480.81,0.0,52,510,0.0
2026-06-11,Facebook,Growify | MOF & BOF | Sale | India +intl,91.49,0.0,38,1400,0.0
2026-06-11,Facebook,Growify | MOF & BOF | Sale | India +intl,116.8,0.0,10,524,0.0
2026-06-11,Facebook,Growify | MOF & BOF | Sale | India +intl,2526.31,0.0,331,8662,0.0
2026-06-11,Facebook,Growify | MOF & BOF | Sale | India +intl,0.0,0.0,0,0,0.0
2026-06-11,Facebook,Growify | MOF & BOF | Sale | India +intl,0.0,0.0,0,0,0.0
2026-06-11,Facebook,Growify | MOF & BOF | Sale | India +intl,0.0,0.0,0,0,0.0
2026-06-11,Facebook,Growify | MOF & BOF | Sale | India +intl,0.0,0.0,0,0,0.0
2026-06-11,Facebook,Growify | MOF & BOF | Sale | India +intl,0.0,0.0,0,0,0.0
2026-06-11,Facebook,Growify | MOF & BOF | Sale | India +intl,0.0,0.0,0,0,0.0
2026-06-11,Facebook,Growify | MOF & BOF | Sale | India +intl,181.19,0.0,7,225,0.0
2026-06-11,Facebook,Growify | MOF & BOF | Sale | India +intl,379.77,0.0,12,373,0.0
2026-06-11,Facebook,Growify | MOF & BOF | Sale | India +intl,2602.41,14611.08,124,2245,1.0
2026-06-11,Facebook,Growify | MOF & BOF | Sale | India +intl,138.47,0.0,4,192,0.0
2026-06-11,Facebook,Growify | MOF & BOF | Sale | India +intl,839.66,0.0,40,1262,0.0
2026-06-11,Facebook,Growify | MOF & BOF | Sale | India +intl,85.14,0.0,5,52,0.0
2026-06-11,Facebook,Growify | MOF & BOF | Sale | India +intl,12.76,0.0,1,6,0.0
2026-06-11,Facebook,Growify | MOF & BOF | Sale | India +intl,846.95,0.0,25,510,0.0
2026-06-11,Facebook,Growify | MOF & BOF | Sale | India +intl,712.54,0.0,35,460,0.0
2026-06-11,Facebook,Growify | MOF & BOF | Sale | India +intl,28.65,0.0,0,18,0.0
2026-06-11,Facebook,Growify | MOF & BOF | Sale | India +intl,320.14,0.0,4,90,0.0
2026-06-11,Facebook,Growify | MOF & BOF | Sale | India +intl,661.45,0.0,19,441,0.0
2026-06-11,Facebook,Growify | MOF & BOF | Sale | India +intl,35.44,0.0,0,33,0.0
2026-06-11,Facebook,Growify | MOF & BOF | Sale | India +intl,120.05,0.0,4,77,0.0
2026-06-11,Facebook,Growify | MOF & BOF | Sale | India +intl,679.91,0.0,27,455,0.0
2026-06-11,Facebook,Growify | MOF & BOF | Sale | India +intl,1.42,0.0,1,1,0.0
2026-06-11,Facebook,Growify | MOF & BOF | Sale | India +intl,45.34,0.0,1,35,0.0
2026-06-11,Facebook,Growify | MOF & BOF | Sale | India +intl,144.39,0.0,8,101,0.0
2026-06-11,Facebook,Growify | MOF & BOF | Sale | India +intl,6.32,0.0,0,13,0.0
2026-06-11,Facebook,Growify | MOF & BOF | Sale | India +intl,11.58,0.0,1,6,0.0
2026-06-11,Facebook,Growify | MOF & BOF | Sale | India +intl,171.08,0.0,6,115,0.0
2026-06-11,Facebook,Growify | MOF & BOF | Sale | India +intl,3.43,0.0,0,2,0.0
2026-06-11,Facebook,Growify | MOF & BOF | Sale | India +intl,1184.17,0.0,29,491,0.0
2026-06-11,Facebook,Growify | MOF & BOF | Sale | India +intl,113.62,0.0,0,38,0.0
2026-06-11,Facebook,Growify | MOF & BOF | Sale | India +intl,169.53,0.0,3,54,0.0
2026-06-11,Facebook,Growify | MOF & BOF | Sale | India +intl,0.91,0.0,0,10,0.0
2026-06-11,Facebook,Growify | MOF & BOF | Sale | India +intl,133.57,0.0,49,399,0.0
2026-06-11,Facebook,Growify | MOF & BOF | Sale | India +intl,3814.1,17549.4,2068,40163,2.0
2026-06-11,Facebook,Growify | TOF | Sale | India,1.27,0.0,0,4,0.0
2026-06-11,Facebook,Growify | TOF | Sale | India,114.0,0.0,18,295,0.0
2026-06-11,Facebook,Growify | TOF | Sale | India,2.15,0.0,0,7,0.0
2026-06-11,Facebook,Growify | TOF | Sale | India,133.41,0.0,29,999,0.0
2026-06-11,Facebook,Growify | TOF | Sale | US,1084.05,0.0,58,1008,0.0
2026-06-11,Facebook,Growify | TOF | Sale | US,698.89,0.0,48,532,0.0
2026-06-11,Facebook,Growify | TOF | Sale | US,1708.95,47908.0,63,761,1.0
2026-06-11,Facebook,Growify | TOF | Sale | US,10.69,0.0,0,15,0.0
2026-06-11,Facebook,Growify | TOF | Sale | US,14.64,0.0,0,5,0.0
2026-06-11,Facebook,Growify | TOF | Sale | US,16.76,0.0,0,4,0.0
2026-06-11,Facebook,Growify | TOF | Sales | India | Open,1356.29,0.0,856,35345,0.0
2026-06-11,Facebook,Growify | TOF | Sales | India | Open,1574.7,0.0,1092,26590,0.0
2026-06-11,Facebook,Growify | TOF | Sales | United Kingdom | EOSS,75.01,0.0,2,77,0.0
2026-06-11,Facebook,Growify | TOF | Sales | United Kingdom | EOSS,197.18,0.0,4,129,0.0
2026-06-11,Facebook,Growify | TOF | Sales | United Kingdom | EOSS,1439.43,0.0,59,958,0.0
2026-06-11,Facebook,Growify | TOF | Sales | United Kingdom | EOSS,1698.41,0.0,60,1538,0.0
2026-06-12,Facebook,Conv | Tof | Multi Category | Ind | Direct | Growify |,153.3,0.0,38,1568,0.0
2026-06-12,Facebook,Conv | Tof | Multi Category | Ind | Direct | Growify |,1090.69,0.0,441,19823,0.0
2026-06-12,Facebook,Conv | Tof | Multi Category | Ind | Direct | Growify |,292.07,0.0,68,3451,0.0
2026-06-12,Facebook,Conv | Tof | Multi Category | Ind | Direct | Growify |,1429.709994,0.0,643,41697,0.0
2026-06-12,Facebook,Conv | Tof | Multi Category | Ind | Direct | Growify |,0.020006,0.0,0,1,0.0
2026-06-12,Facebook,Conv | Tof | Multi Category | Ind | Direct | Growify |,141.79,0.0,87,1432,0.0
2026-06-12,Facebook,Conv | Tof | Multi Category | Ind | Direct | Growify |,2969.8,0.0,4348,73627,0.0
2026-06-12,Facebook,Conv | Tof | Multi Category | Ind | Direct | Growify |,0.01,0.0,0,1,0.0
2026-06-12,Facebook,Conv | Tof | Multi Category | Ind | Direct | Growify |,2025.16,1800.0,288,6930,1.0
2026-06-12,Facebook,Conv | Tof | Multi Category | Ind | Direct | Growify |,0.07,0.0,0,1,0.0
2026-06-12,Facebook,Conv | Tof | Multi Category | Ind | Direct | Growify |,2166.499995,1800.0,1707,18067,1.0
2026-06-12,Facebook,Conv | Tof | Multi Category | Ind | Direct | Growify |,0.220005,0.0,0,4,0.0
2026-06-12,Facebook,Conv | Tof | Multi Category | Ind | Direct | Growify |,16.2,0.0,2,110,0.0
2026-06-12,Facebook,Conv | Tof | Multicategory | CA | Direct | Growify,1993.316399,0.0,128,1871,0.0
2026-06-12,Facebook,Conv | Tof | Multicategory | CA | Direct | Growify,11.643601,0.0,0,13,0.0
2026-06-12,Facebook,Conv | Tof | Multicategory | CA | Direct | Growify,0.0,0.0,0,0,0.0
2026-06-12,Facebook,Conv | Tof | Multicategory | CA | Direct | Growify,25.63,0.0,5,28,0.0
2026-06-12,Facebook,Conv | Tof | Multicategory | CA | Direct | Growify,5.7,0.0,0,5,0.0
2026-06-12,Facebook,Conv | Tof | Multicategory | CA | Direct | Growify,2318.63,0.0,185,2144,0.0
2026-06-12,Facebook,Conv | Tof | Multicategory | CA | Direct | Growify,0.0,0.0,0,0,0.0
2026-06-12,Facebook,Conv | Tof | Multicategory | CA | Direct | Growify,179.04,0.0,7,185,0.0
2026-06-12,Facebook,Conv | Tof | Multicategory | CA | Direct | Growify,1516.17,0.0,54,1303,0.0
2026-06-12,Facebook,Conv | Tof | Multicategory | CA | Direct | Growify,1.01,0.0,0,1,0.0
2026-06-12,Facebook,Conv | Tof | Multicategory | CA | Direct | Growify,23.95,0.0,0,18,0.0
2026-06-12,Facebook,Conv | Tof | Multicategory | CA | Direct | Growify,2.009999,0.0,0,1,0.0
2026-06-12,Facebook,Conv | Tof | Multicategory | INT | Direct | Growify,0.0,0.0,0,0,0.0
2026-06-12,Facebook,Conv | Tof | Multicategory | INT | Direct | Growify,861.18,0.0,44,759,0.0
2026-06-12,Facebook,Conv | Tof | Multicategory | INT | Direct | Growify,451.81,0.0,36,410,0.0
2026-06-12,Facebook,Conv | Tof | Multicategory | INT | Direct | Growify,449.3,0.0,22,188,0.0
2026-06-12,Facebook,Conv | Tof | Multicategory | US | Direct | Growify,2228.52,0.0,92,982,0.0
2026-06-12,Facebook,Conv | Tof | Multicategory | US | Direct | Growify,0.22,0.0,0,1,0.0
2026-06-12,Facebook,Conv | Tof | Multicategory | US | Direct | Growify,8.25,0.0,0,2,0.0
2026-06-12,Facebook,Conv | Tof | Multicategory | US | Direct | Growify,141.36,0.0,3,49,0.0
2026-06-12,Facebook,Conv | Tof | Multicategory | US | Direct | Growify,0.0,0.0,0,0,0.0
2026-06-12,Facebook,Conv | Tof | Multicategory | US | Direct | Growify,1965.01,0.0,77,796,0.0
2026-06-12,Facebook,Conv | Tof | Multicategory | US | Direct | Growify,20.56,0.0,2,15,0.0
2026-06-12,Facebook,Conv | Tof | Multicategory | US | Direct | Growify,123.28,0.0,1,40,0.0
2026-06-12,Facebook,Growify | MOF & BOF | Sale | India +intl,0.0,0.0,0,0,0.0
2026-06-12,Facebook,Growify | MOF & BOF | Sale | India +intl,0.0,0.0,0,0,0.0
2026-06-12,Facebook,Growify | MOF & BOF | Sale | India +intl,33.45,0.0,1,122,0.0
2026-06-12,Facebook,Growify | MOF & BOF | Sale | India +intl,1511.66,0.0,171,4805,0.0
2026-06-12,Facebook,Growify | MOF & BOF | Sale | India +intl,0.37,0.0,0,1,0.0
2026-06-12,Facebook,Growify | MOF & BOF | Sale | India +intl,449.37,7590.0,73,2866,1.0
2026-06-12,Facebook,Growify | MOF & BOF | Sale | India +intl,369.0,0.0,19,333,0.0
2026-06-12,Facebook,Growify | MOF & BOF | Sale | India +intl,987.01,0.0,42,878,0.0
2026-06-12,Facebook,Growify | MOF & BOF | Sale | India +intl,1858.49,0.0,57,1955,0.0
2026-06-12,Facebook,Growify | MOF & BOF | Sale | India +intl,57.76,0.0,2,79,0.0
2026-06-12,Facebook,Growify | MOF & BOF | Sale | India +intl,695.13,0.0,19,380,0.0
2026-06-12,Facebook,Growify | MOF & BOF | Sale | India +intl,828.91,0.0,27,578,0.0
2026-06-12,Facebook,Growify | MOF & BOF | Sale | India +intl,8.66,0.0,0,8,0.0
2026-06-12,Facebook,Growify | MOF & BOF | Sale | India +intl,542.39,0.0,14,296,0.0
2026-06-12,Facebook,Growify | MOF & BOF | Sale | India +intl,51.48,0.0,2,55,0.0
2026-06-12,Facebook,Growify | MOF & BOF | Sale | India +intl,529.23,0.0,14,387,0.0
2026-06-12,Facebook,Growify | MOF & BOF | Sale | India +intl,0.0,0.0,0,0,0.0
2026-06-12,Facebook,Growify | MOF & BOF | Sale | India +intl,279.28,0.0,8,246,0.0
2026-06-12,Facebook,Growify | MOF & BOF | Sale | India +intl,336.54,0.0,16,334,0.0
2026-06-12,Facebook,Growify | MOF & BOF | Sale | India +intl,40.58,0.0,0,25,0.0
2026-06-12,Facebook,Growify | MOF & BOF | Sale | India +intl,836.03,114408.94,14,349,1.0
2026-06-12,Facebook,Growify | MOF & BOF | Sale | India +intl,0.0,0.0,0,0,0.0
2026-06-12,Facebook,Growify | MOF & BOF | Sale | India +intl,44.98,0.0,6,32,0.0
2026-06-12,Facebook,Growify | MOF & BOF | Sale | India +intl,144.03,0.0,33,459,0.0
2026-06-12,Facebook,Growify | MOF & BOF | Sale | India +intl,261.209999,0.0,128,1757,0.0
2026-06-12,Facebook,Growify | MOF & BOF | Sale | India +intl,2794.0,9570.0,1170,24329,1.0
2026-06-12,Facebook,Growify | MOF & BOF | Sale | India +intl,0.03,0.0,0,3,0.0
2026-06-12,Facebook,Growify | TOF | Sale | India,7.76,0.0,3,45,0.0
2026-06-12,Facebook,Growify | TOF | Sale | India,189.58,0.0,52,1767,0.0
2026-06-12,Facebook,Growify | TOF | Sale | US,641.97,0.0,30,771,0.0
2026-06-12,Facebook,Growify | TOF | Sale | US,629.3,0.0,67,635,0.0
2026-06-12,Facebook,Growify | TOF | Sale | US,1346.92,0.0,34,636,0.0
2026-06-12,Facebook,Growify | TOF | Sale | US,45.45,0.0,2,31,0.0
2026-06-12,Facebook,Growify | TOF | Sale | US,4.5,0.0,0,2,0.0
2026-06-12,Facebook,Growify | TOF | Sale | US,77.73,0.0,1,26,0.0
2026-06-12,Facebook,Growify | TOF | Sales | Australia | EOSS,155.43,0.0,20,133,0.0
2026-06-12,Facebook,Growify | TOF | Sales | Australia | EOSS,553.93,0.0,58,452,0.0
2026-06-12,Facebook,Growify | TOF | Sales | Australia | EOSS,569.49,7900.0,60,409,1.0
2026-06-12,Facebook,Growify | TOF | Sales | Australia | EOSS,112.12,0.0,12,65,0.0
2026-06-12,Facebook,Growify | TOF | Sales | Australia | EOSS,278.24,0.0,37,214,0.0
2026-06-12,Facebook,Growify | TOF | Sales | Australia | EOSS,134.78,0.0,6,47,0.0
2026-06-12,Facebook,Growify | TOF | Sales | Australia | EOSS,643.57,0.0,58,451,0.0
2026-06-12,Facebook,Growify | TOF | Sales | Australia | EOSS,107.33,0.0,4,93,0.0
2026-06-12,Facebook,Growify | TOF | Sales | Australia | EOSS,740.56,0.0,71,498,0.0
2026-06-12,Facebook,Growify | TOF | Sales | Australia | EOSS,2.49,0.0,0,4,0.0
2026-06-12,Facebook,Growify | TOF | Sales | Australia | EOSS,18.66,0.0,0,20,0.0
2026-06-12,Facebook,Growify | TOF | Sales | Australia | EOSS,27.96,0.0,0,14,0.0
2026-06-12,Facebook,Growify | TOF | Sales | Australia | EOSS,60.69,0.0,4,43,0.0
2026-06-12,Facebook,Growify | TOF | Sales | Australia | EOSS,172.85,0.0,17,116,0.0
2026-06-12,Facebook,Growify | TOF | Sales | Australia | EOSS,462.89,0.0,17,320,0.0
2026-06-12,Facebook,Growify | TOF | Sales | Australia | EOSS,874.24,0.0,62,674,0.0
2026-06-12,Facebook,Growify | TOF | Sales | India | Open,2169.81,0.0,1385,61381,0.0
2026-06-12,Facebook,Growify | TOF | Sales | India | Open,0.0,0.0,0,1,0.0
2026-06-12,Facebook,Growify | TOF | Sales | India | Open,101.33,0.0,73,1831,0.0
2026-06-12,Facebook,Growify | TOF | Sales | United Kingdom | EOSS,0.0,0.0,0,0,0.0
2026-06-13,Facebook,Conv | Tof | Multi Category | Ind | Direct | Growify |,125.64,0.0,62,1816,0.0
2026-06-13,Facebook,Conv | Tof | Multi Category | Ind | Direct | Growify |,1158.13,0.0,431,16058,0.0
2026-06-13,Facebook,Conv | Tof | Multi Category | Ind | Direct | Growify |,248.17,0.0,75,3198,0.0
2026-06-13,Facebook,Conv | Tof | Multi Category | Ind | Direct | Growify |,1688.3,0.0,854,39797,0.0
2026-06-13,Facebook,Conv | Tof | Multi Category | Ind | Direct | Growify |,254.59,18785.58,162,2381,1.0
2026-06-13,Facebook,Conv | Tof | Multi Category | Ind | Direct | Growify |,2749.35,0.0,6626,70871,0.0
2026-06-13,Facebook,Conv | Tof | Multi Category | Ind | Direct | Growify |,16.52,0.0,3,257,0.0
2026-06-13,Facebook,Conv | Tof | Multi Category | Ind | Direct | Growify |,20.65,0.0,3,97,0.0
2026-06-13,Facebook,Conv | Tof | Multi Category | Ind | Direct | Growify |,165.89,0.0,24,440,0.0
2026-06-13,Facebook,Conv | Tof | Multi Category | Ind | Direct | Growify |,1900.77,0.0,280,5438,0.0
2026-06-13,Facebook,Conv | Tof | Multi Category | Ind | Direct | Growify |,3697.29,3960.0,3396,29105,1.0
2026-06-13,Facebook,Conv | Tof | Multi Category | Ind | Direct | Growify |,0.0,0.0,0,0,0.0
2026-06-13,Facebook,Conv | Tof | Multi Category | Ind | Direct | Growify |,13.71,0.0,14,162,0.0
2026-06-13,Facebook,Conv | Tof | Multi Category | Ind | Direct | Growify |,18.78,0.0,2,71,0.0
2026-06-13,Facebook,Conv | Tof | Multi Category | Ind | Direct | Growify |,2.81,0.0,0,35,0.0
2026-06-13,Facebook,Conv | Tof | Multicategory | CA | Direct | Growify,8.88,0.0,2,11,0.0
2026-06-13,Facebook,Conv | Tof | Multicategory | CA | Direct | Growify,84.92,0.0,2,53,0.0
2026-06-13,Facebook,Conv | Tof | Multicategory | CA | Direct | Growify,0.33,0.0,0,1,0.0
2026-06-13,Facebook,Conv | Tof | Multicategory | CA | Direct | Growify,2360.260079,0.0,118,1765,0.0
2026-06-13,Facebook,Conv | Tof | Multicategory | CA | Direct | Growify,35.439921,0.0,0,19,0.0
2026-06-13,Facebook,Conv | Tof | Multicategory | CA | Direct | Growify,0.0,0.0,0,0,0.0
2026-06-13,Facebook,Conv | Tof | Multicategory | CA | Direct | Growify,75.7,0.0,5,47,0.0
2026-06-13,Facebook,Conv | Tof | Multicategory | CA | Direct | Growify,1762.15,0.0,127,1507,0.0
2026-06-13,Facebook,Conv | Tof | Multicategory | CA | Direct | Growify,0.0,0.0,0,0,0.0
2026-06-13,Facebook,Conv | Tof | Multicategory | CA | Direct | Growify,1.8,0.0,0,2,0.0
2026-06-13,Facebook,Conv | Tof | Multicategory | CA | Direct | Growify,29.7,0.0,0,27,0.0
2026-06-13,Facebook,Conv | Tof | Multicategory | CA | Direct | Growify,1640.32,8331.84,45,1477,1.0
2026-06-13,Facebook,Conv | Tof | Multicategory | CA | Direct | Growify,2.08,0.0,0,1,0.0
2026-06-13,Facebook,Conv | Tof | Multicategory | CA | Direct | Growify,20.94,0.0,0,21,0.0
2026-06-13,Facebook,Conv | Tof | Multicategory | INT | Direct | Growify,1026.78,0.0,59,804,0.0
2026-06-13,Facebook,Conv | Tof | Multicategory | INT | Direct | Growify,0.0,0.0,0,0,0.0
2026-06-13,Facebook,Conv | Tof | Multicategory | INT | Direct | Growify,410.45,0.0,20,306,0.0
2026-06-13,Facebook,Conv | Tof | Multicategory | INT | Direct | Growify,646.57,0.0,13,264,0.0
2026-06-13,Facebook,Conv | Tof | Multicategory | US | Direct | Growify,3104.16,0.0,144,1266,0.0
2026-06-13,Facebook,Conv | Tof | Multicategory | US | Direct | Growify,2.29,0.0,0,2,0.0
2026-06-13,Facebook,Conv | Tof | Multicategory | US | Direct | Growify,15.04,0.0,1,12,0.0
2026-06-13,Facebook,Conv | Tof | Multicategory | US | Direct | Growify,58.99,0.0,7,24,0.0
2026-06-13,Facebook,Conv | Tof | Multicategory | US | Direct | Growify,2103.02,0.0,73,773,0.0
2026-06-13,Facebook,Conv | Tof | Multicategory | US | Direct | Growify,0.0,167830.0,0,0,1.0
2026-06-13,Facebook,Growify | MOF & BOF | Sale | India +intl,29.25,0.0,6,430,0.0
2026-06-13,Facebook,Growify | MOF & BOF | Sale | India +intl,81.82,0.0,8,244,0.0
2026-06-13,Facebook,Growify | MOF & BOF | Sale | India +intl,2595.09,12870.0,283,7116,1.0
2026-06-13,Facebook,Growify | MOF & BOF | Sale | India +intl,10.53,0.0,0,35,0.0
2026-06-13,Facebook,Growify | MOF & BOF | Sale | India +intl,634.71,0.0,19,376,0.0
2026-06-13,Facebook,Growify | MOF & BOF | Sale | India +intl,1223.34,0.0,55,1175,0.0
2026-06-13,Facebook,Growify | MOF & BOF | Sale | India +intl,821.92,0.0,48,1079,0.0
2026-06-13,Facebook,Growify | MOF & BOF | Sale | India +intl,0.0,0.0,0,0,0.0
2026-06-13,Facebook,Growify | MOF & BOF | Sale | India +intl,5.05,0.0,0,6,0.0
2026-06-13,Facebook,Growify | MOF & BOF | Sale | India +intl,35.46,0.0,1,27,0.0
2026-06-13,Facebook,Growify | MOF & BOF | Sale | India +intl,683.24,0.0,26,443,0.0
2026-06-13,Facebook,Growify | MOF & BOF | Sale | India +intl,705.26,0.0,24,518,0.0
2026-06-13,Facebook,Growify | MOF & BOF | Sale | India +intl,109.4,0.0,4,113,0.0
2026-06-13,Facebook,Growify | MOF & BOF | Sale | India +intl,442.64,0.0,22,354,0.0
2026-06-13,Facebook,Growify | MOF & BOF | Sale | India +intl,0.0,0.0,0,0,0.0
2026-06-13,Facebook,Growify | MOF & BOF | Sale | India +intl,146.59,0.0,3,131,0.0
2026-06-13,Facebook,Growify | MOF & BOF | Sale | India +intl,578.77,0.0,12,386,0.0
2026-06-13,Facebook,Growify | MOF & BOF | Sale | India +intl,0.0,0.0,0,0,0.0
2026-06-13,Facebook,Growify | MOF & BOF | Sale | India +intl,14.53,0.0,0,18,0.0
2026-06-13,Facebook,Growify | MOF & BOF | Sale | India +intl,56.48,0.0,2,41,0.0
2026-06-13,Facebook,Growify | MOF & BOF | Sale | India +intl,0.0,0.0,0,0,0.0
2026-06-13,Facebook,Growify | MOF & BOF | Sale | India +intl,70.95,0.0,0,28,0.0
2026-06-13,Facebook,Growify | MOF & BOF | Sale | India +intl,125.68,0.0,2,111,0.0
2026-06-13,Facebook,Growify | MOF & BOF | Sale | India +intl,53.95,0.0,0,24,0.0
2026-06-13,Facebook,Growify | MOF & BOF | Sale | India +intl,22.73,0.0,0,10,0.0
2026-06-13,Facebook,Growify | MOF & BOF | Sale | India +intl,707.41,0.0,30,344,0.0
2026-06-13,Facebook,Growify | MOF & BOF | Sale | India +intl,0.0,0.0,0,0,0.0
2026-06-13,Facebook,Growify | MOF & BOF | Sale | India +intl,139.93,0.0,1,58,0.0
2026-06-13,Facebook,Growify | MOF & BOF | Sale | India +intl,3176.17,48510.0,1565,27808,4.0
2026-06-13,Facebook,Growify | TOF | Sale | India,139.74,0.0,30,1103,0.0
2026-06-13,Facebook,Growify | TOF | Sale | US,679.79,0.0,33,730,0.0
2026-06-13,Facebook,Growify | TOF | Sale | US,660.98,0.0,41,580,0.0
2026-06-13,Facebook,Growify | TOF | Sale | US,1629.95,0.0,57,731,0.0
2026-06-13,Facebook,Growify | TOF | Sale | US,69.94,0.0,10,84,0.0
2026-06-13,Facebook,Growify | TOF | Sale | US,33.2,0.0,2,24,0.0
2026-06-13,Facebook,Growify | TOF | Sale | US,178.34,0.0,4,48,0.0
2026-06-13,Facebook,Growify | TOF | Sale | US,0.65,0.0,0,2,0.0
2026-06-13,Facebook,Growify | TOF | Sale | US,0.62,0.0,0,1,0.0
2026-06-13,Facebook,Growify | TOF | Sales | Australia | EOSS,206.73,0.0,8,79,0.0
2026-06-13,Facebook,Growify | TOF | Sales | Australia | EOSS,836.85,0.0,65,556,0.0
2026-06-13,Facebook,Growify | TOF | Sales | Australia | EOSS,1154.91,0.0,86,1095,0.0
2026-06-13,Facebook,Growify | TOF | Sales | Australia | EOSS,324.77,0.0,22,233,0.0
2026-06-13,Facebook,Growify | TOF | Sales | Australia | EOSS,519.789999,0.0,30,360,0.0
2026-06-13,Facebook,Growify | TOF | Sales | Australia | EOSS,83.09,0.0,3,62,0.0
2026-06-13,Facebook,Growify | TOF | Sales | Australia | EOSS,1055.099999,0.0,49,687,0.0
2026-06-13,Facebook,Growify | TOF | Sales | Australia | EOSS,443.05,0.0,14,212,0.0
2026-06-13,Facebook,Growify | TOF | Sales | Australia | EOSS,46.96,0.0,0,40,0.0
2026-06-13,Facebook,Growify | TOF | Sales | Australia | EOSS,435.53,0.0,20,287,0.0
2026-06-13,Facebook,Growify | TOF | Sales | Australia | EOSS,25.66,0.0,0,33,0.0
2026-06-13,Facebook,Growify | TOF | Sales | Australia | EOSS,55.23,0.0,8,56,0.0
2026-06-13,Facebook,Growify | TOF | Sales | Australia | EOSS,29.3,0.0,6,44,0.0
2026-06-13,Facebook,Growify | TOF | Sales | Australia | EOSS,238.03,0.0,13,216,0.0
2026-06-13,Facebook,Growify | TOF | Sales | Australia | EOSS,239.51,0.0,24,206,0.0
2026-06-13,Facebook,Growify | TOF | Sales | Australia | EOSS,556.14,0.0,27,418,0.0
2026-06-13,Facebook,Growify | TOF | Sales | Australia | EOSS,735.14,0.0,51,771,0.0
2026-06-13,Facebook,Growify | TOF | Sales | India | Open,1761.42,0.0,1084,42926,0.0
2026-06-13,Facebook,Growify | TOF | Sales | India | Open,0.0,0.0,0,0,0.0
2026-06-13,Facebook,Growify | TOF | Sales | India | Open,50.92,0.0,40,526,0.0
2026-06-13,Facebook,Growify | TOF | Sales | United Kingdom | EOSS,0.0,0.0,0,0,0.0
2026-06-14,Facebook,Conv | Tof | Multi Category | Ind | Direct | Growify |,172.34,0.0,65,1347,0.0
2026-06-14,Facebook,Conv | Tof | Multi Category | Ind | Direct | Growify |,1075.96,0.0,588,10727,0.0
2026-06-14,Facebook,Conv | Tof | Multi Category | Ind | Direct | Growify |,441.59,3300.0,67,1607,1.0
2026-06-14,Facebook,Conv | Tof | Multi Category | Ind | Direct | Growify |,1248.46,0.0,640,13582,0.0
2026-06-14,Facebook,Conv | Tof | Multi Category | Ind | Direct | Growify |,471.49,0.0,190,2198,0.0
2026-06-14,Facebook,Conv | Tof | Multi Category | Ind | Direct | Growify |,2405.23,0.0,7116,42671,0.0
2026-06-14,Facebook,Conv | Tof | Multi Category | Ind | Direct | Growify |,0.19,0.0,0,4,0.0
2026-06-14,Facebook,Conv | Tof | Multi Category | Ind | Direct | Growify |,7.85,0.0,1,37,0.0
2026-06-14,Facebook,Conv | Tof | Multi Category | Ind | Direct | Growify |,2073.679999,0.0,275,5332,0.0
2026-06-14,Facebook,Conv | Tof | Multi Category | Ind | Direct | Growify |,2295.64,4620.0,1672,12902,1.0
2026-06-14,Facebook,Conv | Tof | Multi Category | Ind | Direct | Growify |,0.0,0.0,0,0,0.0
2026-06-14,Facebook,Conv | Tof | Multi Category | Ind | Direct | Growify |,0.61,0.0,1,14,0.0
2026-06-14,Facebook,Conv | Tof | Multi Category | Ind | Direct | Growify |,2.9,0.0,1,28,0.0
2026-06-14,Facebook,Conv | Tof | Multi Category | Ind | Direct | Growify |,12.35,0.0,1,61,0.0
2026-06-14,Facebook,Conv | Tof | Multicategory | CA | Direct | Growify,27.12,0.0,1,9,0.0
2026-06-14,Facebook,Conv | Tof | Multicategory | CA | Direct | Growify,1.17,0.0,0,1,0.0
2026-06-14,Facebook,Conv | Tof | Multicategory | CA | Direct | Growify,1674.8,0.0,81,944,0.0
2026-06-14,Facebook,Conv | Tof | Multicategory | CA | Direct | Growify,29.96,0.0,0,21,0.0
2026-06-14,Facebook,Conv | Tof | Multicategory | CA | Direct | Growify,0.0,0.0,0,0,0.0
2026-06-14,Facebook,Conv | Tof | Multicategory | CA | Direct | Growify,4.8,0.0,0,2,0.0
2026-06-14,Facebook,Conv | Tof | Multicategory | CA | Direct | Growify,2248.33,0.0,91,1426,0.0
2026-06-14,Facebook,Conv | Tof | Multicategory | CA | Direct | Growify,5.39,0.0,0,5,0.0
2026-06-14,Facebook,Conv | Tof | Multicategory | CA | Direct | Growify,71.93,0.0,1,53,0.0
2026-06-14,Facebook,Conv | Tof | Multicategory | CA | Direct | Growify,1546.96,0.0,60,1290,0.0
2026-06-14,Facebook,Conv | Tof | Multicategory | CA | Direct | Growify,0.33,0.0,0,1,0.0
2026-06-14,Facebook,Conv | Tof | Multicategory | CA | Direct | Growify,1.17,0.0,0,1,0.0
2026-06-14,Facebook,Conv | Tof | Multicategory | CA | Direct | Growify,40.36,0.0,0,22,0.0
2026-06-14,Facebook,Conv | Tof | Multicategory | CA | Direct | Growify,0.0,0.0,0,0,0.0
2026-06-14,Facebook,Conv | Tof | Multicategory | INT | Direct | Growify,26.97,0.0,0,19,0.0
2026-06-14,Facebook,Conv | Tof | Multicategory | INT | Direct | Growify,852.49,0.0,42,545,0.0
2026-06-14,Facebook,Conv | Tof | Multicategory | INT | Direct | Growify,258.64,0.0,9,118,0.0
2026-06-14,Facebook,Conv | Tof | Multicategory | INT | Direct | Growify,654.69,0.0,19,232,0.0
2026-06-14,Facebook,Conv | Tof | Multicategory | US | Direct | Growify,2602.81,0.0,95,836,0.0
2026-06-14,Facebook,Conv | Tof | Multicategory | US | Direct | Growify,89.72,0.0,9,32,0.0
2026-06-14,Facebook,Conv | Tof | Multicategory | US | Direct | Growify,100.15,0.0,0,18,0.0
2026-06-14,Facebook,Conv | Tof | Multicategory | US | Direct | Growify,1911.0,0.0,62,730,0.0
2026-06-14,Facebook,Conv | Tof | Multicategory | US | Direct | Growify,0.97,0.0,0,1,0.0
2026-06-14,Facebook,Conv | Tof | Multicategory | US | Direct | Growify,127.07,0.0,4,38,0.0
2026-06-14,Facebook,Growify | MOF & BOF | Sale | India +intl,154.73,0.0,25,724,0.0
2026-06-14,Facebook,Growify | MOF & BOF | Sale | India +intl,1865.8,4165.92,119,3254,1.0
2026-06-14,Facebook,Growify | MOF & BOF | Sale | India +intl,230.01,0.0,28,892,0.0
2026-06-14,Facebook,Growify | MOF & BOF | Sale | India +intl,616.39,0.0,13,290,0.0
2026-06-14,Facebook,Growify | MOF & BOF | Sale | India +intl,1792.45,0.0,65,1476,0.0
2026-06-14,Facebook,Growify | MOF & BOF | Sale | India +intl,416.66,0.0,23,411,0.0
2026-06-14,Facebook,Growify | MOF & BOF | Sale | India +intl,73.74,0.0,3,109,0.0
2026-06-14,Facebook,Growify | MOF & BOF | Sale | India +intl,13.76,0.0,0,14,0.0
2026-06-14,Facebook,Growify | MOF & BOF | Sale | India +intl,18.3,0.0,0,8,0.0
2026-06-14,Facebook,Growify | MOF & BOF | Sale | India +intl,595.67,0.0,8,288,0.0
2026-06-14,Facebook,Growify | MOF & BOF | Sale | India +intl,536.97,0.0,6,277,0.0
2026-06-14,Facebook,Growify | MOF & BOF | Sale | India +intl,44.27,0.0,1,34,0.0
2026-06-14,Facebook,Growify | MOF & BOF | Sale | India +intl,299.13,0.0,10,211,0.0
2026-06-14,Facebook,Growify | MOF & BOF | Sale | India +intl,91.42,0.0,0,37,0.0
2026-06-14,Facebook,Growify | MOF & BOF | Sale | India +intl,227.41,0.0,7,173,0.0
2026-06-14,Facebook,Growify | MOF & BOF | Sale | India +intl,21.78,0.0,0,14,0.0
2026-06-14,Facebook,Growify | MOF & BOF | Sale | India +intl,549.62,0.0,19,416,0.0
2026-06-14,Facebook,Growify | MOF & BOF | Sale | India +intl,0.72,0.0,0,4,0.0
2026-06-14,Facebook,Growify | MOF & BOF | Sale | India +intl,259.99,0.0,7,173,0.0
2026-06-14,Facebook,Growify | MOF & BOF | Sale | India +intl,10.04,0.0,0,6,0.0
2026-06-14,Facebook,Growify | MOF & BOF | Sale | India +intl,838.45,0.0,18,284,0.0
2026-06-14,Facebook,Growify | MOF & BOF | Sale | India +intl,6.49,0.0,0,11,0.0
2026-06-14,Facebook,Growify | MOF & BOF | Sale | India +intl,224.42,0.0,9,131,0.0
2026-06-14,Facebook,Growify | MOF & BOF | Sale | India +intl,24.66,0.0,6,75,0.0
2026-06-14,Facebook,Growify | MOF & BOF | Sale | India +intl,234.19,0.0,52,633,0.0
2026-06-14,Facebook,Growify | MOF & BOF | Sale | India +intl,2926.48,42537.0,1335,16744,1.0
2026-06-14,Facebook,Growify | TOF | Sale | India,0.74,0.0,0,4,0.0
2026-06-14,Facebook,Growify | TOF | Sale | India,0.0,0.0,0,0,0.0
2026-06-14,Facebook,Growify | TOF | Sale | India,163.22,0.0,59,883,0.0
2026-06-14,Facebook,Growify | TOF | Sale | US,446.61,0.0,42,416,0.0
2026-06-14,Facebook,Growify | TOF | Sale | US,404.58,0.0,28,266,0.0
2026-06-14,Facebook,Growify | TOF | Sale | US,1657.47,0.0,47,647,0.0
2026-06-14,Facebook,Growify | TOF | Sale | US,80.47,0.0,0,78,0.0
2026-06-14,Facebook,Growify | TOF | Sale | US,35.99,0.0,2,30,0.0
2026-06-14,Facebook,Growify | TOF | Sale | US,192.69,0.0,5,80,0.0
2026-06-14,Facebook,Growify | TOF | Sale | US,38.5,0.0,0,23,0.0
2026-06-14,Facebook,Growify | TOF | Sale | US,68.9,0.0,3,24,0.0
2026-06-14,Facebook,Growify | TOF | Sale | US,96.48,0.0,0,24,0.0
2026-06-14,Facebook,Growify | TOF | Sales | Australia | EOSS,113.36,0.0,2,58,0.0
2026-06-14,Facebook,Growify | TOF | Sales | Australia | EOSS,1573.35,28929.4,91,1085,1.0
2026-06-14,Facebook,Growify | TOF | Sales | Australia | EOSS,4.68,0.0,1,1,0.0
2026-06-14,Facebook,Growify | TOF | Sales | Australia | EOSS,202.66,0.0,1,56,0.0
2026-06-14,Facebook,Growify | TOF | Sales | Australia | EOSS,643.32,0.0,34,375,0.0
2026-06-14,Facebook,Growify | TOF | Sales | Australia | EOSS,36.39,0.0,1,11,0.0
2026-06-14,Facebook,Growify | TOF | Sales | Australia | EOSS,894.48,0.0,42,481,0.0
2026-06-14,Facebook,Growify | TOF | Sales | Australia | EOSS,1.39,0.0,0,2,0.0
2026-06-14,Facebook,Growify | TOF | Sales | Australia | EOSS,86.92,0.0,4,69,0.0
2026-06-14,Facebook,Growify | TOF | Sales | Australia | EOSS,1485.65,0.0,56,1184,0.0
2026-06-14,Facebook,Growify | TOF | Sales | India | Open,1899.54,5009.4,1289,23313,1.0
2026-06-14,Facebook,Growify | TOF | Sales | India | Open,29.5,0.0,22,314,0.0
2026-06-15,Facebook,Conv | Tof | Multi Category | Ind | Direct | Growify |,182.14,0.0,60,1411,0.0
2026-06-15,Facebook,Conv | Tof | Multi Category | Ind | Direct | Growify |,956.06,0.0,398,7965,0.0
2026-06-15,Facebook,Conv | Tof | Multi Category | Ind | Direct | Growify |,419.15,0.0,73,1408,0.0
2026-06-15,Facebook,Conv | Tof | Multi Category | Ind | Direct | Growify |,1218.46,0.0,321,7451,0.0
2026-06-15,Facebook,Conv | Tof | Multi Category | Ind | Direct | Growify |,0.0,0.0,0,0,0.0
2026-06-15,Facebook,Conv | Tof | Multi Category | Ind | Direct | Growify |,418.44,0.0,183,2352,0.0
2026-06-15,Facebook,Conv | Tof | Multi Category | Ind | Direct | Growify |,2632.26,1800.0,6852,38750,1.0
2026-06-15,Facebook,Conv | Tof | Multi Category | Ind | Direct | Growify |,131.9,0.0,15,201,0.0
2026-06-15,Facebook,Conv | Tof | Multi Category | Ind | Direct | Growify |,1840.51,6000.0,259,4088,1.0
2026-06-15,Facebook,Conv | Tof | Multi Category | Ind | Direct | Growify |,3079.78,21930.0,1553,12147,2.0
2026-06-15,Facebook,Conv | Tof | Multi Category | Ind | Direct | Growify |,73.51,0.0,4,263,0.0
2026-06-15,Facebook,Conv | Tof | Multicategory | CA | Direct | Growify,259.54,0.0,15,138,0.0
2026-06-15,Facebook,Conv | Tof | Multicategory | CA | Direct | Growify,286.65,0.0,6,133,0.0
2026-06-15,Facebook,Conv | Tof | Multicategory | CA | Direct | Growify,0.22,0.0,0,1,0.0
2026-06-15,Facebook,Conv | Tof | Multicategory | CA | Direct | Growify,1.85,0.0,0,3,0.0
2026-06-15,Facebook,Conv | Tof | Multicategory | CA | Direct | Growify,1116.79,0.0,29,970,0.0
2026-06-15,Facebook,Conv | Tof | Multicategory | CA | Direct | Growify,8.55,0.0,0,12,0.0
2026-06-15,Facebook,Conv | Tof | Multicategory | CA | Direct | Growify,0.0,0.0,0,0,0.0
2026-06-15,Facebook,Conv | Tof | Multicategory | CA | Direct | Growify,0.0,74440.0,0,0,1.0
2026-06-15,Facebook,Conv | Tof | Multicategory | CA | Direct | Growify,121.97,0.0,16,63,0.0
2026-06-15,Facebook,Conv | Tof | Multicategory | CA | Direct | Growify,2364.35,31224.1,126,1663,1.0
2026-06-15,Facebook,Conv | Tof | Multicategory | CA | Direct | Growify,47.53,0.0,1,49,0.0
2026-06-15,Facebook,Conv | Tof | Multicategory | CA | Direct | Growify,74.23,0.0,3,71,0.0
2026-06-15,Facebook,Conv | Tof | Multicategory | CA | Direct | Growify,1273.37,0.0,60,1299,0.0
2026-06-15,Facebook,Conv | Tof | Multicategory | CA | Direct | Growify,1.96,0.0,0,4,0.0
2026-06-15,Facebook,Conv | Tof | Multicategory | CA | Direct | Growify,43.28,0.0,0,30,0.0
2026-06-15,Facebook,Conv | Tof | Multicategory | CA | Direct | Growify,0.0,0.0,0,0,0.0
2026-06-15,Facebook,Conv | Tof | Multicategory | INT | Direct | Growify,23.55,0.0,0,19,0.0
2026-06-15,Facebook,Conv | Tof | Multicategory | INT | Direct | Growify,817.66,0.0,39,525,0.0
2026-06-15,Facebook,Conv | Tof | Multicategory | INT | Direct | Growify,0.0,0.0,0,0,0.0
2026-06-15,Facebook,Conv | Tof | Multicategory | INT | Direct | Growify,196.56,0.0,12,120,0.0
2026-06-15,Facebook,Conv | Tof | Multicategory | INT | Direct | Growify,651.52,0.0,20,253,0.0
2026-06-15,Facebook,Conv | Tof | Multicategory | US | Direct | Growify,3390.67,22884.1,108,1076,1.0
2026-06-15,Facebook,Conv | Tof | Multicategory | US | Direct | Growify,122.34,0.0,7,40,0.0
2026-06-15,Facebook,Conv | Tof | Multicategory | US | Direct | Growify,168.96,0.0,5,57,0.0
2026-06-15,Facebook,Conv | Tof | Multicategory | US | Direct | Growify,308.78,0.0,16,121,0.0
2026-06-15,Facebook,Conv | Tof | Multicategory | US | Direct | Growify,883.46,0.0,24,295,0.0
2026-06-15,Facebook,Conv | Tof | Multicategory | US | Direct | Growify,584.92,0.0,11,218,0.0
2026-06-15,Facebook,Growify | MOF & BOF | Sale | India +intl,186.28,0.0,7,202,0.0
2026-06-15,Facebook,Growify | MOF & BOF | Sale | India +intl,2141.69,34890.0,155,3756,3.0
2026-06-15,Facebook,Growify | MOF & BOF | Sale | India +intl,527.57,0.0,60,2015,0.0
2026-06-15,Facebook,Growify | MOF & BOF | Sale | India +intl,989.0,0.0,25,599,0.0
2026-06-15,Facebook,Growify | MOF & BOF | Sale | India +intl,2362.9,0.0,79,2168,0.0
2026-06-15,Facebook,Growify | MOF & BOF | Sale | India +intl,302.66,0.0,7,418,0.0
2026-06-15,Facebook,Growify | MOF & BOF | Sale | India +intl,724.24,0.0,22,410,0.0
2026-06-15,Facebook,Growify | MOF & BOF | Sale | India +intl,890.66,0.0,18,455,0.0
2026-06-15,Facebook,Growify | MOF & BOF | Sale | India +intl,86.72,0.0,2,33,0.0
2026-06-15,Facebook,Growify | MOF & BOF | Sale | India +intl,596.48,0.0,19,438,0.0
2026-06-15,Facebook,Growify | MOF & BOF | Sale | India +intl,106.68,0.0,5,41,0.0
2026-06-15,Facebook,Growify | MOF & BOF | Sale | India +intl,835.66,0.0,15,480,0.0
2026-06-15,Facebook,Growify | MOF & BOF | Sale | India +intl,122.84,0.0,2,40,0.0
2026-06-15,Facebook,Growify | MOF & BOF | Sale | India +intl,0.89,0.0,0,2,0.0
2026-06-15,Facebook,Growify | MOF & BOF | Sale | India +intl,75.06,0.0,0,39,0.0
2026-06-15,Facebook,Growify | MOF & BOF | Sale | India +intl,16.11,0.0,0,16,0.0
2026-06-15,Facebook,Growify | MOF & BOF | Sale | India +intl,94.01,0.0,1,29,0.0
2026-06-15,Facebook,Growify | MOF & BOF | Sale | India +intl,1701.47,0.0,23,557,0.0
2026-06-15,Facebook,Growify | MOF & BOF | Sale | India +intl,125.88,0.0,3,57,0.0
2026-06-15,Facebook,Growify | MOF & BOF | Sale | India +intl,68.88,0.0,36,299,0.0
2026-06-15,Facebook,Growify | MOF & BOF | Sale | India +intl,4309.22,48030.0,1799,24717,5.0
2026-06-15,Facebook,Growify | TOF | Sale | India,300.48,0.0,11,1645,0.0
2026-06-15,Facebook,Growify | TOF | Sale | India,25.89,0.0,1,206,0.0
2026-06-15,Facebook,Growify | TOF | Sale | US,571.93,0.0,26,599,0.0
2026-06-15,Facebook,Growify | TOF | Sale | US,713.27,0.0,36,391,0.0
2026-06-15,Facebook,Growify | TOF | Sale | US,2193.93,0.0,48,819,0.0
2026-06-15,Facebook,Growify | TOF | Sale | US,12.16,0.0,0,8,0.0
2026-06-15,Facebook,Growify | TOF | Sale | US,31.54,0.0,1,19,0.0
2026-06-15,Facebook,Growify | TOF | Sale | US,21.32,0.0,0,7,0.0
2026-06-15,Facebook,Growify | TOF | Sales | Australia | EOSS,0.0,0.0,0,0,0.0
2026-06-15,Facebook,Growify | TOF | Sales | Australia | EOSS,77.37,0.0,0,47,0.0
2026-06-15,Facebook,Growify | TOF | Sales | Australia | EOSS,1827.33,0.0,119,1099,0.0
2026-06-15,Facebook,Growify | TOF | Sales | Australia | EOSS,0.0,0.0,0,0,0.0
2026-06-15,Facebook,Growify | TOF | Sales | Australia | EOSS,92.62,0.0,8,44,0.0
2026-06-15,Facebook,Growify | TOF | Sales | Australia | EOSS,1501.89,0.0,111,763,0.0
2026-06-15,Facebook,Growify | TOF | Sales | Australia | EOSS,98.57,0.0,1,21,0.0
2026-06-15,Facebook,Growify | TOF | Sales | Australia | EOSS,100.65,0.0,0,45,0.0
2026-06-15,Facebook,Growify | TOF | Sales | Australia | EOSS,17.45,0.0,0,21,0.0
2026-06-15,Facebook,Growify | TOF | Sales | Australia | EOSS,91.38,0.0,3,80,0.0
2026-06-15,Facebook,Growify | TOF | Sales | Australia | EOSS,93.81,0.0,7,83,0.0
2026-06-15,Facebook,Growify | TOF | Sales | Australia | EOSS,130.57,0.0,10,76,0.0
2026-06-15,Facebook,Growify | TOF | Sales | Australia | EOSS,297.74,0.0,34,257,0.0
2026-06-15,Facebook,Growify | TOF | Sales | Australia | EOSS,1178.65,0.0,89,1024,0.0
2026-06-15,Facebook,Growify | TOF | Sales | India | Open,2134.15,1800.0,1193,25540,1.0
2026-06-15,Facebook,Growify | TOF | Sales | India | Open,576.16,1800.0,345,4227,1.0
2026-06-16,Facebook,Conv | Tof | Multi Category | Ind | Direct | Growify |,86.37,0.0,26,731,0.0
2026-06-16,Facebook,Conv | Tof | Multi Category | Ind | Direct | Growify |,630.5,0.0,312,6295,0.0
2026-06-16,Facebook,Conv | Tof | Multi Category | Ind | Direct | Growify |,188.18,0.0,60,1253,0.0
2026-06-16,Facebook,Conv | Tof | Multi Category | Ind | Direct | Growify |,693.02,0.0,348,7585,0.0
2026-06-16,Facebook,Conv | Tof | Multi Category | Ind | Direct | Growify |,623.26,0.0,282,2706,0.0
2026-06-16,Facebook,Conv | Tof | Multi Category | Ind | Direct | Growify |,2301.34,19870.0,6052,38340,2.0
2026-06-16,Facebook,Conv | Tof | Multi Category | Ind | Direct | Growify |,1.23,0.0,1,40,0.0
2026-06-16,Facebook,Conv | Tof | Multi Category | Ind | Direct | Growify |,243.6,0.0,19,527,0.0
2026-06-16,Facebook,Conv | Tof | Multi Category | Ind | Direct | Growify |,467.74,0.0,55,782,0.0
2026-06-16,Facebook,Conv | Tof | Multi Category | Ind | Direct | Growify |,1360.41,0.0,175,3061,0.0
2026-06-16,Facebook,Conv | Tof | Multi Category | Ind | Direct | Growify |,2109.79,0.0,1125,8993,0.0
2026-06-16,Facebook,Conv | Tof | Multi Category | Ind | Direct | Growify |,0.0,0.0,0,0,0.0
2026-06-16,Facebook,Conv | Tof | Multi Category | Ind | Direct | Growify |,92.36,0.0,17,240,0.0
2026-06-16,Facebook,Conv | Tof | Multi Category | Ind | Direct | Growify |,114.15,0.0,37,281,0.0
2026-06-16,Facebook,Conv | Tof | Multi Category | Ind | Direct | Growify |,326.92,0.0,41,1022,0.0
2026-06-16,Facebook,Conv | Tof | Multi Category | Ind | Direct | Growify |,436.92,0.0,69,1662,0.0
2026-06-16,Facebook,Conv | Tof | Multicategory | CA | Direct | Growify,85.17,0.0,2,38,0.0
2026-06-16,Facebook,Conv | Tof | Multicategory | CA | Direct | Growify,625.61,0.0,24,267,0.0
2026-06-16,Facebook,Conv | Tof | Multicategory | CA | Direct | Growify,3.14,0.0,0,2,0.0
2026-06-16,Facebook,Conv | Tof | Multicategory | CA | Direct | Growify,1309.780409,0.0,64,871,0.0
2026-06-16,Facebook,Conv | Tof | Multicategory | CA | Direct | Growify,33.399591,0.0,0,14,0.0
2026-06-16,Facebook,Conv | Tof | Multicategory | CA | Direct | Growify,6.54,0.0,0,5,0.0
2026-06-16,Facebook,Conv | Tof | Multicategory | CA | Direct | Growify,32.1,0.0,2,22,0.0
2026-06-16,Facebook,Conv | Tof | Multicategory | CA | Direct | Growify,42.88,0.0,0,13,0.0
2026-06-16,Facebook,Conv | Tof | Multicategory | CA | Direct | Growify,1695.66,0.0,112,1149,0.0
2026-06-16,Facebook,Conv | Tof | Multicategory | CA | Direct | Growify,0.0,0.0,0,0,0.0
2026-06-16,Facebook,Conv | Tof | Multicategory | CA | Direct | Growify,6.63,0.0,1,12,0.0
2026-06-16,Facebook,Conv | Tof | Multicategory | CA | Direct | Growify,224.5,0.0,12,222,0.0
2026-06-16,Facebook,Conv | Tof | Multicategory | CA | Direct | Growify,358.71,0.0,16,320,0.0
2026-06-16,Facebook,Conv | Tof | Multicategory | CA | Direct | Growify,555.93,0.0,14,456,0.0
2026-06-16,Facebook,Conv | Tof | Multicategory | CA | Direct | Growify,0.46,0.0,0,1,0.0
2026-06-16,Facebook,Conv | Tof | Multicategory | CA | Direct | Growify,7.54,0.0,0,2,0.0
2026-06-16,Facebook,Conv | Tof | Multicategory | CA | Direct | Growify,13.33,0.0,0,12,0.0
2026-06-16,Facebook,Conv | Tof | Multicategory | INT | Direct | Growify,390.4,0.0,14,284,0.0
2026-06-16,Facebook,Conv | Tof | Multicategory | INT | Direct | Growify,0.0,0.0,0,0,0.0
2026-06-16,Facebook,Conv | Tof | Multicategory | INT | Direct | Growify,178.73,0.0,5,86,0.0
2026-06-16,Facebook,Conv | Tof | Multicategory | INT | Direct | Growify,335.63,0.0,6,112,0.0
2026-06-16,Facebook,Conv | Tof | Multicategory | US | Direct | Growify,2962.36,0.0,95,900,0.0
2026-06-16,Facebook,Conv | Tof | Multicategory | US | Direct | Growify,24.74,0.0,1,8,0.0
2026-06-16,Facebook,Conv | Tof | Multicategory | US | Direct | Growify,400.73,0.0,15,98,0.0
2026-06-16,Facebook,Conv | Tof | Multicategory | US | Direct | Growify,883.28,0.0,35,252,0.0
2026-06-16,Facebook,Conv | Tof | Multicategory | US | Direct | Growify,297.36,0.0,8,78,0.0
2026-06-16,Facebook,Conv | Tof | Multicategory | US | Direct | Growify,3170.16,0.0,96,881,0.0
2026-06-16,Facebook,Conv | Tof | Multicategory | US | Direct | Growify,60.76,0.0,2,27,0.0
2026-06-16,Facebook,Conv | Tof | Multicategory | US | Direct | Growify,330.91,0.0,20,104,0.0
2026-06-16,Facebook,Growify | MOF & BOF | Sale | India +intl,86.31,0.0,15,432,0.0
2026-06-16,Facebook,Growify | MOF & BOF | Sale | India +intl,0.65,0.0,3,3,0.0
2026-06-16,Facebook,Growify | MOF & BOF | Sale | India +intl,760.9,0.0,65,1480,0.0
2026-06-16,Facebook,Growify | MOF & BOF | Sale | India +intl,2014.94,37679.4,326,8160,1.0
2026-06-16,Facebook,Growify | MOF & BOF | Sale | India +intl,0.0,0.0,0,0,0.0
2026-06-16,Facebook,Growify | MOF & BOF | Sale | India +intl,568.35,0.0,18,341,0.0
2026-06-16,Facebook,Growify | MOF & BOF | Sale | India +intl,1079.82,9100.0,37,748,1.0
2026-06-16,Facebook,Growify | MOF & BOF | Sale | India +intl,556.84,0.0,13,471,0.0
2026-06-16,Facebook,Growify | MOF & BOF | Sale | India +intl,941.84,0.0,45,1081,0.0
2026-06-16,Facebook,Growify | MOF & BOF | Sale | India +intl,109.85,0.0,7,60,0.0
2026-06-16,Facebook,Growify | MOF & BOF | Sale | India +intl,6.71,0.0,0,8,0.0
2026-06-16,Facebook,Growify | MOF & BOF | Sale | India +intl,410.76,0.0,4,190,0.0
2026-06-16,Facebook,Growify | MOF & BOF | Sale | India +intl,308.95,0.0,15,184,0.0
2026-06-16,Facebook,Growify | MOF & BOF | Sale | India +intl,199.0,0.0,5,125,0.0
2026-06-16,Facebook,Growify | MOF & BOF | Sale | India +intl,480.37,0.0,10,164,0.0
2026-06-16,Facebook,Growify | MOF & BOF | Sale | India +intl,133.41,0.0,2,68,0.0
2026-06-16,Facebook,Growify | MOF & BOF | Sale | India +intl,254.98,0.0,6,152,0.0
2026-06-16,Facebook,Growify | MOF & BOF | Sale | India +intl,277.85,0.0,5,184,0.0
2026-06-16,Facebook,Growify | MOF & BOF | Sale | India +intl,354.98,0.0,29,310,0.0
2026-06-16,Facebook,Growify | MOF & BOF | Sale | India +intl,328.87,0.0,12,192,0.0
2026-06-16,Facebook,Growify | MOF & BOF | Sale | India +intl,692.38,0.0,23,476,0.0
2026-06-16,Facebook,Growify | MOF & BOF | Sale | India +intl,2.89,0.0,1,5,0.0
2026-06-16,Facebook,Growify | MOF & BOF | Sale | India +intl,51.68,0.0,3,58,0.0
2026-06-16,Facebook,Growify | MOF & BOF | Sale | India +intl,740.58,0.0,36,544,0.0
2026-06-16,Facebook,Growify | MOF & BOF | Sale | India +intl,2.54,0.0,1,3,0.0
2026-06-16,Facebook,Growify | MOF & BOF | Sale | India +intl,3.94,0.0,0,4,0.0
2026-06-16,Facebook,Growify | MOF & BOF | Sale | India +intl,603.42,0.0,10,426,0.0
2026-06-16,Facebook,Growify | MOF & BOF | Sale | India +intl,0.0,0.0,0,0,0.0
2026-06-16,Facebook,Growify | MOF & BOF | Sale | India +intl,1451.65,0.0,28,407,0.0
2026-06-16,Facebook,Growify | MOF & BOF | Sale | India +intl,180.96,0.0,0,46,0.0
2026-06-16,Facebook,Growify | MOF & BOF | Sale | India +intl,603.09,0.0,14,273,0.0
2026-06-16,Facebook,Growify | MOF & BOF | Sale | India +intl,0.0,0.0,0,0,0.0
2026-06-16,Facebook,Growify | MOF & BOF | Sale | India +intl,14.11,0.0,10,73,0.0
2026-06-16,Facebook,Growify | MOF & BOF | Sale | India +intl,3802.35,85077.88,2349,29339,1.0
2026-06-16,Facebook,Growify | TOF | Sale | India,268.16,0.0,14,758,0.0
2026-06-16,Facebook,Growify | TOF | Sale | US,800.76,0.0,29,588,0.0
2026-06-16,Facebook,Growify | TOF | Sale | US,378.03,0.0,24,269,0.0
2026-06-16,Facebook,Growify | TOF | Sale | US,1689.67,0.0,50,674,0.0
2026-06-16,Facebook,Growify | TOF | Sale | US,117.02,0.0,5,115,0.0
2026-06-16,Facebook,Growify | TOF | Sale | US,44.01,0.0,1,19,0.0
2026-06-16,Facebook,Growify | TOF | Sale | US,145.22,0.0,3,69,0.0
2026-06-16,Facebook,Growify | TOF | Sales | Australia | EOSS,9.52,0.0,0,7,0.0
2026-06-16,Facebook,Growify | TOF | Sales | Australia | EOSS,10.97,33629.0,1,9,1.0
2026-06-16,Facebook,Growify | TOF | Sales | Australia | EOSS,1748.66,32670.0,98,939,1.0
2026-06-16,Facebook,Growify | TOF | Sales | Australia | EOSS,25.29,0.0,0,25,0.0
2026-06-16,Facebook,Growify | TOF | Sales | Australia | EOSS,67.94,0.0,2,34,0.0
2026-06-16,Facebook,Growify | TOF | Sales | Australia | EOSS,145.8,0.0,12,75,0.0
2026-06-16,Facebook,Growify | TOF | Sales | Australia | EOSS,359.15,0.0,27,213,0.0
2026-06-16,Facebook,Growify | TOF | Sales | Australia | EOSS,361.12,0.0,22,169,0.0
2026-06-16,Facebook,Growify | TOF | Sales | Australia | EOSS,845.41,0.0,47,377,0.0
2026-06-16,Facebook,Growify | TOF | Sales | Australia | EOSS,107.47,0.0,2,69,0.0
2026-06-16,Facebook,Growify | TOF | Sales | Australia | EOSS,13.16,0.0,1,10,0.0
2026-06-16,Facebook,Growify | TOF | Sales | Australia | EOSS,405.53,0.0,26,376,0.0
2026-06-16,Facebook,Growify | TOF | Sales | Australia | EOSS,786.45,0.0,46,670,0.0
2026-06-16,Facebook,Growify | TOF | Sales | India | Open,670.97,0.0,507,12238,0.0
2026-06-16,Facebook,Growify | TOF | Sales | India | Open,2186.13,0.0,1311,19536,0.0
2026-06-17,Facebook,Conv | Tof | Multi Category | Ind | Direct | Growify |,0.0,0.0,0,0,0.0
2026-06-17,Facebook,Conv | Tof | Multi Category | Ind | Direct | Growify |,0.0,0.0,0,0,0.0
2026-06-17,Facebook,Conv | Tof | Multi Category | Ind | Direct | Growify |,0.0,0.0,0,0,0.0
2026-06-17,Facebook,Conv | Tof | Multi Category | Ind | Direct | Growify |,0.0,0.0,0,0,0.0
2026-06-17,Facebook,Conv | Tof | Multi Category | Ind | Direct | Growify |,795.33,0.0,244,2633,0.0
2026-06-17,Facebook,Conv | Tof | Multi Category | Ind | Direct | Growify |,2682.08,0.0,6449,38721,0.0
2026-06-17,Facebook,Conv | Tof | Multi Category | Ind | Direct | Growify |,553.56,0.0,65,973,0.0
2026-06-17,Facebook,Conv | Tof | Multi Category | Ind | Direct | Growify |,1466.21,0.0,267,2608,0.0
2026-06-17,Facebook,Conv | Tof | Multi Category | Ind | Direct | Growify |,792.56,0.0,469,3662,0.0
2026-06-17,Facebook,Conv | Tof | Multi Category | Ind | Direct | Growify |,0.0,0.0,0,0,0.0
2026-06-17,Facebook,Conv | Tof | Multi Category | Ind | Direct | Growify |,11.39,0.0,5,62,0.0
2026-06-17,Facebook,Conv | Tof | Multi Category | Ind | Direct | Growify |,789.46,0.0,101,3053,0.0
2026-06-17,Facebook,Conv | Tof | Multi Category | Ind | Direct | Growify |,907.69,0.0,99,2882,0.0
2026-06-17,Facebook,Conv | Tof | Multicategory | CA | Direct | Growify,1648.23,0.0,89,852,0.0
2026-06-17,Facebook,Conv | Tof | Multicategory | CA | Direct | Growify,33.94,0.0,0,19,0.0
2026-06-17,Facebook,Conv | Tof | Multicategory | CA | Direct | Growify,0.0,0.0,0,0,0.0
2026-06-17,Facebook,Conv | Tof | Multicategory | CA | Direct | Growify,0.0,0.0,0,0,0.0
2026-06-17,Facebook,Conv | Tof | Multicategory | CA | Direct | Growify,192.33,0.0,10,138,0.0
2026-06-17,Facebook,Conv | Tof | Multicategory | CA | Direct | Growify,9.47,0.0,0,2,0.0
2026-06-17,Facebook,Conv | Tof | Multicategory | CA | Direct | Growify,103.56,0.0,4,74,0.0
2026-06-17,Facebook,Conv | Tof | Multicategory | CA | Direct | Growify,1573.4,0.0,91,1050,0.0
2026-06-17,Facebook,Conv | Tof | Multicategory | CA | Direct | Growify,0.0,0.0,0,0,0.0
2026-06-17,Facebook,Conv | Tof | Multicategory | CA | Direct | Growify,2.46,0.0,0,3,0.0
2026-06-17,Facebook,Conv | Tof | Multicategory | CA | Direct | Growify,4.3,0.0,1,8,0.0
2026-06-17,Facebook,Conv | Tof | Multicategory | CA | Direct | Growify,419.78,0.0,21,383,0.0
2026-06-17,Facebook,Conv | Tof | Multicategory | CA | Direct | Growify,598.24,0.0,26,676,0.0
2026-06-17,Facebook,Conv | Tof | Multicategory | CA | Direct | Growify,0.84,0.0,0,1,0.0
2026-06-17,Facebook,Conv | Tof | Multicategory | CA | Direct | Growify,7.5,0.0,0,6,0.0
2026-06-17,Facebook,Conv | Tof | Multicategory | CA | Direct | Growify,23.27,0.0,0,16,0.0
2026-06-17,Facebook,Conv | Tof | Multicategory | INT | Direct | Growify,11.61,0.0,0,11,0.0
2026-06-17,Facebook,Conv | Tof | Multicategory | INT | Direct | Growify,388.19,0.0,16,274,0.0
2026-06-17,Facebook,Conv | Tof | Multicategory | INT | Direct | Growify,208.52,0.0,3,64,0.0
2026-06-17,Facebook,Conv | Tof | Multicategory | INT | Direct | Growify,308.43,0.0,2,85,0.0
2026-06-17,Facebook,Conv | Tof | Multicategory | US | Direct | Growify,2745.83,33315.4,82,816,1.0
2026-06-17,Facebook,Conv | Tof | Multicategory | US | Direct | Growify,157.41,0.0,4,54,0.0
2026-06-17,Facebook,Conv | Tof | Multicategory | US | Direct | Growify,404.28,0.0,6,117,0.0
2026-06-17,Facebook,Conv | Tof | Multicategory | US | Direct | Growify,839.39,0.0,24,260,0.0
2026-06-17,Facebook,Conv | Tof | Multicategory | US | Direct | Growify,817.95,0.0,15,200,0.0
2026-06-17,Facebook,Conv | Tof | Multicategory | US | Direct | Growify,2320.55,0.0,53,614,0.0
2026-06-17,Facebook,Conv | Tof | Multicategory | US | Direct | Growify,25.34,0.0,3,12,0.0
2026-06-17,Facebook,Conv | Tof | Multicategory | US | Direct | Growify,33.79,0.0,0,11,0.0
2026-06-17,Facebook,Growify | MOF & BOF | Sale | India +intl,12.77,0.0,1,26,0.0
2026-06-17,Facebook,Growify | MOF & BOF | Sale | India +intl,1091.95,0.0,91,2437,0.0
2026-06-17,Facebook,Growify | MOF & BOF | Sale | India +intl,1120.93,0.0,237,4811,0.0
2026-06-17,Facebook,Growify | MOF & BOF | Sale | India +intl,753.58,0.0,17,428,0.0
2026-06-17,Facebook,Growify | MOF & BOF | Sale | India +intl,788.13,0.0,32,685,0.0
2026-06-17,Facebook,Growify | MOF & BOF | Sale | India +intl,225.47,27250.0,6,176,1.0
2026-06-17,Facebook,Growify | MOF & BOF | Sale | India +intl,976.52,0.0,54,1069,0.0
2026-06-17,Facebook,Growify | MOF & BOF | Sale | India +intl,56.83,0.0,1,36,0.0
2026-06-17,Facebook,Growify | MOF & BOF | Sale | India +intl,27.35,0.0,0,24,0.0
2026-06-17,Facebook,Growify | MOF & BOF | Sale | India +intl,608.2,0.0,22,491,0.0
2026-06-17,Facebook,Growify | MOF & BOF | Sale | India +intl,1176.59,0.0,66,1046,0.0
2026-06-17,Facebook,Growify | MOF & BOF | Sale | India +intl,643.22,0.0,25,496,0.0
2026-06-17,Facebook,Growify | MOF & BOF | Sale | India +intl,989.82,0.0,42,854,0.0
2026-06-17,Facebook,Growify | MOF & BOF | Sale | India +intl,116.49,0.0,0,53,0.0
2026-06-17,Facebook,Growify | MOF & BOF | Sale | India +intl,23.61,0.0,0,22,0.0
2026-06-17,Facebook,Growify | MOF & BOF | Sale | India +intl,1388.91,0.0,23,562,0.0
2026-06-17,Facebook,Growify | MOF & BOF | Sale | India +intl,561.9,0.0,7,201,0.0
2026-06-17,Facebook,Growify | MOF & BOF | Sale | India +intl,174.46,0.0,51,590,0.0
2026-06-17,Facebook,Growify | MOF & BOF | Sale | India +intl,237.11,0.0,60,1125,0.0
2026-06-17,Facebook,Growify | MOF & BOF | Sale | India +intl,3652.61,0.0,2078,25883,0.0
2026-06-17,Facebook,Growify | TOF | Sale | India,231.21,0.0,20,463,0.0
2026-06-17,Facebook,Growify | TOF | Sale | US,775.02,0.0,36,660,0.0
2026-06-17,Facebook,Growify | TOF | Sale | US,601.45,0.0,33,320,0.0
2026-06-17,Facebook,Growify | TOF | Sale | US,1625.47,0.0,32,670,0.0
2026-06-17,Facebook,Growify | TOF | Sale | US,45.25,0.0,2,24,0.0
2026-06-17,Facebook,Growify | TOF | Sale | US,1.94,0.0,0,2,0.0
2026-06-17,Facebook,Growify | TOF | Sale | US,127.29,0.0,4,21,0.0
2026-06-17,Facebook,Growify | TOF | Sales | Australia | EOSS,0.0,0.0,0,0,0.0
2026-06-17,Facebook,Growify | TOF | Sales | Australia | EOSS,2084.38,0.0,115,1078,0.0
2026-06-17,Facebook,Growify | TOF | Sales | Australia | EOSS,0.32,0.0,0,1,0.0
2026-06-17,Facebook,Growify | TOF | Sales | Australia | EOSS,0.44,0.0,0,1,0.0
2026-06-17,Facebook,Growify | TOF | Sales | Australia | EOSS,300.22,0.0,25,111,0.0
2026-06-17,Facebook,Growify | TOF | Sales | Australia | EOSS,504.15,0.0,28,252,0.0
2026-06-17,Facebook,Growify | TOF | Sales | Australia | EOSS,979.61,0.0,34,470,0.0
2026-06-17,Facebook,Growify | TOF | Sales | Australia | EOSS,0.0,0.0,0,0,0.0
2026-06-17,Facebook,Growify | TOF | Sales | Australia | EOSS,0.0,0.0,0,0,0.0
2026-06-17,Facebook,Growify | TOF | Sales | Australia | EOSS,0.0,0.0,0,0,0.0
2026-06-17,Facebook,Growify | TOF | Sales | Australia | EOSS,0.0,0.0,0,0,0.0
2026-06-17,Facebook,Growify | TOF | Sales | India | Open,721.52,0.0,580,11112,0.0
2026-06-17,Facebook,Growify | TOF | Sales | India | Open,1719.44,0.0,973,16873,0.0
2026-06-18,Facebook,Conv | Tof | Multi Category | Ind | Direct | Growify |,0.0,0.0,0,0,0.0
2026-06-18,Facebook,Conv | Tof | Multi Category | Ind | Direct | Growify |,0.0,0.0,0,0,0.0
2026-06-18,Facebook,Conv | Tof | Multi Category | Ind | Direct | Growify |,0.0,0.0,0,0,0.0
2026-06-18,Facebook,Conv | Tof | Multi Category | Ind | Direct | Growify |,0.0,0.0,0,0,0.0
2026-06-18,Facebook,Conv | Tof | Multi Category | Ind | Direct | Growify |,630.53,0.0,350,4722,0.0
2026-06-18,Facebook,Conv | Tof | Multi Category | Ind | Direct | Growify |,3040.53,0.0,9856,68985,0.0
2026-06-18,Facebook,Conv | Tof | Multi Category | Ind | Direct | Growify |,18.23,0.0,0,54,0.0
2026-06-18,Facebook,Conv | Tof | Multi Category | Ind | Direct | Growify |,271.27,0.0,14,442,0.0
2026-06-18,Facebook,Conv | Tof | Multi Category | Ind | Direct | Growify |,375.25,0.0,39,804,0.0
2026-06-18,Facebook,Conv | Tof | Multi Category | Ind | Direct | Growify |,404.71,0.0,42,745,0.0
2026-06-18,Facebook,Conv | Tof | Multi Category | Ind | Direct | Growify |,1033.23,0.0,138,3243,0.0
2026-06-18,Facebook,Conv | Tof | Multi Category | Ind | Direct | Growify |,1243.13,0.0,582,4472,0.0
2026-06-18,Facebook,Conv | Tof | Multi Category | Ind | Direct | Growify |,298.57,0.0,88,537,0.0
2026-06-18,Facebook,Conv | Tof | Multi Category | Ind | Direct | Growify |,845.73,1800.0,682,3787,1.0
2026-06-18,Facebook,Conv | Tof | Multi Category | Ind | Direct | Growify |,121.33,0.0,11,487,0.0
2026-06-18,Facebook,Conv | Tof | Multi Category | Ind | Direct | Growify |,147.29,9570.0,32,925,1.0
2026-06-18,Facebook,Conv | Tof | Multi Category | Ind | Direct | Growify |,95.17,0.0,31,279,0.0
2026-06-18,Facebook,Conv | Tof | Multi Category | Ind | Direct | Growify |,228.86,0.0,81,822,0.0
2026-06-18,Facebook,Conv | Tof | Multi Category | Ind | Direct | Growify |,921.57,0.0,466,3622,0.0
2026-06-18,Facebook,Conv | Tof | Multi Category | Ind | Direct | Growify |,0.06,0.0,0,1,0.0
2026-06-18,Facebook,Conv | Tof | Multi Category | Ind | Direct | Growify |,462.81,0.0,53,1423,0.0
2026-06-18,Facebook,Conv | Tof | Multicategory | CA | Direct | Growify,0.0,0.0,0,0,0.0
2026-06-18,Facebook,Conv | Tof | Multicategory | CA | Direct | Growify,544.33,0.0,19,275,0.0
2026-06-18,Facebook,Conv | Tof | Multicategory | CA | Direct | Growify,4.54,0.0,0,5,0.0
2026-06-18,Facebook,Conv | Tof | Multicategory | CA | Direct | Growify,0.0,0.0,0,0,0.0
2026-06-18,Facebook,Conv | Tof | Multicategory | CA | Direct | Growify,497.7,0.0,11,310,0.0
2026-06-18,Facebook,Conv | Tof | Multicategory | CA | Direct | Growify,3.71,0.0,0,5,0.0
2026-06-18,Facebook,Conv | Tof | Multicategory | CA | Direct | Growify,0.0,0.0,0,0,0.0
2026-06-18,Facebook,Conv | Tof | Multicategory | CA | Direct | Growify,358.35,0.0,10,360,0.0
2026-06-18,Facebook,Conv | Tof | Multicategory | CA | Direct | Growify,867.3,0.0,37,607,0.0
2026-06-18,Facebook,Conv | Tof | Multicategory | CA | Direct | Growify,1.1,0.0,0,2,0.0
2026-06-18,Facebook,Conv | Tof | Multicategory | CA | Direct | Growify,20.6,0.0,0,10,0.0
2026-06-18,Facebook,Conv | Tof | Multicategory | CA | Direct | Growify,190.4,0.0,8,110,0.0
2026-06-18,Facebook,Conv | Tof | Multicategory | CA | Direct | Growify,831.45,0.0,57,665,0.0
2026-06-18,Facebook,Conv | Tof | Multicategory | CA | Direct | Growify,854.71,0.0,51,638,0.0
2026-06-18,Facebook,Conv | Tof | Multicategory | CA | Direct | Growify,0.0,0.0,0,0,0.0
2026-06-18,Facebook,Conv | Tof | Multicategory | CA | Direct | Growify,10.32,0.0,1,6,0.0
2026-06-18,Facebook,Conv | Tof | Multicategory | CA | Direct | Growify,166.25,0.0,10,127,0.0
2026-06-18,Facebook,Conv | Tof | Multicategory | CA | Direct | Growify,902.61,0.0,55,1048,0.0
2026-06-18,Facebook,Conv | Tof | Multicategory | CA | Direct | Growify,1.04,0.0,0,3,0.0
2026-06-18,Facebook,Conv | Tof | Multicategory | CA | Direct | Growify,17.16,0.0,0,16,0.0
2026-06-18,Facebook,Conv | Tof | Multicategory | INT | Direct | Growify,388.61,0.0,13,257,0.0
2026-06-18,Facebook,Conv | Tof | Multicategory | INT | Direct | Growify,195.95,0.0,10,91,0.0
2026-06-18,Facebook,Conv | Tof | Multicategory | INT | Direct | Growify,333.71,0.0,6,121,0.0
2026-06-18,Facebook,Conv | Tof | Multicategory | US | Direct | Growify,174.76,0.0,7,64,0.0
2026-06-18,Facebook,Conv | Tof | Multicategory | US | Direct | Growify,270.6,0.0,1,64,0.0
2026-06-18,Facebook,Conv | Tof | Multicategory | US | Direct | Growify,562.14,0.0,11,184,0.0
2026-06-18,Facebook,Conv | Tof | Multicategory | US | Direct | Growify,20.35,0.0,0,14,0.0
2026-06-18,Facebook,Conv | Tof | Multicategory | US | Direct | Growify,455.37,0.0,12,181,0.0
2026-06-18,Facebook,Conv | Tof | Multicategory | US | Direct | Growify,3650.46,0.0,137,1060,0.0
2026-06-18,Facebook,Conv | Tof | Multicategory | US | Direct | Growify,134.57,0.0,6,57,0.0
2026-06-18,Facebook,Conv | Tof | Multicategory | US | Direct | Growify,221.6,0.0,9,58,0.0
2026-06-18,Facebook,Conv | Tof | Multicategory | US | Direct | Growify,385.08,0.0,3,110,0.0
2026-06-18,Facebook,Conv | Tof | Multicategory | US | Direct | Growify,235.25,0.0,1,29,0.0
2026-06-18,Facebook,Conv | Tof | Multicategory | US | Direct | Growify,1943.07,0.0,51,551,0.0
2026-06-18,Facebook,Conv | Tof | Multicategory | US | Direct | Growify,801.81,0.0,11,253,0.0
2026-06-18,Facebook,Conv | Tof | Multicategory | US | Direct | Growify,10.09,0.0,1,5,0.0
2026-06-18,Facebook,Conv | Tof | Multicategory | US | Direct | Growify,824.24,0.0,7,312,0.0
2026-06-18,Facebook,Growify | MOF & BOF | Sale | India +intl,42.49,0.0,2,95,0.0
2026-06-18,Facebook,Growify | MOF & BOF | Sale | India +intl,74.03,0.0,5,252,0.0
2026-06-18,Facebook,Growify | MOF & BOF | Sale | India +intl,1966.73,0.0,186,4356,0.0
2026-06-18,Facebook,Growify | MOF & BOF | Sale | India +intl,660.72,0.0,118,2866,0.0
2026-06-18,Facebook,Growify | MOF & BOF | Sale | India +intl,757.58,0.0,37,788,0.0
2026-06-18,Facebook,Growify | MOF & BOF | Sale | India +intl,965.76,0.0,35,849,0.0
2026-06-18,Facebook,Growify | MOF & BOF | Sale | India +intl,999.63,0.0,33,716,0.0
2026-06-18,Facebook,Growify | MOF & BOF | Sale | India +intl,185.67,0.0,4,191,0.0
2026-06-18,Facebook,Growify | MOF & BOF | Sale | India +intl,276.92,0.0,15,444,0.0
2026-06-18,Facebook,Growify | MOF & BOF | Sale | India +intl,620.88,0.0,11,202,0.0
2026-06-18,Facebook,Growify | MOF & BOF | Sale | India +intl,174.28,0.0,1,115,0.0
2026-06-18,Facebook,Growify | MOF & BOF | Sale | India +intl,0.0,0.0,0,0,0.0
2026-06-18,Facebook,Growify | MOF & BOF | Sale | India +intl,352.6,0.0,2,192,0.0
2026-06-18,Facebook,Growify | MOF & BOF | Sale | India +intl,499.58,0.0,20,383,0.0
2026-06-18,Facebook,Growify | MOF & BOF | Sale | India +intl,297.24,0.0,27,266,0.0
2026-06-18,Facebook,Growify | MOF & BOF | Sale | India +intl,634.87,0.0,29,558,0.0
2026-06-18,Facebook,Growify | MOF & BOF | Sale | India +intl,216.11,0.0,13,185,0.0
2026-06-18,Facebook,Growify | MOF & BOF | Sale | India +intl,361.19,0.0,19,358,0.0
2026-06-18,Facebook,Growify | MOF & BOF | Sale | India +intl,13.33,0.0,1,9,0.0
2026-06-18,Facebook,Growify | MOF & BOF | Sale | India +intl,5.27,0.0,0,3,0.0
2026-06-18,Facebook,Growify | MOF & BOF | Sale | India +intl,640.52,0.0,10,288,0.0
2026-06-18,Facebook,Growify | MOF & BOF | Sale | India +intl,1210.34,0.0,28,381,0.0
2026-06-18,Facebook,Growify | MOF & BOF | Sale | India +intl,150.24,0.0,7,83,0.0
2026-06-18,Facebook,Growify | MOF & BOF | Sale | India +intl,182.05,0.0,2,64,0.0
2026-06-18,Facebook,Growify | MOF & BOF | Sale | India +intl,179.95,0.0,23,471,0.0
2026-06-18,Facebook,Growify | MOF & BOF | Sale | India +intl,771.1,0.0,235,3755,0.0
2026-06-18,Facebook,Growify | MOF & BOF | Sale | India +intl,3315.69,0.0,1709,25648,0.0
2026-06-18,Facebook,Growify | TOF | Sale | India,197.55,0.0,13,525,0.0
2026-06-18,Facebook,Growify | TOF | Sale | US,249.73,0.0,8,253,0.0
2026-06-18,Facebook,Growify | TOF | Sale | US,171.45,0.0,14,96,0.0
2026-06-18,Facebook,Growify | TOF | Sale | US,1177.26,0.0,55,489,0.0
2026-06-18,Facebook,Growify | TOF | Sale | US,279.95,0.0,19,271,0.0
2026-06-18,Facebook,Growify | TOF | Sale | US,23.2,0.0,3,17,0.0
2026-06-18,Facebook,Growify | TOF | Sale | US,424.72,0.0,7,169,0.0
2026-06-18,Facebook,Growify | TOF | Sale | US,13.19,0.0,0,12,0.0
2026-06-18,Facebook,Growify | TOF | Sale | US,398.59,0.0,2,156,0.0
2026-06-18,Facebook,Growify | TOF | Sales | Australia | EOSS,8.92,0.0,0,8,0.0
2026-06-18,Facebook,Growify | TOF | Sales | Australia | EOSS,347.72,0.0,28,258,0.0
2026-06-18,Facebook,Growify | TOF | Sales | Australia | EOSS,1927.84,39460.0,85,1038,1.0
2026-06-18,Facebook,Growify | TOF | Sales | Australia | EOSS,16.09,0.0,0,9,0.0
2026-06-18,Facebook,Growify | TOF | Sales | Australia | EOSS,255.9,0.0,12,156,0.0
2026-06-18,Facebook,Growify | TOF | Sales | Australia | EOSS,281.42,0.0,14,119,0.0
2026-06-18,Facebook,Growify | TOF | Sales | Australia | EOSS,362.35,0.0,25,123,0.0
2026-06-18,Facebook,Growify | TOF | Sales | Australia | EOSS,1035.05,0.0,45,609,0.0
2026-06-18,Facebook,Growify | TOF | Sales | India | Open,87.79,0.0,63,2463,0.0
2026-06-18,Facebook,Growify | TOF | Sales | India | Open,2550.33,0.0,2068,61199,0.0
2026-06-18,Facebook,Growify | TOF | Sales | India | Open,0.0,0.0,0,0,0.0
2026-06-19,Facebook,Conv | Tof | Multi Category | Ind | Direct | Growify |,0.0,0.0,0,0,0.0
2026-06-19,Facebook,Conv | Tof | Multi Category | Ind | Direct | Growify |,0.0,0.0,0,0,0.0
2026-06-19,Facebook,Conv | Tof | Multi Category | Ind | Direct | Growify |,0.0,0.0,0,0,0.0
2026-06-19,Facebook,Conv | Tof | Multi Category | Ind | Direct | Growify |,514.4,0.0,307,6732,0.0
2026-06-19,Facebook,Conv | Tof | Multi Category | Ind | Direct | Growify |,2835.86,0.0,10313,91234,0.0
2026-06-19,Facebook,Conv | Tof | Multi Category | Ind | Direct | Growify |,0.0,0.0,0,0,0.0
2026-06-19,Facebook,Conv | Tof | Multi Category | Ind | Direct | Growify |,4.56,0.0,0,16,0.0
2026-06-19,Facebook,Conv | Tof | Multi Category | Ind | Direct | Growify |,4.92,0.0,2,22,0.0
2026-06-19,Facebook,Conv | Tof | Multi Category | Ind | Direct | Growify |,1870.84,32670.0,228,5459,1.0
2026-06-19,Facebook,Conv | Tof | Multi Category | Ind | Direct | Growify |,183.6,0.0,153,1224,0.0
2026-06-19,Facebook,Conv | Tof | Multi Category | Ind | Direct | Growify |,1966.1,0.0,1422,8880,0.0
2026-06-19,Facebook,Conv | Tof | Multi Category | Ind | Direct | Growify |,0.0,7000.0,0,0,1.0
2026-06-19,Facebook,Conv | Tof | Multi Category | Ind | Direct | Growify |,180.26,0.0,36,466,0.0
2026-06-19,Facebook,Conv | Tof | Multi Category | Ind | Direct | Growify |,605.59,0.0,127,1370,0.0
2026-06-19,Facebook,Conv | Tof | Multi Category | Ind | Direct | Growify |,1721.35,0.0,857,5912,0.0
2026-06-19,Facebook,Conv | Tof | Multi Category | Ind | Direct | Growify |,76.06,0.0,5,192,0.0
2026-06-19,Facebook,Conv | Tof | Multi Category | Ind | Direct | Growify |,225.92,0.0,113,691,0.0
2026-06-19,Facebook,Conv | Tof | Multi Category | Ind | Direct | Growify |,493.08,0.0,42,1203,0.0
2026-06-19,Facebook,Conv | Tof | Multicategory | CA | Direct | Growify,153.73,0.0,10,75,0.0
2026-06-19,Facebook,Conv | Tof | Multicategory | CA | Direct | Growify,1032.2,0.0,28,665,0.0
2026-06-19,Facebook,Conv | Tof | Multicategory | CA | Direct | Growify,7.43,0.0,0,13,0.0
2026-06-19,Facebook,Conv | Tof | Multicategory | CA | Direct | Growify,9.76,0.0,0,10,0.0
2026-06-19,Facebook,Conv | Tof | Multicategory | CA | Direct | Growify,990.1,0.0,28,995,0.0
2026-06-19,Facebook,Conv | Tof | Multicategory | CA | Direct | Growify,11.39,0.0,0,16,0.0
2026-06-19,Facebook,Conv | Tof | Multicategory | CA | Direct | Growify,0.0,0.0,0,0,0.0
2026-06-19,Facebook,Conv | Tof | Multicategory | CA | Direct | Growify,86.49,0.0,9,57,0.0
2026-06-19,Facebook,Conv | Tof | Multicategory | CA | Direct | Growify,2274.14,6100.0,142,1412,1.0
2026-06-19,Facebook,Conv | Tof | Multicategory | CA | Direct | Growify,43.63,0.0,0,36,0.0
2026-06-19,Facebook,Conv | Tof | Multicategory | CA | Direct | Growify,54.16,0.0,0,42,0.0
2026-06-19,Facebook,Conv | Tof | Multicategory | CA | Direct | Growify,64.56,0.0,2,55,0.0
2026-06-19,Facebook,Conv | Tof | Multicategory | CA | Direct | Growify,1466.7,0.0,88,1539,0.0
2026-06-19,Facebook,Conv | Tof | Multicategory | CA | Direct | Growify,0.31,0.0,0,1,0.0
2026-06-19,Facebook,Conv | Tof | Multicategory | CA | Direct | Growify,0.39,0.0,0,1,0.0
2026-06-19,Facebook,Conv | Tof | Multicategory | CA | Direct | Growify,0.58,0.0,0,1,0.0
2026-06-19,Facebook,Conv | Tof | Multicategory | CA | Direct | Growify,20.99,0.0,0,24,0.0
2026-06-19,Facebook,Conv | Tof | Multicategory | CA | Direct | Growify,0.0,0.0,0,0,0.0
2026-06-19,Facebook,Conv | Tof | Multicategory | INT | Direct | Growify,58.8,0.0,3,30,0.0
2026-06-19,Facebook,Conv | Tof | Multicategory | INT | Direct | Growify,341.67,0.0,8,240,0.0
2026-06-19,Facebook,Conv | Tof | Multicategory | INT | Direct | Growify,176.39,0.0,5,74,0.0
2026-06-19,Facebook,Conv | Tof | Multicategory | INT | Direct | Growify,299.55,0.0,5,101,0.0
2026-06-19,Facebook,Conv | Tof | Multicategory | US | Direct | Growify,403.49,0.0,8,99,0.0
2026-06-19,Facebook,Conv | Tof | Multicategory | US | Direct | Growify,455.0,0.0,18,152,0.0
2026-06-19,Facebook,Conv | Tof | Multicategory | US | Direct | Growify,1052.2,0.0,32,341,0.0
2026-06-19,Facebook,Conv | Tof | Multicategory | US | Direct | Growify,262.2,0.0,9,83,0.0
2026-06-19,Facebook,Conv | Tof | Multicategory | US | Direct | Growify,620.88,0.0,2,322,0.0
2026-06-19,Facebook,Conv | Tof | Multicategory | US | Direct | Growify,3800.4,0.0,120,1179,0.0
2026-06-19,Facebook,Conv | Tof | Multicategory | US | Direct | Growify,31.69,0.0,1,11,0.0
2026-06-19,Facebook,Conv | Tof | Multicategory | US | Direct | Growify,36.62,0.0,0,11,0.0
2026-06-19,Facebook,Conv | Tof | Multicategory | US | Direct | Growify,91.75,0.0,1,26,0.0
2026-06-19,Facebook,Conv | Tof | Multicategory | US | Direct | Growify,215.76,0.0,0,33,0.0
2026-06-19,Facebook,Conv | Tof | Multicategory | US | Direct | Growify,1026.42,0.0,22,417,0.0
2026-06-19,Facebook,Conv | Tof | Multicategory | US | Direct | Growify,16.129999,0.0,0,6,0.0
2026-06-19,Facebook,Conv | Tof | Multicategory | US | Direct | Growify,1676.06,0.0,23,809,0.0
2026-06-19,Facebook,Growify | MOF & BOF | Sale | India +intl,290.59,0.0,74,2906,0.0
2026-06-19,Facebook,Growify | MOF & BOF | Sale | India +intl,1948.31,0.0,160,4185,0.0
2026-06-19,Facebook,Growify | MOF & BOF | Sale | India +intl,497.37,0.0,73,1709,0.0
2026-06-19,Facebook,Growify | MOF & BOF | Sale | India +intl,356.31,0.0,21,359,0.0
2026-06-19,Facebook,Growify | MOF & BOF | Sale | India +intl,516.11,0.0,5,199,0.0
2026-06-19,Facebook,Growify | MOF & BOF | Sale | India +intl,1841.13,0.0,57,1703,0.0
2026-06-19,Facebook,Growify | MOF & BOF | Sale | India +intl,4.86,0.0,1,8,0.0
2026-06-19,Facebook,Growify | MOF & BOF | Sale | India +intl,179.58,0.0,6,201,0.0
2026-06-19,Facebook,Growify | MOF & BOF | Sale | India +intl,155.65,0.0,3,77,0.0
2026-06-19,Facebook,Growify | MOF & BOF | Sale | India +intl,220.68,0.0,1,60,0.0
2026-06-19,Facebook,Growify | MOF & BOF | Sale | India +intl,1237.49,0.0,25,850,0.0
2026-06-19,Facebook,Growify | MOF & BOF | Sale | India +intl,1049.99,0.0,28,748,0.0
2026-06-19,Facebook,Growify | MOF & BOF | Sale | India +intl,221.7,0.0,11,207,0.0
2026-06-19,Facebook,Growify | MOF & BOF | Sale | India +intl,452.72,0.0,15,385,0.0
2026-06-19,Facebook,Growify | MOF & BOF | Sale | India +intl,75.22,0.0,3,74,0.0
2026-06-19,Facebook,Growify | MOF & BOF | Sale | India +intl,295.13,0.0,11,243,0.0
2026-06-19,Facebook,Growify | MOF & BOF | Sale | India +intl,46.51,0.0,0,46,0.0
2026-06-19,Facebook,Growify | MOF & BOF | Sale | India +intl,26.55,0.0,0,6,0.0
2026-06-19,Facebook,Growify | MOF & BOF | Sale | India +intl,1607.41,0.0,42,639,0.0
2026-06-19,Facebook,Growify | MOF & BOF | Sale | India +intl,205.35,0.0,5,72,0.0
2026-06-19,Facebook,Growify | MOF & BOF | Sale | India +intl,95.26,0.0,0,38,0.0
2026-06-19,Facebook,Growify | MOF & BOF | Sale | India +intl,46.75,0.0,5,228,0.0
2026-06-19,Facebook,Growify | MOF & BOF | Sale | India +intl,570.62,0.0,172,3685,0.0
2026-06-19,Facebook,Growify | MOF & BOF | Sale | India +intl,4158.8,27390.0,2639,45638,1.0
2026-06-19,Facebook,Growify | TOF | Sale | India,143.92,0.0,12,240,0.0
2026-06-19,Facebook,Growify | TOF | Sale | US,2994.82,0.0,84,1268,0.0
2026-06-19,Facebook,Growify | TOF | Sale | US,739.27,0.0,16,303,0.0
2026-06-19,Facebook,Growify | TOF | Sale | US,8.39,0.0,0,8,0.0
2026-06-19,Facebook,Growify | TOF | Sales | Australia | EOSS,132.009999,0.0,5,85,0.0
2026-06-19,Facebook,Growify | TOF | Sales | Australia | EOSS,271.12,0.0,30,162,0.0
2026-06-19,Facebook,Growify | TOF | Sales | Australia | EOSS,2114.26,0.0,77,1048,0.0
2026-06-19,Facebook,Growify | TOF | Sales | Australia | EOSS,1.63,0.0,0,4,0.0
2026-06-19,Facebook,Growify | TOF | Sales | Australia | EOSS,37.75,0.0,2,24,0.0
2026-06-19,Facebook,Growify | TOF | Sales | Australia | EOSS,25.84,0.0,2,15,0.0
2026-06-19,Facebook,Growify | TOF | Sales | Australia | EOSS,249.53,0.0,5,131,0.0
2026-06-19,Facebook,Growify | TOF | Sales | Australia | EOSS,1492.59,0.0,56,898,0.0
2026-06-19,Facebook,Growify | TOF | Sales | India | Open,197.78,0.0,211,6776,0.0
2026-06-19,Facebook,Growify | TOF | Sales | India | Open,2248.17,0.0,2814,101948,0.0
2026-06-20,Facebook,Conv | Tof | Multi Category | Ind | Direct | Growify |,379.72,7200.0,468,6934,1.0
2026-06-20,Facebook,Conv | Tof | Multi Category | Ind | Direct | Growify |,3969.93,0.0,16034,129420,0.0
2026-06-20,Facebook,Conv | Tof | Multi Category | Ind | Direct | Growify |,0.0,0.0,0,0,0.0
2026-06-20,Facebook,Conv | Tof | Multi Category | Ind | Direct | Growify |,0.0,0.0,0,0,0.0
2026-06-20,Facebook,Conv | Tof | Multi Category | Ind | Direct | Growify |,7.51,0.0,2,26,0.0
2026-06-20,Facebook,Conv | Tof | Multi Category | Ind | Direct | Growify |,2025.47,0.0,330,7575,0.0
2026-06-20,Facebook,Conv | Tof | Multi Category | Ind | Direct | Growify |,43.59,0.0,45,326,0.0
2026-06-20,Facebook,Conv | Tof | Multi Category | Ind | Direct | Growify |,2253.93,0.0,1732,12335,0.0
2026-06-20,Facebook,Conv | Tof | Multi Category | Ind | Direct | Growify |,0.0,0.0,0,0,0.0
2026-06-20,Facebook,Conv | Tof | Multi Category | Ind | Direct | Growify |,0.0,0.0,0,0,0.0
2026-06-20,Facebook,Conv | Tof | Multi Category | Ind | Direct | Growify |,32.06,0.0,11,69,0.0
2026-06-20,Facebook,Conv | Tof | Multi Category | Ind | Direct | Growify |,345.99,0.0,72,809,0.0
2026-06-20,Facebook,Conv | Tof | Multi Category | Ind | Direct | Growify |,1236.13,0.0,683,4556,0.0
2026-06-20,Facebook,Conv | Tof | Multi Category | Ind | Direct | Growify |,105.85,0.0,5,237,0.0
2026-06-20,Facebook,Conv | Tof | Multi Category | Ind | Direct | Growify |,171.36,0.0,38,418,0.0
2026-06-20,Facebook,Conv | Tof | Multi Category | Ind | Direct | Growify |,172.68,5760.0,76,327,1.0
2026-06-20,Facebook,Conv | Tof | Multi Category | Ind | Direct | Growify |,461.07,0.0,50,1451,0.0
2026-06-20,Facebook,Conv | Tof | Multicategory | CA | Direct | Growify,33.56,0.0,0,21,0.0
2026-06-20,Facebook,Conv | Tof | Multicategory | CA | Direct | Growify,217.06,0.0,6,107,0.0
2026-06-20,Facebook,Conv | Tof | Multicategory | CA | Direct | Growify,0.74,0.0,0,1,0.0
2026-06-20,Facebook,Conv | Tof | Multicategory | CA | Direct | Growify,485.03,0.0,13,334,0.0
2026-06-20,Facebook,Conv | Tof | Multicategory | CA | Direct | Growify,13.4,0.0,0,6,0.0
2026-06-20,Facebook,Conv | Tof | Multicategory | CA | Direct | Growify,1274.45,0.0,29,1457,0.0
2026-06-20,Facebook,Conv | Tof | Multicategory | CA | Direct | Growify,17.98,0.0,0,20,0.0
2026-06-20,Facebook,Conv | Tof | Multicategory | CA | Direct | Growify,0.0,0.0,0,0,0.0
2026-06-20,Facebook,Conv | Tof | Multicategory | CA | Direct | Growify,0.78,0.0,0,1,0.0
2026-06-20,Facebook,Conv | Tof | Multicategory | CA | Direct | Growify,94.55,0.0,10,48,0.0
2026-06-20,Facebook,Conv | Tof | Multicategory | CA | Direct | Growify,1870.42,18770.0,104,1284,1.0
2026-06-20,Facebook,Conv | Tof | Multicategory | CA | Direct | Growify,21.89,0.0,0,11,0.0
2026-06-20,Facebook,Conv | Tof | Multicategory | CA | Direct | Growify,126.18,0.0,2,63,0.0
2026-06-20,Facebook,Conv | Tof | Multicategory | CA | Direct | Growify,883.93,0.0,63,1148,0.0
2026-06-20,Facebook,Conv | Tof | Multicategory | CA | Direct | Growify,22.91,0.0,0,28,0.0
2026-06-20,Facebook,Conv | Tof | Multicategory | CA | Direct | Growify,0.0,0.0,0,0,0.0
2026-06-20,Facebook,Conv | Tof | Multicategory | CA | Direct | Growify,621.07,0.0,29,597,0.0
2026-06-20,Facebook,Conv | Tof | Multicategory | CA | Direct | Growify,5.2,0.0,0,10,0.0
2026-06-20,Facebook,Conv | Tof | Multicategory | INT | Direct | Growify,20.57,0.0,1,26,0.0
2026-06-20,Facebook,Conv | Tof | Multicategory | INT | Direct | Growify,275.6,0.0,1,173,0.0
2026-06-20,Facebook,Conv | Tof | Multicategory | INT | Direct | Growify,114.47,0.0,6,48,0.0
2026-06-20,Facebook,Conv | Tof | Multicategory | INT | Direct | Growify,311.15,0.0,10,101,0.0
2026-06-20,Facebook,Conv | Tof | Multicategory | US | Direct | Growify,161.99,0.0,4,54,0.0
2026-06-20,Facebook,Conv | Tof | Multicategory | US | Direct | Growify,180.12,0.0,3,69,0.0
2026-06-20,Facebook,Conv | Tof | Multicategory | US | Direct | Growify,769.2,0.0,16,279,0.0
2026-06-20,Facebook,Conv | Tof | Multicategory | US | Direct | Growify,213.68,0.0,10,47,0.0
2026-06-20,Facebook,Conv | Tof | Multicategory | US | Direct | Growify,1200.39,0.0,14,527,0.0
2026-06-20,Facebook,Conv | Tof | Multicategory | US | Direct | Growify,3484.13,0.0,131,1047,0.0
2026-06-20,Facebook,Conv | Tof | Multicategory | US | Direct | Growify,54.77,0.0,0,18,0.0
2026-06-20,Facebook,Conv | Tof | Multicategory | US | Direct | Growify,92.71,0.0,2,28,0.0
2026-06-20,Facebook,Conv | Tof | Multicategory | US | Direct | Growify,150.88,0.0,3,55,0.0
2026-06-20,Facebook,Conv | Tof | Multicategory | US | Direct | Growify,387.68,0.0,6,94,0.0
2026-06-20,Facebook,Conv | Tof | Multicategory | US | Direct | Growify,0.0,0.0,0,0,0.0
2026-06-20,Facebook,Conv | Tof | Multicategory | US | Direct | Growify,533.61,0.0,11,247,0.0
2026-06-20,Facebook,Conv | Tof | Multicategory | US | Direct | Growify,1932.71,0.0,20,888,0.0
2026-06-20,Facebook,Growify | MOF & BOF | Sale | India +intl,2.53,0.0,0,18,0.0
2026-06-20,Facebook,Growify | MOF & BOF | Sale | India +intl,74.47,0.0,4,222,0.0
2026-06-20,Facebook,Growify | MOF & BOF | Sale | India +intl,2395.38,15630.0,197,5506,1.0
2026-06-20,Facebook,Growify | MOF & BOF | Sale | India +intl,521.01,0.0,83,2267,0.0
2026-06-20,Facebook,Growify | MOF & BOF | Sale | India +intl,514.83,0.0,21,293,0.0
2026-06-20,Facebook,Growify | MOF & BOF | Sale | India +intl,565.1,0.0,30,568,0.0
2026-06-20,Facebook,Growify | MOF & BOF | Sale | India +intl,1373.09,0.0,65,1641,0.0
2026-06-20,Facebook,Growify | MOF & BOF | Sale | India +intl,171.76,0.0,0,181,0.0
2026-06-20,Facebook,Growify | MOF & BOF | Sale | India +intl,19.19,0.0,0,31,0.0
2026-06-20,Facebook,Growify | MOF & BOF | Sale | India +intl,394.2,0.0,18,542,0.0
2026-06-20,Facebook,Growify | MOF & BOF | Sale | India +intl,416.6,0.0,8,253,0.0
2026-06-20,Facebook,Growify | MOF & BOF | Sale | India +intl,329.1,0.0,7,130,0.0
2026-06-20,Facebook,Growify | MOF & BOF | Sale | India +intl,1450.0,0.0,50,1376,0.0
2026-06-20,Facebook,Growify | MOF & BOF | Sale | India +intl,1329.46,0.0,54,1032,0.0
2026-06-20,Facebook,Growify | MOF & BOF | Sale | India +intl,51.88,0.0,1,63,0.0
2026-06-20,Facebook,Growify | MOF & BOF | Sale | India +intl,53.57,0.0,4,50,0.0
2026-06-20,Facebook,Growify | MOF & BOF | Sale | India +intl,106.78,0.0,8,106,0.0
2026-06-20,Facebook,Growify | MOF & BOF | Sale | India +intl,4.78,0.0,0,9,0.0
2026-06-20,Facebook,Growify | MOF & BOF | Sale | India +intl,11.6,0.0,0,16,0.0
2026-06-20,Facebook,Growify | MOF & BOF | Sale | India +intl,326.32,0.0,7,193,0.0
2026-06-20,Facebook,Growify | MOF & BOF | Sale | India +intl,795.18,0.0,11,347,0.0
2026-06-20,Facebook,Growify | MOF & BOF | Sale | India +intl,520.51,0.0,4,154,0.0
2026-06-20,Facebook,Growify | MOF & BOF | Sale | India +intl,0.0,0.0,0,0,0.0
2026-06-20,Facebook,Growify | MOF & BOF | Sale | India +intl,7.82,0.0,0,10,0.0
2026-06-20,Facebook,Growify | MOF & BOF | Sale | India +intl,184.2,0.0,2,66,0.0
2026-06-20,Facebook,Growify | MOF & BOF | Sale | India +intl,68.18,0.0,26,277,0.0
2026-06-20,Facebook,Growify | MOF & BOF | Sale | India +intl,441.06,0.0,205,3860,0.0
2026-06-20,Facebook,Growify | MOF & BOF | Sale | India +intl,4277.609999,9240.0,3171,51369,1.0
2026-06-20,Facebook,Growify | TOF | Sale | India,41.98,0.0,2,90,0.0
2026-06-20,Facebook,Growify | TOF | Sale | India,24.26,0.0,7,123,0.0
2026-06-20,Facebook,Growify | TOF | Sale | US,0.0,0.0,0,0,0.0
2026-06-20,Facebook,Growify | TOF | Sale | US,0.0,0.0,0,0,0.0
2026-06-20,Facebook,Growify | TOF | Sale | US,3108.95,0.0,82,1308,0.0
2026-06-20,Facebook,Growify | TOF | Sale | US,70.86,0.0,2,29,0.0
2026-06-20,Facebook,Growify | TOF | Sale | US,9.04,0.0,0,7,0.0
2026-06-20,Facebook,Growify | TOF | Sales | Australia | EOSS,586.34,0.0,21,345,0.0
2026-06-20,Facebook,Growify | TOF | Sales | Australia | EOSS,2664.68,0.0,148,1695,0.0
2026-06-20,Facebook,Growify | TOF | Sales | Australia | EOSS,92.39,0.0,0,43,0.0
2026-06-20,Facebook,Growify | TOF | Sales | Australia | EOSS,0.0,0.0,0,0,0.0
2026-06-20,Facebook,Growify | TOF | Sales | Australia | EOSS,200.97,0.0,14,104,0.0
2026-06-20,Facebook,Growify | TOF | Sales | Australia | EOSS,1086.38,0.0,57,707,0.0
2026-06-20,Facebook,Growify | TOF | Sales | India | Open,0.0,0.0,0,0,0.0
2026-06-20,Facebook,Growify | TOF | Sales | India | Open,2476.75,12210.0,3516,119455,1.0
2026-06-21,Facebook,Conv | Tof | Multi Category | Ind | Direct | Growify |,313.88,0.0,282,7495,0.0
2026-06-21,Facebook,Conv | Tof | Multi Category | Ind | Direct | Growify |,4053.76,0.0,12887,168821,0.0
2026-06-21,Facebook,Conv | Tof | Multi Category | Ind | Direct | Growify |,0.0,0.0,0,0,0.0
2026-06-21,Facebook,Conv | Tof | Multi Category | Ind | Direct | Growify |,12.12,0.0,0,42,0.0
2026-06-21,Facebook,Conv | Tof | Multi Category | Ind | Direct | Growify |,49.42,0.0,9,77,0.0
2026-06-21,Facebook,Conv | Tof | Multi Category | Ind | Direct | Growify |,1940.8,0.0,312,7343,0.0
2026-06-21,Facebook,Conv | Tof | Multi Category | Ind | Direct | Growify |,242.36,0.0,321,2534,0.0
2026-06-21,Facebook,Conv | Tof | Multi Category | Ind | Direct | Growify |,2255.59,0.0,1855,14236,0.0
2026-06-21,Facebook,Conv | Tof | Multi Category | Ind | Direct | Growify |,0.0,0.0,0,0,0.0
2026-06-21,Facebook,Conv | Tof | Multi Category | Ind | Direct | Growify |,0.0,0.0,0,0,0.0
2026-06-21,Facebook,Conv | Tof | Multi Category | Ind | Direct | Growify |,103.95,0.0,12,258,0.0
2026-06-21,Facebook,Conv | Tof | Multi Category | Ind | Direct | Growify |,1426.26,0.0,173,3267,0.0
2026-06-21,Facebook,Conv | Tof | Multi Category | Ind | Direct | Growify |,195.47,0.0,131,740,0.0
2026-06-21,Facebook,Conv | Tof | Multi Category | Ind | Direct | Growify |,922.72,0.0,116,2775,0.0
2026-06-21,Facebook,Conv | Tof | Multicategory | CA | Direct | Growify,118.59,0.0,3,75,0.0
2026-06-21,Facebook,Conv | Tof | Multicategory | CA | Direct | Growify,504.25,0.0,13,283,0.0
2026-06-21,Facebook,Conv | Tof | Multicategory | CA | Direct | Growify,3.27,0.0,0,4,0.0
2026-06-21,Facebook,Conv | Tof | Multicategory | CA | Direct | Growify,332.52,0.0,1,206,0.0
2026-06-21,Facebook,Conv | Tof | Multicategory | CA | Direct | Growify,21.83,0.0,0,13,0.0
2026-06-21,Facebook,Conv | Tof | Multicategory | CA | Direct | Growify,1232.61,0.0,44,1352,0.0
2026-06-21,Facebook,Conv | Tof | Multicategory | CA | Direct | Growify,38.25,0.0,0,20,0.0
2026-06-21,Facebook,Conv | Tof | Multicategory | CA | Direct | Growify,20.55,0.0,1,18,0.0
2026-06-21,Facebook,Conv | Tof | Multicategory | CA | Direct | Growify,41.68,0.0,2,13,0.0
2026-06-21,Facebook,Conv | Tof | Multicategory | CA | Direct | Growify,2370.19,0.0,110,1692,0.0
2026-06-21,Facebook,Conv | Tof | Multicategory | CA | Direct | Growify,0.0,0.0,0,0,0.0
2026-06-21,Facebook,Conv | Tof | Multicategory | CA | Direct | Growify,0.0,0.0,0,0,0.0
2026-06-21,Facebook,Conv | Tof | Multicategory | CA | Direct | Growify,1703.25,0.0,67,1693,0.0
2026-06-21,Facebook,Conv | Tof | Multicategory | CA | Direct | Growify,14.58,0.0,0,22,0.0
2026-06-21,Facebook,Conv | Tof | Multicategory | INT | Direct | Growify,402.51,0.0,23,318,0.0
2026-06-21,Facebook,Conv | Tof | Multicategory | INT | Direct | Growify,144.01,0.0,10,82,0.0
2026-06-21,Facebook,Conv | Tof | Multicategory | INT | Direct | Growify,445.44,0.0,8,141,0.0
2026-06-21,Facebook,Conv | Tof | Multicategory | INT | Direct | Growify,0.0,0.0,0,0,0.0
2026-06-21,Facebook,Conv | Tof | Multicategory | US | Direct | Growify,103.74,0.0,0,29,0.0
2026-06-21,Facebook,Conv | Tof | Multicategory | US | Direct | Growify,394.92,0.0,5,91,0.0
2026-06-21,Facebook,Conv | Tof | Multicategory | US | Direct | Growify,548.42,0.0,19,227,0.0
2026-06-21,Facebook,Conv | Tof | Multicategory | US | Direct | Growify,773.92,0.0,33,257,0.0
2026-06-21,Facebook,Conv | Tof | Multicategory | US | Direct | Growify,823.6,0.0,11,425,0.0
2026-06-21,Facebook,Conv | Tof | Multicategory | US | Direct | Growify,4508.3,12870.0,159,1447,1.0
2026-06-21,Facebook,Conv | Tof | Multicategory | US | Direct | Growify,0.0,0.0,0,0,0.0
2026-06-21,Facebook,Conv | Tof | Multicategory | US | Direct | Growify,0.0,0.0,0,0,0.0
2026-06-21,Facebook,Conv | Tof | Multicategory | US | Direct | Growify,1205.02,0.0,29,372,0.0
2026-06-21,Facebook,Conv | Tof | Multicategory | US | Direct | Growify,0.0,0.0,0,0,0.0
2026-06-21,Facebook,Conv | Tof | Multicategory | US | Direct | Growify,139.71,0.0,4,57,0.0
2026-06-21,Facebook,Conv | Tof | Multicategory | US | Direct | Growify,47.95,0.0,0,16,0.0
2026-06-21,Facebook,Conv | Tof | Multicategory | US | Direct | Growify,1591.79,0.0,27,804,0.0
2026-06-21,Facebook,Growify | MOF & BOF | Sale | India +intl,104.09,0.0,37,862,0.0
2026-06-21,Facebook,Growify | MOF & BOF | Sale | India +intl,9.09,0.0,0,22,0.0
2026-06-21,Facebook,Growify | MOF & BOF | Sale | India +intl,1973.71,5940.0,174,4300,1.0
2026-06-21,Facebook,Growify | MOF & BOF | Sale | India +intl,954.75,0.0,133,3370,0.0
2026-06-21,Facebook,Growify | MOF & BOF | Sale | India +intl,0.0,0.0,0,0,0.0
2026-06-21,Facebook,Growify | MOF & BOF | Sale | India +intl,542.35,0.0,6,289,0.0
2026-06-21,Facebook,Growify | MOF & BOF | Sale | India +intl,601.21,0.0,34,805,0.0
2026-06-21,Facebook,Growify | MOF & BOF | Sale | India +intl,26.44,0.0,0,32,0.0
2026-06-21,Facebook,Growify | MOF & BOF | Sale | India +intl,104.8,0.0,9,181,0.0
2026-06-21,Facebook,Growify | MOF & BOF | Sale | India +intl,1901.67,0.0,65,2256,0.0
2026-06-21,Facebook,Growify | MOF & BOF | Sale | India +intl,221.68,0.0,3,152,0.0
2026-06-21,Facebook,Growify | MOF & BOF | Sale | India +intl,226.1,0.0,3,99,0.0
2026-06-21,Facebook,Growify | MOF & BOF | Sale | India +intl,528.72,0.0,11,327,0.0
2026-06-21,Facebook,Growify | MOF & BOF | Sale | India +intl,492.39,0.0,22,496,0.0
2026-06-21,Facebook,Growify | MOF & BOF | Sale | India +intl,0.0,0.0,0,0,0.0
2026-06-21,Facebook,Growify | MOF & BOF | Sale | India +intl,0.0,0.0,0,0,0.0
2026-06-21,Facebook,Growify | MOF & BOF | Sale | India +intl,1609.04,0.0,54,1231,0.0
2026-06-21,Facebook,Growify | MOF & BOF | Sale | India +intl,1231.59,0.0,35,818,0.0
2026-06-21,Facebook,Growify | MOF & BOF | Sale | India +intl,55.33,0.0,1,28,0.0
2026-06-21,Facebook,Growify | MOF & BOF | Sale | India +intl,548.36,0.0,9,149,0.0
2026-06-21,Facebook,Growify | MOF & BOF | Sale | India +intl,2.7,0.0,0,1,0.0
2026-06-21,Facebook,Growify | MOF & BOF | Sale | India +intl,1516.37,0.0,38,740,0.0
2026-06-21,Facebook,Growify | MOF & BOF | Sale | India +intl,0.08,0.0,0,2,0.0
2026-06-21,Facebook,Growify | MOF & BOF | Sale | India +intl,690.98,0.0,306,6298,0.0
2026-06-21,Facebook,Growify | MOF & BOF | Sale | India +intl,4759.89,0.0,3255,66189,0.0
2026-06-21,Facebook,Growify | TOF | Sale | India,247.3,0.0,9,951,0.0
2026-06-21,Facebook,Growify | TOF | Sale | India,0.0,0.0,0,0,0.0
2026-06-21,Facebook,Growify | TOF | Sale | US,3393.47,0.0,84,1055,0.0
2026-06-21,Facebook,Growify | TOF | Sale | US,19.35,0.0,1,14,0.0
2026-06-21,Facebook,Growify | TOF | Sales | Australia | EOSS,302.48,0.0,13,153,0.0
2026-06-21,Facebook,Growify | TOF | Sales | Australia | EOSS,453.57,0.0,49,269,0.0
2026-06-21,Facebook,Growify | TOF | Sales | Australia | EOSS,2917.97,0.0,167,1729,0.0
2026-06-21,Facebook,Growify | TOF | Sales | Australia | EOSS,0.0,0.0,0,0,0.0
2026-06-21,Facebook,Growify | TOF | Sales | Australia | EOSS,73.69,0.0,1,48,0.0
2026-06-21,Facebook,Growify | TOF | Sales | Australia | EOSS,0.0,0.0,0,0,0.0
2026-06-21,Facebook,Growify | TOF | Sales | India | Open,170.42,0.0,243,10318,0.0
2026-06-21,Facebook,Growify | TOF | Sales | India | Open,2585.42,0.0,4146,152781,0.0
2026-06-21,Facebook,Growify | TOF | Sales | India | Open,0.0,0.0,0,0,0.0
2026-06-22,Facebook,Conv | Tof | Multi Category | Ind | Direct | Growify |,182.7,0.0,308,4132,0.0
2026-06-22,Facebook,Conv | Tof | Multi Category | Ind | Direct | Growify |,4130.67,0.0,20308,174159,0.0
2026-06-22,Facebook,Conv | Tof | Multi Category | Ind | Direct | Growify |,0.0,0.0,0,0,0.0
2026-06-22,Facebook,Conv | Tof | Multi Category | Ind | Direct | Growify |,13.43,0.0,5,77,0.0
2026-06-22,Facebook,Conv | Tof | Multi Category | Ind | Direct | Growify |,1816.22,8349.0,347,9403,1.0
2026-06-22,Facebook,Conv | Tof | Multi Category | Ind | Direct | Growify |,26.03,0.0,48,308,0.0
2026-06-22,Facebook,Conv | Tof | Multi Category | Ind | Direct | Growify |,2929.76,10560.0,3551,24646,2.0
2026-06-22,Facebook,Conv | Tof | Multi Category | Ind | Direct | Growify |,0.0,0.0,0,0,0.0
2026-06-22,Facebook,Conv | Tof | Multi Category | Ind | Direct | Growify |,0.0,0.0,0,0,0.0
2026-06-22,Facebook,Conv | Tof | Multi Category | Ind | Direct | Growify |,805.48,0.0,96,1948,0.0
2026-06-22,Facebook,Conv | Tof | Multi Category | Ind | Direct | Growify |,315.0,0.0,123,769,0.0
2026-06-22,Facebook,Conv | Tof | Multi Category | Ind | Direct | Growify |,1318.21,0.0,196,5447,0.0
2026-06-22,Facebook,Conv | Tof | Multicategory | CA | Direct | Growify,0.0,0.0,0,0,0.0
2026-06-22,Facebook,Conv | Tof | Multicategory | CA | Direct | Growify,18.72,0.0,5,15,0.0
2026-06-22,Facebook,Conv | Tof | Multicategory | CA | Direct | Growify,0.69,0.0,0,1,0.0
2026-06-22,Facebook,Conv | Tof | Multicategory | CA | Direct | Growify,47.43,0.0,1,29,0.0
2026-06-22,Facebook,Conv | Tof | Multicategory | CA | Direct | Growify,828.2,0.0,94,611,0.0
2026-06-22,Facebook,Conv | Tof | Multicategory | CA | Direct | Growify,1284.88,0.0,55,1482,0.0
2026-06-22,Facebook,Conv | Tof | Multicategory | CA | Direct | Growify,16.399999,0.0,0,10,0.0
2026-06-22,Facebook,Conv | Tof | Multicategory | CA | Direct | Growify,20.21,0.0,0,29,0.0
2026-06-22,Facebook,Conv | Tof | Multicategory | CA | Direct | Growify,247.12,0.0,9,180,0.0
2026-06-22,Facebook,Conv | Tof | Multicategory | CA | Direct | Growify,2178.32,0.0,174,1953,0.0
2026-06-22,Facebook,Conv | Tof | Multicategory | CA | Direct | Growify,0.0,0.0,0,0,0.0
2026-06-22,Facebook,Conv | Tof | Multicategory | CA | Direct | Growify,97.57,0.0,3,95,0.0
2026-06-22,Facebook,Conv | Tof | Multicategory | CA | Direct | Growify,122.34,0.0,2,113,0.0
2026-06-22,Facebook,Conv | Tof | Multicategory | CA | Direct | Growify,2.57,0.0,0,5,0.0
2026-06-22,Facebook,Conv | Tof | Multicategory | CA | Direct | Growify,1318.49,0.0,35,1104,0.0
2026-06-22,Facebook,Conv | Tof | Multicategory | CA | Direct | Growify,12.25,0.0,0,13,0.0
2026-06-22,Facebook,Conv | Tof | Multicategory | INT | Direct | Growify,25.81,0.0,0,28,0.0
2026-06-22,Facebook,Conv | Tof | Multicategory | INT | Direct | Growify,407.91,0.0,27,339,0.0
2026-06-22,Facebook,Conv | Tof | Multicategory | INT | Direct | Growify,191.57,0.0,8,67,0.0
2026-06-22,Facebook,Conv | Tof | Multicategory | INT | Direct | Growify,383.61,0.0,19,106,0.0
2026-06-22,Facebook,Conv | Tof | Multicategory | US | Direct | Growify,1.97,0.0,1,4,0.0
2026-06-22,Facebook,Conv | Tof | Multicategory | US | Direct | Growify,90.39,0.0,0,38,0.0
2026-06-22,Facebook,Conv | Tof | Multicategory | US | Direct | Growify,324.43,0.0,12,78,0.0
2026-06-22,Facebook,Conv | Tof | Multicategory | US | Direct | Growify,943.06,0.0,27,340,0.0
2026-06-22,Facebook,Conv | Tof | Multicategory | US | Direct | Growify,1621.12,0.0,46,895,0.0
2026-06-22,Facebook,Conv | Tof | Multicategory | US | Direct | Growify,4159.149999,0.0,175,1455,0.0
2026-06-22,Facebook,Conv | Tof | Multicategory | US | Direct | Growify,9.73,0.0,1,6,0.0
2026-06-22,Facebook,Conv | Tof | Multicategory | US | Direct | Growify,13.94,0.0,0,6,0.0
2026-06-22,Facebook,Conv | Tof | Multicategory | US | Direct | Growify,120.35,0.0,1,54,0.0
2026-06-22,Facebook,Conv | Tof | Multicategory | US | Direct | Growify,322.78,0.0,13,142,0.0
2026-06-22,Facebook,Conv | Tof | Multicategory | US | Direct | Growify,19.15,0.0,0,8,0.0
2026-06-22,Facebook,Conv | Tof | Multicategory | US | Direct | Growify,28.5,0.0,0,15,0.0
2026-06-22,Facebook,Conv | Tof | Multicategory | US | Direct | Growify,2708.36,0.0,34,1203,0.0
2026-06-22,Facebook,Growify | MOF & BOF | Sale | India +intl,37.39,0.0,5,75,0.0
2026-06-22,Facebook,Growify | MOF & BOF | Sale | India +intl,2499.21,0.0,220,5737,0.0
2026-06-22,Facebook,Growify | MOF & BOF | Sale | India +intl,631.1,0.0,107,2320,0.0
2026-06-22,Facebook,Growify | MOF & BOF | Sale | India +intl,693.04,0.0,21,553,0.0
2026-06-22,Facebook,Growify | MOF & BOF | Sale | India +intl,1376.41,0.0,68,1704,0.0
2026-06-22,Facebook,Growify | MOF & BOF | Sale | India +intl,263.209999,0.0,8,426,0.0
2026-06-22,Facebook,Growify | MOF & BOF | Sale | India +intl,1032.859999,0.0,21,1192,0.0
2026-06-22,Facebook,Growify | MOF & BOF | Sale | India +intl,442.35,0.0,15,230,0.0
2026-06-22,Facebook,Growify | MOF & BOF | Sale | India +intl,272.65,0.0,8,189,0.0
2026-06-22,Facebook,Growify | MOF & BOF | Sale | India +intl,595.76,0.0,26,608,0.0
2026-06-22,Facebook,Growify | MOF & BOF | Sale | India +intl,1015.16,0.0,43,1073,0.0
2026-06-22,Facebook,Growify | MOF & BOF | Sale | India +intl,534.15,0.0,19,458,0.0
2026-06-22,Facebook,Growify | MOF & BOF | Sale | India +intl,407.47,0.0,12,242,0.0
2026-06-22,Facebook,Growify | MOF & BOF | Sale | India +intl,118.44,0.0,3,87,0.0
2026-06-22,Facebook,Growify | MOF & BOF | Sale | India +intl,58.31,0.0,3,56,0.0
2026-06-22,Facebook,Growify | MOF & BOF | Sale | India +intl,39.67,0.0,0,11,0.0
2026-06-22,Facebook,Growify | MOF & BOF | Sale | India +intl,1131.3,0.0,21,373,0.0
2026-06-22,Facebook,Growify | MOF & BOF | Sale | India +intl,30.74,0.0,0,10,0.0
2026-06-22,Facebook,Growify | MOF & BOF | Sale | India +intl,748.64,0.0,13,325,0.0
2026-06-22,Facebook,Growify | MOF & BOF | Sale | India +intl,176.91,0.0,80,1457,0.0
2026-06-22,Facebook,Growify | MOF & BOF | Sale | India +intl,380.45,8580.0,172,2916,2.0
2026-06-22,Facebook,Growify | MOF & BOF | Sale | India +intl,5112.73,0.0,4160,63809,0.0
2026-06-22,Facebook,Growify | TOF | Sale | India,199.29,0.0,13,635,0.0
2026-06-22,Facebook,Growify | TOF | Sale | India,16.629999,0.0,4,123,0.0
2026-06-22,Facebook,Growify | TOF | Sale | US,3128.99,0.0,49,1027,0.0
2026-06-22,Facebook,Growify | TOF | Sale | US,0.0,0.0,0,0,0.0
2026-06-22,Facebook,Growify | TOF | Sale | US,95.98,0.0,3,46,0.0
2026-06-22,Facebook,Growify | TOF | Sale | US,7.53,0.0,1,2,0.0
2026-06-22,Facebook,Growify | TOF | Sales | Australia | EOSS,62.95,0.0,1,54,0.0
2026-06-22,Facebook,Growify | TOF | Sales | Australia | EOSS,82.44,0.0,1,46,0.0
2026-06-22,Facebook,Growify | TOF | Sales | Australia | EOSS,3484.52,0.0,198,2099,0.0
2026-06-22,Facebook,Growify | TOF | Sales | Australia | EOSS,6.31,0.0,1,1,0.0
2026-06-22,Facebook,Growify | TOF | Sales | India | Open,50.84,0.0,64,2381,0.0
2026-06-22,Facebook,Growify | TOF | Sales | India | Open,2586.24,13274.1,4008,128980,2.0
2026-06-23,Facebook,Conv | Tof | Multi Category | Ind | Direct | Growify |,556.97,0.0,3115,15806,0.0
2026-06-23,Facebook,Conv | Tof | Multi Category | Ind | Direct | Growify |,3341.69,0.0,17507,153090,0.0
2026-06-23,Facebook,Conv | Tof | Multi Category | Ind | Direct | Growify |,5.3,0.0,2,34,0.0
2026-06-23,Facebook,Conv | Tof | Multi Category | Ind | Direct | Growify |,30.5,0.0,3,49,0.0
2026-06-23,Facebook,Conv | Tof | Multi Category | Ind | Direct | Growify |,2050.969999,0.0,273,6951,0.0
2026-06-23,Facebook,Conv | Tof | Multi Category | Ind | Direct | Growify |,135.09,0.0,76,844,0.0
2026-06-23,Facebook,Conv | Tof | Multi Category | Ind | Direct | Growify |,2432.41,3471.6,2992,20948,1.0
2026-06-23,Facebook,Conv | Tof | Multi Category | Ind | Direct | Growify |,268.92,0.0,41,817,0.0
2026-06-23,Facebook,Conv | Tof | Multi Category | Ind | Direct | Growify |,235.03,0.0,37,582,0.0
2026-06-23,Facebook,Conv | Tof | Multi Category | Ind | Direct | Growify |,71.6,0.0,6,137,0.0
2026-06-23,Facebook,Conv | Tof | Multi Category | Ind | Direct | Growify |,2135.3,7425.0,213,4717,1.0
2026-06-23,Facebook,Conv | Tof | Multi Category | Ind | Direct | Growify |,249.13,0.0,19,571,0.0
2026-06-23,Facebook,Conv | Tof | Multi Category | Ind | Direct | Growify |,613.16,0.0,425,3162,0.0
2026-06-23,Facebook,Conv | Tof | Multi Category | Ind | Direct | Growify | LAL,1927.26,0.0,542,12682,0.0
2026-06-23,Facebook,Conv | Tof | Multicategory | CA | Direct | Growify,195.18,0.0,22,125,0.0
2026-06-23,Facebook,Conv | Tof | Multicategory | CA | Direct | Growify,429.74,0.0,16,188,0.0
2026-06-23,Facebook,Conv | Tof | Multicategory | CA | Direct | Growify,1.58,0.0,0,4,0.0
2026-06-23,Facebook,Conv | Tof | Multicategory | CA | Direct | Growify,3.76,0.0,0,1,0.0
2026-06-23,Facebook,Conv | Tof | Multicategory | CA | Direct | Growify,0.34,0.0,0,1,0.0
2026-06-23,Facebook,Conv | Tof | Multicategory | CA | Direct | Growify,641.99,0.0,18,679,0.0
2026-06-23,Facebook,Conv | Tof | Multicategory | CA | Direct | Growify,1353.81,0.0,48,781,0.0
2026-06-23,Facebook,Conv | Tof | Multicategory | CA | Direct | Growify,5.94,0.0,0,8,0.0
2026-06-23,Facebook,Conv | Tof | Multicategory | CA | Direct | Growify,6.49,0.0,0,7,0.0
2026-06-23,Facebook,Conv | Tof | Multicategory | CA | Direct | Growify,0.0,0.0,0,0,0.0
2026-06-23,Facebook,Conv | Tof | Multicategory | CA | Direct | Growify,2.3,0.0,0,2,0.0
2026-06-23,Facebook,Conv | Tof | Multicategory | CA | Direct | Growify,66.129999,0.0,6,43,0.0
2026-06-23,Facebook,Conv | Tof | Multicategory | CA | Direct | Growify,2241.47,0.0,129,1540,0.0
2026-06-23,Facebook,Conv | Tof | Multicategory | CA | Direct | Growify,24.62,0.0,2,30,0.0
2026-06-23,Facebook,Conv | Tof | Multicategory | CA | Direct | Growify,46.97,0.0,9,52,0.0
2026-06-23,Facebook,Conv | Tof | Multicategory | CA | Direct | Growify,103.7,0.0,4,46,0.0
2026-06-23,Facebook,Conv | Tof | Multicategory | CA | Direct | Growify,339.2,0.0,11,295,0.0
2026-06-23,Facebook,Conv | Tof | Multicategory | CA | Direct | Growify,1.4,0.0,0,1,0.0
2026-06-23,Facebook,Conv | Tof | Multicategory | CA | Direct | Growify,1.79,0.0,0,1,0.0
2026-06-23,Facebook,Conv | Tof | Multicategory | CA | Direct | Growify,94.36,0.0,2,42,0.0
2026-06-23,Facebook,Conv | Tof | Multicategory | CA | Direct | Growify,251.72,0.0,13,181,0.0
2026-06-23,Facebook,Conv | Tof | Multicategory | CA | Direct | Growify,2.8,0.0,0,3,0.0
2026-06-23,Facebook,Conv | Tof | Multicategory | CA | Direct | Growify,0.0,0.0,0,0,0.0
2026-06-23,Facebook,Conv | Tof | Multicategory | CA | Direct | Growify,0.28,0.0,0,1,0.0
2026-06-23,Facebook,Conv | Tof | Multicategory | CA | Direct | Growify,1.43,0.0,0,2,0.0
2026-06-23,Facebook,Conv | Tof | Multicategory | CA | Direct | Growify,987.61,0.0,52,798,0.0
2026-06-23,Facebook,Conv | Tof | Multicategory | CA | Direct | Growify,7.59,0.0,0,10,0.0
2026-06-23,Facebook,Conv | Tof | Multicategory | INT | Direct | Growify,458.31,0.0,18,352,0.0
2026-06-23,Facebook,Conv | Tof | Multicategory | INT | Direct | Growify,106.09,0.0,4,81,0.0
2026-06-23,Facebook,Conv | Tof | Multicategory | INT | Direct | Growify,446.14,0.0,3,145,0.0
2026-06-23,Facebook,Conv | Tof | Multicategory | US | Direct | Growify,3.95,0.0,0,3,0.0
2026-06-23,Facebook,Conv | Tof | Multicategory | US | Direct | Growify,341.29,0.0,21,177,0.0
2026-06-23,Facebook,Conv | Tof | Multicategory | US | Direct | Growify,512.37,0.0,14,228,0.0
2026-06-23,Facebook,Conv | Tof | Multicategory | US | Direct | Growify,275.67,0.0,4,113,0.0
2026-06-23,Facebook,Conv | Tof | Multicategory | US | Direct | Growify,510.98,0.0,14,218,0.0
2026-06-23,Facebook,Conv | Tof | Multicategory | US | Direct | Growify,366.33,0.0,5,159,0.0
2026-06-23,Facebook,Conv | Tof | Multicategory | US | Direct | Growify,727.45,0.0,5,281,0.0
2026-06-23,Facebook,Conv | Tof | Multicategory | US | Direct | Growify,383.36,0.0,9,256,0.0
2026-06-23,Facebook,Conv | Tof | Multicategory | US | Direct | Growify,4149.96,0.0,136,1498,0.0
2026-06-23,Facebook,Conv | Tof | Multicategory | US | Direct | Growify,6.55,0.0,0,4,0.0
2026-06-23,Facebook,Conv | Tof | Multicategory | US | Direct | Growify,93.14,0.0,1,30,0.0
2026-06-23,Facebook,Conv | Tof | Multicategory | US | Direct | Growify,1403.01,0.0,45,446,0.0
2026-06-23,Facebook,Conv | Tof | Multicategory | US | Direct | Growify,0.0,0.0,0,0,0.0
2026-06-23,Facebook,Conv | Tof | Multicategory | US | Direct | Growify,1357.39,0.0,19,787,0.0
2026-06-23,Facebook,Growify | MOF & BOF | Sale | India +intl,2127.239999,0.0,403,6349,0.0
2026-06-23,Facebook,Growify | MOF & BOF | Sale | India +intl,187.98,2805.0,24,532,1.0
2026-06-23,Facebook,Growify | MOF & BOF | Sale | India +intl,36.89,0.0,6,316,0.0
2026-06-23,Facebook,Growify | MOF & BOF | Sale | India +intl,641.25,0.0,60,1633,0.0
2026-06-23,Facebook,Growify | MOF & BOF | Sale | India +intl,665.51,0.0,95,2223,0.0
2026-06-23,Facebook,Growify | MOF & BOF | Sale | India +intl,1649.34,15871.6,86,1411,1.0
2026-06-23,Facebook,Growify | MOF & BOF | Sale | India +intl,344.68,0.0,9,251,0.0
2026-06-23,Facebook,Growify | MOF & BOF | Sale | India +intl,737.25,0.0,19,505,0.0
2026-06-23,Facebook,Growify | MOF & BOF | Sale | India +intl,802.65,11825.0,40,1186,1.0
2026-06-23,Facebook,Growify | MOF & BOF | Sale | India +intl,265.49,0.0,8,267,0.0
2026-06-23,Facebook,Growify | MOF & BOF | Sale | India +intl,8.79,0.0,2,16,0.0
2026-06-23,Facebook,Growify | MOF & BOF | Sale | India +intl,483.49,0.0,11,301,0.0
2026-06-23,Facebook,Growify | MOF & BOF | Sale | India +intl,676.96,0.0,41,533,0.0
2026-06-23,Facebook,Growify | MOF & BOF | Sale | India +intl,559.27,0.0,12,317,0.0
2026-06-23,Facebook,Growify | MOF & BOF | Sale | India +intl,171.85,0.0,4,108,0.0
2026-06-23,Facebook,Growify | MOF & BOF | Sale | India +intl,111.53,0.0,2,65,0.0
2026-06-23,Facebook,Growify | MOF & BOF | Sale | India +intl,288.26,0.0,7,209,0.0
2026-06-23,Facebook,Growify | MOF & BOF | Sale | India +intl,193.52,0.0,5,105,0.0
2026-06-23,Facebook,Growify | MOF & BOF | Sale | India +intl,409.3,0.0,15,446,0.0
2026-06-23,Facebook,Growify | MOF & BOF | Sale | India +intl,418.8,0.0,19,512,0.0
2026-06-23,Facebook,Growify | MOF & BOF | Sale | India +intl,0.0,0.0,0,0,0.0
2026-06-23,Facebook,Growify | MOF & BOF | Sale | India +intl,242.37,0.0,9,168,0.0
2026-06-23,Facebook,Growify | MOF & BOF | Sale | India +intl,101.83,0.0,0,54,0.0
2026-06-23,Facebook,Growify | MOF & BOF | Sale | India +intl,12.21,0.0,1,17,0.0
2026-06-23,Facebook,Growify | MOF & BOF | Sale | India +intl,10.84,0.0,0,4,0.0
2026-06-23,Facebook,Growify | MOF & BOF | Sale | India +intl,1457.51,0.0,37,494,0.0
2026-06-23,Facebook,Growify | MOF & BOF | Sale | India +intl,219.13,0.0,4,82,0.0
2026-06-23,Facebook,Growify | MOF & BOF | Sale | India +intl,704.36,0.0,2,299,0.0
2026-06-23,Facebook,Growify | MOF & BOF | Sale | India +intl,229.38,0.0,7,136,0.0
2026-06-23,Facebook,Growify | MOF & BOF | Sale | India +intl,235.7,0.0,8,152,0.0
2026-06-23,Facebook,Growify | MOF & BOF | Sale | India +intl,11.62,0.0,0,80,0.0
2026-06-23,Facebook,Growify | MOF & BOF | Sale | India +intl,88.17,0.0,16,348,0.0
2026-06-23,Facebook,Growify | MOF & BOF | Sale | India +intl,4446.5,14190.0,2959,50249,2.0
2026-06-23,Facebook,Growify | MOF & BOF | Sale | India +intl,0.0,0.0,0,0,0.0
2026-06-23,Facebook,Growify | TOF | Sale | India,50.57,0.0,7,163,0.0
2026-06-23,Facebook,Growify | TOF | Sale | India,202.8,0.0,61,1357,0.0
2026-06-23,Facebook,Growify | TOF | Sale | US,2294.42,0.0,65,1021,0.0
2026-06-23,Facebook,Growify | TOF | Sale | US,443.54,0.0,5,145,0.0
2026-06-23,Facebook,Growify | TOF | Sales | Australia | EOSS,46.83,0.0,3,25,0.0
2026-06-23,Facebook,Growify | TOF | Sales | Australia | EOSS,150.36,0.0,3,135,0.0
2026-06-23,Facebook,Growify | TOF | Sales | Australia | EOSS,2938.32,122080.0,217,2055,1.0
2026-06-23,Facebook,Growify | TOF | Sales | Australia | EOSS,25.61,0.0,0,15,0.0
2026-06-23,Facebook,Growify | TOF | Sales | Australia | EOSS,87.11,0.0,6,64,0.0
2026-06-23,Facebook,Growify | TOF | Sales | Australia | EOSS,0.0,0.0,0,0,0.0
2026-06-23,Facebook,Growify | TOF | Sales | Australia | EOSS,214.04,0.0,12,141,0.0
2026-06-23,Facebook,Growify | TOF | Sales | Australia | EOSS,1281.66,0.0,76,919,0.0
2026-06-23,Facebook,Growify | TOF | Sales | Australia | EOSS,6.5,0.0,0,6,0.0
2026-06-23,Facebook,Growify | TOF | Sales | India | Open,0.25,0.0,0,21,0.0
2026-06-23,Facebook,Growify | TOF | Sales | India | Open,2409.97,0.0,3539,119479,0.0
2026-06-23,Facebook,Growify | TOF | Sales | India | Open,0.0,0.0,0,0,0.0
2026-06-24,Facebook,Conv | Tof | Multi Category | Ind | Direct | Growify |,230.6,0.0,683,4322,0.0
2026-06-24,Facebook,Conv | Tof | Multi Category | Ind | Direct | Growify |,4721.81,26070.0,20033,197626,1.0
2026-06-24,Facebook,Conv | Tof | Multi Category | Ind | Direct | Growify |,10.49,0.0,0,10,0.0
2026-06-24,Facebook,Conv | Tof | Multi Category | Ind | Direct | Growify |,2149.16,0.0,3585,21672,0.0
2026-06-24,Facebook,Conv | Tof | Multi Category | Ind | Direct | Growify |,528.24,0.0,64,1410,0.0
2026-06-24,Facebook,Conv | Tof | Multi Category | Ind | Direct | Growify |,16.739999,0.0,35,200,0.0
2026-06-24,Facebook,Conv | Tof | Multi Category | Ind | Direct | Growify |,2647.94,0.0,4725,32345,0.0
2026-06-24,Facebook,Conv | Tof | Multi Category | Ind | Direct | Growify |,0.0,0.0,0,0,0.0
2026-06-24,Facebook,Conv | Tof | Multi Category | Ind | Direct | Growify |,505.85,0.0,76,871,0.0
2026-06-24,Facebook,Conv | Tof | Multi Category | Ind | Direct | Growify |,451.87,0.0,52,834,0.0
2026-06-24,Facebook,Conv | Tof | Multi Category | Ind | Direct | Growify |,0.0,0.0,0,0,0.0
2026-06-24,Facebook,Conv | Tof | Multi Category | Ind | Direct | Growify |,2053.26,0.0,174,3804,0.0
2026-06-24,Facebook,Conv | Tof | Multi Category | Ind | Direct | Growify |,0.0,14850.0,0,0,1.0
2026-06-24,Facebook,Conv | Tof | Multi Category | Ind | Direct | Growify |,443.84,0.0,234,1638,0.0
2026-06-24,Facebook,Conv | Tof | Multi Category | Ind | Direct | Growify | LAL,119.96,0.0,26,962,0.0
2026-06-24,Facebook,Conv | Tof | Multi Category | Ind | Direct | Growify | LAL,5087.83,1800.0,1435,26942,1.0
2026-06-24,Facebook,Conv | Tof | Multicategory | CA | Direct | Growify,4.9,0.0,0,4,0.0
2026-06-24,Facebook,Conv | Tof | Multicategory | CA | Direct | Growify,67.56,0.0,0,40,0.0
2026-06-24,Facebook,Conv | Tof | Multicategory | CA | Direct | Growify,2.69,0.0,0,1,0.0
2026-06-24,Facebook,Conv | Tof | Multicategory | CA | Direct | Growify,126.38,0.0,2,77,0.0
2026-06-24,Facebook,Conv | Tof | Multicategory | CA | Direct | Growify,603.73,0.0,35,383,0.0
2026-06-24,Facebook,Conv | Tof | Multicategory | CA | Direct | Growify,1215.11,0.0,50,1076,0.0
2026-06-24,Facebook,Conv | Tof | Multicategory | CA | Direct | Growify,13.66,0.0,0,17,0.0
2026-06-24,Facebook,Conv | Tof | Multicategory | CA | Direct | Growify,15.75,0.0,0,5,0.0
2026-06-24,Facebook,Conv | Tof | Multicategory | CA | Direct | Growify,147.78,0.0,7,50,0.0
2026-06-24,Facebook,Conv | Tof | Multicategory | CA | Direct | Growify,2189.3,11931.88,126,1252,1.0
2026-06-24,Facebook,Conv | Tof | Multicategory | CA | Direct | Growify,23.04,0.0,1,6,0.0
2026-06-24,Facebook,Conv | Tof | Multicategory | CA | Direct | Growify,64.459999,0.0,2,33,0.0
2026-06-24,Facebook,Conv | Tof | Multicategory | CA | Direct | Growify,65.7,0.0,3,41,0.0
2026-06-24,Facebook,Conv | Tof | Multicategory | CA | Direct | Growify,151.52,0.0,4,104,0.0
2026-06-24,Facebook,Conv | Tof | Multicategory | CA | Direct | Growify,0.44,0.0,0,1,0.0
2026-06-24,Facebook,Conv | Tof | Multicategory | CA | Direct | Growify,0.53,0.0,0,1,0.0
2026-06-24,Facebook,Conv | Tof | Multicategory | CA | Direct | Growify,1.9,0.0,0,3,0.0
2026-06-24,Facebook,Conv | Tof | Multicategory | CA | Direct | Growify,711.31,0.0,19,506,0.0
2026-06-24,Facebook,Conv | Tof | Multicategory | CA | Direct | Growify,924.5,0.0,28,614,0.0
2026-06-24,Facebook,Conv | Tof | Multicategory | CA | Direct | Growify,8.79,0.0,0,14,0.0
2026-06-24,Facebook,Conv | Tof | Multicategory | CA | Direct | Growify,20.26,0.0,0,17,0.0
2026-06-24,Facebook,Conv | Tof | Multicategory | INT | Direct | Growify,50.77,0.0,6,35,0.0
2026-06-24,Facebook,Conv | Tof | Multicategory | INT | Direct | Growify,388.29,0.0,10,221,0.0
2026-06-24,Facebook,Conv | Tof | Multicategory | INT | Direct | Growify,245.91,0.0,9,123,0.0
2026-06-24,Facebook,Conv | Tof | Multicategory | INT | Direct | Growify,246.53,0.0,4,88,0.0
2026-06-24,Facebook,Conv | Tof | Multicategory | US | Direct | Growify,0.0,0.0,0,0,0.0
2026-06-24,Facebook,Conv | Tof | Multicategory | US | Direct | Growify,0.0,0.0,0,0,0.0
2026-06-24,Facebook,Conv | Tof | Multicategory | US | Direct | Growify,979.36,0.0,15,392,0.0
2026-06-24,Facebook,Conv | Tof | Multicategory | US | Direct | Growify,1977.05,0.0,32,763,0.0
2026-06-24,Facebook,Conv | Tof | Multicategory | US | Direct | Growify,0.0,0.0,0,0,0.0
2026-06-24,Facebook,Conv | Tof | Multicategory | US | Direct | Growify,681.41,0.0,5,178,0.0
2026-06-24,Facebook,Conv | Tof | Multicategory | US | Direct | Growify,0.0,0.0,0,0,0.0
2026-06-24,Facebook,Conv | Tof | Multicategory | US | Direct | Growify,4805.79,0.0,173,1697,0.0
2026-06-24,Facebook,Conv | Tof | Multicategory | US | Direct | Growify,1057.7,0.0,21,285,0.0
2026-06-24,Facebook,Conv | Tof | Multicategory | US | Direct | Growify,16.5,0.0,0,9,0.0
2026-06-24,Facebook,Conv | Tof | Multicategory | US | Direct | Growify,2.0,0.0,0,3,0.0
2026-06-24,Facebook,Conv | Tof | Multicategory | US | Direct | Growify,2384.59,0.0,39,1152,0.0
2026-06-24,Facebook,Growify | MOF & BOF | Sale | India +intl,3797.17,0.0,593,9844,0.0
2026-06-24,Facebook,Growify | MOF & BOF | Sale | India +intl,443.18,0.0,43,1079,0.0
2026-06-24,Facebook,Growify | MOF & BOF | Sale | India +intl,158.05,0.0,15,233,0.0
2026-06-24,Facebook,Growify | MOF & BOF | Sale | India +intl,29.72,0.0,11,236,0.0
2026-06-24,Facebook,Growify | MOF & BOF | Sale | India +intl,3553.71,0.0,141,2308,0.0
2026-06-24,Facebook,Growify | MOF & BOF | Sale | India +intl,196.94,0.0,4,135,0.0
2026-06-24,Facebook,Growify | MOF & BOF | Sale | India +intl,161.86,0.0,4,157,0.0
2026-06-24,Facebook,Growify | MOF & BOF | Sale | India +intl,192.46,0.0,3,95,0.0
2026-06-24,Facebook,Growify | MOF & BOF | Sale | India +intl,0.89,0.0,1,2,0.0
2026-06-24,Facebook,Growify | MOF & BOF | Sale | India +intl,6.68,0.0,0,13,0.0
2026-06-24,Facebook,Growify | MOF & BOF | Sale | India +intl,12.98,0.0,0,22,0.0
2026-06-24,Facebook,Growify | MOF & BOF | Sale | India +intl,3288.83,15370.0,134,2212,1.0
2026-06-24,Facebook,Growify | MOF & BOF | Sale | India +intl,435.8,0.0,12,311,0.0
2026-06-24,Facebook,Growify | MOF & BOF | Sale | India +intl,525.59,0.0,17,324,0.0
2026-06-24,Facebook,Growify | MOF & BOF | Sale | India +intl,823.55,0.0,35,665,0.0
2026-06-24,Facebook,Growify | MOF & BOF | Sale | India +intl,0.0,0.0,0,0,0.0
2026-06-24,Facebook,Growify | MOF & BOF | Sale | India +intl,460.88,0.0,19,395,0.0
2026-06-24,Facebook,Growify | MOF & BOF | Sale | India +intl,273.49,0.0,3,143,0.0
2026-06-24,Facebook,Growify | MOF & BOF | Sale | India +intl,2575.93,0.0,61,1173,0.0
2026-06-24,Facebook,Growify | MOF & BOF | Sale | India +intl,263.17,0.0,2,105,0.0
2026-06-24,Facebook,Growify | MOF & BOF | Sale | India +intl,0.0,0.0,0,0,0.0
2026-06-24,Facebook,Growify | MOF & BOF | Sale | India +intl,3.15,0.0,0,2,0.0
2026-06-24,Facebook,Growify | MOF & BOF | Sale | India +intl,20.08,0.0,0,9,0.0
2026-06-24,Facebook,Growify | MOF & BOF | Sale | India +intl,16.93,0.0,38,331,0.0
2026-06-24,Facebook,Growify | MOF & BOF | Sale | India +intl,513.19,0.0,256,4393,0.0
2026-06-24,Facebook,Growify | MOF & BOF | Sale | India +intl,4586.61,10560.0,3092,54080,2.0
2026-06-24,Facebook,Growify | MOF & BOF | Sale | India +intl,0.0,0.0,0,0,0.0
2026-06-24,Facebook,Growify | TOF | Sale | India,215.25,0.0,77,1642,0.0
2026-06-24,Facebook,Growify | TOF | Sale | US,3539.31,0.0,96,1312,0.0
2026-06-24,Facebook,Growify | TOF | Sale | US,63.44,0.0,1,42,0.0
2026-06-24,Facebook,Growify | TOF | Sale | US,20.15,0.0,1,10,0.0
2026-06-24,Facebook,Growify | TOF | Sales | Australia | EOSS,52.0,0.0,5,16,0.0
2026-06-24,Facebook,Growify | TOF | Sales | Australia | EOSS,88.57,0.0,3,41,0.0
2026-06-24,Facebook,Growify | TOF | Sales | Australia | EOSS,3880.64,0.0,175,1972,0.0
2026-06-24,Facebook,Growify | TOF | Sales | Australia | EOSS,0.0,0.0,0,0,0.0
2026-06-24,Facebook,Growify | TOF | Sales | Australia | EOSS,262.49,0.0,12,99,0.0
2026-06-24,Facebook,Growify | TOF | Sales | Australia | EOSS,443.22,0.0,23,253,0.0
2026-06-24,Facebook,Growify | TOF | Sales | Australia | EOSS,2994.36,0.0,95,1446,0.0
2026-06-24,Facebook,Growify | TOF | Sales | Australia | EOSS,120.51,0.0,4,89,0.0
2026-06-24,Facebook,Growify | TOF | Sales | India | Open,3.67,0.0,5,144,0.0
2026-06-24,Facebook,Growify | TOF | Sales | India | Open,2505.32,2000.0,3410,122768,1.0
2026-06-25,Facebook,Conv | Tof | Multi Category | Ind | Direct | Growify |,483.57,0.0,3008,13784,0.0
2026-06-25,Facebook,Conv | Tof | Multi Category | Ind | Direct | Growify |,4525.2,11825.0,19512,205908,1.0
2026-06-25,Facebook,Conv | Tof | Multi Category | Ind | Direct | Growify |,2461.21,0.0,4794,39405,0.0
2026-06-25,Facebook,Conv | Tof | Multi Category | Ind | Direct | Growify |,290.11,0.0,30,1017,0.0
2026-06-25,Facebook,Conv | Tof | Multi Category | Ind | Direct | Growify |,0.0,0.0,0,0,0.0
2026-06-25,Facebook,Conv | Tof | Multi Category | Ind | Direct | Growify |,2578.94,0.0,5060,35497,0.0
2026-06-25,Facebook,Conv | Tof | Multi Category | Ind | Direct | Growify |,477.97,0.0,59,560,0.0
2026-06-25,Facebook,Conv | Tof | Multi Category | Ind | Direct | Growify |,264.48,0.0,40,304,0.0
2026-06-25,Facebook,Conv | Tof | Multi Category | Ind | Direct | Growify |,2357.36,21111.75,182,4151,3.0
2026-06-25,Facebook,Conv | Tof | Multi Category | Ind | Direct | Growify |,0.0,0.0,0,0,0.0
2026-06-25,Facebook,Conv | Tof | Multi Category | Ind | Direct | Growify |,76.67,0.0,36,199,0.0
2026-06-25,Facebook,Conv | Tof | Multi Category | Ind | Direct | Growify | LAL,0.0,0.0,0,0,0.0
2026-06-25,Facebook,Conv | Tof | Multi Category | Ind | Direct | Growify | LAL,4905.58,1500.0,2084,36571,1.0
2026-06-25,Facebook,Conv | Tof | Multicategory | CA | Direct | Growify,448.51,0.0,19,231,0.0
2026-06-25,Facebook,Conv | Tof | Multicategory | CA | Direct | Growify,625.94,0.0,50,374,0.0
2026-06-25,Facebook,Conv | Tof | Multicategory | CA | Direct | Growify,3.07,0.0,0,2,0.0
2026-06-25,Facebook,Conv | Tof | Multicategory | CA | Direct | Growify,8.41,0.0,0,2,0.0
2026-06-25,Facebook,Conv | Tof | Multicategory | CA | Direct | Growify,12.81,0.0,1,3,0.0
2026-06-25,Facebook,Conv | Tof | Multicategory | CA | Direct | Growify,230.21,0.0,20,141,0.0
2026-06-25,Facebook,Conv | Tof | Multicategory | CA | Direct | Growify,645.28,0.0,21,592,0.0
2026-06-25,Facebook,Conv | Tof | Multicategory | CA | Direct | Growify,0.39,0.0,0,1,0.0
2026-06-25,Facebook,Conv | Tof | Multicategory | CA | Direct | Growify,2.2,0.0,0,6,0.0
2026-06-25,Facebook,Conv | Tof | Multicategory | CA | Direct | Growify,29.29,0.0,3,10,0.0
2026-06-25,Facebook,Conv | Tof | Multicategory | CA | Direct | Growify,2298.46,0.0,153,1391,0.0
2026-06-25,Facebook,Conv | Tof | Multicategory | CA | Direct | Growify,7.23,0.0,0,8,0.0
2026-06-25,Facebook,Conv | Tof | Multicategory | CA | Direct | Growify,57.77,0.0,2,31,0.0
2026-06-25,Facebook,Conv | Tof | Multicategory | CA | Direct | Growify,129.389999,0.0,7,83,0.0
2026-06-25,Facebook,Conv | Tof | Multicategory | CA | Direct | Growify,235.32,0.0,12,79,0.0
2026-06-25,Facebook,Conv | Tof | Multicategory | CA | Direct | Growify,0.86,0.0,0,2,0.0
2026-06-25,Facebook,Conv | Tof | Multicategory | CA | Direct | Growify,5.15,0.0,0,2,0.0
2026-06-25,Facebook,Conv | Tof | Multicategory | CA | Direct | Growify,207.47,0.0,2,140,0.0
2026-06-25,Facebook,Conv | Tof | Multicategory | CA | Direct | Growify,1228.48,0.0,38,859,0.0
2026-06-25,Facebook,Conv | Tof | Multicategory | CA | Direct | Growify,3.03,0.0,0,2,0.0
2026-06-25,Facebook,Conv | Tof | Multicategory | CA | Direct | Growify,17.59,0.0,0,17,0.0
2026-06-25,Facebook,Conv | Tof | Multicategory | INT | Direct | Growify,45.97,0.0,6,40,0.0
2026-06-25,Facebook,Conv | Tof | Multicategory | INT | Direct | Growify,315.41,0.0,19,220,0.0
2026-06-25,Facebook,Conv | Tof | Multicategory | INT | Direct | Growify,229.82,0.0,11,140,0.0
2026-06-25,Facebook,Conv | Tof | Multicategory | INT | Direct | Growify,234.55,0.0,3,89,0.0
2026-06-25,Facebook,Conv | Tof | Multicategory | US | Direct | Growify,0.0,0.0,0,0,0.0
2026-06-25,Facebook,Conv | Tof | Multicategory | US | Direct | Growify,787.09,0.0,21,243,0.0
2026-06-25,Facebook,Conv | Tof | Multicategory | US | Direct | Growify,2449.77,0.0,49,872,0.0
2026-06-25,Facebook,Conv | Tof | Multicategory | US | Direct | Growify,84.6,0.0,0,27,0.0
2026-06-25,Facebook,Conv | Tof | Multicategory | US | Direct | Growify,4272.439999,0.0,165,1397,0.0
2026-06-25,Facebook,Conv | Tof | Multicategory | US | Direct | Growify,92.42,0.0,1,24,0.0
2026-06-25,Facebook,Conv | Tof | Multicategory | US | Direct | Growify,157.18,0.0,10,47,0.0
2026-06-25,Facebook,Conv | Tof | Multicategory | US | Direct | Growify,338.12,0.0,6,78,0.0
2026-06-25,Facebook,Conv | Tof | Multicategory | US | Direct | Growify,1763.99,0.0,94,580,0.0
2026-06-25,Facebook,Conv | Tof | Multicategory | US | Direct | Growify,1765.16,0.0,31,901,0.0
2026-06-25,Facebook,Growify | MOF & BOF | Sale | India +intl,1787.45,5500.0,312,5673,1.0
2026-06-25,Facebook,Growify | MOF & BOF | Sale | India +intl,153.9,0.0,14,345,0.0
2026-06-25,Facebook,Growify | MOF & BOF | Sale | India +intl,989.47,0.0,136,2305,0.0
2026-06-25,Facebook,Growify | MOF & BOF | Sale | India +intl,0.11,0.0,0,3,0.0
2026-06-25,Facebook,Growify | MOF & BOF | Sale | India +intl,639.39,0.0,37,746,0.0
2026-06-25,Facebook,Growify | MOF & BOF | Sale | India +intl,233.52,0.0,37,635,0.0
2026-06-25,Facebook,Growify | MOF & BOF | Sale | India +intl,2174.21,0.0,83,1354,0.0
2026-06-25,Facebook,Growify | MOF & BOF | Sale | India +intl,102.58,0.0,1,47,0.0
2026-06-25,Facebook,Growify | MOF & BOF | Sale | India +intl,240.36,0.0,8,130,0.0
2026-06-25,Facebook,Growify | MOF & BOF | Sale | India +intl,259.01,0.0,8,188,0.0
2026-06-25,Facebook,Growify | MOF & BOF | Sale | India +intl,5.26,0.0,0,7,0.0
2026-06-25,Facebook,Growify | MOF & BOF | Sale | India +intl,177.19,0.0,4,94,0.0
2026-06-25,Facebook,Growify | MOF & BOF | Sale | India +intl,760.36,0.0,29,620,0.0
2026-06-25,Facebook,Growify | MOF & BOF | Sale | India +intl,2650.51,0.0,95,1814,0.0
2026-06-25,Facebook,Growify | MOF & BOF | Sale | India +intl,146.06,0.0,2,81,0.0
2026-06-25,Facebook,Growify | MOF & BOF | Sale | India +intl,815.74,0.0,23,406,0.0
2026-06-25,Facebook,Growify | MOF & BOF | Sale | India +intl,0.0,0.0,0,0,0.0
2026-06-25,Facebook,Growify | MOF & BOF | Sale | India +intl,659.02,0.0,29,467,0.0
2026-06-25,Facebook,Growify | MOF & BOF | Sale | India +intl,45.88,0.0,1,21,0.0
2026-06-25,Facebook,Growify | MOF & BOF | Sale | India +intl,8.35,0.0,0,18,0.0
2026-06-25,Facebook,Growify | MOF & BOF | Sale | India +intl,451.62,0.0,11,247,0.0
2026-06-25,Facebook,Growify | MOF & BOF | Sale | India +intl,2367.58,0.0,81,942,0.0
2026-06-25,Facebook,Growify | MOF & BOF | Sale | India +intl,144.72,0.0,6,65,0.0
2026-06-25,Facebook,Growify | MOF & BOF | Sale | India +intl,24.77,0.0,0,17,0.0
2026-06-25,Facebook,Growify | MOF & BOF | Sale | India +intl,48.15,0.0,0,22,0.0
2026-06-25,Facebook,Growify | MOF & BOF | Sale | India +intl,487.26,0.0,12,184,0.0
2026-06-25,Facebook,Growify | MOF & BOF | Sale | India +intl,286.15,0.0,98,1780,0.0
2026-06-25,Facebook,Growify | MOF & BOF | Sale | India +intl,120.09,0.0,50,904,0.0
2026-06-25,Facebook,Growify | MOF & BOF | Sale | India +intl,4744.54,8600.0,3009,53311,2.0
2026-06-25,Facebook,Growify | TOF | Sale | India,190.13,0.0,99,2092,0.0
2026-06-25,Facebook,Growify | TOF | Sale | US,3073.56,0.0,67,1079,0.0
2026-06-25,Facebook,Growify | TOF | Sale | US,33.78,0.0,2,11,0.0
2026-06-25,Facebook,Growify | TOF | Sale | US,182.75,0.0,5,61,0.0
2026-06-25,Facebook,Growify | TOF | Sales | Australia | EOSS,3699.08,0.0,241,2161,0.0
2026-06-25,Facebook,Growify | TOF | Sales | Australia | EOSS,45.22,0.0,1,21,0.0
2026-06-25,Facebook,Growify | TOF | Sales | Australia | EOSS,91.18,0.0,8,62,0.0
2026-06-25,Facebook,Growify | TOF | Sales | Australia | EOSS,587.01,22840.0,23,349,1.0
2026-06-25,Facebook,Growify | TOF | Sales | Australia | EOSS,3495.24,18340.0,160,2212,1.0
2026-06-25,Facebook,Growify | TOF | Sales | Australia | EOSS,103.07,0.0,1,71,0.0
2026-06-25,Facebook,Growify | TOF | Sales | India | Open,0.0,0.0,0,0,0.0
2026-06-25,Facebook,Growify | TOF | Sales | India | Open,2493.68,0.0,3560,124549,0.0
2026-06-26,Facebook,Conv | Tof | Multi Category | Ind | Direct | Growify |,243.06,0.0,315,1873,0.0
2026-06-26,Facebook,Conv | Tof | Multi Category | Ind | Direct | Growify |,0.0,0.0,0,0,0.0
2026-06-26,Facebook,Conv | Tof | Multi Category | Ind | Direct | Growify |,4710.35,0.0,19589,192028,0.0
2026-06-26,Facebook,Conv | Tof | Multi Category | Ind | Direct | Growify |,720.42,0.0,1210,10268,0.0
2026-06-26,Facebook,Conv | Tof | Multi Category | Ind | Direct | Growify |,0.0,0.0,0,0,0.0
2026-06-26,Facebook,Conv | Tof | Multi Category | Ind | Direct | Growify |,1707.78,8089.6,208,4360,1.0
2026-06-26,Facebook,Conv | Tof | Multi Category | Ind | Direct | Growify |,188.44,0.0,256,1744,0.0
2026-06-26,Facebook,Conv | Tof | Multi Category | Ind | Direct | Growify |,2880.149979,24897.0,4193,32909,3.0
2026-06-26,Facebook,Conv | Tof | Multi Category | Ind | Direct | Growify |,0.220021,0.0,0,3,0.0
2026-06-26,Facebook,Conv | Tof | Multi Category | Ind | Direct | Growify |,52.69,0.0,0,22,0.0
2026-06-26,Facebook,Conv | Tof | Multi Category | Ind | Direct | Growify |,0.46,0.0,0,1,0.0
2026-06-26,Facebook,Conv | Tof | Multi Category | Ind | Direct | Growify |,0.0,0.0,0,0,0.0
2026-06-26,Facebook,Conv | Tof | Multi Category | Ind | Direct | Growify |,3577.26,9250.0,292,6056,3.0
2026-06-26,Facebook,Conv | Tof | Multi Category | Ind | Direct | Growify |,0.0,0.0,0,0,0.0
2026-06-26,Facebook,Conv | Tof | Multi Category | Ind | Direct | Growify |,249.01,0.0,149,768,0.0
2026-06-26,Facebook,Conv | Tof | Multi Category | Ind | Direct | Growify |,762.33,0.0,161,3421,0.0
2026-06-26,Facebook,Conv | Tof | Multi Category | Ind | Direct | Growify |,448.76,0.0,46,1375,0.0
2026-06-26,Facebook,Conv | Tof | Multi Category | Ind | Direct | Growify | LAL,40.29,0.0,10,338,0.0
2026-06-26,Facebook,Conv | Tof | Multi Category | Ind | Direct | Growify | LAL,4840.06,14010.0,2008,39257,2.0
2026-06-26,Facebook,Conv | Tof | Multicategory | CA | Direct | Growify,280.87,0.0,11,196,0.0
2026-06-26,Facebook,Conv | Tof | Multicategory | CA | Direct | Growify,651.33,0.0,72,550,0.0
2026-06-26,Facebook,Conv | Tof | Multicategory | CA | Direct | Growify,2.1,0.0,0,2,0.0
2026-06-26,Facebook,Conv | Tof | Multicategory | CA | Direct | Growify,4.42,0.0,0,3,0.0
2026-06-26,Facebook,Conv | Tof | Multicategory | CA | Direct | Growify,45.14,0.0,7,50,0.0
2026-06-26,Facebook,Conv | Tof | Multicategory | CA | Direct | Growify,1823.08,168895.0,68,1467,1.0
2026-06-26,Facebook,Conv | Tof | Multicategory | CA | Direct | Growify,11.1,0.0,0,20,0.0
2026-06-26,Facebook,Conv | Tof | Multicategory | CA | Direct | Growify,144.06,0.0,11,68,0.0
2026-06-26,Facebook,Conv | Tof | Multicategory | CA | Direct | Growify,1951.61,0.0,129,1165,0.0
2026-06-26,Facebook,Conv | Tof | Multicategory | CA | Direct | Growify,26.91,0.0,4,27,0.0
2026-06-26,Facebook,Conv | Tof | Multicategory | CA | Direct | Growify,28.67,0.0,7,22,0.0
2026-06-26,Facebook,Conv | Tof | Multicategory | CA | Direct | Growify,6.95,0.0,0,5,0.0
2026-06-26,Facebook,Conv | Tof | Multicategory | CA | Direct | Growify,9.25,0.0,0,6,0.0
2026-06-26,Facebook,Conv | Tof | Multicategory | CA | Direct | Growify,2543.1,0.0,82,1802,0.0
2026-06-26,Facebook,Conv | Tof | Multicategory | CA | Direct | Growify,22.73,0.0,0,22,0.0
2026-06-26,Facebook,Conv | Tof | Multicategory | CA | Direct | Growify,0.0,0.0,0,0,0.0
2026-06-26,Facebook,Conv | Tof | Multicategory | CA | Direct | Growify,11.06,0.0,1,13,0.0
2026-06-26,Facebook,Conv | Tof | Multicategory | CA | Direct | Growify,79.13,0.0,8,84,0.0
2026-06-26,Facebook,Conv | Tof | Multicategory | INT | Direct | Growify,0.0,0.0,0,0,0.0
2026-06-26,Facebook,Conv | Tof | Multicategory | INT | Direct | Growify,406.91,0.0,34,258,0.0
2026-06-26,Facebook,Conv | Tof | Multicategory | INT | Direct | Growify,159.37,0.0,7,115,0.0
2026-06-26,Facebook,Conv | Tof | Multicategory | INT | Direct | Growify,289.5,0.0,7,75,0.0
2026-06-26,Facebook,Conv | Tof | Multicategory | US | Direct | Growify,565.82,0.0,6,157,0.0
2026-06-26,Facebook,Conv | Tof | Multicategory | US | Direct | Growify,3048.84,0.0,53,1054,0.0
2026-06-26,Facebook,Conv | Tof | Multicategory | US | Direct | Growify,261.42,0.0,8,74,0.0
2026-06-26,Facebook,Conv | Tof | Multicategory | US | Direct | Growify,468.02,0.0,8,142,0.0
2026-06-26,Facebook,Conv | Tof | Multicategory | US | Direct | Growify,4718.78,0.0,129,1474,0.0
2026-06-26,Facebook,Conv | Tof | Multicategory | US | Direct | Growify,45.21,0.0,0,7,0.0
2026-06-26,Facebook,Conv | Tof | Multicategory | US | Direct | Growify,1319.8,0.0,32,355,0.0
2026-06-26,Facebook,Conv | Tof | Multicategory | US | Direct | Growify,111.03,0.0,0,29,0.0
2026-06-26,Facebook,Conv | Tof | Multicategory | US | Direct | Growify,2493.81,0.0,49,1181,0.0
2026-06-26,Facebook,Growify | MOF & BOF | Sale | India +intl,25.25,1500.0,2,84,1.0
2026-06-26,Facebook,Growify | MOF & BOF | Sale | India +intl,4.25,0.0,0,5,0.0
2026-06-26,Facebook,Growify | MOF & BOF | Sale | India +intl,1.32,0.0,1,30,0.0
2026-06-26,Facebook,Growify | MOF & BOF | Sale | India +intl,4355.02,29334.0,473,8739,5.0
2026-06-26,Facebook,Growify | MOF & BOF | Sale | India +intl,0.0,0.0,0,0,0.0
2026-06-26,Facebook,Growify | MOF & BOF | Sale | India +intl,0.25,0.0,0,1,0.0
2026-06-26,Facebook,Growify | MOF & BOF | Sale | India +intl,282.7,0.0,28,379,0.0
2026-06-26,Facebook,Growify | MOF & BOF | Sale | India +intl,0.0,0.0,0,0,0.0
2026-06-26,Facebook,Growify | MOF & BOF | Sale | India +intl,216.33,0.0,7,111,0.0
2026-06-26,Facebook,Growify | MOF & BOF | Sale | India +intl,1.3,0.0,0,1,0.0
2026-06-26,Facebook,Growify | MOF & BOF | Sale | India +intl,79.71,0.0,4,79,0.0
2026-06-26,Facebook,Growify | MOF & BOF | Sale | India +intl,174.46,0.0,3,62,0.0
2026-06-26,Facebook,Growify | MOF & BOF | Sale | India +intl,0.0,0.0,0,0,0.0
2026-06-26,Facebook,Growify | MOF & BOF | Sale | India +intl,0.0,0.0,0,0,0.0
2026-06-26,Facebook,Growify | MOF & BOF | Sale | India +intl,24.62,0.0,2,20,0.0
2026-06-26,Facebook,Growify | MOF & BOF | Sale | India +intl,3275.56,0.0,98,2072,0.0
2026-06-26,Facebook,Growify | MOF & BOF | Sale | India +intl,130.71,0.0,3,66,0.0
2026-06-26,Facebook,Growify | MOF & BOF | Sale | India +intl,0.0,0.0,0,0,0.0
2026-06-26,Facebook,Growify | MOF & BOF | Sale | India +intl,453.03,0.0,12,171,0.0
2026-06-26,Facebook,Growify | MOF & BOF | Sale | India +intl,0.0,0.0,0,0,0.0
2026-06-26,Facebook,Growify | MOF & BOF | Sale | India +intl,24.22,0.0,2,14,0.0
2026-06-26,Facebook,Growify | MOF & BOF | Sale | India +intl,5129.66,0.0,117,2751,0.0
2026-06-26,Facebook,Growify | MOF & BOF | Sale | India +intl,30.33,0.0,3,14,0.0
2026-06-26,Facebook,Growify | MOF & BOF | Sale | India +intl,0.0,0.0,0,0,0.0
2026-06-26,Facebook,Growify | MOF & BOF | Sale | India +intl,3179.37,0.0,63,1205,0.0
2026-06-26,Facebook,Growify | MOF & BOF | Sale | India +intl,0.0,0.0,0,0,0.0
2026-06-26,Facebook,Growify | MOF & BOF | Sale | India +intl,6.88,0.0,4,36,0.0
2026-06-26,Facebook,Growify | MOF & BOF | Sale | India +intl,4745.26,13310.0,2720,48232,3.0
2026-06-26,Facebook,Growify | MOF & BOF | Sale | India +intl,0.0,0.0,0,0,0.0
2026-06-26,Facebook,Growify | TOF | Sale | India,168.83,0.0,68,1220,0.0
2026-06-26,Facebook,Growify | TOF | Sale | US,3521.94,0.0,94,1115,0.0
2026-06-26,Facebook,Growify | TOF | Sales | Australia | EOSS,277.02,0.0,7,100,0.0
2026-06-26,Facebook,Growify | TOF | Sales | Australia | EOSS,4992.1,0.0,371,2963,0.0
2026-06-26,Facebook,Growify | TOF | Sales | Australia | EOSS,202.35,0.0,10,110,0.0
2026-06-26,Facebook,Growify | TOF | Sales | Australia | EOSS,567.79,0.0,25,369,0.0
2026-06-26,Facebook,Growify | TOF | Sales | Australia | EOSS,3754.93,0.0,205,2528,0.0
2026-06-26,Facebook,Growify | TOF | Sales | Australia | EOSS,7.41,0.0,0,3,0.0
2026-06-26,Facebook,Growify | TOF | Sales | Australia | EOSS,4.97,0.0,1,6,0.0
2026-06-26,Facebook,Growify | TOF | Sales | Australia | EOSS,93.0,0.0,0,51,0.0
2026-06-26,Facebook,Growify | TOF | Sales | India | Open,71.45,0.0,77,2690,0.0
2026-06-26,Facebook,Growify | TOF | Sales | India | Open,2349.97,0.0,2765,97470,0.0
2026-06-27,Facebook,Conv | Tof | Multi Category | Ind | Direct | Growify |,607.99,0.0,1837,9670,0.0
2026-06-27,Facebook,Conv | Tof | Multi Category | Ind | Direct | Growify |,4417.79,0.0,15868,149064,0.0
2026-06-27,Facebook,Conv | Tof | Multi Category | Ind | Direct | Growify |,42.07,0.0,60,489,0.0
2026-06-27,Facebook,Conv | Tof | Multi Category | Ind | Direct | Growify |,167.55,0.0,17,190,0.0
2026-06-27,Facebook,Conv | Tof | Multi Category | Ind | Direct | Growify |,2154.71,19236.18,279,5723,2.0
2026-06-27,Facebook,Conv | Tof | Multi Category | Ind | Direct | Growify |,25.5,0.0,31,234,0.0
2026-06-27,Facebook,Conv | Tof | Multi Category | Ind | Direct | Growify |,3577.07,17180.0,3715,30475,2.0
2026-06-27,Facebook,Conv | Tof | Multi Category | Ind | Direct | Growify |,0.0,0.0,0,0,0.0
2026-06-27,Facebook,Conv | Tof | Multi Category | Ind | Direct | Growify |,4.82,0.0,3,16,0.0
2026-06-27,Facebook,Conv | Tof | Multi Category | Ind | Direct | Growify |,0.42,0.0,0,5,0.0
2026-06-27,Facebook,Conv | Tof | Multi Category | Ind | Direct | Growify |,3692.35,1500.0,351,6596,1.0
2026-06-27,Facebook,Conv | Tof | Multi Category | Ind | Direct | Growify |,0.0,0.0,0,0,0.0
2026-06-27,Facebook,Conv | Tof | Multi Category | Ind | Direct | Growify |,0.0,0.0,0,0,0.0
2026-06-27,Facebook,Conv | Tof | Multi Category | Ind | Direct | Growify |,2866.81,15950.0,548,8772,2.0
2026-06-27,Facebook,Conv | Tof | Multi Category | Ind | Direct | Growify |,266.459999,0.0,29,646,0.0
2026-06-27,Facebook,Conv | Tof | Multi Category | Ind | Direct | Growify | LAL,461.21,0.0,128,3358,0.0
2026-06-27,Facebook,Conv | Tof | Multi Category | Ind | Direct | Growify | LAL,3844.71,3960.0,1499,33772,1.0
2026-06-27,Facebook,Conv | Tof | Multicategory | CA | Direct | Growify,19.41,0.0,0,3,0.0
2026-06-27,Facebook,Conv | Tof | Multicategory | CA | Direct | Growify,77.18,0.0,11,91,0.0
2026-06-27,Facebook,Conv | Tof | Multicategory | CA | Direct | Growify,2.22,0.0,0,1,0.0
2026-06-27,Facebook,Conv | Tof | Multicategory | CA | Direct | Growify,292.13,0.0,1,106,0.0
2026-06-27,Facebook,Conv | Tof | Multicategory | CA | Direct | Growify,3.24,0.0,0,2,0.0
2026-06-27,Facebook,Conv | Tof | Multicategory | CA | Direct | Growify,367.53,0.0,14,210,0.0
2026-06-27,Facebook,Conv | Tof | Multicategory | CA | Direct | Growify,2828.39,0.0,103,2772,0.0
2026-06-27,Facebook,Conv | Tof | Multicategory | CA | Direct | Growify,6.26,0.0,0,7,0.0
2026-06-27,Facebook,Conv | Tof | Multicategory | CA | Direct | Growify,36.14,0.0,0,36,0.0
2026-06-27,Facebook,Conv | Tof | Multicategory | CA | Direct | Growify,361.58,0.0,14,209,0.0
2026-06-27,Facebook,Conv | Tof | Multicategory | CA | Direct | Growify,1961.63,0.0,171,1376,0.0
2026-06-27,Facebook,Conv | Tof | Multicategory | CA | Direct | Growify,0.0,0.0,0,0,0.0
2026-06-27,Facebook,Conv | Tof | Multicategory | CA | Direct | Growify,15.35,0.0,3,15,0.0
2026-06-27,Facebook,Conv | Tof | Multicategory | CA | Direct | Growify,22.72,0.0,0,12,0.0
2026-06-27,Facebook,Conv | Tof | Multicategory | CA | Direct | Growify,394.4,0.0,9,260,0.0
2026-06-27,Facebook,Conv | Tof | Multicategory | CA | Direct | Growify,2.029999,0.0,0,2,0.0
2026-06-27,Facebook,Conv | Tof | Multicategory | CA | Direct | Growify,223.3,0.0,14,209,0.0
2026-06-27,Facebook,Conv | Tof | Multicategory | CA | Direct | Growify,1733.91,0.0,76,1406,0.0
2026-06-27,Facebook,Conv | Tof | Multicategory | CA | Direct | Growify,3.33,0.0,0,3,0.0
2026-06-27,Facebook,Conv | Tof | Multicategory | CA | Direct | Growify,26.11,0.0,0,31,0.0
2026-06-27,Facebook,Conv | Tof | Multicategory | CA | Direct | Growify,5.42,0.0,0,5,0.0
2026-06-27,Facebook,Conv | Tof | Multicategory | CA | Direct | Growify,1011.33,0.0,65,881,0.0
2026-06-27,Facebook,Conv | Tof | Multicategory | INT | Direct | Growify,8.65,0.0,3,2,0.0
2026-06-27,Facebook,Conv | Tof | Multicategory | INT | Direct | Growify,324.73,0.0,16,206,0.0
2026-06-27,Facebook,Conv | Tof | Multicategory | INT | Direct | Growify,126.76,20650.0,8,79,1.0
2026-06-27,Facebook,Conv | Tof | Multicategory | INT | Direct | Growify,211.54,0.0,2,67,0.0
2026-06-27,Facebook,Conv | Tof | Multicategory | US | Direct | Growify,415.92,0.0,11,172,0.0
2026-06-27,Facebook,Conv | Tof | Multicategory | US | Direct | Growify,2798.25,0.0,55,899,0.0
2026-06-27,Facebook,Conv | Tof | Multicategory | US | Direct | Growify,3.87,0.0,0,3,0.0
2026-06-27,Facebook,Conv | Tof | Multicategory | US | Direct | Growify,171.93,0.0,4,65,0.0
2026-06-27,Facebook,Conv | Tof | Multicategory | US | Direct | Growify,1462.02,0.0,28,376,0.0
2026-06-27,Facebook,Conv | Tof | Multicategory | US | Direct | Growify,3723.39,0.0,142,1375,0.0
2026-06-27,Facebook,Conv | Tof | Multicategory | US | Direct | Growify,59.27,0.0,0,14,0.0
2026-06-27,Facebook,Conv | Tof | Multicategory | US | Direct | Growify,89.15,0.0,6,64,0.0
2026-06-27,Facebook,Conv | Tof | Multicategory | US | Direct | Growify,564.22,0.0,32,266,0.0
2026-06-27,Facebook,Conv | Tof | Multicategory | US | Direct | Growify,350.04,0.0,19,105,0.0
2026-06-27,Facebook,Conv | Tof | Multicategory | US | Direct | Growify,50.79,0.0,0,17,0.0
2026-06-27,Facebook,Conv | Tof | Multicategory | US | Direct | Growify,3215.76,0.0,55,1372,0.0
2026-06-27,Facebook,Growify | MOF & BOF | Sale | India +intl,5.65,0.0,0,12,0.0
2026-06-27,Facebook,Growify | MOF & BOF | Sale | India +intl,2885.67,0.0,286,6213,0.0
2026-06-27,Facebook,Growify | MOF & BOF | Sale | India +intl,0.03,0.0,0,2,0.0
2026-06-27,Facebook,Growify | MOF & BOF | Sale | India +intl,1525.22,7590.0,120,3046,1.0
2026-06-27,Facebook,Growify | MOF & BOF | Sale | India +intl,44.2,0.0,3,30,0.0
2026-06-27,Facebook,Growify | MOF & BOF | Sale | India +intl,538.03,0.0,12,527,0.0
2026-06-27,Facebook,Growify | MOF & BOF | Sale | India +intl,758.08,0.0,9,361,0.0
2026-06-27,Facebook,Growify | MOF & BOF | Sale | India +intl,0.39,0.0,0,1,0.0
2026-06-27,Facebook,Growify | MOF & BOF | Sale | India +intl,50.91,0.0,2,66,0.0
2026-06-27,Facebook,Growify | MOF & BOF | Sale | India +intl,1619.74,0.0,51,1178,0.0
2026-06-27,Facebook,Growify | MOF & BOF | Sale | India +intl,28.02,0.0,0,14,0.0
2026-06-27,Facebook,Growify | MOF & BOF | Sale | India +intl,1.83,0.0,0,1,0.0
2026-06-27,Facebook,Growify | MOF & BOF | Sale | India +intl,975.16,0.0,28,435,0.0
2026-06-27,Facebook,Growify | MOF & BOF | Sale | India +intl,0.0,0.0,0,0,0.0
2026-06-27,Facebook,Growify | MOF & BOF | Sale | India +intl,0.0,0.0,0,0,0.0
2026-06-27,Facebook,Growify | MOF & BOF | Sale | India +intl,3039.88,20500.0,77,2221,1.0
2026-06-27,Facebook,Growify | MOF & BOF | Sale | India +intl,243.58,0.0,6,90,0.0
2026-06-27,Facebook,Growify | MOF & BOF | Sale | India +intl,4.099999,0.0,0,1,0.0
2026-06-27,Facebook,Growify | MOF & BOF | Sale | India +intl,8.54,0.0,0,6,0.0
2026-06-27,Facebook,Growify | MOF & BOF | Sale | India +intl,2309.58,0.0,61,989,0.0
2026-06-27,Facebook,Growify | MOF & BOF | Sale | India +intl,870.1,0.0,335,6793,0.0
2026-06-27,Facebook,Growify | MOF & BOF | Sale | India +intl,649.38,0.0,145,2255,0.0
2026-06-27,Facebook,Growify | MOF & BOF | Sale | India +intl,2793.54,0.0,1586,30113,0.0
2026-06-27,Facebook,Growify | TOF | Sale | India,108.25,0.0,55,926,0.0
2026-06-27,Facebook,Growify | TOF | Sale | US,2293.64,0.0,80,869,0.0
2026-06-27,Facebook,Growify | TOF | Sale | US,369.1,0.0,6,132,0.0
2026-06-27,Facebook,Growify | TOF | Sale | US,52.01,0.0,0,33,0.0
2026-06-27,Facebook,Growify | TOF | Sales | Australia | EOSS,5608.33,32609.4,411,3748,2.0
2026-06-27,Facebook,Growify | TOF | Sales | Australia | EOSS,135.42,0.0,15,81,0.0
2026-06-27,Facebook,Growify | TOF | Sales | Australia | EOSS,864.42,0.0,26,394,0.0
2026-06-27,Facebook,Growify | TOF | Sales | Australia | EOSS,5089.5,0.0,165,2765,0.0
2026-06-27,Facebook,Growify | TOF | Sales | Australia | EOSS,91.01,0.0,2,34,0.0
2026-06-27,Facebook,Growify | TOF | Sales | Australia | EOSS,2555.92,0.0,122,1672,0.0
2026-06-27,Facebook,Growify | TOF | Sales | India | Open,417.14,0.0,487,15529,0.0
2026-06-27,Facebook,Growify | TOF | Sales | India | Open,1749.59,0.0,1683,59053,0.0
2026-06-28,Facebook,Conv | Tof | Multi Category | Ind | Direct | Growify |,816.19,0.0,2447,17428,0.0
2026-06-28,Facebook,Conv | Tof | Multi Category | Ind | Direct | Growify |,4169.17,0.0,14656,133762,0.0
2026-06-28,Facebook,Conv | Tof | Multi Category | Ind | Direct | Growify |,0.09,0.0,0,1,0.0
2026-06-28,Facebook,Conv | Tof | Multi Category | Ind | Direct | Growify |,590.37,0.0,606,3985,0.0
2026-06-28,Facebook,Conv | Tof | Multi Category | Ind | Direct | Growify |,1901.7,0.0,255,5200,0.0
2026-06-28,Facebook,Conv | Tof | Multi Category | Ind | Direct | Growify |,520.429999,0.0,335,2293,0.0
2026-06-28,Facebook,Conv | Tof | Multi Category | Ind | Direct | Growify |,3743.83,0.0,3180,25342,0.0
2026-06-28,Facebook,Conv | Tof | Multi Category | Ind | Direct | Growify |,282.41,0.0,28,399,0.0
2026-06-28,Facebook,Conv | Tof | Multi Category | Ind | Direct | Growify |,9.22,0.0,0,24,0.0
2026-06-28,Facebook,Conv | Tof | Multi Category | Ind | Direct | Growify |,4027.94,0.0,369,6996,0.0
2026-06-28,Facebook,Conv | Tof | Multi Category | Ind | Direct | Growify |,0.09,0.0,1,4,0.0
2026-06-28,Facebook,Conv | Tof | Multi Category | Ind | Direct | Growify |,3110.62,11605.0,667,8393,1.0
2026-06-28,Facebook,Conv | Tof | Multi Category | Ind | Direct | Growify |,240.76,0.0,21,541,0.0
2026-06-28,Facebook,Conv | Tof | Multi Category | Ind | Direct | Growify | LAL,4.139999,0.0,1,126,0.0
2026-06-28,Facebook,Conv | Tof | Multi Category | Ind | Direct | Growify | LAL,5542.67,1500.0,1671,34820,1.0
2026-06-28,Facebook,Conv | Tof | Multicategory | CA | Direct | Growify,253.13,0.0,19,135,0.0
2026-06-28,Facebook,Conv | Tof | Multicategory | CA | Direct | Growify,1129.18,0.0,69,675,0.0
2026-06-28,Facebook,Conv | Tof | Multicategory | CA | Direct | Growify,41.6,0.0,0,10,0.0
2026-06-28,Facebook,Conv | Tof | Multicategory | CA | Direct | Growify,0.0,0.0,0,0,0.0
2026-06-28,Facebook,Conv | Tof | Multicategory | CA | Direct | Growify,41.64,0.0,1,14,0.0
2026-06-28,Facebook,Conv | Tof | Multicategory | CA | Direct | Growify,320.32,0.0,36,330,0.0
2026-06-28,Facebook,Conv | Tof | Multicategory | CA | Direct | Growify,3129.77,0.0,105,2932,0.0
2026-06-28,Facebook,Conv | Tof | Multicategory | CA | Direct | Growify,1.25,0.0,0,3,0.0
2026-06-28,Facebook,Conv | Tof | Multicategory | CA | Direct | Growify,16.98,0.0,0,30,0.0
2026-06-28,Facebook,Conv | Tof | Multicategory | CA | Direct | Growify,0.0,0.0,0,0,0.0
2026-06-28,Facebook,Conv | Tof | Multicategory | CA | Direct | Growify,0.0,0.0,0,0,0.0
2026-06-28,Facebook,Conv | Tof | Multicategory | CA | Direct | Growify,87.6,0.0,4,59,0.0
2026-06-28,Facebook,Conv | Tof | Multicategory | CA | Direct | Growify,530.15,0.0,28,390,0.0
2026-06-28,Facebook,Conv | Tof | Multicategory | CA | Direct | Growify,2008.3,16030.0,130,1403,1.0
2026-06-28,Facebook,Conv | Tof | Multicategory | CA | Direct | Growify,50.98,0.0,1,26,0.0
2026-06-28,Facebook,Conv | Tof | Multicategory | CA | Direct | Growify,127.97,0.0,7,63,0.0
2026-06-28,Facebook,Conv | Tof | Multicategory | CA | Direct | Growify,185.35,0.0,7,133,0.0
2026-06-28,Facebook,Conv | Tof | Multicategory | CA | Direct | Growify,526.24,0.0,18,377,0.0
2026-06-28,Facebook,Conv | Tof | Multicategory | CA | Direct | Growify,1.36,0.0,0,3,0.0
2026-06-28,Facebook,Conv | Tof | Multicategory | CA | Direct | Growify,13.9,0.0,0,7,0.0
2026-06-28,Facebook,Conv | Tof | Multicategory | CA | Direct | Growify,2.97,0.0,0,5,0.0
2026-06-28,Facebook,Conv | Tof | Multicategory | CA | Direct | Growify,1133.17,0.0,30,971,0.0
2026-06-28,Facebook,Conv | Tof | Multicategory | CA | Direct | Growify,27.16,0.0,0,22,0.0
2026-06-28,Facebook,Conv | Tof | Multicategory | CA | Direct | Growify,26.65,0.0,4,22,0.0
2026-06-28,Facebook,Conv | Tof | Multicategory | CA | Direct | Growify,1664.74,0.0,79,1189,0.0
2026-06-28,Facebook,Conv | Tof | Multicategory | INT | Direct | Growify,404.32,0.0,22,357,0.0
2026-06-28,Facebook,Conv | Tof | Multicategory | INT | Direct | Growify,314.77,0.0,14,192,0.0
2026-06-28,Facebook,Conv | Tof | Multicategory | INT | Direct | Growify,253.61,0.0,6,93,0.0
2026-06-28,Facebook,Conv | Tof | Multicategory | US | Direct | Growify,577.48,0.0,9,187,0.0
2026-06-28,Facebook,Conv | Tof | Multicategory | US | Direct | Growify,3929.37,0.0,79,1549,0.0
2026-06-28,Facebook,Conv | Tof | Multicategory | US | Direct | Growify,16.62,0.0,1,7,0.0
2026-06-28,Facebook,Conv | Tof | Multicategory | US | Direct | Growify,196.24,0.0,8,85,0.0
2026-06-28,Facebook,Conv | Tof | Multicategory | US | Direct | Growify,1792.63,0.0,37,462,0.0
2026-06-28,Facebook,Conv | Tof | Multicategory | US | Direct | Growify,5197.99,7350.0,204,1811,1.0
2026-06-28,Facebook,Conv | Tof | Multicategory | US | Direct | Growify,26.08,0.0,1,5,0.0
2026-06-28,Facebook,Conv | Tof | Multicategory | US | Direct | Growify,32.0,0.0,3,15,0.0
2026-06-28,Facebook,Conv | Tof | Multicategory | US | Direct | Growify,98.91,0.0,2,23,0.0
2026-06-28,Facebook,Conv | Tof | Multicategory | US | Direct | Growify,414.19,0.0,23,180,0.0
2026-06-28,Facebook,Conv | Tof | Multicategory | US | Direct | Growify,3486.63,0.0,74,1457,0.0
2026-06-28,Facebook,Growify | MOF & BOF | Sale | India +intl,611.69,0.0,65,1139,0.0
2026-06-28,Facebook,Growify | MOF & BOF | Sale | India +intl,283.5,0.0,11,532,0.0
2026-06-28,Facebook,Growify | MOF & BOF | Sale | India +intl,8.23,0.0,3,75,0.0
2026-06-28,Facebook,Growify | MOF & BOF | Sale | India +intl,2348.36,27390.0,221,4659,1.0
2026-06-28,Facebook,Growify | MOF & BOF | Sale | India +intl,8.91,0.0,0,18,0.0
2026-06-28,Facebook,Growify | MOF & BOF | Sale | India +intl,869.37,0.0,76,1247,0.0
2026-06-28,Facebook,Growify | MOF & BOF | Sale | India +intl,13.67,0.0,0,30,0.0
2026-06-28,Facebook,Growify | MOF & BOF | Sale | India +intl,235.88,0.0,16,165,0.0
2026-06-28,Facebook,Growify | MOF & BOF | Sale | India +intl,463.66,0.0,18,390,0.0
2026-06-28,Facebook,Growify | MOF & BOF | Sale | India +intl,895.36,0.0,23,508,0.0
2026-06-28,Facebook,Growify | MOF & BOF | Sale | India +intl,1251.45,0.0,55,1281,0.0
2026-06-28,Facebook,Growify | MOF & BOF | Sale | India +intl,49.45,0.0,7,53,0.0
2026-06-28,Facebook,Growify | MOF & BOF | Sale | India +intl,789.0,0.0,30,677,0.0
2026-06-28,Facebook,Growify | MOF & BOF | Sale | India +intl,1491.9,0.0,53,962,0.0
2026-06-28,Facebook,Growify | MOF & BOF | Sale | India +intl,397.62,0.0,13,221,0.0
2026-06-28,Facebook,Growify | MOF & BOF | Sale | India +intl,2578.15,0.0,72,1485,0.0
2026-06-28,Facebook,Growify | MOF & BOF | Sale | India +intl,336.46,0.0,7,202,0.0
2026-06-28,Facebook,Growify | MOF & BOF | Sale | India +intl,416.96,0.0,9,248,0.0
2026-06-28,Facebook,Growify | MOF & BOF | Sale | India +intl,102.12,0.0,2,41,0.0
2026-06-28,Facebook,Growify | MOF & BOF | Sale | India +intl,10.24,0.0,0,5,0.0
2026-06-28,Facebook,Growify | MOF & BOF | Sale | India +intl,48.55,0.0,3,17,0.0
2026-06-28,Facebook,Growify | MOF & BOF | Sale | India +intl,3314.35,0.0,95,1518,0.0
2026-06-28,Facebook,Growify | MOF & BOF | Sale | India +intl,2.44,0.0,3,97,0.0
2026-06-28,Facebook,Growify | MOF & BOF | Sale | India +intl,5.69,0.0,7,60,0.0
2026-06-28,Facebook,Growify | MOF & BOF | Sale | India +intl,5625.07,0.0,2861,48061,0.0
2026-06-28,Facebook,Growify | TOF | Sale | India,253.44,0.0,79,1452,0.0
2026-06-28,Facebook,Growify | TOF | Sale | US,3440.91,25600.0,110,1353,1.0
2026-06-28,Facebook,Growify | TOF | Sale | US,28.57,0.0,0,17,0.0
2026-06-28,Facebook,Growify | TOF | Sale | US,9.04,0.0,0,6,0.0
2026-06-28,Facebook,Growify | TOF | Sales | Australia | EOSS,299.67,0.0,10,205,0.0
2026-06-28,Facebook,Growify | TOF | Sales | Australia | EOSS,806.49,0.0,49,484,0.0
2026-06-28,Facebook,Growify | TOF | Sales | Australia | EOSS,3602.66,0.0,219,2230,0.0
2026-06-28,Facebook,Growify | TOF | Sales | Australia | EOSS,62.48,0.0,3,44,0.0
2026-06-28,Facebook,Growify | TOF | Sales | Australia | EOSS,103.37,0.0,8,20,0.0
2026-06-28,Facebook,Growify | TOF | Sales | Australia | EOSS,1176.59,0.0,39,661,0.0
2026-06-28,Facebook,Growify | TOF | Sales | Australia | EOSS,4438.31,0.0,142,2283,0.0
2026-06-28,Facebook,Growify | TOF | Sales | Australia | EOSS,71.27,0.0,1,47,0.0
2026-06-28,Facebook,Growify | TOF | Sales | Australia | EOSS,98.77,0.0,0,44,0.0
2026-06-28,Facebook,Growify | TOF | Sales | Australia | EOSS,2631.17,0.0,120,1395,0.0
2026-06-28,Facebook,Growify | TOF | Sales | India | Open,17.18,0.0,29,934,0.0
2026-06-28,Facebook,Growify | TOF | Sales | India | Open,2678.96,0.0,2791,97371,0.0
2026-06-29,Facebook,Conv | Tof | Multi Category | Ind | Direct | Growify |,802.98,0.0,2894,14058,0.0
2026-06-29,Facebook,Conv | Tof | Multi Category | Ind | Direct | Growify |,3974.41,29309.4,10956,86283,2.0
2026-06-29,Facebook,Conv | Tof | Multi Category | Ind | Direct | Growify |,0.0,0.0,0,0,0.0
2026-06-29,Facebook,Conv | Tof | Multi Category | Ind | Direct | Growify |,12.45,0.0,1,15,0.0
2026-06-29,Facebook,Conv | Tof | Multi Category | Ind | Direct | Growify |,618.87,0.0,323,1912,0.0
2026-06-29,Facebook,Conv | Tof | Multi Category | Ind | Direct | Growify |,1689.67,0.0,166,4143,0.0
2026-06-29,Facebook,Conv | Tof | Multi Category | Ind | Direct | Growify |,113.19,0.0,81,469,0.0
2026-06-29,Facebook,Conv | Tof | Multi Category | Ind | Direct | Growify |,4085.33,0.0,2010,15372,0.0
2026-06-29,Facebook,Conv | Tof | Multi Category | Ind | Direct | Growify |,47.36,0.0,2,51,0.0
2026-06-29,Facebook,Conv | Tof | Multi Category | Ind | Direct | Growify |,10.11,0.0,0,5,0.0
2026-06-29,Facebook,Conv | Tof | Multi Category | Ind | Direct | Growify |,4163.79,0.0,349,6433,0.0
2026-06-29,Facebook,Conv | Tof | Multi Category | Ind | Direct | Growify |,29.68,0.0,1,30,0.0
2026-06-29,Facebook,Conv | Tof | Multi Category | Ind | Direct | Growify |,2969.96,0.0,620,7660,0.0
2026-06-29,Facebook,Conv | Tof | Multi Category | Ind | Direct | Growify |,205.65,0.0,37,386,0.0
2026-06-29,Facebook,Conv | Tof | Multi Category | Ind | Direct | Growify | LAL,463.27,0.0,62,1304,0.0
2026-06-29,Facebook,Conv | Tof | Multi Category | Ind | Direct | Growify | LAL,4445.3,3300.0,1157,21402,1.0
2026-06-29,Facebook,Conv | Tof | Multicategory | CA | Direct | Growify,197.5,0.0,17,98,0.0
2026-06-29,Facebook,Conv | Tof | Multicategory | CA | Direct | Growify,751.04,0.0,49,475,0.0
2026-06-29,Facebook,Conv | Tof | Multicategory | CA | Direct | Growify,1.98,0.0,0,1,0.0
2026-06-29,Facebook,Conv | Tof | Multicategory | CA | Direct | Growify,7.45,0.0,0,5,0.0
2026-06-29,Facebook,Conv | Tof | Multicategory | CA | Direct | Growify,140.72,0.0,1,88,0.0
2026-06-29,Facebook,Conv | Tof | Multicategory | CA | Direct | Growify,5.47,0.0,0,1,0.0
2026-06-29,Facebook,Conv | Tof | Multicategory | CA | Direct | Growify,307.67,0.0,28,185,0.0
2026-06-29,Facebook,Conv | Tof | Multicategory | CA | Direct | Growify,3558.37,0.0,114,3459,0.0
2026-06-29,Facebook,Conv | Tof | Multicategory | CA | Direct | Growify,0.96,0.0,0,3,0.0
2026-06-29,Facebook,Conv | Tof | Multicategory | CA | Direct | Growify,42.98,0.0,0,48,0.0
2026-06-29,Facebook,Conv | Tof | Multicategory | CA | Direct | Growify,13.11,0.0,1,10,0.0
2026-06-29,Facebook,Conv | Tof | Multicategory | CA | Direct | Growify,97.4,0.0,4,70,0.0
2026-06-29,Facebook,Conv | Tof | Multicategory | CA | Direct | Growify,2287.06,0.0,145,1505,0.0
2026-06-29,Facebook,Conv | Tof | Multicategory | CA | Direct | Growify,21.08,0.0,0,12,0.0
2026-06-29,Facebook,Conv | Tof | Multicategory | CA | Direct | Growify,28.27,0.0,0,20,0.0
2026-06-29,Facebook,Conv | Tof | Multicategory | CA | Direct | Growify,179.14,0.0,3,101,0.0
2026-06-29,Facebook,Conv | Tof | Multicategory | CA | Direct | Growify,363.04,0.0,11,243,0.0
2026-06-29,Facebook,Conv | Tof | Multicategory | CA | Direct | Growify,3.54,0.0,0,3,0.0
2026-06-29,Facebook,Conv | Tof | Multicategory | CA | Direct | Growify,3.63,0.0,0,1,0.0
2026-06-29,Facebook,Conv | Tof | Multicategory | CA | Direct | Growify,35.25,0.0,0,10,0.0
2026-06-29,Facebook,Conv | Tof | Multicategory | CA | Direct | Growify,1762.9,0.0,58,1137,0.0
2026-06-29,Facebook,Conv | Tof | Multicategory | CA | Direct | Growify,29.49,0.0,0,19,0.0
2026-06-29,Facebook,Conv | Tof | Multicategory | CA | Direct | Growify,54.76,0.0,0,19,0.0
2026-06-29,Facebook,Conv | Tof | Multicategory | CA | Direct | Growify,1662.65,0.0,114,1352,0.0
2026-06-29,Facebook,Conv | Tof | Multicategory | INT | Direct | Growify,82.87,0.0,2,89,0.0
2026-06-29,Facebook,Conv | Tof | Multicategory | INT | Direct | Growify,328.77,0.0,10,215,0.0
2026-06-29,Facebook,Conv | Tof | Multicategory | INT | Direct | Growify,259.05,0.0,25,111,0.0
2026-06-29,Facebook,Conv | Tof | Multicategory | INT | Direct | Growify,282.38,0.0,6,75,0.0
2026-06-29,Facebook,Conv | Tof | Multicategory | US | Direct | Growify,638.94,0.0,13,275,0.0
2026-06-29,Facebook,Conv | Tof | Multicategory | US | Direct | Growify,3344.56,0.0,57,1164,0.0
2026-06-29,Facebook,Conv | Tof | Multicategory | US | Direct | Growify,14.1,0.0,0,7,0.0
2026-06-29,Facebook,Conv | Tof | Multicategory | US | Direct | Growify,136.29,0.0,4,67,0.0
2026-06-29,Facebook,Conv | Tof | Multicategory | US | Direct | Growify,1964.08,0.0,34,368,0.0
2026-06-29,Facebook,Conv | Tof | Multicategory | US | Direct | Growify,4335.36,0.0,169,1599,0.0
2026-06-29,Facebook,Conv | Tof | Multicategory | US | Direct | Growify,99.56,0.0,1,15,0.0
2026-06-29,Facebook,Conv | Tof | Multicategory | US | Direct | Growify,183.81,0.0,7,54,0.0
2026-06-29,Facebook,Conv | Tof | Multicategory | US | Direct | Growify,695.98,0.0,33,227,0.0
2026-06-29,Facebook,Conv | Tof | Multicategory | US | Direct | Growify,1695.59,0.0,55,530,0.0
2026-06-29,Facebook,Conv | Tof | Multicategory | US | Direct | Growify,39.1,0.0,1,7,0.0
2026-06-29,Facebook,Conv | Tof | Multicategory | US | Direct | Growify,7.5,0.0,1,3,0.0
2026-06-29,Facebook,Conv | Tof | Multicategory | US | Direct | Growify,1973.98,32575.0,26,869,1.0
2026-06-29,Facebook,Growify | MOF & BOF | Sale | India +intl,461.8,0.0,63,713,0.0
2026-06-29,Facebook,Growify | MOF & BOF | Sale | India +intl,49.04,0.0,5,107,0.0
2026-06-29,Facebook,Growify | MOF & BOF | Sale | India +intl,262.26,0.0,45,1481,0.0
2026-06-29,Facebook,Growify | MOF & BOF | Sale | India +intl,1605.54,0.0,148,3004,0.0
2026-06-29,Facebook,Growify | MOF & BOF | Sale | India +intl,30.05,0.0,0,3,0.0
2026-06-29,Facebook,Growify | MOF & BOF | Sale | India +intl,1880.37,3471.6,105,2569,1.0
2026-06-29,Facebook,Growify | MOF & BOF | Sale | India +intl,125.56,0.0,16,272,0.0
2026-06-29,Facebook,Growify | MOF & BOF | Sale | India +intl,531.11,0.0,18,263,0.0
2026-06-29,Facebook,Growify | MOF & BOF | Sale | India +intl,75.59,0.0,2,48,0.0
2026-06-29,Facebook,Growify | MOF & BOF | Sale | India +intl,582.78,0.0,27,641,0.0
2026-06-29,Facebook,Growify | MOF & BOF | Sale | India +intl,698.92,0.0,14,355,0.0
2026-06-29,Facebook,Growify | MOF & BOF | Sale | India +intl,32.439999,0.0,1,34,0.0
2026-06-29,Facebook,Growify | MOF & BOF | Sale | India +intl,295.85,0.0,18,269,0.0
2026-06-29,Facebook,Growify | MOF & BOF | Sale | India +intl,601.55,0.0,17,361,0.0
2026-06-29,Facebook,Growify | MOF & BOF | Sale | India +intl,928.85,0.0,45,816,0.0
2026-06-29,Facebook,Growify | MOF & BOF | Sale | India +intl,938.34,0.0,23,457,0.0
2026-06-29,Facebook,Growify | MOF & BOF | Sale | India +intl,284.58,0.0,2,137,0.0
2026-06-29,Facebook,Growify | MOF & BOF | Sale | India +intl,1664.5,0.0,33,648,0.0
2026-06-29,Facebook,Growify | MOF & BOF | Sale | India +intl,497.76,0.0,6,270,0.0
2026-06-29,Facebook,Growify | MOF & BOF | Sale | India +intl,1638.09,0.0,33,1104,0.0
2026-06-29,Facebook,Growify | MOF & BOF | Sale | India +intl,181.33,21611.95,5,71,1.0
2026-06-29,Facebook,Growify | MOF & BOF | Sale | India +intl,25.92,0.0,1,15,0.0
2026-06-29,Facebook,Growify | MOF & BOF | Sale | India +intl,85.04,0.0,0,30,0.0
2026-06-29,Facebook,Growify | MOF & BOF | Sale | India +intl,64.62,0.0,5,43,0.0
2026-06-29,Facebook,Growify | MOF & BOF | Sale | India +intl,207.0,0.0,1,93,0.0
2026-06-29,Facebook,Growify | MOF & BOF | Sale | India +intl,2695.7,0.0,56,1324,0.0
2026-06-29,Facebook,Growify | MOF & BOF | Sale | India +intl,297.81,10010.0,91,1735,2.0
2026-06-29,Facebook,Growify | MOF & BOF | Sale | India +intl,218.71,0.0,69,1156,0.0
2026-06-29,Facebook,Growify | MOF & BOF | Sale | India +intl,4520.36,7590.0,1672,26147,1.0
2026-06-29,Facebook,Growify | TOF | Sale | India,184.4,0.0,46,815,0.0
2026-06-29,Facebook,Growify | TOF | Sale | US,2688.5,0.0,59,880,0.0
2026-06-29,Facebook,Growify | TOF | Sale | US,561.68,0.0,15,221,0.0
2026-06-29,Facebook,Growify | TOF | Sale | US,25.57,0.0,0,4,0.0
2026-06-29,Facebook,Growify | TOF | Sales | Australia | EOSS,9.57,0.0,0,11,0.0
2026-06-29,Facebook,Growify | TOF | Sales | Australia | EOSS,496.3,0.0,23,265,0.0
2026-06-29,Facebook,Growify | TOF | Sales | Australia | EOSS,4462.41,0.0,210,2098,0.0
2026-06-29,Facebook,Growify | TOF | Sales | Australia | EOSS,37.51,0.0,5,14,0.0
2026-06-29,Facebook,Growify | TOF | Sales | Australia | EOSS,62.38,0.0,0,17,0.0
2026-06-29,Facebook,Growify | TOF | Sales | Australia | EOSS,1310.39,0.0,21,537,0.0
2026-06-29,Facebook,Growify | TOF | Sales | Australia | EOSS,3627.65,0.0,86,1783,0.0
2026-06-29,Facebook,Growify | TOF | Sales | Australia | EOSS,38.58,0.0,2,25,0.0
2026-06-29,Facebook,Growify | TOF | Sales | Australia | EOSS,63.33,0.0,6,44,0.0
2026-06-29,Facebook,Growify | TOF | Sales | Australia | EOSS,2322.28,0.0,123,1480,0.0
2026-06-29,Facebook,Growify | TOF | Sales | India | Open,305.37,0.0,182,6193,0.0
2026-06-29,Facebook,Growify | TOF | Sales | India | Open,2114.87,2000.0,2131,68600,1.0
2026-06-30,Facebook,Conv | Tof | Multi Category | Ind | Direct | Growify |,1545.16,4400.0,9095,40039,1.0
2026-06-30,Facebook,Conv | Tof | Multi Category | Ind | Direct | Growify |,3438.82,55550.0,9592,72173,3.0
2026-06-30,Facebook,Conv | Tof | Multi Category | Ind | Direct | Growify |,1.74,0.0,0,4,0.0
2026-06-30,Facebook,Conv | Tof | Multi Category | Ind | Direct | Growify |,976.15,0.0,486,3446,0.0
2026-06-30,Facebook,Conv | Tof | Multi Category | Ind | Direct | Growify |,1426.61,14900.0,101,3057,1.0
2026-06-30,Facebook,Conv | Tof | Multi Category | Ind | Direct | Growify |,167.31,0.0,83,609,0.0
2026-06-30,Facebook,Conv | Tof | Multi Category | Ind | Direct | Growify |,3614.76,0.0,1738,13787,0.0
2026-06-30,Facebook,Conv | Tof | Multi Category | Ind | Direct | Growify |,661.25,8250.0,60,700,1.0
2026-06-30,Facebook,Conv | Tof | Multi Category | Ind | Direct | Growify |,231.96,1500.0,8,81,1.0
2026-06-30,Facebook,Conv | Tof | Multi Category | Ind | Direct | Growify |,3330.63,9475.0,261,4816,2.0
2026-06-30,Facebook,Conv | Tof | Multi Category | Ind | Direct | Growify |,3044.39,0.0,736,8803,0.0
2026-06-30,Facebook,Conv | Tof | Multi Category | Ind | Direct | Growify |,159.4,0.0,10,240,0.0
2026-06-30,Facebook,Conv | Tof | Multi Category | Ind | Direct | Growify | LAL,298.32,0.0,32,799,0.0
2026-06-30,Facebook,Conv | Tof | Multi Category | Ind | Direct | Growify | LAL,4702.76,36660.0,735,15040,4.0
2026-06-30,Facebook,Conv | Tof | Multicategory | CA | Direct | Growify,912.77,0.0,47,450,0.0
2026-06-30,Facebook,Conv | Tof | Multicategory | CA | Direct | Growify,1760.72,0.0,70,1022,0.0
2026-06-30,Facebook,Conv | Tof | Multicategory | CA | Direct | Growify,2.8,0.0,0,5,0.0
2026-06-30,Facebook,Conv | Tof | Multicategory | CA | Direct | Growify,34.87,0.0,0,15,0.0
2026-06-30,Facebook,Conv | Tof | Multicategory | CA | Direct | Growify,0.0,0.0,0,0,0.0
2026-06-30,Facebook,Conv | Tof | Multicategory | CA | Direct | Growify,87.41,0.0,2,40,0.0
2026-06-30,Facebook,Conv | Tof | Multicategory | CA | Direct | Growify,292.84,0.0,14,235,0.0
2026-06-30,Facebook,Conv | Tof | Multicategory | CA | Direct | Growify,1662.79,0.0,27,1334,0.0
2026-06-30,Facebook,Conv | Tof | Multicategory | CA | Direct | Growify,1.15,0.0,0,3,0.0
2026-06-30,Facebook,Conv | Tof | Multicategory | CA | Direct | Growify,22.78,0.0,0,21,0.0
2026-06-30,Facebook,Conv | Tof | Multicategory | CA | Direct | Growify,0.0,0.0,0,0,0.0
2026-06-30,Facebook,Conv | Tof | Multicategory | CA | Direct | Growify,2.82,0.0,0,4,0.0
2026-06-30,Facebook,Conv | Tof | Multicategory | CA | Direct | Growify,2501.37,43200.0,174,1522,1.0
2026-06-30,Facebook,Conv | Tof | Multicategory | CA | Direct | Growify,18.28,0.0,3,9,0.0
2026-06-30,Facebook,Conv | Tof | Multicategory | CA | Direct | Growify,157.59,0.0,8,99,0.0
2026-06-30,Facebook,Conv | Tof | Multicategory | CA | Direct | Growify,400.45,0.0,19,251,0.0
2026-06-30,Facebook,Conv | Tof | Multicategory | CA | Direct | Growify,402.28,0.0,9,116,0.0
2026-06-30,Facebook,Conv | Tof | Multicategory | CA | Direct | Growify,0.72,0.0,0,1,0.0
2026-06-30,Facebook,Conv | Tof | Multicategory | CA | Direct | Growify,0.82,0.0,0,1,0.0
2026-06-30,Facebook,Conv | Tof | Multicategory | CA | Direct | Growify,18.09,0.0,0,5,0.0
2026-06-30,Facebook,Conv | Tof | Multicategory | CA | Direct | Growify,1364.61,0.0,34,1026,0.0
2026-06-30,Facebook,Conv | Tof | Multicategory | CA | Direct | Growify,19.1,0.0,0,13,0.0
2026-06-30,Facebook,Conv | Tof | Multicategory | CA | Direct | Growify,24.87,0.0,0,7,0.0
2026-06-30,Facebook,Conv | Tof | Multicategory | CA | Direct | Growify,1636.0,0.0,162,1184,0.0
2026-06-30,Facebook,Conv | Tof | Multicategory | INT | Direct | Growify,22.55,0.0,0,14,0.0
2026-06-30,Facebook,Conv | Tof | Multicategory | INT | Direct | Growify,375.58,0.0,20,212,0.0
2026-06-30,Facebook,Conv | Tof | Multicategory | INT | Direct | Growify,285.4,0.0,12,138,0.0
2026-06-30,Facebook,Conv | Tof | Multicategory | INT | Direct | Growify,216.04,0.0,3,75,0.0
2026-06-30,Facebook,Conv | Tof | Multicategory | US | Direct | Growify,200.2,0.0,1,88,0.0
2026-06-30,Facebook,Conv | Tof | Multicategory | US | Direct | Growify,1774.02,0.0,29,614,0.0
2026-06-30,Facebook,Conv | Tof | Multicategory | US | Direct | Growify,33.61,0.0,0,9,0.0
2026-06-30,Facebook,Conv | Tof | Multicategory | US | Direct | Growify,181.35,0.0,0,2,0.0
2026-06-30,Facebook,Conv | Tof | Multicategory | US | Direct | Growify,1833.59,0.0,44,476,0.0
2026-06-30,Facebook,Conv | Tof | Multicategory | US | Direct | Growify,4468.24,10750.0,143,1538,1.0
2026-06-30,Facebook,Conv | Tof | Multicategory | US | Direct | Growify,67.32,0.0,4,33,0.0
2026-06-30,Facebook,Conv | Tof | Multicategory | US | Direct | Growify,155.89,0.0,5,57,0.0
2026-06-30,Facebook,Conv | Tof | Multicategory | US | Direct | Growify,292.08,0.0,12,117,0.0
2026-06-30,Facebook,Conv | Tof | Multicategory | US | Direct | Growify,3076.29,0.0,106,889,0.0
2026-06-30,Facebook,Conv | Tof | Multicategory | US | Direct | Growify,5.19,0.0,0,1,0.0
2026-06-30,Facebook,Conv | Tof | Multicategory | US | Direct | Growify,18.08,0.0,0,1,0.0
2026-06-30,Facebook,Conv | Tof | Multicategory | US | Direct | Growify,2089.25,0.0,24,752,0.0
2026-06-30,Facebook,Growify | MOF & BOF | Sale | India +intl,1042.599999,0.0,107,1820,0.0
2026-06-30,Facebook,Growify | MOF & BOF | Sale | India +intl,43.47,0.0,6,102,0.0
2026-06-30,Facebook,Growify | MOF & BOF | Sale | India +intl,2.009999,0.0,1,80,0.0
2026-06-30,Facebook,Growify | MOF & BOF | Sale | India +intl,3955.53,0.0,404,8277,0.0
2026-06-30,Facebook,Growify | MOF & BOF | Sale | India +intl,5.1,0.0,2,11,0.0
2026-06-30,Facebook,Growify | MOF & BOF | Sale | India +intl,443.12,0.0,36,716,0.0
2026-06-30,Facebook,Growify | MOF & BOF | Sale | India +intl,195.42,0.0,16,516,0.0
2026-06-30,Facebook,Growify | MOF & BOF | Sale | India +intl,262.579999,0.0,17,129,0.0
2026-06-30,Facebook,Growify | MOF & BOF | Sale | India +intl,121.99,0.0,1,78,0.0
2026-06-30,Facebook,Growify | MOF & BOF | Sale | India +intl,544.86,0.0,23,513,0.0
2026-06-30,Facebook,Growify | MOF & BOF | Sale | India +intl,756.12,0.0,17,479,0.0
2026-06-30,Facebook,Growify | MOF & BOF | Sale | India +intl,60.21,0.0,2,44,0.0
2026-06-30,Facebook,Growify | MOF & BOF | Sale | India +intl,92.02,0.0,7,117,0.0
2026-06-30,Facebook,Growify | MOF & BOF | Sale | India +intl,302.13,0.0,8,203,0.0
2026-06-30,Facebook,Growify | MOF & BOF | Sale | India +intl,1996.27,0.0,66,1550,0.0
2026-06-30,Facebook,Growify | MOF & BOF | Sale | India +intl,1582.64,0.0,32,855,0.0
2026-06-30,Facebook,Growify | MOF & BOF | Sale | India +intl,926.03,0.0,21,498,0.0
2026-06-30,Facebook,Growify | MOF & BOF | Sale | India +intl,1798.95,0.0,22,728,0.0
2026-06-30,Facebook,Growify | MOF & BOF | Sale | India +intl,211.86,0.0,7,141,0.0
2026-06-30,Facebook,Growify | MOF & BOF | Sale | India +intl,834.66,0.0,25,498,0.0
2026-06-30,Facebook,Growify | MOF & BOF | Sale | India +intl,65.069999,0.0,1,36,0.0
2026-06-30,Facebook,Growify | MOF & BOF | Sale | India +intl,89.82,0.0,1,26,0.0
2026-06-30,Facebook,Growify | MOF & BOF | Sale | India +intl,60.08,0.0,2,36,0.0
2026-06-30,Facebook,Growify | MOF & BOF | Sale | India +intl,21.27,0.0,0,16,0.0
2026-06-30,Facebook,Growify | MOF & BOF | Sale | India +intl,31.39,0.0,0,17,0.0
2026-06-30,Facebook,Growify | MOF & BOF | Sale | India +intl,2487.97,0.0,58,1230,0.0
2026-06-30,Facebook,Growify | MOF & BOF | Sale | India +intl,1090.84,14850.0,390,5584,1.0
2026-06-30,Facebook,Growify | MOF & BOF | Sale | India +intl,181.56,0.0,81,1018,0.0
2026-06-30,Facebook,Growify | MOF & BOF | Sale | India +intl,3866.79,7975.0,1340,24849,1.0
2026-06-30,Facebook,Growify | TOF | Sale | India,229.13,0.0,44,1075,0.0
2026-06-30,Facebook,Growify | TOF | Sale | US,3001.22,0.0,41,866,0.0
2026-06-30,Facebook,Growify | TOF | Sale | US,218.34,0.0,4,64,0.0
2026-06-30,Facebook,Growify | TOF | Sale | US,2.47,0.0,0,4,0.0
2026-06-30,Facebook,Growify | TOF | Sales | Australia | EOSS,1083.85,28240.0,59,657,1.0
2026-06-30,Facebook,Growify | TOF | Sales | Australia | EOSS,3562.27,0.0,141,1773,0.0
2026-06-30,Facebook,Growify | TOF | Sales | Australia | EOSS,54.19,0.0,1,40,0.0
2026-06-30,Facebook,Growify | TOF | Sales | Australia | EOSS,870.33,0.0,26,466,0.0
2026-06-30,Facebook,Growify | TOF | Sales | Australia | EOSS,4490.65,0.0,127,1867,0.0
2026-06-30,Facebook,Growify | TOF | Sales | Australia | EOSS,37.03,0.0,1,20,0.0
2026-06-30,Facebook,Growify | TOF | Sales | Australia | EOSS,2974.53,0.0,114,945,0.0
2026-06-30,Facebook,Growify | TOF | Sales | India | Open,47.63,0.0,40,1601,0.0
2026-06-30,Facebook,Growify | TOF | Sales | India | Open,2522.63,0.0,2357,75778,0.0
2026-06-30,Facebook,Growify | TOF | Sales | India | Open,0.0,0.0,0,0,0.0
2026-07-01,Facebook,Conv | Tof | Multi Category | Ind | Direct | Growify |,1954.92,15870.0,7594,39920,2.0
2026-07-01,Facebook,Conv | Tof | Multi Category | Ind | Direct | Growify |,3198.73,11279.4,8460,77274,2.0
2026-07-01,Facebook,Conv | Tof | Multi Category | Ind | Direct | Growify |,23.19,0.0,1,36,0.0
2026-07-01,Facebook,Conv | Tof | Multi Category | Ind | Direct | Growify |,1848.29,1500.0,1296,10314,1.0
2026-07-01,Facebook,Conv | Tof | Multi Category | Ind | Direct | Growify |,1019.03,0.0,78,2218,0.0
2026-07-01,Facebook,Conv | Tof | Multi Category | Ind | Direct | Growify |,85.54,0.0,35,227,0.0
2026-07-01,Facebook,Conv | Tof | Multi Category | Ind | Direct | Growify |,3474.06,14500.0,1579,13545,1.0
2026-07-01,Facebook,Conv | Tof | Multi Category | Ind | Direct | Growify |,588.98,0.0,71,787,0.0
2026-07-01,Facebook,Conv | Tof | Multi Category | Ind | Direct | Growify |,77.41,0.0,3,88,0.0
2026-07-01,Facebook,Conv | Tof | Multi Category | Ind | Direct | Growify |,2901.36,0.0,220,4576,0.0
2026-07-01,Facebook,Conv | Tof | Multi Category | Ind | Direct | Growify |,285.29,0.0,17,173,0.0
2026-07-01,Facebook,Conv | Tof | Multi Category | Ind | Direct | Growify |,2825.84,32554.5,912,12883,3.0
2026-07-01,Facebook,Conv | Tof | Multi Category | Ind | Direct | Growify |,137.45,0.0,14,377,0.0
2026-07-01,Facebook,Conv | Tof | Multi Category | Ind | Direct | Growify | LAL,84.47,0.0,14,251,0.0
2026-07-01,Facebook,Conv | Tof | Multi Category | Ind | Direct | Growify | LAL,3400.11,5500.0,651,11564,1.0
2026-07-01,Facebook,Conv | Tof | Multicategory | CA | Direct | Growify,1392.08,0.0,116,991,0.0
2026-07-01,Facebook,Conv | Tof | Multicategory | CA | Direct | Growify,1504.27,0.0,85,844,0.0
2026-07-01,Facebook,Conv | Tof | Multicategory | CA | Direct | Growify,17.3,0.0,0,3,0.0
2026-07-01,Facebook,Conv | Tof | Multicategory | CA | Direct | Growify,22.93,0.0,0,15,0.0
2026-07-01,Facebook,Conv | Tof | Multicategory | CA | Direct | Growify,0.0,0.0,0,0,0.0
2026-07-01,Facebook,Conv | Tof | Multicategory | CA | Direct | Growify,1.27,0.0,0,4,0.0
2026-07-01,Facebook,Conv | Tof | Multicategory | CA | Direct | Growify,197.59,0.0,7,116,0.0
2026-07-01,Facebook,Conv | Tof | Multicategory | CA | Direct | Growify,1961.13,14750.0,32,1507,1.0
2026-07-01,Facebook,Conv | Tof | Multicategory | CA | Direct | Growify,15.47,0.0,0,17,0.0
2026-07-01,Facebook,Conv | Tof | Multicategory | CA | Direct | Growify,4.56,0.0,0,3,0.0
2026-07-01,Facebook,Conv | Tof | Multicategory | CA | Direct | Growify,75.61,0.0,2,39,0.0
2026-07-01,Facebook,Conv | Tof | Multicategory | CA | Direct | Growify,2235.69,0.0,121,1403,0.0
2026-07-01,Facebook,Conv | Tof | Multicategory | CA | Direct | Growify,44.95,0.0,2,38,0.0
2026-07-01,Facebook,Conv | Tof | Multicategory | CA | Direct | Growify,127.42,0.0,1,82,0.0
2026-07-01,Facebook,Conv | Tof | Multicategory | CA | Direct | Growify,161.9,0.0,2,111,0.0
2026-07-01,Facebook,Conv | Tof | Multicategory | CA | Direct | Growify,314.39,0.0,12,231,0.0
2026-07-01,Facebook,Conv | Tof | Multicategory | CA | Direct | Growify,0.22,0.0,0,1,0.0
2026-07-01,Facebook,Conv | Tof | Multicategory | CA | Direct | Growify,0.44,0.0,0,1,0.0
2026-07-01,Facebook,Conv | Tof | Multicategory | CA | Direct | Growify,1.83,0.0,0,3,0.0
2026-07-01,Facebook,Conv | Tof | Multicategory | CA | Direct | Growify,3.93,0.0,0,5,0.0
2026-07-01,Facebook,Conv | Tof | Multicategory | CA | Direct | Growify,1664.08,0.0,61,1209,0.0
2026-07-01,Facebook,Conv | Tof | Multicategory | CA | Direct | Growify,57.34,0.0,0,21,0.0
2026-07-01,Facebook,Conv | Tof | Multicategory | CA | Direct | Growify,0.0,0.0,0,0,0.0
2026-07-01,Facebook,Conv | Tof | Multicategory | INT | Direct | Growify,10.57,0.0,0,3,0.0
2026-07-01,Facebook,Conv | Tof | Multicategory | INT | Direct | Growify,403.24,0.0,24,292,0.0
2026-07-01,Facebook,Conv | Tof | Multicategory | INT | Direct | Growify,274.16,0.0,2,130,0.0
2026-07-01,Facebook,Conv | Tof | Multicategory | INT | Direct | Growify,218.01,0.0,5,84,0.0
2026-07-01,Facebook,Conv | Tof | Multicategory | US | Direct | Growify,0.0,0.0,0,0,0.0
2026-07-01,Facebook,Conv | Tof | Multicategory | US | Direct | Growify,0.0,0.0,0,0,0.0
2026-07-01,Facebook,Conv | Tof | Multicategory | US | Direct | Growify,4450.04,51670.0,132,1654,1.0
2026-07-01,Facebook,Conv | Tof | Multicategory | US | Direct | Growify,38.42,0.0,0,14,0.0
2026-07-01,Facebook,Conv | Tof | Multicategory | US | Direct | Growify,66.28,0.0,0,22,0.0
2026-07-01,Facebook,Conv | Tof | Multicategory | US | Direct | Growify,261.47,0.0,10,104,0.0
2026-07-01,Facebook,Conv | Tof | Multicategory | US | Direct | Growify,3143.25,0.0,77,1006,0.0
2026-07-01,Facebook,Conv | Tof | Multicategory | US | Direct | Growify,457.92,0.0,7,156,0.0
2026-07-01,Facebook,Conv | Tof | Multicategory | US | Direct | Growify,34.98,0.0,0,16,0.0
2026-07-01,Facebook,Conv | Tof | Multicategory | US | Direct | Growify,1091.7,0.0,14,478,0.0
2026-07-01,Facebook,Growify | MOF & BOF | Sale | India +intl,358.54,0.0,74,1028,0.0
2026-07-01,Facebook,Growify | MOF & BOF | Sale | India +intl,201.66,0.0,19,442,0.0
2026-07-01,Facebook,Growify | MOF & BOF | Sale | India +intl,12.93,0.0,5,144,0.0
2026-07-01,Facebook,Growify | MOF & BOF | Sale | India +intl,3310.61,11750.0,362,8228,2.0
2026-07-01,Facebook,Growify | MOF & BOF | Sale | India +intl,0.11,0.0,0,3,0.0
2026-07-01,Facebook,Growify | MOF & BOF | Sale | India +intl,1060.42,0.0,46,1179,0.0
2026-07-01,Facebook,Growify | MOF & BOF | Sale | India +intl,40.58,0.0,3,77,0.0
2026-07-01,Facebook,Growify | MOF & BOF | Sale | India +intl,732.96,0.0,17,393,0.0
2026-07-01,Facebook,Growify | MOF & BOF | Sale | India +intl,21.85,0.0,0,21,0.0
2026-07-01,Facebook,Growify | MOF & BOF | Sale | India +intl,561.8,0.0,17,392,0.0
2026-07-01,Facebook,Growify | MOF & BOF | Sale | India +intl,788.35,0.0,8,331,0.0
2026-07-01,Facebook,Growify | MOF & BOF | Sale | India +intl,47.01,0.0,2,61,0.0
2026-07-01,Facebook,Growify | MOF & BOF | Sale | India +intl,28.75,0.0,1,39,0.0
2026-07-01,Facebook,Growify | MOF & BOF | Sale | India +intl,428.32,0.0,17,548,0.0
2026-07-01,Facebook,Growify | MOF & BOF | Sale | India +intl,421.74,12800.0,22,379,1.0
2026-07-01,Facebook,Growify | MOF & BOF | Sale | India +intl,1686.59,0.0,39,1144,0.0
2026-07-01,Facebook,Growify | MOF & BOF | Sale | India +intl,254.58,0.0,5,126,0.0
2026-07-01,Facebook,Growify | MOF & BOF | Sale | India +intl,1421.19,0.0,21,702,0.0
2026-07-01,Facebook,Growify | MOF & BOF | Sale | India +intl,448.94,0.0,6,271,0.0
2026-07-01,Facebook,Growify | MOF & BOF | Sale | India +intl,1114.39,18268.8,23,606,1.0
2026-07-01,Facebook,Growify | MOF & BOF | Sale | India +intl,198.61,0.0,15,79,0.0
2026-07-01,Facebook,Growify | MOF & BOF | Sale | India +intl,51.11,0.0,1,14,0.0
2026-07-01,Facebook,Growify | MOF & BOF | Sale | India +intl,7.8,0.0,0,6,0.0
2026-07-01,Facebook,Growify | MOF & BOF | Sale | India +intl,60.06,0.0,1,35,0.0
2026-07-01,Facebook,Growify | MOF & BOF | Sale | India +intl,2528.25,0.0,57,1204,0.0
2026-07-01,Facebook,Growify | MOF & BOF | Sale | India +intl,829.5,9625.0,250,4371,2.0
2026-07-01,Facebook,Growify | MOF & BOF | Sale | India +intl,226.46,12870.0,80,917,1.0
2026-07-01,Facebook,Growify | MOF & BOF | Sale | India +intl,4170.51,4950.0,1407,23486,1.0
2026-07-01,Facebook,Growify | MOF & BOF | Sale | India +intl,0.0,0.0,0,0,0.0
2026-07-01,Facebook,Growify | TOF | Sale | India,238.68,0.0,64,1246,0.0
2026-07-01,Facebook,Growify | TOF | Sale | US,3084.72,0.0,55,1019,0.0
2026-07-01,Facebook,Growify | TOF | Sale | US,92.01,0.0,5,42,0.0
2026-07-01,Facebook,Growify | TOF | Sales | Australia | EOSS,6.29,0.0,0,2,0.0
2026-07-01,Facebook,Growify | TOF | Sales | Australia | EOSS,694.07,0.0,22,333,0.0
2026-07-01,Facebook,Growify | TOF | Sales | Australia | EOSS,3892.77,0.0,142,2114,0.0
2026-07-01,Facebook,Growify | TOF | Sales | Australia | EOSS,109.28,0.0,4,49,0.0
2026-07-01,Facebook,Growify | TOF | Sales | Australia | EOSS,887.37,0.0,27,444,0.0
2026-07-01,Facebook,Growify | TOF | Sales | Australia | EOSS,4215.04,0.0,112,2037,0.0
2026-07-01,Facebook,Growify | TOF | Sales | Australia | EOSS,118.55,0.0,2,73,0.0
2026-07-01,Facebook,Growify | TOF | Sales | Australia | EOSS,0.0,0.0,0,0,0.0
2026-07-01,Facebook,Growify | TOF | Sales | India | Open,89.98,0.0,89,3203,0.0
2026-07-01,Facebook,Growify | TOF | Sales | India | Open,2500.42,0.0,2103,78698,0.0
2026-07-02,Facebook,Conv | Tof | Multi Category | Ind | Direct | Growify |,3356.63,0.0,9542,68114,0.0
2026-07-02,Facebook,Conv | Tof | Multi Category | Ind | Direct | Growify |,1466.1,24750.0,4109,48821,1.0
2026-07-02,Facebook,Conv | Tof | Multi Category | Ind | Direct | Growify |,1692.18,0.0,1057,9139,0.0
2026-07-02,Facebook,Conv | Tof | Multi Category | Ind | Direct | Growify |,971.91,5610.0,86,2324,1.0
2026-07-02,Facebook,Conv | Tof | Multi Category | Ind | Direct | Growify |,51.96,0.0,30,208,0.0
2026-07-02,Facebook,Conv | Tof | Multi Category | Ind | Direct | Growify |,3815.95,1750.0,1861,16811,1.0
2026-07-02,Facebook,Conv | Tof | Multi Category | Ind | Direct | Growify |,521.549999,1250.0,79,862,1.0
2026-07-02,Facebook,Conv | Tof | Multi Category | Ind | Direct | Growify |,285.87,0.0,15,369,0.0
2026-07-02,Facebook,Conv | Tof | Multi Category | Ind | Direct | Growify |,3435.8,5000.0,263,5233,1.0
2026-07-02,Facebook,Conv | Tof | Multi Category | Ind | Direct | Growify |,148.6,0.0,34,286,0.0
2026-07-02,Facebook,Conv | Tof | Multi Category | Ind | Direct | Growify |,2868.03,0.0,950,13695,0.0
2026-07-02,Facebook,Conv | Tof | Multi Category | Ind | Direct | Growify |,231.76,0.0,28,472,0.0
2026-07-02,Facebook,Conv | Tof | Multi Category | Ind | Direct | Growify | LAL,52.35,0.0,11,158,0.0
2026-07-02,Facebook,Conv | Tof | Multi Category | Ind | Direct | Growify | LAL,3194.68,0.0,432,8766,0.0
2026-07-02,Facebook,Conv | Tof | Multicategory | CA | Direct | Growify,279.49,0.0,23,201,0.0
2026-07-02,Facebook,Conv | Tof | Multicategory | CA | Direct | Growify,1444.69,0.0,113,1050,0.0
2026-07-02,Facebook,Conv | Tof | Multicategory | CA | Direct | Growify,2.089999,0.0,0,3,0.0
2026-07-02,Facebook,Conv | Tof | Multicategory | CA | Direct | Growify,11.73,0.0,0,10,0.0
2026-07-02,Facebook,Conv | Tof | Multicategory | CA | Direct | Growify,0.0,0.0,0,0,0.0
2026-07-02,Facebook,Conv | Tof | Multicategory | CA | Direct | Growify,193.32,0.0,3,141,0.0
2026-07-02,Facebook,Conv | Tof | Multicategory | CA | Direct | Growify,991.34,0.0,67,525,0.0
2026-07-02,Facebook,Conv | Tof | Multicategory | CA | Direct | Growify,1010.0,0.0,34,988,0.0
2026-07-02,Facebook,Conv | Tof | Multicategory | CA | Direct | Growify,7.49,0.0,0,9,0.0
2026-07-02,Facebook,Conv | Tof | Multicategory | CA | Direct | Growify,11.66,0.0,0,14,0.0
2026-07-02,Facebook,Conv | Tof | Multicategory | CA | Direct | Growify,1.15,0.0,0,3,0.0
2026-07-02,Facebook,Conv | Tof | Multicategory | CA | Direct | Growify,62.71,0.0,1,36,0.0
2026-07-02,Facebook,Conv | Tof | Multicategory | CA | Direct | Growify,2143.79,0.0,137,1618,0.0
2026-07-02,Facebook,Conv | Tof | Multicategory | CA | Direct | Growify,3.46,0.0,0,1,0.0
2026-07-02,Facebook,Conv | Tof | Multicategory | CA | Direct | Growify,9.7,0.0,2,12,0.0
2026-07-02,Facebook,Conv | Tof | Multicategory | CA | Direct | Growify,31.16,0.0,0,15,0.0
2026-07-02,Facebook,Conv | Tof | Multicategory | CA | Direct | Growify,556.74,0.0,19,387,0.0
2026-07-02,Facebook,Conv | Tof | Multicategory | CA | Direct | Growify,8.33,0.0,0,6,0.0
2026-07-02,Facebook,Conv | Tof | Multicategory | CA | Direct | Growify,108.11,0.0,4,54,0.0
2026-07-02,Facebook,Conv | Tof | Multicategory | CA | Direct | Growify,621.9,0.0,14,443,0.0
2026-07-02,Facebook,Conv | Tof | Multicategory | CA | Direct | Growify,3.44,0.0,0,4,0.0
2026-07-02,Facebook,Conv | Tof | Multicategory | CA | Direct | Growify,0.0,0.0,0,0,0.0
2026-07-02,Facebook,Conv | Tof | Multicategory | INT | Direct | Growify,2.41,0.0,0,3,0.0
2026-07-02,Facebook,Conv | Tof | Multicategory | INT | Direct | Growify,364.29,0.0,20,266,0.0
2026-07-02,Facebook,Conv | Tof | Multicategory | INT | Direct | Growify,279.57,0.0,12,110,0.0
2026-07-02,Facebook,Conv | Tof | Multicategory | INT | Direct | Growify,230.38,0.0,2,70,0.0
2026-07-02,Facebook,Conv | Tof | Multicategory | US | Direct | Growify,4153.74,0.0,122,1598,0.0
2026-07-02,Facebook,Conv | Tof | Multicategory | US | Direct | Growify,108.67,0.0,6,34,0.0
2026-07-02,Facebook,Conv | Tof | Multicategory | US | Direct | Growify,142.12,0.0,5,56,0.0
2026-07-02,Facebook,Conv | Tof | Multicategory | US | Direct | Growify,451.78,0.0,15,124,0.0
2026-07-02,Facebook,Conv | Tof | Multicategory | US | Direct | Growify,2456.03,0.0,83,837,0.0
2026-07-02,Facebook,Conv | Tof | Multicategory | US | Direct | Growify,76.55,0.0,3,29,0.0
2026-07-02,Facebook,Conv | Tof | Multicategory | US | Direct | Growify,9.45,0.0,0,1,0.0
2026-07-02,Facebook,Conv | Tof | Multicategory | US | Direct | Growify,503.73,0.0,11,246,0.0
2026-07-02,Facebook,Growify | MOF & BOF | Sale | India +intl,302.04,12870.0,31,614,1.0
2026-07-02,Facebook,Growify | MOF & BOF | Sale | India +intl,6.79,0.0,0,20,0.0
2026-07-02,Facebook,Growify | MOF & BOF | Sale | India +intl,3723.3,1500.0,398,9711,1.0
2026-07-02,Facebook,Growify | MOF & BOF | Sale | India +intl,15.19,0.0,1,23,0.0
2026-07-02,Facebook,Growify | MOF & BOF | Sale | India +intl,459.18,0.0,32,859,0.0
2026-07-02,Facebook,Growify | MOF & BOF | Sale | India +intl,292.08,0.0,14,401,0.0
2026-07-02,Facebook,Growify | MOF & BOF | Sale | India +intl,581.82,0.0,31,386,0.0
2026-07-02,Facebook,Growify | MOF & BOF | Sale | India +intl,531.2,0.0,14,376,0.0
2026-07-02,Facebook,Growify | MOF & BOF | Sale | India +intl,876.53,0.0,8,348,0.0
2026-07-02,Facebook,Growify | MOF & BOF | Sale | India +intl,19.24,0.0,0,11,0.0
2026-07-02,Facebook,Growify | MOF & BOF | Sale | India +intl,138.0,0.0,6,248,0.0
2026-07-02,Facebook,Growify | MOF & BOF | Sale | India +intl,1344.9,0.0,44,943,0.0
2026-07-02,Facebook,Growify | MOF & BOF | Sale | India +intl,2954.32,0.0,77,2107,0.0
2026-07-02,Facebook,Growify | MOF & BOF | Sale | India +intl,181.93,0.0,5,95,0.0
2026-07-02,Facebook,Growify | MOF & BOF | Sale | India +intl,1196.7,0.0,22,557,0.0
2026-07-02,Facebook,Growify | MOF & BOF | Sale | India +intl,184.32,0.0,6,169,0.0
2026-07-02,Facebook,Growify | MOF & BOF | Sale | India +intl,858.76,0.0,27,680,0.0
2026-07-02,Facebook,Growify | MOF & BOF | Sale | India +intl,626.25,0.0,18,302,0.0
2026-07-02,Facebook,Growify | MOF & BOF | Sale | India +intl,7.01,0.0,0,3,0.0
2026-07-02,Facebook,Growify | MOF & BOF | Sale | India +intl,16.84,0.0,0,5,0.0
2026-07-02,Facebook,Growify | MOF & BOF | Sale | India +intl,19.5,0.0,1,8,0.0
2026-07-02,Facebook,Growify | MOF & BOF | Sale | India +intl,2182.82,0.0,41,1126,0.0
2026-07-02,Facebook,Growify | MOF & BOF | Sale | India +intl,341.48,0.0,105,2108,0.0
2026-07-02,Facebook,Growify | MOF & BOF | Sale | India +intl,346.35,1500.0,71,1480,1.0
2026-07-02,Facebook,Growify | MOF & BOF | Sale | India +intl,4558.44,29475.0,1494,27472,3.0
2026-07-02,Facebook,Growify | TOF | Sale | India,235.09,0.0,56,1076,0.0
2026-07-02,Facebook,Growify | TOF | Sale | US,2465.13,0.0,67,1045,0.0
2026-07-02,Facebook,Growify | TOF | Sale | US,136.5,0.0,2,60,0.0
2026-07-02,Facebook,Growify | TOF | Sale | US,125.58,0.0,1,57,0.0
2026-07-02,Facebook,Growify | TOF | Sales | Australia | EOSS,279.36,0.0,13,142,0.0
2026-07-02,Facebook,Growify | TOF | Sales | Australia | EOSS,4874.12,22740.0,206,2561,1.0
2026-07-02,Facebook,Growify | TOF | Sales | Australia | EOSS,25.8,0.0,0,11,0.0
2026-07-02,Facebook,Growify | TOF | Sales | Australia | EOSS,70.11,0.0,3,33,0.0
2026-07-02,Facebook,Growify | TOF | Sales | Australia | EOSS,805.45,0.0,20,580,0.0
2026-07-02,Facebook,Growify | TOF | Sales | Australia | EOSS,4090.76,0.0,189,2201,0.0
2026-07-02,Facebook,Growify | TOF | Sales | Australia | EOSS,64.26,0.0,2,47,0.0
2026-07-02,Facebook,Growify | TOF | Sales | Australia | EOSS,0.0,0.0,0,0,0.0
2026-07-02,Facebook,Growify | TOF | Sales | India | Open,62.48,0.0,50,1971,0.0
2026-07-02,Facebook,Growify | TOF | Sales | India | Open,2541.27,5500.0,2712,93319,1.0
2026-07-03,Facebook,Conv | Tof | Multi Category | Ind | Direct | Growify |,4794.67,0.0,10062,60005,0.0
2026-07-03,Facebook,Conv | Tof | Multi Category | Ind | Direct | Growify |,541.19,0.0,977,12635,0.0
2026-07-03,Facebook,Conv | Tof | Multi Category | Ind | Direct | Growify |,1454.47,0.0,539,5057,0.0
2026-07-03,Facebook,Conv | Tof | Multi Category | Ind | Direct | Growify |,998.57,0.0,144,3396,0.0
2026-07-03,Facebook,Conv | Tof | Multi Category | Ind | Direct | Growify |,66.16,0.0,34,184,0.0
2026-07-03,Facebook,Conv | Tof | Multi Category | Ind | Direct | Growify |,3490.22,26092.0,1517,12112,2.0
2026-07-03,Facebook,Conv | Tof | Multi Category | Ind | Direct | Growify |,810.51,0.0,70,933,0.0
2026-07-03,Facebook,Conv | Tof | Multi Category | Ind | Direct | Growify |,184.14,0.0,9,282,0.0
2026-07-03,Facebook,Conv | Tof | Multi Category | Ind | Direct | Growify |,2134.35,0.0,173,3615,0.0
2026-07-03,Facebook,Conv | Tof | Multi Category | Ind | Direct | Growify |,631.94,0.0,130,1149,0.0
2026-07-03,Facebook,Conv | Tof | Multi Category | Ind | Direct | Growify |,2835.96,0.0,697,10070,0.0
2026-07-03,Facebook,Conv | Tof | Multi Category | Ind | Direct | Growify |,143.19,0.0,14,310,0.0
2026-07-03,Facebook,Conv | Tof | Multi Category | Ind | Direct | Growify | LAL,6.64,0.0,0,11,0.0
2026-07-03,Facebook,Conv | Tof | Multi Category | Ind | Direct | Growify | LAL,2710.62,0.0,376,6417,0.0
2026-07-03,Facebook,Conv | Tof | Multicategory | CA | Direct | Growify,364.33,0.0,25,240,0.0
2026-07-03,Facebook,Conv | Tof | Multicategory | CA | Direct | Growify,1201.99,0.0,58,777,0.0
2026-07-03,Facebook,Conv | Tof | Multicategory | CA | Direct | Growify,2.77,0.0,0,6,0.0
2026-07-03,Facebook,Conv | Tof | Multicategory | CA | Direct | Growify,3.0,0.0,0,8,0.0
2026-07-03,Facebook,Conv | Tof | Multicategory | CA | Direct | Growify,58.17,0.0,1,57,0.0
2026-07-03,Facebook,Conv | Tof | Multicategory | CA | Direct | Growify,855.77,0.0,22,779,0.0
2026-07-03,Facebook,Conv | Tof | Multicategory | CA | Direct | Growify,954.31,0.0,62,672,0.0
2026-07-03,Facebook,Conv | Tof | Multicategory | CA | Direct | Growify,5.65,0.0,0,9,0.0
2026-07-03,Facebook,Conv | Tof | Multicategory | CA | Direct | Growify,23.71,0.0,0,12,0.0
2026-07-03,Facebook,Conv | Tof | Multicategory | CA | Direct | Growify,1.44,0.0,0,1,0.0
2026-07-03,Facebook,Conv | Tof | Multicategory | CA | Direct | Growify,65.519999,0.0,5,35,0.0
2026-07-03,Facebook,Conv | Tof | Multicategory | CA | Direct | Growify,2397.42,0.0,133,1769,0.0
2026-07-03,Facebook,Conv | Tof | Multicategory | CA | Direct | Growify,0.0,0.0,0,0,0.0
2026-07-03,Facebook,Conv | Tof | Multicategory | CA | Direct | Growify,0.0,0.0,0,0,0.0
2026-07-03,Facebook,Conv | Tof | Multicategory | INT | Direct | Growify,368.64,0.0,17,276,0.0
2026-07-03,Facebook,Conv | Tof | Multicategory | INT | Direct | Growify,245.37,0.0,15,148,0.0
2026-07-03,Facebook,Conv | Tof | Multicategory | INT | Direct | Growify,238.43,0.0,4,93,0.0
2026-07-03,Facebook,Conv | Tof | Multicategory | US | Direct | Growify,4250.609999,114439.88,137,1681,2.0
2026-07-03,Facebook,Conv | Tof | Multicategory | US | Direct | Growify,6.06,0.0,2,7,0.0
2026-07-03,Facebook,Conv | Tof | Multicategory | US | Direct | Growify,110.18,0.0,7,32,0.0
2026-07-03,Facebook,Conv | Tof | Multicategory | US | Direct | Growify,465.47,0.0,24,179,0.0
2026-07-03,Facebook,Conv | Tof | Multicategory | US | Direct | Growify,0.0,0.0,0,0,0.0
2026-07-03,Facebook,Conv | Tof | Multicategory | US | Direct | Growify,0.0,0.0,0,0,0.0
2026-07-03,Facebook,Growify | MOF & BOF | Sale | India +intl,429.99,0.0,61,821,0.0
2026-07-03,Facebook,Growify | MOF & BOF | Sale | India +intl,68.21,0.0,6,135,0.0
2026-07-03,Facebook,Growify | MOF & BOF | Sale | India +intl,3.92,0.0,0,8,0.0
2026-07-03,Facebook,Growify | MOF & BOF | Sale | India +intl,2231.12,0.0,242,5430,0.0
2026-07-03,Facebook,Growify | MOF & BOF | Sale | India +intl,73.37,0.0,5,162,0.0
2026-07-03,Facebook,Growify | MOF & BOF | Sale | India +intl,1153.83,0.0,80,1737,0.0
2026-07-03,Facebook,Growify | MOF & BOF | Sale | India +intl,411.25,0.0,47,1277,0.0
2026-07-03,Facebook,Growify | MOF & BOF | Sale | India +intl,318.38,0.0,17,246,0.0
2026-07-03,Facebook,Growify | MOF & BOF | Sale | India +intl,11.58,0.0,0,13,0.0
2026-07-03,Facebook,Growify | MOF & BOF | Sale | India +intl,412.19,0.0,19,388,0.0
2026-07-03,Facebook,Growify | MOF & BOF | Sale | India +intl,460.73,0.0,20,404,0.0
2026-07-03,Facebook,Growify | MOF & BOF | Sale | India +intl,101.16,0.0,4,92,0.0
2026-07-03,Facebook,Growify | MOF & BOF | Sale | India +intl,28.76,0.0,5,66,0.0
2026-07-03,Facebook,Growify | MOF & BOF | Sale | India +intl,996.27,0.0,14,872,0.0
2026-07-03,Facebook,Growify | MOF & BOF | Sale | India +intl,1578.81,0.0,41,1051,0.0
2026-07-03,Facebook,Growify | MOF & BOF | Sale | India +intl,355.5,0.0,7,248,0.0
2026-07-03,Facebook,Growify | MOF & BOF | Sale | India +intl,1193.38,0.0,25,586,0.0
2026-07-03,Facebook,Growify | MOF & BOF | Sale | India +intl,331.86,0.0,14,295,0.0
2026-07-03,Facebook,Growify | MOF & BOF | Sale | India +intl,1266.01,0.0,35,819,0.0
2026-07-03,Facebook,Growify | MOF & BOF | Sale | India +intl,706.01,0.0,40,318,0.0
2026-07-03,Facebook,Growify | MOF & BOF | Sale | India +intl,6.76,0.0,0,5,0.0
2026-07-03,Facebook,Growify | MOF & BOF | Sale | India +intl,249.62,0.0,11,183,0.0
2026-07-03,Facebook,Growify | MOF & BOF | Sale | India +intl,2074.21,0.0,42,929,0.0
2026-07-03,Facebook,Growify | MOF & BOF | Sale | India +intl,657.99,0.0,153,2138,0.0
2026-07-03,Facebook,Growify | MOF & BOF | Sale | India +intl,345.38,0.0,49,947,0.0
2026-07-03,Facebook,Growify | MOF & BOF | Sale | India +intl,3634.09,10890.0,1011,14816,1.0
2026-07-03,Facebook,Growify | TOF | Sale | India,148.7,0.0,45,812,0.0
2026-07-03,Facebook,Growify | TOF | Sale | US,1760.31,0.0,29,641,0.0
2026-07-03,Facebook,Growify | TOF | Sale | US,42.8,0.0,0,19,0.0
2026-07-03,Facebook,Growify | TOF | Sale | US,15.0,0.0,1,7,0.0
2026-07-03,Facebook,Growify | TOF | Sales | Australia | EOSS,226.19,0.0,8,122,0.0
2026-07-03,Facebook,Growify | TOF | Sales | Australia | EOSS,656.57,0.0,31,373,0.0
2026-07-03,Facebook,Growify | TOF | Sales | Australia | EOSS,2859.67,0.0,156,1798,0.0
2026-07-03,Facebook,Growify | TOF | Sales | Australia | EOSS,2.049999,0.0,0,2,0.0
2026-07-03,Facebook,Growify | TOF | Sales | Australia | EOSS,52.33,0.0,1,30,0.0
2026-07-03,Facebook,Growify | TOF | Sales | Australia | EOSS,385.1,0.0,21,272,0.0
2026-07-03,Facebook,Growify | TOF | Sales | Australia | EOSS,2759.99,0.0,68,1388,0.0
2026-07-03,Facebook,Growify | TOF | Sales | Australia | EOSS,419.88,0.0,6,207,0.0
2026-07-03,Facebook,Growify | TOF | Sales | India | Open,1.35,0.0,4,20,0.0
2026-07-03,Facebook,Growify | TOF | Sales | India | Open,2417.6,0.0,1408,41883,0.0
2026-07-04,Facebook,Conv | Tof | Multi Category | Ind | Direct | Growify |,4629.66,11400.0,7821,46827,3.0
2026-07-04,Facebook,Conv | Tof | Multi Category | Ind | Direct | Growify |,248.6,4400.0,433,3675,1.0
2026-07-04,Facebook,Conv | Tof | Multi Category | Ind | Direct | Growify |,28.84,0.0,2,41,0.0
2026-07-04,Facebook,Conv | Tof | Multi Category | Ind | Direct | Growify |,794.31,0.0,244,2080,0.0
2026-07-04,Facebook,Conv | Tof | Multi Category | Ind | Direct | Growify |,1663.3,0.0,172,4057,0.0
2026-07-04,Facebook,Conv | Tof | Multi Category | Ind | Direct | Growify |,3.29,0.0,1,13,0.0
2026-07-04,Facebook,Conv | Tof | Multi Category | Ind | Direct | Growify |,3438.22,8450.0,986,8136,1.0
2026-07-04,Facebook,Conv | Tof | Multi Category | Ind | Direct | Growify |,461.35,0.0,29,383,0.0
2026-07-04,Facebook,Conv | Tof | Multi Category | Ind | Direct | Growify |,29.69,0.0,2,31,0.0
2026-07-04,Facebook,Conv | Tof | Multi Category | Ind | Direct | Growify |,2595.52,21450.0,157,3171,1.0
2026-07-04,Facebook,Conv | Tof | Multi Category | Ind | Direct | Growify |,425.45,0.0,73,500,0.0
2026-07-04,Facebook,Conv | Tof | Multi Category | Ind | Direct | Growify |,2315.11,13090.0,489,7313,2.0
2026-07-04,Facebook,Conv | Tof | Multi Category | Ind | Direct | Growify |,0.0,0.0,0,0,0.0
2026-07-04,Facebook,Conv | Tof | Multi Category | Ind | Direct | Growify |,761.82,22770.0,80,1228,1.0
2026-07-04,Facebook,Conv | Tof | Multi Category | Ind | Direct | Growify | LAL,32.89,0.0,3,57,0.0
2026-07-04,Facebook,Conv | Tof | Multi Category | Ind | Direct | Growify | LAL,2199.33,0.0,224,4419,0.0
2026-07-04,Facebook,Conv | Tof | Multicategory | CA | Direct | Growify,14.4,0.0,0,13,0.0
2026-07-04,Facebook,Conv | Tof | Multicategory | CA | Direct | Growify,884.009906,0.0,52,635,0.0
2026-07-04,Facebook,Conv | Tof | Multicategory | CA | Direct | Growify,3.880094,0.0,0,5,0.0
2026-07-04,Facebook,Conv | Tof | Multicategory | CA | Direct | Growify,276.97,0.0,7,217,0.0
2026-07-04,Facebook,Conv | Tof | Multicategory | CA | Direct | Growify,175.56,0.0,11,149,0.0
2026-07-04,Facebook,Conv | Tof | Multicategory | CA | Direct | Growify,1270.237333,0.0,57,1403,0.0
2026-07-04,Facebook,Conv | Tof | Multicategory | CA | Direct | Growify,1.81,0.0,0,2,0.0
2026-07-04,Facebook,Conv | Tof | Multicategory | CA | Direct | Growify,15.822667,0.0,0,12,0.0
2026-07-04,Facebook,Conv | Tof | Multicategory | CA | Direct | Growify,15.17,0.0,0,15,0.0
2026-07-04,Facebook,Conv | Tof | Multicategory | CA | Direct | Growify,1768.35,0.0,105,1523,0.0
2026-07-04,Facebook,Conv | Tof | Multicategory | CA | Direct | Growify,0.0,0.0,0,0,0.0
2026-07-04,Facebook,Conv | Tof | Multicategory | INT | Direct | Growify,29.62,0.0,1,23,0.0
2026-07-04,Facebook,Conv | Tof | Multicategory | INT | Direct | Growify,345.22,0.0,19,250,0.0
2026-07-04,Facebook,Conv | Tof | Multicategory | INT | Direct | Growify,156.11,0.0,5,116,0.0
2026-07-04,Facebook,Conv | Tof | Multicategory | INT | Direct | Growify,274.28,0.0,12,110,0.0
2026-07-04,Facebook,Conv | Tof | Multicategory | US | Direct | Growify,2946.95,0.0,115,1178,0.0
2026-07-04,Facebook,Conv | Tof | Multicategory | US | Direct | Growify,2.17,0.0,0,3,0.0
2026-07-04,Facebook,Conv | Tof | Multicategory | US | Direct | Growify,32.27,0.0,0,13,0.0
2026-07-04,Facebook,Growify | MOF & BOF | Sale | India +intl,759.04,6325.0,75,1133,1.0
2026-07-04,Facebook,Growify | MOF & BOF | Sale | India +intl,2.17,0.0,1,7,0.0
2026-07-04,Facebook,Growify | MOF & BOF | Sale | India +intl,141.77,0.0,17,654,0.0
2026-07-04,Facebook,Growify | MOF & BOF | Sale | India +intl,2481.92,5500.0,235,5487,1.0
2026-07-04,Facebook,Growify | MOF & BOF | Sale | India +intl,0.15,0.0,0,2,0.0
2026-07-04,Facebook,Growify | MOF & BOF | Sale | India +intl,1520.21,3850.0,90,2097,1.0
2026-07-04,Facebook,Growify | MOF & BOF | Sale | India +intl,294.02,0.0,32,969,0.0
2026-07-04,Facebook,Growify | MOF & BOF | Sale | India +intl,296.89,0.0,32,277,0.0
2026-07-04,Facebook,Growify | MOF & BOF | Sale | India +intl,20.57,0.0,0,30,0.0
2026-07-04,Facebook,Growify | MOF & BOF | Sale | India +intl,902.72,0.0,29,1050,0.0
2026-07-04,Facebook,Growify | MOF & BOF | Sale | India +intl,1133.97,0.0,25,855,0.0
2026-07-04,Facebook,Growify | MOF & BOF | Sale | India +intl,0.73,0.0,0,2,0.0
2026-07-04,Facebook,Growify | MOF & BOF | Sale | India +intl,16.61,0.0,3,28,0.0
2026-07-04,Facebook,Growify | MOF & BOF | Sale | India +intl,159.72,0.0,11,184,0.0
2026-07-04,Facebook,Growify | MOF & BOF | Sale | India +intl,219.06,0.0,10,228,0.0
2026-07-04,Facebook,Growify | MOF & BOF | Sale | India +intl,1561.72,0.0,38,1022,0.0
2026-07-04,Facebook,Growify | MOF & BOF | Sale | India +intl,94.99,0.0,8,88,0.0
2026-07-04,Facebook,Growify | MOF & BOF | Sale | India +intl,1463.52,0.0,26,951,0.0
2026-07-04,Facebook,Growify | MOF & BOF | Sale | India +intl,404.86,0.0,10,334,0.0
2026-07-04,Facebook,Growify | MOF & BOF | Sale | India +intl,847.05,0.0,26,580,0.0
2026-07-04,Facebook,Growify | MOF & BOF | Sale | India +intl,277.14,0.0,4,117,0.0
2026-07-04,Facebook,Growify | MOF & BOF | Sale | India +intl,4.43,0.0,0,4,0.0
2026-07-04,Facebook,Growify | MOF & BOF | Sale | India +intl,0.82,0.0,0,1,0.0
2026-07-04,Facebook,Growify | MOF & BOF | Sale | India +intl,23.04,0.0,1,16,0.0
2026-07-04,Facebook,Growify | MOF & BOF | Sale | India +intl,2451.5,0.0,38,1022,0.0
2026-07-04,Facebook,Growify | MOF & BOF | Sale | India +intl,132.12,0.0,43,581,0.0
2026-07-04,Facebook,Growify | MOF & BOF | Sale | India +intl,111.82,0.0,20,463,0.0
2026-07-04,Facebook,Growify | MOF & BOF | Sale | India +intl,3828.68,0.0,995,14665,0.0
2026-07-04,Facebook,Growify | TOF | Sale | India,108.95,0.0,39,757,0.0
2026-07-04,Facebook,Growify | TOF | Sale | US,1159.2,0.0,17,391,0.0
2026-07-04,Facebook,Growify | TOF | Sale | US,99.41,0.0,2,19,0.0
2026-07-04,Facebook,Growify | TOF | Sales | Australia | EOSS,80.03,0.0,2,44,0.0
2026-07-04,Facebook,Growify | TOF | Sales | Australia | EOSS,82.55,0.0,0,33,0.0
2026-07-04,Facebook,Growify | TOF | Sales | Australia | EOSS,3372.03,0.0,162,2055,0.0
2026-07-04,Facebook,Growify | TOF | Sales | Australia | EOSS,32.509999,0.0,0,29,0.0
2026-07-04,Facebook,Growify | TOF | Sales | Australia | EOSS,517.07,0.0,13,358,0.0
2026-07-04,Facebook,Growify | TOF | Sales | Australia | EOSS,2832.85,0.0,89,1410,0.0
2026-07-04,Facebook,Growify | TOF | Sales | Australia | EOSS,23.96,0.0,1,22,0.0
2026-07-04,Facebook,Growify | TOF | Sales | Australia | EOSS,0.0,0.0,0,0,0.0
2026-07-04,Facebook,Growify | TOF | Sales | India | Open,65.209999,0.0,13,261,0.0
2026-07-04,Facebook,Growify | TOF | Sales | India | Open,2128.469999,2000.0,1052,25727,1.0
2026-07-05,Facebook,Conv | Tof | Multi Category | Ind | Direct | Growify |,4442.4,0.0,10996,62731,0.0
2026-07-05,Facebook,Conv | Tof | Multi Category | Ind | Direct | Growify |,808.92,0.0,1852,13993,0.0
2026-07-05,Facebook,Conv | Tof | Multi Category | Ind | Direct | Growify |,0.06,0.0,0,2,0.0
2026-07-05,Facebook,Conv | Tof | Multi Category | Ind | Direct | Growify |,2493.7,6325.0,1000,8355,1.0
2026-07-05,Facebook,Conv | Tof | Multi Category | Ind | Direct | Growify |,724.15,0.0,84,1864,0.0
2026-07-05,Facebook,Conv | Tof | Multi Category | Ind | Direct | Growify |,236.47,0.0,47,366,0.0
2026-07-05,Facebook,Conv | Tof | Multi Category | Ind | Direct | Growify |,3159.15,0.0,1117,9565,0.0
2026-07-05,Facebook,Conv | Tof | Multi Category | Ind | Direct | Growify |,1019.88,0.0,92,997,0.0
2026-07-05,Facebook,Conv | Tof | Multi Category | Ind | Direct | Growify |,316.43,0.0,24,335,0.0
2026-07-05,Facebook,Conv | Tof | Multi Category | Ind | Direct | Growify |,1641.09,0.0,122,2154,0.0
2026-07-05,Facebook,Conv | Tof | Multi Category | Ind | Direct | Growify |,1515.39,4400.0,462,2367,1.0
2026-07-05,Facebook,Conv | Tof | Multi Category | Ind | Direct | Growify |,1095.66,0.0,282,3879,0.0
2026-07-05,Facebook,Conv | Tof | Multi Category | Ind | Direct | Growify |,1902.48,0.0,427,4862,0.0
2026-07-05,Facebook,Conv | Tof | Multi Category | Ind | Direct | Growify | LAL,83.34,0.0,9,206,0.0
2026-07-05,Facebook,Conv | Tof | Multi Category | Ind | Direct | Growify | LAL,2623.76,3920.0,284,5073,1.0
2026-07-05,Facebook,Conv | Tof | Multicategory | CA | Direct | Growify,128.47,0.0,4,90,0.0
2026-07-05,Facebook,Conv | Tof | Multicategory | CA | Direct | Growify,2204.11,0.0,123,1667,0.0
2026-07-05,Facebook,Conv | Tof | Multicategory | CA | Direct | Growify,0.57,0.0,0,2,0.0
2026-07-05,Facebook,Conv | Tof | Multicategory | CA | Direct | Growify,14.44,0.0,0,19,0.0
2026-07-05,Facebook,Conv | Tof | Multicategory | CA | Direct | Growify,267.89,0.0,2,109,0.0
2026-07-05,Facebook,Conv | Tof | Multicategory | CA | Direct | Growify,509.36,0.0,19,293,0.0
2026-07-05,Facebook,Conv | Tof | Multicategory | CA | Direct | Growify,715.29,0.0,30,566,0.0
2026-07-05,Facebook,Conv | Tof | Multicategory | CA | Direct | Growify,1.09,0.0,0,2,0.0
2026-07-05,Facebook,Conv | Tof | Multicategory | CA | Direct | Growify,4.86,0.0,0,7,0.0
2026-07-05,Facebook,Conv | Tof | Multicategory | CA | Direct | Growify,176.73,0.0,3,93,0.0
2026-07-05,Facebook,Conv | Tof | Multicategory | CA | Direct | Growify,2397.14,0.0,132,2011,0.0
2026-07-05,Facebook,Conv | Tof | Multicategory | CA | Direct | Growify,0.0,0.0,0,0,0.0
2026-07-05,Facebook,Conv | Tof | Multicategory | CA | Direct | Growify,0.0,0.0,0,0,0.0
2026-07-05,Facebook,Conv | Tof | Multicategory | CA | Direct | Growify,0.0,0.0,0,0,0.0
2026-07-05,Facebook,Conv | Tof | Multicategory | INT | Direct | Growify,55.4,0.0,4,32,0.0
2026-07-05,Facebook,Conv | Tof | Multicategory | INT | Direct | Growify,350.23,0.0,18,252,0.0
2026-07-05,Facebook,Conv | Tof | Multicategory | INT | Direct | Growify,214.31,0.0,14,173,0.0
2026-07-05,Facebook,Conv | Tof | Multicategory | INT | Direct | Growify,370.93,0.0,24,118,0.0
2026-07-05,Facebook,Conv | Tof | Multicategory | US | Direct | Growify,4314.86,15200.0,179,1899,1.0
2026-07-05,Facebook,Conv | Tof | Multicategory | US | Direct | Growify,150.37,0.0,1,32,0.0
2026-07-05,Facebook,Conv | Tof | Multicategory | US | Direct | Growify,235.7,0.0,6,78,0.0
2026-07-05,Facebook,Conv | Tof | Multicategory | US | Direct | Growify,511.09,0.0,27,177,0.0
2026-07-05,Facebook,Conv | Tof | Multicategory | US | Direct | Growify,0.0,0.0,0,0,0.0
2026-07-05,Facebook,Growify | MOF & BOF | Sale | India +intl,969.59,0.0,60,1464,0.0
2026-07-05,Facebook,Growify | MOF & BOF | Sale | India +intl,14.84,0.0,0,24,0.0
2026-07-05,Facebook,Growify | MOF & BOF | Sale | India +intl,8.95,0.0,4,61,0.0
2026-07-05,Facebook,Growify | MOF & BOF | Sale | India +intl,4238.029999,136611.88,370,8156,5.0
2026-07-05,Facebook,Growify | MOF & BOF | Sale | India +intl,0.0,0.0,0,0,0.0
2026-07-05,Facebook,Growify | MOF & BOF | Sale | India +intl,11.82,0.0,0,30,0.0
2026-07-05,Facebook,Growify | MOF & BOF | Sale | India +intl,191.9,0.0,4,263,0.0
2026-07-05,Facebook,Growify | MOF & BOF | Sale | India +intl,263.76,0.0,25,733,0.0
2026-07-05,Facebook,Growify | MOF & BOF | Sale | India +intl,801.18,0.0,34,788,0.0
2026-07-05,Facebook,Growify | MOF & BOF | Sale | India +intl,445.35,10200.0,11,344,1.0
2026-07-05,Facebook,Growify | MOF & BOF | Sale | India +intl,243.14,0.0,8,179,0.0
2026-07-05,Facebook,Growify | MOF & BOF | Sale | India +intl,251.85,0.0,11,239,0.0
2026-07-05,Facebook,Growify | MOF & BOF | Sale | India +intl,54.07,0.0,2,57,0.0
2026-07-05,Facebook,Growify | MOF & BOF | Sale | India +intl,28.85,0.0,2,57,0.0
2026-07-05,Facebook,Growify | MOF & BOF | Sale | India +intl,185.79,0.0,8,115,0.0
2026-07-05,Facebook,Growify | MOF & BOF | Sale | India +intl,1766.98,0.0,90,1505,0.0
2026-07-05,Facebook,Growify | MOF & BOF | Sale | India +intl,2217.18,0.0,79,1748,0.0
2026-07-05,Facebook,Growify | MOF & BOF | Sale | India +intl,331.35,0.0,2,178,0.0
2026-07-05,Facebook,Growify | MOF & BOF | Sale | India +intl,393.69,0.0,12,216,0.0
2026-07-05,Facebook,Growify | MOF & BOF | Sale | India +intl,426.32,0.0,12,438,0.0
2026-07-05,Facebook,Growify | MOF & BOF | Sale | India +intl,2684.97,0.0,72,1826,0.0
2026-07-05,Facebook,Growify | MOF & BOF | Sale | India +intl,1705.63,0.0,41,733,0.0
2026-07-05,Facebook,Growify | MOF & BOF | Sale | India +intl,119.08,0.0,3,29,0.0
2026-07-05,Facebook,Growify | MOF & BOF | Sale | India +intl,0.65,0.0,1,1,0.0
2026-07-05,Facebook,Growify | MOF & BOF | Sale | India +intl,133.039999,0.0,2,39,0.0
2026-07-05,Facebook,Growify | MOF & BOF | Sale | India +intl,451.03,0.0,8,262,0.0
2026-07-05,Facebook,Growify | MOF & BOF | Sale | India +intl,1029.359999,0.0,17,408,0.0
2026-07-05,Facebook,Growify | MOF & BOF | Sale | India +intl,1326.76,0.0,288,3970,0.0
2026-07-05,Facebook,Growify | MOF & BOF | Sale | India +intl,1106.47,0.0,194,2311,0.0
2026-07-05,Facebook,Growify | MOF & BOF | Sale | India +intl,2813.74,10890.0,845,11237,2.0
2026-07-05,Facebook,Growify | MOF & BOF | Sale | India +intl,0.0,0.0,0,0,0.0
2026-07-05,Facebook,Growify | TOF | Sale | India,230.13,0.0,46,1292,0.0
2026-07-05,Facebook,Growify | TOF | Sale | US,1663.23,0.0,22,528,0.0
2026-07-05,Facebook,Growify | TOF | Sale | US,250.34,0.0,9,70,0.0
2026-07-05,Facebook,Growify | TOF | Sale | US,22.41,0.0,0,2,0.0
2026-07-05,Facebook,Growify | TOF | Sales | Australia | EOSS,140.75,0.0,7,90,0.0
2026-07-05,Facebook,Growify | TOF | Sales | Australia | EOSS,1303.63,0.0,39,772,0.0
2026-07-05,Facebook,Growify | TOF | Sales | Australia | EOSS,1982.45,0.0,143,1340,0.0
2026-07-05,Facebook,Growify | TOF | Sales | Australia | EOSS,135.48,0.0,0,51,0.0
2026-07-05,Facebook,Growify | TOF | Sales | Australia | EOSS,584.61,0.0,19,269,0.0
2026-07-05,Facebook,Growify | TOF | Sales | Australia | EOSS,701.41,0.0,15,434,0.0
2026-07-05,Facebook,Growify | TOF | Sales | Australia | EOSS,2159.6,0.0,65,969,0.0
2026-07-05,Facebook,Growify | TOF | Sales | Australia | EOSS,675.65,0.0,7,247,0.0
2026-07-05,Facebook,Growify | TOF | Sales | India | Open,62.03,0.0,26,311,0.0
2026-07-05,Facebook,Growify | TOF | Sales | India | Open,2521.94,3025.0,994,21540,1.0
2026-07-06,Facebook,Conv | Tof | Multi Category | Ind | Direct | Growify |,1398.07,0.0,2972,17407,0.0
2026-07-06,Facebook,Conv | Tof | Multi Category | Ind | Direct | Growify |,483.95,1500.0,920,6348,1.0
2026-07-06,Facebook,Conv | Tof | Multi Category | Ind | Direct | Growify |,2.27,0.0,0,6,0.0
2026-07-06,Facebook,Conv | Tof | Multi Category | Ind | Direct | Growify |,878.03,0.0,282,2502,0.0
2026-07-06,Facebook,Conv | Tof | Multi Category | Ind | Direct | Growify |,278.49,0.0,21,525,0.0
2026-07-06,Facebook,Conv | Tof | Multi Category | Ind | Direct | Growify |,233.15,0.0,101,463,0.0
2026-07-06,Facebook,Conv | Tof | Multi Category | Ind | Direct | Growify |,1375.09,8250.0,421,3276,1.0
2026-07-06,Facebook,Conv | Tof | Multi Category | Ind | Direct | Growify |,353.01,0.0,33,380,0.0
2026-07-06,Facebook,Conv | Tof | Multi Category | Ind | Direct | Growify |,132.5,0.0,9,139,0.0
2026-07-06,Facebook,Conv | Tof | Multi Category | Ind | Direct | Growify |,560.16,0.0,26,661,0.0
2026-07-06,Facebook,Conv | Tof | Multi Category | Ind | Direct | Growify |,735.17,9570.0,125,847,1.0
2026-07-06,Facebook,Conv | Tof | Multi Category | Ind | Direct | Growify |,363.41,0.0,71,929,0.0
2026-07-06,Facebook,Conv | Tof | Multi Category | Ind | Direct | Growify |,914.82,0.0,161,1994,0.0
2026-07-06,Facebook,Conv | Tof | Multi Category | Ind | Direct | Growify | LAL,59.38,0.0,7,247,0.0
2026-07-06,Facebook,Conv | Tof | Multi Category | Ind | Direct | Growify | LAL,1117.69,0.0,141,2373,0.0
2026-07-06,Facebook,Conv | Tof | Multicategory | CA | Direct | Growify,61.85,0.0,0,36,0.0
2026-07-06,Facebook,Conv | Tof | Multicategory | CA | Direct | Growify,1262.252856,0.0,70,823,0.0
2026-07-06,Facebook,Conv | Tof | Multicategory | CA | Direct | Growify,0.41,0.0,0,1,0.0
2026-07-06,Facebook,Conv | Tof | Multicategory | CA | Direct | Growify,6.037144,0.0,0,15,0.0
2026-07-06,Facebook,Conv | Tof | Multicategory | CA | Direct | Growify,0.0,0.0,0,0,0.0
2026-07-06,Facebook,Conv | Tof | Multicategory | CA | Direct | Growify,158.09,0.0,2,73,0.0
2026-07-06,Facebook,Conv | Tof | Multicategory | CA | Direct | Growify,273.27,0.0,10,262,0.0
2026-07-06,Facebook,Conv | Tof | Multicategory | CA | Direct | Growify,511.2,0.0,38,366,0.0
2026-07-06,Facebook,Conv | Tof | Multicategory | CA | Direct | Growify,0.96,0.0,0,3,0.0
2026-07-06,Facebook,Conv | Tof | Multicategory | CA | Direct | Growify,4.35,0.0,0,8,0.0
2026-07-06,Facebook,Conv | Tof | Multicategory | CA | Direct | Growify,15.86,0.0,0,11,0.0
2026-07-06,Facebook,Conv | Tof | Multicategory | CA | Direct | Growify,119.17,0.0,9,117,0.0
2026-07-06,Facebook,Conv | Tof | Multicategory | CA | Direct | Growify,1306.8,0.0,75,1010,0.0
2026-07-06,Facebook,Conv | Tof | Multicategory | INT | Direct | Growify,39.35,0.0,0,36,0.0
2026-07-06,Facebook,Conv | Tof | Multicategory | INT | Direct | Growify,165.03,0.0,13,174,0.0
2026-07-06,Facebook,Conv | Tof | Multicategory | INT | Direct | Growify,88.85,0.0,4,72,0.0
2026-07-06,Facebook,Conv | Tof | Multicategory | INT | Direct | Growify,241.71,0.0,6,84,0.0
2026-07-06,Facebook,Conv | Tof | Multicategory | US | Direct | Growify,2080.719999,0.0,60,721,0.0
2026-07-06,Facebook,Conv | Tof | Multicategory | US | Direct | Growify,106.12,0.0,4,26,0.0
2026-07-06,Facebook,Conv | Tof | Multicategory | US | Direct | Growify,206.9,0.0,5,92,0.0
2026-07-06,Facebook,Conv | Tof | Multicategory | US | Direct | Growify,504.24,0.0,17,121,0.0
2026-07-06,Facebook,Growify | MOF & BOF | Sale | India +intl,484.03,0.0,47,780,0.0
2026-07-06,Facebook,Growify | MOF & BOF | Sale | India +intl,4.83,0.0,2,34,0.0
2026-07-06,Facebook,Growify | MOF & BOF | Sale | India +intl,1341.4,11660.0,92,2035,2.0
2026-07-06,Facebook,Growify | MOF & BOF | Sale | India +intl,49.2,0.0,1,85,0.0
2026-07-06,Facebook,Growify | MOF & BOF | Sale | India +intl,69.61,0.0,6,222,0.0
2026-07-06,Facebook,Growify | MOF & BOF | Sale | India +intl,706.8,0.0,30,599,0.0
2026-07-06,Facebook,Growify | MOF & BOF | Sale | India +intl,27.54,0.0,0,20,0.0
2026-07-06,Facebook,Growify | MOF & BOF | Sale | India +intl,79.12,0.0,11,75,0.0
2026-07-06,Facebook,Growify | MOF & BOF | Sale | India +intl,270.71,0.0,2,43,0.0
2026-07-06,Facebook,Growify | MOF & BOF | Sale | India +intl,7.54,0.0,0,16,0.0
2026-07-06,Facebook,Growify | MOF & BOF | Sale | India +intl,81.98,0.0,3,107,0.0
2026-07-06,Facebook,Growify | MOF & BOF | Sale | India +intl,113.71,0.0,9,70,0.0
2026-07-06,Facebook,Growify | MOF & BOF | Sale | India +intl,1057.05,0.0,28,794,0.0
2026-07-06,Facebook,Growify | MOF & BOF | Sale | India +intl,564.56,0.0,22,477,0.0
2026-07-06,Facebook,Growify | MOF & BOF | Sale | India +intl,107.21,0.0,3,89,0.0
2026-07-06,Facebook,Growify | MOF & BOF | Sale | India +intl,256.98,0.0,4,117,0.0
2026-07-06,Facebook,Growify | MOF & BOF | Sale | India +intl,158.23,0.0,5,130,0.0
2026-07-06,Facebook,Growify | MOF & BOF | Sale | India +intl,1727.47,0.0,28,911,0.0
2026-07-06,Facebook,Growify | MOF & BOF | Sale | India +intl,1565.44,0.0,46,555,0.0
2026-07-06,Facebook,Growify | MOF & BOF | Sale | India +intl,34.38,0.0,1,20,0.0
2026-07-06,Facebook,Growify | MOF & BOF | Sale | India +intl,63.77,0.0,3,30,0.0
2026-07-06,Facebook,Growify | MOF & BOF | Sale | India +intl,118.87,0.0,5,84,0.0
2026-07-06,Facebook,Growify | MOF & BOF | Sale | India +intl,511.9,0.0,14,250,0.0
2026-07-06,Facebook,Growify | MOF & BOF | Sale | India +intl,832.94,9570.0,167,2045,1.0
2026-07-06,Facebook,Growify | MOF & BOF | Sale | India +intl,389.45,0.0,76,927,0.0
2026-07-06,Facebook,Growify | MOF & BOF | Sale | India +intl,1081.43,0.0,200,2506,0.0
2026-07-06,Facebook,Growify | TOF | Sale | India,77.89,0.0,14,430,0.0
2026-07-06,Facebook,Growify | TOF | Sale | US,1079.2,0.0,18,297,0.0
2026-07-06,Facebook,Growify | TOF | Sale | US,234.79,0.0,4,91,0.0
2026-07-06,Facebook,Growify | TOF | Sale | US,6.72,0.0,0,2,0.0
2026-07-06,Facebook,Growify | TOF | Sales | Australia | EOSS,193.09,0.0,2,99,0.0
2026-07-06,Facebook,Growify | TOF | Sales | Australia | EOSS,256.0,0.0,5,128,0.0
2026-07-06,Facebook,Growify | TOF | Sales | Australia | EOSS,1363.39,0.0,82,952,0.0
2026-07-06,Facebook,Growify | TOF | Sales | Australia | EOSS,185.56,0.0,3,84,0.0
2026-07-06,Facebook,Growify | TOF | Sales | Australia | EOSS,259.47,0.0,15,137,0.0
2026-07-06,Facebook,Growify | TOF | Sales | Australia | EOSS,682.21,0.0,22,414,0.0
2026-07-06,Facebook,Growify | TOF | Sales | Australia | EOSS,1324.73,0.0,29,740,0.0
2026-07-06,Facebook,Growify | TOF | Sales | Australia | EOSS,155.02,0.0,6,80,0.0
2026-07-06,Facebook,Growify | TOF | Sales | India | Open,102.64,0.0,47,617,0.0
2026-07-06,Facebook,Growify | TOF | Sales | India | Open,951.28,0.0,531,10584,0.0
2026-07-07,Facebook,Conv | Tof | Multi Category | Ind | Direct | Growify |,0.0,0.0,0,0,0.0
2026-07-07,Facebook,Conv | Tof | Multi Category | Ind | Direct | Growify |,0.0,0.0,0,0,0.0
2026-07-07,Facebook,Conv | Tof | Multi Category | Ind | Direct | Growify |,0.0,11825.0,0,0,1.0
2026-07-07,Facebook,Conv | Tof | Multi Category | Ind | Direct | Growify |,0.0,0.0,0,0,0.0
2026-07-07,Facebook,Conv | Tof | Multi Category | Ind | Direct | Growify |,0.0,0.0,0,0,0.0
2026-07-07,Facebook,Conv | Tof | Multi Category | Ind | Direct | Growify |,0.0,4400.0,0,0,1.0
2026-07-07,Facebook,Conv | Tof | Multi Category | Ind | Direct | Growify |,0.0,7700.0,0,0,1.0
2026-07-07,Facebook,Conv | Tof | Multi Category | Ind | Direct | Growify |,0.0,0.0,0,0,0.0
2026-07-07,Facebook,Conv | Tof | Multi Category | Ind | Direct | Growify |,0.0,0.0,0,0,0.0
2026-07-07,Facebook,Conv | Tof | Multi Category | Ind | Direct | Growify |,0.0,0.0,0,0,0.0
2026-07-07,Facebook,Conv | Tof | Multi Category | Ind | Direct | Growify |,0.0,0.0,0,0,0.0
2026-07-07,Facebook,Conv | Tof | Multi Category | Ind | Direct | Growify | LAL,0.0,0.0,0,0,0.0
2026-07-07,Facebook,Conv | Tof | Multicategory | CA | Direct | Growify,0.0,0.0,0,0,0.0
2026-07-07,Facebook,Conv | Tof | Multicategory | CA | Direct | Growify,0.0,0.0,0,0,0.0
2026-07-07,Facebook,Conv | Tof | Multicategory | CA | Direct | Growify,0.0,0.0,0,0,0.0
2026-07-07,Facebook,Conv | Tof | Multicategory | CA | Direct | Growify,0.0,0.0,0,0,0.0
2026-07-07,Facebook,Conv | Tof | Multicategory | CA | Direct | Growify,0.0,0.0,0,0,0.0
2026-07-07,Facebook,Conv | Tof | Multicategory | CA | Direct | Growify,0.0,0.0,0,0,0.0
2026-07-07,Facebook,Conv | Tof | Multicategory | CA | Direct | Growify,0.0,0.0,0,0,0.0
2026-07-07,Facebook,Conv | Tof | Multicategory | INT | Direct | Growify,0.0,0.0,0,0,0.0
2026-07-07,Facebook,Conv | Tof | Multicategory | US | Direct | Growify,0.0,0.0,0,0,0.0
2026-07-07,Facebook,Growify | MOF & BOF | Sale | India +intl,0.0,0.0,0,0,0.0
2026-07-07,Facebook,Growify | MOF & BOF | Sale | India +intl,0.0,0.0,0,0,0.0
2026-07-07,Facebook,Growify | MOF & BOF | Sale | India +intl,0.0,64351.6,0,0,1.0
2026-07-07,Facebook,Growify | MOF & BOF | Sale | India +intl,0.0,0.0,0,0,0.0
2026-07-07,Facebook,Growify | MOF & BOF | Sale | India +intl,0.0,0.0,0,0,0.0
2026-07-07,Facebook,Growify | MOF & BOF | Sale | India +intl,0.0,0.0,0,0,0.0
2026-07-07,Facebook,Growify | MOF & BOF | Sale | India +intl,0.0,0.0,0,0,0.0
2026-07-07,Facebook,Growify | MOF & BOF | Sale | India +intl,0.0,0.0,0,0,0.0
2026-07-07,Facebook,Growify | MOF & BOF | Sale | India +intl,0.0,0.0,0,0,0.0
2026-07-07,Facebook,Growify | MOF & BOF | Sale | India +intl,0.0,0.0,0,0,0.0
2026-07-07,Facebook,Growify | MOF & BOF | Sale | India +intl,0.0,0.0,0,0,0.0
2026-07-07,Facebook,Growify | MOF & BOF | Sale | India +intl,0.0,0.0,0,0,0.0
2026-07-07,Facebook,Growify | MOF & BOF | Sale | India +intl,0.0,0.0,0,0,0.0
2026-07-07,Facebook,Growify | MOF & BOF | Sale | India +intl,0.0,23280.0,0,0,1.0
2026-07-07,Facebook,Growify | MOF & BOF | Sale | India +intl,0.0,0.0,0,0,0.0
2026-07-07,Facebook,Growify | MOF & BOF | Sale | India +intl,0.0,0.0,0,0,0.0
2026-07-07,Facebook,Growify | MOF & BOF | Sale | India +intl,0.0,0.0,0,0,0.0
2026-07-07,Facebook,Growify | MOF & BOF | Sale | India +intl,0.0,0.0,0,0,0.0
2026-07-07,Facebook,Growify | MOF & BOF | Sale | India +intl,0.0,0.0,0,0,0.0
2026-07-07,Facebook,Growify | TOF | Sale | US,0.0,0.0,0,0,0.0
2026-07-07,Facebook,Growify | TOF | Sales | Australia | EOSS,0.0,0.0,0,0,0.0
2026-07-07,Facebook,Growify | TOF | Sales | Australia | EOSS,0.0,0.0,0,0,0.0
2026-07-07,Facebook,Growify | TOF | Sales | Australia | EOSS,0.0,0.0,0,0,0.0
2026-07-07,Facebook,Growify | TOF | Sales | Australia | EOSS,0.0,0.0,0,0,0.0
2026-07-07,Facebook,Growify | TOF | Sales | Australia | EOSS,0.0,0.0,0,0,0.0
2026-07-07,Facebook,Growify | TOF | Sales | India | Open,0.0,0.0,0,0,0.0
2026-07-08,Facebook,Conv | Tof | Multi Category | Ind | Direct | Growify |,0.0,19470.0,0,0,1.0
2026-07-08,Facebook,Conv | Tof | Multi Category | Ind | Direct | Growify |,0.0,0.0,0,0,0.0
2026-07-08,Facebook,Conv | Tof | Multi Category | Ind | Direct | Growify |,0.0,0.0,0,0,0.0
2026-07-08,Facebook,Conv | Tof | Multi Category | Ind | Direct | Growify |,0.0,0.0,0,0,0.0
2026-07-08,Facebook,Conv | Tof | Multi Category | Ind | Direct | Growify |,0.0,0.0,0,0,0.0
2026-07-08,Facebook,Conv | Tof | Multi Category | Ind | Direct | Growify |,0.0,0.0,0,0,0.0
2026-07-08,Facebook,Conv | Tof | Multi Category | Ind | Direct | Growify |,0.0,0.0,0,0,0.0
2026-07-08,Facebook,Conv | Tof | Multi Category | Ind | Direct | Growify |,0.0,0.0,0,0,0.0
2026-07-08,Facebook,Conv | Tof | Multi Category | Ind | Direct | Growify |,0.0,0.0,0,0,0.0
2026-07-08,Facebook,Conv | Tof | Multi Category | Ind | Direct | Growify |,0.0,0.0,0,0,0.0
2026-07-08,Facebook,Conv | Tof | Multi Category | Ind | Direct | Growify | LAL,0.0,0.0,0,0,0.0
2026-07-08,Facebook,Conv | Tof | Multicategory | CA | Direct | Growify,0.0,0.0,0,0,0.0
2026-07-08,Facebook,Conv | Tof | Multicategory | CA | Direct | Growify,0.0,0.0,0,0,0.0
2026-07-08,Facebook,Conv | Tof | Multicategory | CA | Direct | Growify,0.0,0.0,0,0,0.0
2026-07-08,Facebook,Conv | Tof | Multicategory | INT | Direct | Growify,0.0,0.0,0,0,0.0
2026-07-08,Facebook,Conv | Tof | Multicategory | US | Direct | Growify,0.0,0.0,0,0,0.0
2026-07-08,Facebook,Growify | MOF & BOF | Sale | India +intl,0.0,0.0,0,0,0.0
2026-07-08,Facebook,Growify | MOF & BOF | Sale | India +intl,0.0,0.0,0,0,0.0
2026-07-08,Facebook,Growify | MOF & BOF | Sale | India +intl,0.0,0.0,0,0,0.0
2026-07-08,Facebook,Growify | MOF & BOF | Sale | India +intl,0.0,0.0,0,0,0.0
2026-07-08,Facebook,Growify | MOF & BOF | Sale | India +intl,0.0,0.0,0,0,0.0
2026-07-08,Facebook,Growify | MOF & BOF | Sale | India +intl,0.0,0.0,0,0,0.0
2026-07-08,Facebook,Growify | MOF & BOF | Sale | India +intl,0.0,0.0,0,0,0.0
2026-07-08,Facebook,Growify | MOF & BOF | Sale | India +intl,0.0,0.0,0,0,0.0
2026-07-08,Facebook,Growify | MOF & BOF | Sale | India +intl,0.0,0.0,0,0,0.0
2026-07-08,Facebook,Growify | MOF & BOF | Sale | India +intl,0.0,0.0,0,0,0.0
2026-07-08,Facebook,Growify | MOF & BOF | Sale | India +intl,0.0,0.0,0,0,0.0
2026-07-08,Facebook,Growify | MOF & BOF | Sale | India +intl,0.0,7975.0,0,0,1.0
2026-07-08,Facebook,Growify | TOF | Sale | US,0.0,0.0,0,0,0.0
2026-07-08,Facebook,Growify | TOF | Sales | Australia | EOSS,0.0,0.0,0,0,0.0
2026-07-08,Facebook,Growify | TOF | Sales | Australia | EOSS,0.0,0.0,0,0,0.0
2026-07-08,Facebook,Growify | TOF | Sales | Australia | EOSS,0.0,0.0,0,0,0.0
2026-07-08,Facebook,Growify | TOF | Sales | India | Open,0.0,0.0,0,0,0.0
2026-07-09,Facebook,Conv | Tof | Multi Category | Ind | Direct | Growify |,0.0,0.0,0,0,0.0
2026-07-09,Facebook,Conv | Tof | Multi Category | Ind | Direct | Growify |,0.0,0.0,0,0,0.0
2026-07-09,Facebook,Conv | Tof | Multi Category | Ind | Direct | Growify |,0.0,0.0,0,0,0.0
2026-07-09,Facebook,Conv | Tof | Multi Category | Ind | Direct | Growify |,0.0,0.0,0,0,0.0
2026-07-09,Facebook,Conv | Tof | Multi Category | Ind | Direct | Growify |,0.0,0.0,0,0,0.0
2026-07-09,Facebook,Conv | Tof | Multi Category | Ind | Direct | Growify |,0.0,3000.0,0,0,1.0
2026-07-09,Facebook,Conv | Tof | Multi Category | Ind | Direct | Growify |,0.0,0.0,0,0,0.0
2026-07-09,Facebook,Conv | Tof | Multi Category | Ind | Direct | Growify | LAL,0.0,6550.0,0,0,2.0
2026-07-09,Facebook,Conv | Tof | Multicategory | CA | Direct | Growify,0.0,0.0,0,0,0.0
2026-07-09,Facebook,Conv | Tof | Multicategory | CA | Direct | Growify,0.0,0.0,0,0,0.0
2026-07-09,Facebook,Conv | Tof | Multicategory | CA | Direct | Growify,0.0,0.0,0,0,0.0
2026-07-09,Facebook,Conv | Tof | Multicategory | CA | Direct | Growify,0.0,0.0,0,0,0.0
2026-07-09,Facebook,Conv | Tof | Multicategory | CA | Direct | Growify,0.0,0.0,0,0,0.0
2026-07-09,Facebook,Conv | Tof | Multicategory | INT | Direct | Growify,0.0,0.0,0,0,0.0
2026-07-09,Facebook,Conv | Tof | Multicategory | US | Direct | Growify,0.0,0.0,0,0,0.0
2026-07-09,Facebook,Conv | Tof | Multicategory | US | Direct | Growify,0.0,0.0,0,0,0.0
2026-07-09,Facebook,Growify | MOF & BOF | Sale | India +intl,0.0,0.0,0,0,0.0
2026-07-09,Facebook,Growify | MOF & BOF | Sale | India +intl,0.0,0.0,0,0,0.0
2026-07-09,Facebook,Growify | MOF & BOF | Sale | India +intl,0.0,0.0,0,0,0.0
2026-07-09,Facebook,Growify | MOF & BOF | Sale | India +intl,0.0,0.0,0,0,0.0
2026-07-09,Facebook,Growify | MOF & BOF | Sale | India +intl,0.0,0.0,0,0,0.0
2026-07-09,Facebook,Growify | MOF & BOF | Sale | India +intl,0.0,0.0,0,0,0.0
2026-07-09,Facebook,Growify | MOF & BOF | Sale | India +intl,0.0,0.0,0,0,0.0
2026-07-09,Facebook,Growify | MOF & BOF | Sale | India +intl,0.0,0.0,0,0,0.0
2026-07-09,Facebook,Growify | MOF & BOF | Sale | India +intl,0.0,0.0,0,0,0.0
2026-07-09,Facebook,Growify | TOF | Sale | US,0.0,0.0,0,0,0.0
2026-07-09,Facebook,Growify | TOF | Sales | Australia | EOSS,0.0,0.0,0,0,0.0
2026-07-09,Facebook,Growify | TOF | Sales | Australia | EOSS,0.0,0.0,0,0,0.0
2026-07-09,Facebook,Growify | TOF | Sales | Australia | EOSS,0.0,0.0,0,0,0.0
2026-07-09,Facebook,Growify | TOF | Sales | Australia | EOSS,0.0,0.0,0,0,0.0
2026-07-09,Facebook,Growify | TOF | Sales | India | Open,0.0,0.0,0,0,0.0
2026-07-10,Facebook,Conv | Tof | Multi Category | Ind | Direct | Growify |,0.0,0.0,0,0,0.0
2026-07-10,Facebook,Conv | Tof | Multi Category | Ind | Direct | Growify |,0.0,0.0,0,0,0.0
2026-07-10,Facebook,Conv | Tof | Multi Category | Ind | Direct | Growify |,0.0,0.0,0,0,0.0
2026-07-10,Facebook,Conv | Tof | Multi Category | Ind | Direct | Growify |,0.0,0.0,0,0,0.0
2026-07-10,Facebook,Conv | Tof | Multi Category | Ind | Direct | Growify |,0.0,0.0,0,0,0.0
2026-07-10,Facebook,Conv | Tof | Multi Category | Ind | Direct | Growify |,0.0,0.0,0,0,0.0
2026-07-10,Facebook,Conv | Tof | Multi Category | Ind | Direct | Growify | LAL,0.0,0.0,0,0,0.0
2026-07-10,Facebook,Conv | Tof | Multicategory | CA | Direct | Growify,0.0,0.0,0,0,0.0
2026-07-10,Facebook,Conv | Tof | Multicategory | CA | Direct | Growify,0.0,0.0,0,0,0.0
2026-07-10,Facebook,Conv | Tof | Multicategory | US | Direct | Growify,0.0,0.0,0,0,0.0
2026-07-10,Facebook,Conv | Tof | Multicategory | US | Direct | Growify,0.0,0.0,0,0,0.0
2026-07-10,Facebook,Growify | MOF & BOF | Sale | India +intl,0.0,0.0,0,0,0.0
2026-07-10,Facebook,Growify | MOF & BOF | Sale | India +intl,0.0,0.0,0,0,0.0
2026-07-10,Facebook,Growify | MOF & BOF | Sale | India +intl,0.0,0.0,0,0,0.0
2026-07-10,Facebook,Growify | MOF & BOF | Sale | India +intl,0.0,0.0,0,0,0.0
2026-07-10,Facebook,Growify | MOF & BOF | Sale | India +intl,0.0,0.0,0,0,0.0
2026-07-10,Facebook,Growify | MOF & BOF | Sale | India +intl,0.0,0.0,0,0,0.0
2026-07-10,Facebook,Growify | MOF & BOF | Sale | India +intl,0.0,0.0,0,0,0.0
2026-07-10,Facebook,Growify | TOF | Sale | US,0.0,0.0,0,0,0.0
2026-07-10,Facebook,Growify | TOF | Sales | Australia | EOSS,0.0,0.0,0,0,0.0
2026-07-10,Facebook,Growify | TOF | Sales | India | Open,0.0,0.0,0,0,0.0
2026-07-11,Facebook,Conv | Tof | Multi Category | Ind | Direct | Growify |,0.0,0.0,0,0,0.0
2026-07-11,Facebook,Conv | Tof | Multi Category | Ind | Direct | Growify |,0.0,0.0,0,0,0.0
2026-07-11,Facebook,Conv | Tof | Multi Category | Ind | Direct | Growify |,0.0,0.0,0,0,0.0
2026-07-11,Facebook,Conv | Tof | Multi Category | Ind | Direct | Growify |,0.0,0.0,0,0,0.0
2026-07-11,Facebook,Conv | Tof | Multi Category | Ind | Direct | Growify |,0.0,0.0,0,0,0.0
2026-07-11,Facebook,Conv | Tof | Multi Category | Ind | Direct | Growify |,0.0,0.0,0,0,0.0
2026-07-11,Facebook,Conv | Tof | Multi Category | Ind | Direct | Growify | LAL,0.0,0.0,0,0,0.0
2026-07-11,Facebook,Conv | Tof | Multicategory | CA | Direct | Growify,0.0,0.0,0,0,0.0
2026-07-11,Facebook,Conv | Tof | Multicategory | US | Direct | Growify,0.0,0.0,0,0,0.0
2026-07-11,Facebook,Growify | MOF & BOF | Sale | India +intl,0.0,0.0,0,0,0.0
2026-07-11,Facebook,Growify | MOF & BOF | Sale | India +intl,0.0,0.0,0,0,0.0
2026-07-11,Facebook,Growify | MOF & BOF | Sale | India +intl,0.0,0.0,0,0,0.0
2026-07-11,Facebook,Growify | MOF & BOF | Sale | India +intl,0.0,0.0,0,0,0.0
2026-07-11,Facebook,Growify | TOF | Sales | Australia | EOSS,0.0,0.0,0,0,0.0
2026-07-11,Facebook,Growify | TOF | Sales | Australia | EOSS,0.0,0.0,0,0,0.0
2026-07-11,Facebook,Growify | TOF | Sales | India | Open,0.0,0.0,0,0,0.0
2026-07-12,Facebook,Conv | Tof | Multi Category | Ind | Direct | Growify |,0.0,0.0,0,0,0.0
2026-07-12,Facebook,Conv | Tof | Multi Category | Ind | Direct | Growify |,0.0,0.0,0,0,0.0
2026-07-12,Facebook,Conv | Tof | Multi Category | Ind | Direct | Growify |,0.0,0.0,0,0,0.0
2026-07-12,Facebook,Conv | Tof | Multi Category | Ind | Direct | Growify | LAL,0.0,7250.0,0,0,1.0
2026-07-12,Facebook,Conv | Tof | Multicategory | INT | Direct | Growify,0.0,0.0,0,0,0.0
2026-07-12,Facebook,Conv | Tof | Multicategory | US | Direct | Growify,0.0,0.0,0,0,0.0
2026-07-12,Facebook,Growify | MOF & BOF | Sale | India +intl,0.0,0.0,0,0,0.0
2026-07-12,Facebook,Growify | MOF & BOF | Sale | India +intl,0.0,0.0,0,0,0.0
2026-07-12,Facebook,Growify | MOF & BOF | Sale | India +intl,0.0,0.0,0,0,0.0
2026-07-12,Facebook,Growify | MOF & BOF | Sale | India +intl,0.0,0.0,0,0,0.0
2026-07-12,Facebook,Growify | TOF | Sales | Australia | EOSS,0.0,0.0,0,0,0.0
2026-07-12,Facebook,Growify | TOF | Sales | India | Open,0.0,0.0,0,0,0.0
2026-07-13,Facebook,Conv | Tof | Multi Category | Ind | Direct | Growify |,2607.95,0.0,4465,32131,0.0
2026-07-13,Facebook,Conv | Tof | Multi Category | Ind | Direct | Growify |,6.03,0.0,26,80,0.0
2026-07-13,Facebook,Conv | Tof | Multi Category | Ind | Direct | Growify |,106.01,0.0,19,200,0.0
2026-07-13,Facebook,Conv | Tof | Multi Category | Ind | Direct | Growify |,638.31,0.0,54,1230,0.0
2026-07-13,Facebook,Conv | Tof | Multi Category | Ind | Direct | Growify |,2263.5,0.0,1152,9274,0.0
2026-07-13,Facebook,Conv | Tof | Multi Category | Ind | Direct | Growify |,40.09,0.0,11,89,0.0
2026-07-13,Facebook,Conv | Tof | Multi Category | Ind | Direct | Growify |,2091.52,0.0,168,3325,0.0
2026-07-13,Facebook,Conv | Tof | Multi Category | Ind | Direct | Growify |,909.36,5500.0,577,9627,1.0
2026-07-13,Facebook,Conv | Tof | Multi Category | Ind | Direct | Growify |,6.01,0.0,3,40,0.0
2026-07-13,Facebook,Conv | Tof | Multi Category | Ind | Direct | Growify | LAL,963.1,0.0,212,2420,0.0
2026-07-13,Facebook,Conv | Tof | Multicategory | CA | Direct | Growify,1359.33,0.0,70,1311,0.0
2026-07-13,Facebook,Conv | Tof | Multicategory | CA | Direct | Growify,7.85,0.0,0,15,0.0
2026-07-13,Facebook,Conv | Tof | Multicategory | CA | Direct | Growify,1370.58,0.0,124,1361,0.0
2026-07-13,Facebook,Conv | Tof | Multicategory | INT | Direct | Growify,87.84,0.0,8,72,0.0
2026-07-13,Facebook,Conv | Tof | Multicategory | INT | Direct | Growify,40.63,0.0,0,29,0.0
2026-07-13,Facebook,Conv | Tof | Multicategory | INT | Direct | Growify,196.78,0.0,3,69,0.0
2026-07-13,Facebook,Conv | Tof | Multicategory | US | Direct | Growify,2422.69,0.0,94,1001,0.0
2026-07-13,Facebook,Growify | MOF & BOF | Sale | India +intl,1948.53,3500.0,352,4923,2.0
2026-07-13,Facebook,Growify | MOF & BOF | Sale | India +intl,1531.68,0.0,103,1650,0.0
2026-07-13,Facebook,Growify | MOF & BOF | Sale | India +intl,899.57,18700.0,45,991,1.0
2026-07-13,Facebook,Growify | MOF & BOF | Sale | India +intl,449.6,4675.0,25,356,1.0
2026-07-13,Facebook,Growify | MOF & BOF | Sale | India +intl,2110.67,0.0,70,1077,0.0
2026-07-13,Facebook,Growify | MOF & BOF | Sale | India +intl,112.52,0.0,1,48,0.0
2026-07-13,Facebook,Growify | MOF & BOF | Sale | India +intl,1727.73,0.0,586,7138,0.0
2026-07-13,Facebook,Growify | MOF & BOF | Sale | India +intl,962.07,0.0,399,4494,0.0
2026-07-13,Facebook,Growify | TOF | Sale | India,98.75,0.0,22,515,0.0
2026-07-13,Facebook,Growify | TOF | Sales | Australia | EOSS,101.56,0.0,12,115,0.0
2026-07-13,Facebook,Growify | TOF | Sales | Australia | EOSS,194.72,0.0,20,166,0.0
2026-07-13,Facebook,Growify | TOF | Sales | Australia | EOSS,201.63,0.0,25,186,0.0
2026-07-13,Facebook,Growify | TOF | Sales | Australia | EOSS,371.45,0.0,29,304,0.0
2026-07-13,Facebook,Growify | TOF | Sales | India | Open,1123.93,0.0,517,4139,0.0
2026-07-14,Facebook,Conv | Tof | Multi Category | Ind | Direct | Growify |,3218.54,16164.1,5239,69564,4.0
2026-07-14,Facebook,Conv | Tof | Multi Category | Ind | Direct | Growify |,349.57,0.0,668,3579,0.0
2026-07-14,Facebook,Conv | Tof | Multi Category | Ind | Direct | Growify |,2358.45,0.0,366,6077,0.0
2026-07-14,Facebook,Conv | Tof | Multi Category | Ind | Direct | Growify |,140.39,0.0,13,288,0.0
2026-07-14,Facebook,Conv | Tof | Multi Category | Ind | Direct | Growify |,3229.56,0.0,1423,15358,0.0
2026-07-14,Facebook,Conv | Tof | Multi Category | Ind | Direct | Growify |,1757.07,0.0,261,2856,0.0
2026-07-14,Facebook,Conv | Tof | Multi Category | Ind | Direct | Growify |,991.87,0.0,154,1939,0.0
2026-07-14,Facebook,Conv | Tof | Multi Category | Ind | Direct | Growify |,769.59,0.0,66,1040,0.0
2026-07-14,Facebook,Conv | Tof | Multi Category | Ind | Direct | Growify |,2641.26,9570.0,1317,24154,1.0
2026-07-14,Facebook,Conv | Tof | Multi Category | Ind | Direct | Growify |,334.6,0.0,107,1629,0.0
2026-07-14,Facebook,Conv | Tof | Multi Category | Ind | Direct | Growify | LAL,1415.64,0.0,337,5024,0.0
2026-07-14,Facebook,Conv | Tof | Multicategory | CA | Direct | Growify,2023.31,0.0,85,1911,0.0
2026-07-14,Facebook,Conv | Tof | Multicategory | CA | Direct | Growify,33.0,0.0,0,18,0.0
2026-07-14,Facebook,Conv | Tof | Multicategory | CA | Direct | Growify,0.0,0.0,0,0,0.0
2026-07-14,Facebook,Conv | Tof | Multicategory | CA | Direct | Growify,62.48,0.0,2,77,0.0
2026-07-14,Facebook,Conv | Tof | Multicategory | CA | Direct | Growify,1015.07,0.0,52,910,0.0
2026-07-14,Facebook,Conv | Tof | Multicategory | CA | Direct | Growify,10.04,0.0,0,11,0.0
2026-07-14,Facebook,Conv | Tof | Multicategory | CA | Direct | Growify,1796.59,0.0,127,1652,0.0
2026-07-14,Facebook,Conv | Tof | Multicategory | INT | Direct | Growify,116.49,0.0,3,104,0.0
2026-07-14,Facebook,Conv | Tof | Multicategory | INT | Direct | Growify,213.7,0.0,5,171,0.0
2026-07-14,Facebook,Conv | Tof | Multicategory | INT | Direct | Growify,101.65,0.0,16,97,0.0
2026-07-14,Facebook,Conv | Tof | Multicategory | INT | Direct | Growify,384.78,0.0,10,141,0.0
2026-07-14,Facebook,Conv | Tof | Multicategory | INT | Direct | Growify,0.0,0.0,0,0,0.0
2026-07-14,Facebook,Conv | Tof | Multicategory | US | Direct | Growify,3909.49,0.0,171,1589,0.0
2026-07-14,Facebook,Growify | MOF & BOF | Sale | India +intl,2887.74,0.0,557,9055,0.0
2026-07-14,Facebook,Growify | MOF & BOF | Sale | India +intl,4085.1,0.0,218,4197,0.0
2026-07-14,Facebook,Growify | MOF & BOF | Sale | India +intl,96.27,0.0,5,82,0.0
2026-07-14,Facebook,Growify | MOF & BOF | Sale | India +intl,1445.11,0.0,106,1144,0.0
2026-07-14,Facebook,Growify | MOF & BOF | Sale | India +intl,4136.79,10200.0,148,2171,1.0
2026-07-14,Facebook,Growify | MOF & BOF | Sale | India +intl,153.97,0.0,2,84,0.0
2026-07-14,Facebook,Growify | MOF & BOF | Sale | India +intl,2855.64,0.0,1554,23511,0.0
2026-07-14,Facebook,Growify | MOF & BOF | Sale | India +intl,761.14,0.0,202,3218,0.0
2026-07-14,Facebook,Growify | MOF & BOF | Sale | India +intl,348.65,0.0,145,1785,0.0
2026-07-14,Facebook,Growify | TOF | Sale | India,129.25,0.0,53,1148,0.0
2026-07-14,Facebook,Growify | TOF | Sales | Australia | EOSS,4.61,0.0,1,7,0.0
2026-07-14,Facebook,Growify | TOF | Sales | Australia | EOSS,289.17,0.0,22,281,0.0
2026-07-14,Facebook,Growify | TOF | Sales | Australia | EOSS,488.91,0.0,40,341,0.0
2026-07-14,Facebook,Growify | TOF | Sales | Australia | EOSS,0.64,0.0,0,2,0.0
2026-07-14,Facebook,Growify | TOF | Sales | Australia | EOSS,809.29,0.0,61,567,0.0
2026-07-14,Facebook,Growify | TOF | Sales | Australia | EOSS,1549.88,0.0,78,842,0.0
2026-07-14,Facebook,Growify | TOF | Sales | India | Open,1324.93,0.0,668,9065,0.0
2026-07-15,Facebook,Conv | Tof | Multi Category | Ind | Direct | Growify |,2146.949999,27480.0,5442,70215,1.0
2026-07-15,Facebook,Conv | Tof | Multi Category | Ind | Direct | Growify |,1455.6,0.0,3491,36620,0.0
2026-07-15,Facebook,Conv | Tof | Multi Category | Ind | Direct | Growify |,2585.22,0.0,315,4635,0.0
2026-07-15,Facebook,Conv | Tof | Multi Category | Ind | Direct | Growify |,3267.34,0.0,1253,16345,0.0
2026-07-15,Facebook,Conv | Tof | Multi Category | Ind | Direct | Growify |,1471.7,0.0,154,2023,0.0
2026-07-15,Facebook,Conv | Tof | Multi Category | Ind | Direct | Growify |,3994.0,11940.0,637,7118,2.0
2026-07-15,Facebook,Conv | Tof | Multi Category | Ind | Direct | Growify |,0.0,0.0,0,0,0.0
2026-07-15,Facebook,Conv | Tof | Multi Category | Ind | Direct | Growify |,1735.44,0.0,762,18008,0.0
2026-07-15,Facebook,Conv | Tof | Multi Category | Ind | Direct | Growify |,1224.08,0.0,345,7307,0.0
2026-07-15,Facebook,Conv | Tof | Multi Category | Ind | Direct | Growify | LAL,3400.39,3366.0,781,14482,1.0
2026-07-15,Facebook,Conv | Tof | Multicategory | CA | Direct | Growify,3412.03,0.0,170,3366,0.0
2026-07-15,Facebook,Conv | Tof | Multicategory | CA | Direct | Growify,55.96,0.0,0,55,0.0
2026-07-15,Facebook,Conv | Tof | Multicategory | CA | Direct | Growify,0.0,0.0,0,0,0.0
2026-07-15,Facebook,Conv | Tof | Multicategory | CA | Direct | Growify,7.29,0.0,2,7,0.0
2026-07-15,Facebook,Conv | Tof | Multicategory | CA | Direct | Growify,33.52,0.0,4,40,0.0
2026-07-15,Facebook,Conv | Tof | Multicategory | CA | Direct | Growify,2587.33,0.0,148,1988,0.0
2026-07-15,Facebook,Conv | Tof | Multicategory | INT | Direct | Growify,72.28,0.0,7,100,0.0
2026-07-15,Facebook,Conv | Tof | Multicategory | INT | Direct | Growify,273.29,0.0,9,223,0.0
2026-07-15,Facebook,Conv | Tof | Multicategory | INT | Direct | Growify,232.84,0.0,6,120,0.0
2026-07-15,Facebook,Conv | Tof | Multicategory | INT | Direct | Growify,369.82,0.0,15,178,0.0
2026-07-15,Facebook,Conv | Tof | Multicategory | US | Direct | Growify,4526.34,0.0,183,1967,0.0
2026-07-15,Facebook,Growify | MOF & BOF | Sale | India +intl,6052.01,16209.0,1083,15824,3.0
2026-07-15,Facebook,Growify | MOF & BOF | Sale | India +intl,2855.96,0.0,157,3110,0.0
2026-07-15,Facebook,Growify | MOF & BOF | Sale | India +intl,4481.69,0.0,233,3586,0.0
2026-07-15,Facebook,Growify | MOF & BOF | Sale | India +intl,2925.98,0.0,101,1627,0.0
2026-07-15,Facebook,Growify | MOF & BOF | Sale | India +intl,2814.96,15540.0,1553,26180,2.0
2026-07-15,Facebook,Growify | MOF & BOF | Sale | India +intl,3176.74,0.0,1109,13622,0.0
2026-07-15,Facebook,Growify | MOF & BOF | Sale | India +intl,732.97,0.0,242,2561,0.0
2026-07-15,Facebook,Growify | TOF | Sale | India,315.09,8400.0,90,2829,1.0
2026-07-15,Facebook,Growify | TOF | Sales | Australia | EOSS,2.57,0.0,0,3,0.0
2026-07-15,Facebook,Growify | TOF | Sales | Australia | EOSS,376.35,0.0,28,252,0.0
2026-07-15,Facebook,Growify | TOF | Sales | Australia | EOSS,816.37,0.0,39,503,0.0
2026-07-15,Facebook,Growify | TOF | Sales | Australia | EOSS,9.21,0.0,0,11,0.0
2026-07-15,Facebook,Growify | TOF | Sales | Australia | EOSS,474.59,0.0,34,270,0.0
2026-07-15,Facebook,Growify | TOF | Sales | Australia | EOSS,889.45,40356.0,60,571,1.0
2026-07-15,Facebook,Growify | TOF | Sales | India | Open,3744.89,0.0,2058,35457,0.0
2026-07-16,Facebook,Conv | Tof | Multi Category | Ind | Direct | Growify |,3706.86,0.0,12524,153291,0.0
2026-07-16,Facebook,Conv | Tof | Multi Category | Ind | Direct | Growify |,4846.86,0.0,23555,241681,0.0
2026-07-16,Facebook,Conv | Tof | Multi Category | Ind | Direct | Growify |,5742.96,1800.0,669,9582,1.0
2026-07-16,Facebook,Conv | Tof | Multi Category | Ind | Direct | Growify |,11.67,0.0,32,506,0.0
2026-07-16,Facebook,Conv | Tof | Multi Category | Ind | Direct | Growify |,0.0,0.0,0,0,0.0
2026-07-16,Facebook,Conv | Tof | Multi Category | Ind | Direct | Growify |,4008.73,0.0,3134,33168,0.0
2026-07-16,Facebook,Conv | Tof | Multi Category | Ind | Direct | Growify |,0.0,0.0,0,0,0.0
2026-07-16,Facebook,Conv | Tof | Multi Category | Ind | Direct | Growify |,2056.73,0.0,228,3240,0.0
2026-07-16,Facebook,Conv | Tof | Multi Category | Ind | Direct | Growify |,4393.61,0.0,581,7470,0.0
2026-07-16,Facebook,Conv | Tof | Multi Category | Ind | Direct | Growify |,0.0,0.0,0,0,0.0
2026-07-16,Facebook,Conv | Tof | Multi Category | Ind | Direct | Growify |,9.02,0.0,1,36,0.0
2026-07-16,Facebook,Conv | Tof | Multi Category | Ind | Direct | Growify |,30.98,0.0,0,37,0.0
2026-07-16,Facebook,Conv | Tof | Multi Category | Ind | Direct | Growify |,2.76,0.0,0,12,0.0
2026-07-16,Facebook,Conv | Tof | Multi Category | Ind | Direct | Growify |,1624.15,9174.0,1486,29868,1.0
2026-07-16,Facebook,Conv | Tof | Multi Category | Ind | Direct | Growify |,1329.14,0.0,752,20785,0.0
2026-07-16,Facebook,Conv | Tof | Multi Category | Ind | Direct | Growify | LAL,3107.49,6600.0,855,15351,3.0
2026-07-16,Facebook,Conv | Tof | Multicategory | CA | Direct | Growify,3656.983945,0.0,219,4089,0.0
2026-07-16,Facebook,Conv | Tof | Multicategory | CA | Direct | Growify,44.246055,0.0,0,61,0.0
2026-07-16,Facebook,Conv | Tof | Multicategory | CA | Direct | Growify,0.0,0.0,0,0,0.0
2026-07-16,Facebook,Conv | Tof | Multicategory | CA | Direct | Growify,428.14,0.0,40,415,0.0
2026-07-16,Facebook,Conv | Tof | Multicategory | CA | Direct | Growify,2.59,0.0,0,5,0.0
2026-07-16,Facebook,Conv | Tof | Multicategory | CA | Direct | Growify,3494.75,0.0,254,3129,0.0
2026-07-16,Facebook,Conv | Tof | Multicategory | INT | Direct | Growify,36.99,0.0,2,45,0.0
2026-07-16,Facebook,Conv | Tof | Multicategory | INT | Direct | Growify,303.24,0.0,14,236,0.0
2026-07-16,Facebook,Conv | Tof | Multicategory | INT | Direct | Growify,218.287059,0.0,13,129,0.0
2026-07-16,Facebook,Conv | Tof | Multicategory | INT | Direct | Growify,583.562941,0.0,13,207,0.0
2026-07-16,Facebook,Conv | Tof | Multicategory | US | Direct | Growify,5723.78,0.0,222,2568,0.0
2026-07-16,Facebook,Growify | MOF & BOF | Sale | India +intl,7484.02,29878.2,1705,24706,3.0
2026-07-16,Facebook,Growify | MOF & BOF | Sale | India +intl,3785.79,0.0,261,4555,0.0
2026-07-16,Facebook,Growify | MOF & BOF | Sale | India +intl,0.0,0.0,0,0,0.0
2026-07-16,Facebook,Growify | MOF & BOF | Sale | India +intl,3742.621457,0.0,206,2913,0.0
2026-07-16,Facebook,Growify | MOF & BOF | Sale | India +intl,973.798543,0.0,50,882,0.0
2026-07-16,Facebook,Growify | MOF & BOF | Sale | India +intl,3792.59,0.0,114,2010,0.0
2026-07-16,Facebook,Growify | MOF & BOF | Sale | India +intl,2127.32,0.0,1404,23920,0.0
2026-07-16,Facebook,Growify | MOF & BOF | Sale | India +intl,4739.68,0.0,2439,38289,0.0
2026-07-16,Facebook,Growify | MOF & BOF | Sale | India +intl,278.65,0.0,88,1269,0.0
2026-07-16,Facebook,Growify | TOF | Sale | India,287.9,0.0,66,1649,0.0
2026-07-16,Facebook,Growify | TOF | Sales | Australia | EOSS,24.18,0.0,6,13,0.0
2026-07-16,Facebook,Growify | TOF | Sales | Australia | EOSS,261.17,0.0,19,190,0.0
2026-07-16,Facebook,Growify | TOF | Sales | Australia | EOSS,776.18,0.0,34,450,0.0
2026-07-16,Facebook,Growify | TOF | Sales | Australia | EOSS,160.41,0.0,14,80,0.0
2026-07-16,Facebook,Growify | TOF | Sales | Australia | EOSS,321.06,0.0,13,139,0.0
2026-07-16,Facebook,Growify | TOF | Sales | Australia | EOSS,490.94,0.0,28,249,0.0
2026-07-16,Facebook,Growify | TOF | Sales | India | Open,19.88,0.0,18,628,0.0
2026-07-16,Facebook,Growify | TOF | Sales | India | Open,3667.98,0.0,3583,73231,0.0
2026-07-17,Facebook,Conv | Tof | Multi Category | Ind | Direct | Growify |,2569.46,0.0,7418,104062,0.0
2026-07-17,Facebook,Conv | Tof | Multi Category | Ind | Direct | Growify |,6003.77,0.0,16331,285678,0.0
2026-07-17,Facebook,Conv | Tof | Multi Category | Ind | Direct | Growify |,5872.23,0.0,1033,13385,0.0
2026-07-17,Facebook,Conv | Tof | Multi Category | Ind | Direct | Growify |,197.95,0.0,373,8256,0.0
2026-07-17,Facebook,Conv | Tof | Multi Category | Ind | Direct | Growify |,4900.91,0.0,3854,48593,0.0
2026-07-17,Facebook,Conv | Tof | Multi Category | Ind | Direct | Growify |,1497.89,0.0,246,2855,0.0
2026-07-17,Facebook,Conv | Tof | Multi Category | Ind | Direct | Growify |,4711.91,0.0,596,8067,0.0
2026-07-17,Facebook,Conv | Tof | Multi Category | Ind | Direct | Growify |,0.0,0.0,0,0,0.0
2026-07-17,Facebook,Conv | Tof | Multi Category | Ind | Direct | Growify |,9.25,0.0,1,32,0.0
2026-07-17,Facebook,Conv | Tof | Multi Category | Ind | Direct | Growify |,13.91,0.0,0,41,0.0
2026-07-17,Facebook,Conv | Tof | Multi Category | Ind | Direct | Growify |,8.31,0.0,0,20,0.0
2026-07-17,Facebook,Conv | Tof | Multi Category | Ind | Direct | Growify |,1319.32,0.0,1352,29838,0.0
2026-07-17,Facebook,Conv | Tof | Multi Category | Ind | Direct | Growify |,1680.22,0.0,1191,29548,0.0
2026-07-17,Facebook,Conv | Tof | Multi Category | Ind | Direct | Growify | LAL,3326.82,0.0,762,11725,0.0
2026-07-17,Facebook,Conv | Tof | Multicategory | CA | Direct | Growify,3071.979183,0.0,202,3129,0.0
2026-07-17,Facebook,Conv | Tof | Multicategory | CA | Direct | Growify,21.070817,0.0,0,34,0.0
2026-07-17,Facebook,Conv | Tof | Multicategory | CA | Direct | Growify,0.0,0.0,0,0,0.0
2026-07-17,Facebook,Conv | Tof | Multicategory | CA | Direct | Growify,891.19,0.0,47,797,0.0
2026-07-17,Facebook,Conv | Tof | Multicategory | CA | Direct | Growify,5.79,0.0,0,9,0.0
2026-07-17,Facebook,Conv | Tof | Multicategory | CA | Direct | Growify,221.51,0.0,10,176,0.0
2026-07-17,Facebook,Conv | Tof | Multicategory | CA | Direct | Growify,752.66,0.0,45,715,0.0
2026-07-17,Facebook,Conv | Tof | Multicategory | CA | Direct | Growify,2751.85,0.0,229,2699,0.0
2026-07-17,Facebook,Conv | Tof | Multicategory | INT | Direct | Growify,19.31,0.0,0,14,0.0
2026-07-17,Facebook,Conv | Tof | Multicategory | INT | Direct | Growify,257.11,0.0,21,307,0.0
2026-07-17,Facebook,Conv | Tof | Multicategory | INT | Direct | Growify,94.23,0.0,9,67,0.0
2026-07-17,Facebook,Conv | Tof | Multicategory | INT | Direct | Growify,237.49,0.0,9,162,0.0
2026-07-17,Facebook,Conv | Tof | Multicategory | INT | Direct | Growify,698.63,0.0,17,317,0.0
2026-07-17,Facebook,Conv | Tof | Multicategory | US | Direct | Growify,6089.98,0.0,215,2548,0.0
2026-07-17,Facebook,Growify | MOF & BOF | Sale | India +intl,7500.32,7860.0,1903,29024,2.0
2026-07-17,Facebook,Growify | MOF & BOF | Sale | India +intl,3796.23,0.0,241,4772,0.0
2026-07-17,Facebook,Growify | MOF & BOF | Sale | India +intl,2673.92,0.0,166,2268,0.0
2026-07-17,Facebook,Growify | MOF & BOF | Sale | India +intl,2095.57,0.0,89,1491,0.0
2026-07-17,Facebook,Growify | MOF & BOF | Sale | India +intl,3740.98,0.0,129,2098,0.0
2026-07-17,Facebook,Growify | MOF & BOF | Sale | India +intl,1319.52,3960.0,880,16339,1.0
2026-07-17,Facebook,Growify | MOF & BOF | Sale | India +intl,5132.82,0.0,3054,50491,0.0
2026-07-17,Facebook,Growify | MOF & BOF | Sale | India +intl,719.72,0.0,253,3479,0.0
2026-07-17,Facebook,Growify | TOF | Sale | India,300.83,0.0,69,1546,0.0
2026-07-17,Facebook,Growify | TOF | Sales | Australia | EOSS,112.71,0.0,8,82,0.0
2026-07-17,Facebook,Growify | TOF | Sales | Australia | EOSS,337.58,0.0,15,188,0.0
2026-07-17,Facebook,Growify | TOF | Sales | Australia | EOSS,709.87,0.0,39,442,0.0
2026-07-17,Facebook,Growify | TOF | Sales | Australia | EOSS,44.71,0.0,8,25,0.0
2026-07-17,Facebook,Growify | TOF | Sales | Australia | EOSS,157.98,0.0,10,89,0.0
2026-07-17,Facebook,Growify | TOF | Sales | Australia | EOSS,475.91,0.0,38,194,0.0
2026-07-17,Facebook,Growify | TOF | Sales | India | Open,337.69,0.0,147,4047,0.0
2026-07-17,Facebook,Growify | TOF | Sales | India | Open,3513.52,0.0,2165,44631,0.0
2026-07-18,Facebook,Conv | Tof | Multi Category | Ind | Direct | Growify |,2546.95,0.0,10604,112426,0.0
2026-07-18,Facebook,Conv | Tof | Multi Category | Ind | Direct | Growify |,6312.52,0.0,24952,337990,0.0
2026-07-18,Facebook,Conv | Tof | Multi Category | Ind | Direct | Growify |,6043.1,10020.0,1152,14194,3.0
2026-07-18,Facebook,Conv | Tof | Multi Category | Ind | Direct | Growify |,71.3,0.0,141,3323,0.0
2026-07-18,Facebook,Conv | Tof | Multi Category | Ind | Direct | Growify |,15.61,0.0,0,60,0.0
2026-07-18,Facebook,Conv | Tof | Multi Category | Ind | Direct | Growify |,62.9,0.0,58,4048,0.0
2026-07-18,Facebook,Conv | Tof | Multi Category | Ind | Direct | Growify |,6133.2,0.0,5422,66272,0.0
2026-07-18,Facebook,Conv | Tof | Multi Category | Ind | Direct | Growify |,1457.67,3366.0,250,2313,1.0
2026-07-18,Facebook,Conv | Tof | Multi Category | Ind | Direct | Growify |,4862.75,13020.0,659,6757,2.0
2026-07-18,Facebook,Conv | Tof | Multi Category | Ind | Direct | Growify |,6.53,0.0,1,8,0.0
2026-07-18,Facebook,Conv | Tof | Multi Category | Ind | Direct | Growify |,7.31,0.0,0,15,0.0
2026-07-18,Facebook,Conv | Tof | Multi Category | Ind | Direct | Growify |,0.54,0.0,3,12,0.0
2026-07-18,Facebook,Conv | Tof | Multi Category | Ind | Direct | Growify |,825.8,0.0,1179,19483,0.0
2026-07-18,Facebook,Conv | Tof | Multi Category | Ind | Direct | Growify |,2244.1,4950.0,2171,50358,1.0
2026-07-18,Facebook,Conv | Tof | Multi Category | Ind | Direct | Growify | LAL,3167.75,0.0,657,9615,0.0
2026-07-18,Facebook,Conv | Tof | Multicategory | CA | Direct | Growify,4493.25,0.0,345,4696,0.0
2026-07-18,Facebook,Conv | Tof | Multicategory | CA | Direct | Growify,171.19,0.0,0,61,0.0
2026-07-18,Facebook,Conv | Tof | Multicategory | CA | Direct | Growify,0.0,0.0,0,0,0.0
2026-07-18,Facebook,Conv | Tof | Multicategory | CA | Direct | Growify,602.62,0.0,44,516,0.0
2026-07-18,Facebook,Conv | Tof | Multicategory | CA | Direct | Growify,4.57,0.0,0,7,0.0
2026-07-18,Facebook,Conv | Tof | Multicategory | CA | Direct | Growify,267.19,0.0,31,238,0.0
2026-07-18,Facebook,Conv | Tof | Multicategory | CA | Direct | Growify,483.47,0.0,34,490,0.0
2026-07-18,Facebook,Conv | Tof | Multicategory | CA | Direct | Growify,2641.45,0.0,182,2285,0.0
2026-07-18,Facebook,Conv | Tof | Multicategory | INT | Direct | Growify,408.16,0.0,36,502,0.0
2026-07-18,Facebook,Conv | Tof | Multicategory | INT | Direct | Growify,187.11,0.0,2,128,0.0
2026-07-18,Facebook,Conv | Tof | Multicategory | INT | Direct | Growify,361.29,0.0,13,189,0.0
2026-07-18,Facebook,Conv | Tof | Multicategory | INT | Direct | Growify,588.57,0.0,16,280,0.0
2026-07-18,Facebook,Conv | Tof | Multicategory | US | Direct | Growify,6649.84,0.0,248,2569,0.0
2026-07-18,Facebook,Growify | MOF & BOF | Sale | India +intl,7727.35,15240.0,2219,32823,2.0
2026-07-18,Facebook,Growify | MOF & BOF | Sale | India +intl,3941.14,0.0,295,4944,0.0
2026-07-18,Facebook,Growify | MOF & BOF | Sale | India +intl,2834.72,0.0,181,2708,0.0
2026-07-18,Facebook,Growify | MOF & BOF | Sale | India +intl,2121.4,0.0,106,1756,0.0
2026-07-18,Facebook,Growify | MOF & BOF | Sale | India +intl,4025.52,0.0,155,2380,0.0
2026-07-18,Facebook,Growify | MOF & BOF | Sale | India +intl,1417.45,0.0,830,15129,0.0
2026-07-18,Facebook,Growify | MOF & BOF | Sale | India +intl,5582.51,26550.0,3203,56783,2.0
2026-07-18,Facebook,Growify | MOF & BOF | Sale | India +intl,300.98,0.0,93,1491,0.0
2026-07-18,Facebook,Growify | TOF | Sale | India,267.019999,0.0,58,1599,0.0
2026-07-18,Facebook,Growify | TOF | Sales | Australia | EOSS,12.31,0.0,1,8,0.0
2026-07-18,Facebook,Growify | TOF | Sales | Australia | EOSS,400.55,0.0,31,321,0.0
2026-07-18,Facebook,Growify | TOF | Sales | Australia | EOSS,920.99,0.0,55,593,0.0
2026-07-18,Facebook,Growify | TOF | Sales | Australia | EOSS,15.56,0.0,0,4,0.0
2026-07-18,Facebook,Growify | TOF | Sales | Australia | EOSS,339.4,0.0,34,165,0.0
2026-07-18,Facebook,Growify | TOF | Sales | Australia | EOSS,562.47,0.0,29,272,0.0
2026-07-18,Facebook,Growify | TOF | Sales | India | Open,292.93,0.0,80,1523,0.0
2026-07-18,Facebook,Growify | TOF | Sales | India | Open,3471.95,10200.0,2910,57928,3.0
2026-07-19,Facebook,Conv | Tof | Multi Category | Ind | Direct | Growify |,1741.0,0.0,6487,79499,0.0
2026-07-19,Facebook,Conv | Tof | Multi Category | Ind | Direct | Growify |,0.0,0.0,0,0,0.0
2026-07-19,Facebook,Conv | Tof | Multi Category | Ind | Direct | Growify |,3349.85,0.0,12868,189422,0.0
2026-07-19,Facebook,Conv | Tof | Multi Category | Ind | Direct | Growify |,0.0,0.0,1,0,0.0
2026-07-19,Facebook,Conv | Tof | Multi Category | Ind | Direct | Growify |,2523.83,0.0,716,8750,0.0
2026-07-19,Facebook,Conv | Tof | Multi Category | Ind | Direct | Growify |,0.0,0.0,0,0,0.0
2026-07-19,Facebook,Conv | Tof | Multi Category | Ind | Direct | Growify |,44.83,0.0,173,2319,0.0
2026-07-19,Facebook,Conv | Tof | Multi Category | Ind | Direct | Growify |,48.26,0.0,1,120,0.0
2026-07-19,Facebook,Conv | Tof | Multi Category | Ind | Direct | Growify |,56.53,0.0,38,2524,0.0
2026-07-19,Facebook,Conv | Tof | Multi Category | Ind | Direct | Growify |,3441.74,0.0,2586,34047,0.0
2026-07-19,Facebook,Conv | Tof | Multi Category | Ind | Direct | Growify |,0.0,0.0,0,0,0.0
2026-07-19,Facebook,Conv | Tof | Multi Category | Ind | Direct | Growify |,1327.63,0.0,227,2313,0.0
2026-07-19,Facebook,Conv | Tof | Multi Category | Ind | Direct | Growify |,3216.6,4620.0,477,4992,1.0
2026-07-19,Facebook,Conv | Tof | Multi Category | Ind | Direct | Growify |,0.0,0.0,0,0,0.0
2026-07-19,Facebook,Conv | Tof | Multi Category | Ind | Direct | Growify |,0.1,0.0,1,3,0.0
2026-07-19,Facebook,Conv | Tof | Multi Category | Ind | Direct | Growify |,563.82,0.0,741,12555,0.0
2026-07-19,Facebook,Conv | Tof | Multi Category | Ind | Direct | Growify |,2384.12,0.0,2805,62230,0.0
2026-07-19,Facebook,Conv | Tof | Multi Category | Ind | Direct | Growify |,0.0,0.0,0,0,0.0
2026-07-19,Facebook,Conv | Tof | Multi Category | Ind | Direct | Growify | LAL,2267.74,0.0,378,6956,0.0
2026-07-19,Facebook,Conv | Tof | Multicategory | CA | Direct | Growify,3244.21,0.0,180,2455,0.0
2026-07-19,Facebook,Conv | Tof | Multicategory | CA | Direct | Growify,24.72,0.0,0,37,0.0
2026-07-19,Facebook,Conv | Tof | Multicategory | CA | Direct | Growify,0.0,0.0,0,0,0.0
2026-07-19,Facebook,Conv | Tof | Multicategory | CA | Direct | Growify,299.59,0.0,12,323,0.0
2026-07-19,Facebook,Conv | Tof | Multicategory | CA | Direct | Growify,4.99,0.0,0,7,0.0
2026-07-19,Facebook,Conv | Tof | Multicategory | CA | Direct | Growify,230.9,0.0,28,287,0.0
2026-07-19,Facebook,Conv | Tof | Multicategory | CA | Direct | Growify,1168.26,0.0,56,886,0.0
2026-07-19,Facebook,Conv | Tof | Multicategory | CA | Direct | Growify,1300.45,0.0,93,1128,0.0
2026-07-19,Facebook,Conv | Tof | Multicategory | INT | Direct | Growify,64.92,0.0,3,50,0.0
2026-07-19,Facebook,Conv | Tof | Multicategory | INT | Direct | Growify,329.07,0.0,31,375,0.0
2026-07-19,Facebook,Conv | Tof | Multicategory | INT | Direct | Growify,0.95,0.0,0,1,0.0
2026-07-19,Facebook,Conv | Tof | Multicategory | INT | Direct | Growify,207.47,0.0,5,83,0.0
2026-07-19,Facebook,Conv | Tof | Multicategory | INT | Direct | Growify,381.32,0.0,10,183,0.0
2026-07-19,Facebook,Conv | Tof | Multicategory | US | Direct | Growify,4951.6,0.0,229,1865,0.0
2026-07-19,Facebook,Growify | MOF & BOF | Sale | India +intl,4848.15,11040.0,1290,20201,1.0
2026-07-19,Facebook,Growify | MOF & BOF | Sale | India +intl,3236.45,0.0,235,3728,0.0
2026-07-19,Facebook,Growify | MOF & BOF | Sale | India +intl,1754.71,9240.0,152,1708,1.0
2026-07-19,Facebook,Growify | MOF & BOF | Sale | India +intl,1347.34,19000.0,76,1073,1.0
2026-07-19,Facebook,Growify | MOF & BOF | Sale | India +intl,3371.63,0.0,173,1738,0.0
2026-07-19,Facebook,Growify | MOF & BOF | Sale | India +intl,856.29,0.0,318,6326,0.0
2026-07-19,Facebook,Growify | MOF & BOF | Sale | India +intl,0.0,0.0,0,0,0.0
2026-07-19,Facebook,Growify | MOF & BOF | Sale | India +intl,3169.55,0.0,1897,35713,0.0
2026-07-19,Facebook,Growify | MOF & BOF | Sale | India +intl,964.6,0.0,291,4993,0.0
2026-07-19,Facebook,Growify | TOF | Sale | India,206.87,0.0,52,1175,0.0
2026-07-19,Facebook,Growify | TOF | Sales | Australia | EOSS,232.81,0.0,10,159,0.0
2026-07-19,Facebook,Growify | TOF | Sales | Australia | EOSS,362.06,0.0,30,260,0.0
2026-07-19,Facebook,Growify | TOF | Sales | Australia | EOSS,672.07,0.0,45,507,0.0
2026-07-19,Facebook,Growify | TOF | Sales | Australia | EOSS,127.14,0.0,4,94,0.0
2026-07-19,Facebook,Growify | TOF | Sales | Australia | EOSS,222.37,0.0,15,127,0.0
2026-07-19,Facebook,Growify | TOF | Sales | Australia | EOSS,471.95,0.0,19,185,0.0
2026-07-19,Facebook,Growify | TOF | Sales | India | Open,421.76,0.0,186,4237,0.0
2026-07-19,Facebook,Growify | TOF | Sales | India | Open,2047.06,0.0,1558,29342,0.0
2026-07-20,Facebook,Conv | Tof | Multi Category | Ind | Direct | Growify |,1918.44,0.0,8731,81605,0.0
2026-07-20,Facebook,Conv | Tof | Multi Category | Ind | Direct | Growify |,3353.03,0.0,16089,185623,0.0
2026-07-20,Facebook,Conv | Tof | Multi Category | Ind | Direct | Growify |,0.0,0.0,0,0,0.0
2026-07-20,Facebook,Conv | Tof | Multi Category | Ind | Direct | Growify |,2355.68,0.0,750,9300,0.0
2026-07-20,Facebook,Conv | Tof | Multi Category | Ind | Direct | Growify |,23.13,0.0,70,967,0.0
2026-07-20,Facebook,Conv | Tof | Multi Category | Ind | Direct | Growify |,48.83,0.0,1,148,0.0
2026-07-20,Facebook,Conv | Tof | Multi Category | Ind | Direct | Growify |,52.4,0.0,34,2313,0.0
2026-07-20,Facebook,Conv | Tof | Multi Category | Ind | Direct | Growify |,3408.11,1800.0,2947,34176,1.0
2026-07-20,Facebook,Conv | Tof | Multi Category | Ind | Direct | Growify |,1161.05,0.0,249,2487,0.0
2026-07-20,Facebook,Conv | Tof | Multi Category | Ind | Direct | Growify |,3329.91,0.0,558,5730,0.0
2026-07-20,Facebook,Conv | Tof | Multi Category | Ind | Direct | Growify |,596.98,30030.0,891,13933,1.0
2026-07-20,Facebook,Conv | Tof | Multi Category | Ind | Direct | Growify |,2109.61,0.0,2740,62373,0.0
2026-07-20,Facebook,Conv | Tof | Multi Category | Ind | Direct | Growify | LAL,2044.02,16764.0,491,7695,1.0
2026-07-20,Facebook,Conv | Tof | Multicategory | CA | Direct | Growify,2619.67,35140.0,186,2864,2.0
2026-07-20,Facebook,Conv | Tof | Multicategory | CA | Direct | Growify,53.62,0.0,0,32,0.0
2026-07-20,Facebook,Conv | Tof | Multicategory | CA | Direct | Growify,0.0,0.0,0,0,0.0
2026-07-20,Facebook,Conv | Tof | Multicategory | CA | Direct | Growify,286.98,0.0,18,376,0.0
2026-07-20,Facebook,Conv | Tof | Multicategory | CA | Direct | Growify,1.54,0.0,0,4,0.0
2026-07-20,Facebook,Conv | Tof | Multicategory | CA | Direct | Growify,357.28,0.0,29,344,0.0
2026-07-20,Facebook,Conv | Tof | Multicategory | CA | Direct | Growify,884.53,0.0,80,1035,0.0
2026-07-20,Facebook,Conv | Tof | Multicategory | CA | Direct | Growify,1170.6,0.0,79,1099,0.0
2026-07-20,Facebook,Conv | Tof | Multicategory | INT | Direct | Growify,0.14,0.0,0,1,0.0
2026-07-20,Facebook,Conv | Tof | Multicategory | INT | Direct | Growify,332.34,0.0,28,389,0.0
2026-07-20,Facebook,Conv | Tof | Multicategory | INT | Direct | Growify,0.59,0.0,0,1,0.0
2026-07-20,Facebook,Conv | Tof | Multicategory | INT | Direct | Growify,74.72,0.0,2,48,0.0
2026-07-20,Facebook,Conv | Tof | Multicategory | INT | Direct | Growify,444.58,0.0,11,152,0.0
2026-07-20,Facebook,Conv | Tof | Multicategory | US | Direct | Growify,3763.45,0.0,125,1570,0.0
2026-07-20,Facebook,Growify | MOF & BOF | Sale | India +intl,4651.64,14190.0,1415,27811,1.0
2026-07-20,Facebook,Growify | MOF & BOF | Sale | India +intl,3234.23,0.0,193,3900,0.0
2026-07-20,Facebook,Growify | MOF & BOF | Sale | India +intl,1704.79,37074.1,123,1622,1.0
2026-07-20,Facebook,Growify | MOF & BOF | Sale | India +intl,1078.89,0.0,38,1010,0.0
2026-07-20,Facebook,Growify | MOF & BOF | Sale | India +intl,3110.45,0.0,141,1740,0.0
2026-07-20,Facebook,Growify | MOF & BOF | Sale | India +intl,739.68,0.0,373,7020,0.0
2026-07-20,Facebook,Growify | MOF & BOF | Sale | India +intl,3376.46,5700.0,2111,38829,1.0
2026-07-20,Facebook,Growify | MOF & BOF | Sale | India +intl,913.85,0.0,405,6540,0.0
2026-07-20,Facebook,Growify | TOF | Sale | India,209.5,0.0,40,931,0.0
2026-07-20,Facebook,Growify | TOF | Sales | Australia | EOSS,283.23,0.0,27,270,0.0
2026-07-20,Facebook,Growify | TOF | Sales | Australia | EOSS,378.15,0.0,34,282,0.0
2026-07-20,Facebook,Growify | TOF | Sales | Australia | EOSS,502.73,0.0,32,372,0.0
2026-07-20,Facebook,Growify | TOF | Sales | Australia | EOSS,167.08,0.0,12,134,0.0
2026-07-20,Facebook,Growify | TOF | Sales | Australia | EOSS,270.14,0.0,10,151,0.0
2026-07-20,Facebook,Growify | TOF | Sales | Australia | EOSS,392.12,0.0,28,210,0.0
2026-07-20,Facebook,Growify | TOF | Sales | India | Open,740.53,0.0,333,6923,0.0
2026-07-20,Facebook,Growify | TOF | Sales | India | Open,1737.09,3600.0,2029,37238,1.0
2026-07-21,Facebook,Conv | Tof | Multi Category | Ind | Direct | Growify |,2716.59,0.0,2440,31000,0.0
2026-07-21,Facebook,Conv | Tof | Multi Category | Ind | Direct | Growify |,2005.33,0.0,3413,53231,0.0
2026-07-21,Facebook,Conv | Tof | Multi Category | Ind | Direct | Growify |,2780.12,0.0,556,10140,0.0
2026-07-21,Facebook,Conv | Tof | Multi Category | Ind | Direct | Growify |,58.22,0.0,9,249,0.0
2026-07-21,Facebook,Conv | Tof | Multi Category | Ind | Direct | Growify |,0.83,0.0,0,7,0.0
2026-07-21,Facebook,Conv | Tof | Multi Category | Ind | Direct | Growify |,17.1,0.0,8,312,0.0
2026-07-21,Facebook,Conv | Tof | Multi Category | Ind | Direct | Growify |,4574.77,0.0,1548,22976,0.0
2026-07-21,Facebook,Conv | Tof | Multi Category | Ind | Direct | Growify |,1178.16,0.0,219,2287,0.0
2026-07-21,Facebook,Conv | Tof | Multi Category | Ind | Direct | Growify |,2354.8,1800.0,382,4474,1.0
2026-07-21,Facebook,Conv | Tof | Multi Category | Ind | Direct | Growify |,3.25,0.0,0,1,0.0
2026-07-21,Facebook,Conv | Tof | Multi Category | Ind | Direct | Growify |,0.0,0.0,0,1,0.0
2026-07-21,Facebook,Conv | Tof | Multi Category | Ind | Direct | Growify |,864.1,0.0,300,6672,0.0
2026-07-21,Facebook,Conv | Tof | Multi Category | Ind | Direct | Growify |,2628.42,0.0,1012,26433,0.0
2026-07-21,Facebook,Conv | Tof | Multi Category | Ind | Direct | Growify | LAL,2566.82,0.0,642,11558,0.0
2026-07-21,Facebook,Conv | Tof | Multicategory | CA | Direct | Growify,3142.39,0.0,268,3821,0.0
2026-07-21,Facebook,Conv | Tof | Multicategory | CA | Direct | Growify,41.49,0.0,0,46,0.0
2026-07-21,Facebook,Conv | Tof | Multicategory | CA | Direct | Growify,0.0,0.0,0,0,0.0
2026-07-21,Facebook,Conv | Tof | Multicategory | CA | Direct | Growify,309.12,0.0,30,333,0.0
2026-07-21,Facebook,Conv | Tof | Multicategory | CA | Direct | Growify,4.28,0.0,0,4,0.0
2026-07-21,Facebook,Conv | Tof | Multicategory | CA | Direct | Growify,339.38,0.0,7,400,0.0
2026-07-21,Facebook,Conv | Tof | Multicategory | CA | Direct | Growify,4.15,0.0,0,8,0.0
2026-07-21,Facebook,Conv | Tof | Multicategory | CA | Direct | Growify,105.15,0.0,5,126,0.0
2026-07-21,Facebook,Conv | Tof | Multicategory | CA | Direct | Growify,0.34,0.0,0,1,0.0
2026-07-21,Facebook,Conv | Tof | Multicategory | CA | Direct | Growify,121.03,0.0,14,113,0.0
2026-07-21,Facebook,Conv | Tof | Multicategory | CA | Direct | Growify,1.1,0.0,0,3,0.0
2026-07-21,Facebook,Conv | Tof | Multicategory | CA | Direct | Growify,118.48,0.0,18,138,0.0
2026-07-21,Facebook,Conv | Tof | Multicategory | CA | Direct | Growify,379.02,0.0,24,323,0.0
2026-07-21,Facebook,Conv | Tof | Multicategory | CA | Direct | Growify,1190.2,0.0,41,705,0.0
2026-07-21,Facebook,Conv | Tof | Multicategory | INT | Direct | Growify,0.0,0.0,0,0,0.0
2026-07-21,Facebook,Conv | Tof | Multicategory | INT | Direct | Growify,426.49,0.0,29,454,0.0
2026-07-21,Facebook,Conv | Tof | Multicategory | INT | Direct | Growify,160.68,0.0,8,134,0.0
2026-07-21,Facebook,Conv | Tof | Multicategory | INT | Direct | Growify,429.69,0.0,10,154,0.0
2026-07-21,Facebook,Conv | Tof | Multicategory | US | Direct | Growify,4129.859999,0.0,201,2234,0.0
2026-07-21,Facebook,Growify | MOF & BOF | Sale | India +intl,5376.41,12936.0,1296,25196,1.0
2026-07-21,Facebook,Growify | MOF & BOF | Sale | India +intl,3264.53,0.0,239,4144,0.0
2026-07-21,Facebook,Growify | MOF & BOF | Sale | India +intl,2075.948665,0.0,87,1717,0.0
2026-07-21,Facebook,Growify | MOF & BOF | Sale | India +intl,1135.761335,95950.0,51,901,1.0
2026-07-21,Facebook,Growify | MOF & BOF | Sale | India +intl,3159.53,0.0,134,1854,0.0
2026-07-21,Facebook,Growify | MOF & BOF | Sale | India +intl,880.51,0.0,292,6212,0.0
2026-07-21,Facebook,Growify | MOF & BOF | Sale | India +intl,3411.99,0.0,1658,33660,0.0
2026-07-21,Facebook,Growify | MOF & BOF | Sale | India +intl,1301.18,0.0,330,6003,0.0
2026-07-21,Facebook,Growify | TOF | Sale | India,234.11,0.0,80,1754,0.0
2026-07-21,Facebook,Growify | TOF | Sales | Australia | EOSS,141.99,0.0,8,98,0.0
2026-07-21,Facebook,Growify | TOF | Sales | Australia | EOSS,213.63,0.0,14,142,0.0
2026-07-21,Facebook,Growify | TOF | Sales | Australia | EOSS,290.61755,0.0,33,216,0.0
2026-07-21,Facebook,Growify | TOF | Sales | Australia | EOSS,63.14,0.0,3,54,0.0
2026-07-21,Facebook,Growify | TOF | Sales | Australia | EOSS,99.16,0.0,7,73,0.0
2026-07-21,Facebook,Growify | TOF | Sales | Australia | EOSS,162.65245,0.0,9,108,0.0
2026-07-21,Facebook,Growify | TOF | Sales | India | Open,700.98,0.0,360,8742,0.0
2026-07-21,Facebook,Growify | TOF | Sales | India | Open,2048.58,0.0,1767,37463,0.0
2026-07-22,Facebook,Conv | Tof | Multi Category | Ind | Direct | Growify |,207.78,0.0,406,5634,0.0
2026-07-22,Facebook,Conv | Tof | Multi Category | Ind | Direct | Growify |,186.4,0.0,574,8745,0.0
2026-07-22,Facebook,Conv | Tof | Multi Category | Ind | Direct | Growify |,293.91,0.0,83,1341,0.0
2026-07-22,Facebook,Conv | Tof | Multi Category | Ind | Direct | Growify |,1.16,0.0,4,44,0.0
2026-07-22,Facebook,Conv | Tof | Multi Category | Ind | Direct | Growify |,0.04,0.0,0,5,0.0
2026-07-22,Facebook,Conv | Tof | Multi Category | Ind | Direct | Growify |,11.5,0.0,3,53,0.0
2026-07-22,Facebook,Conv | Tof | Multi Category | Ind | Direct | Growify |,2.81,0.0,0,45,0.0
2026-07-22,Facebook,Conv | Tof | Multi Category | Ind | Direct | Growify |,12.61,0.0,4,56,0.0
2026-07-22,Facebook,Conv | Tof | Multi Category | Ind | Direct | Growify |,0.36,0.0,0,10,0.0
2026-07-22,Facebook,Conv | Tof | Multi Category | Ind | Direct | Growify |,265.54,0.0,246,4150,0.0
2026-07-22,Facebook,Conv | Tof | Multi Category | Ind | Direct | Growify |,157.15,0.0,52,591,0.0
2026-07-22,Facebook,Conv | Tof | Multi Category | Ind | Direct | Growify |,240.42,0.0,47,640,0.0
2026-07-22,Facebook,Conv | Tof | Multi Category | Ind | Direct | Growify |,41.61,0.0,31,773,0.0
2026-07-22,Facebook,Conv | Tof | Multi Category | Ind | Direct | Growify |,408.38,0.0,282,7811,0.0
2026-07-22,Facebook,Conv | Tof | Multi Category | Ind | Direct | Growify | LAL,83.46,0.0,38,743,0.0
2026-07-22,Facebook,Conv | Tof | Multicategory | CA | Direct | Growify,683.41,0.0,51,752,0.0
2026-07-22,Facebook,Conv | Tof | Multicategory | CA | Direct | Growify,5.72,0.0,0,8,0.0
2026-07-22,Facebook,Conv | Tof | Multicategory | CA | Direct | Growify,0.0,0.0,0,0,0.0
2026-07-22,Facebook,Conv | Tof | Multicategory | CA | Direct | Growify,0.0,0.0,0,0,0.0
2026-07-22,Facebook,Conv | Tof | Multicategory | CA | Direct | Growify,171.9,0.0,6,265,0.0
2026-07-22,Facebook,Conv | Tof | Multicategory | CA | Direct | Growify,1.2,0.0,0,2,0.0
2026-07-22,Facebook,Conv | Tof | Multicategory | CA | Direct | Growify,91.49,0.0,2,74,0.0
2026-07-22,Facebook,Conv | Tof | Multicategory | CA | Direct | Growify,136.79,0.0,10,143,0.0
2026-07-22,Facebook,Conv | Tof | Multicategory | CA | Direct | Growify,0.0,0.0,0,0,0.0
2026-07-22,Facebook,Conv | Tof | Multicategory | INT | Direct | Growify,96.87,0.0,10,111,0.0
2026-07-22,Facebook,Conv | Tof | Multicategory | INT | Direct | Growify,24.85,0.0,0,30,0.0
2026-07-22,Facebook,Conv | Tof | Multicategory | INT | Direct | Growify,74.39,0.0,3,48,0.0
2026-07-22,Facebook,Conv | Tof | Multicategory | US | Direct | Growify,880.95,0.0,37,457,0.0
2026-07-22,Facebook,Growify | MOF & BOF | Sale | India +intl,125.25,0.0,54,1014,0.0
2026-07-22,Facebook,Growify | MOF & BOF | Sale | India +intl,715.79,3366.0,45,845,1.0
2026-07-22,Facebook,Growify | MOF & BOF | Sale | India +intl,0.0,0.0,0,0,0.0
2026-07-22,Facebook,Growify | MOF & BOF | Sale | India +intl,389.4,0.0,19,310,0.0
2026-07-22,Facebook,Growify | MOF & BOF | Sale | India +intl,613.75,0.0,38,391,0.0
2026-07-22,Facebook,Growify | MOF & BOF | Sale | India +intl,5.95,0.0,15,138,0.0
2026-07-22,Facebook,Growify | MOF & BOF | Sale | India +intl,0.0,0.0,0,0,0.0
2026-07-22,Facebook,Growify | MOF & BOF | Sale | India +intl,77.4,1800.0,68,1722,1.0
2026-07-22,Facebook,Growify | MOF & BOF | Sale | India +intl,5.51,0.0,2,70,0.0
2026-07-22,Facebook,Growify | TOF | Sale | India,19.25,0.0,12,235,0.0
2026-07-22,Facebook,Growify | TOF | Sales | Australia | EOSS,0.0,0.0,0,0,0.0
2026-07-22,Facebook,Growify | TOF | Sales | Australia | EOSS,0.0,0.0,0,0,0.0
2026-07-22,Facebook,Growify | TOF | Sales | India | Open,10.17,0.0,11,213,0.0
2026-07-22,Facebook,Growify | TOF | Sales | India | Open,139.0,0.0,117,2209,0.0
2026-07-23,Facebook,Conv | Tof | Multi Category | Ind | Direct | Growify |,0.0,0.0,0,0,0.0
2026-07-23,Facebook,Conv | Tof | Multi Category | Ind | Direct | Growify |,0.0,0.0,0,0,0.0
2026-07-23,Facebook,Conv | Tof | Multi Category | Ind | Direct | Growify |,0.0,0.0,0,0,0.0
2026-07-23,Facebook,Conv | Tof | Multi Category | Ind | Direct | Growify |,0.0,0.0,0,0,0.0
2026-07-23,Facebook,Conv | Tof | Multi Category | Ind | Direct | Growify |,0.0,0.0,0,0,0.0
2026-07-23,Facebook,Conv | Tof | Multi Category | Ind | Direct | Growify |,0.0,0.0,0,0,0.0
2026-07-23,Facebook,Conv | Tof | Multi Category | Ind | Direct | Growify |,0.0,0.0,0,0,0.0
2026-07-23,Facebook,Conv | Tof | Multi Category | Ind | Direct | Growify |,0.0,0.0,0,0,0.0
2026-07-23,Facebook,Conv | Tof | Multi Category | Ind | Direct | Growify |,0.0,0.0,0,0,0.0
2026-07-23,Facebook,Conv | Tof | Multi Category | Ind | Direct | Growify | LAL,0.0,0.0,0,0,0.0
2026-07-23,Facebook,Conv | Tof | Multicategory | CA | Direct | Growify,0.0,0.0,0,0,0.0
2026-07-23,Facebook,Conv | Tof | Multicategory | CA | Direct | Growify,0.0,0.0,0,0,0.0
2026-07-23,Facebook,Conv | Tof | Multicategory | CA | Direct | Growify,0.0,0.0,0,0,0.0
2026-07-23,Facebook,Conv | Tof | Multicategory | CA | Direct | Growify,0.0,0.0,0,0,0.0
2026-07-23,Facebook,Conv | Tof | Multicategory | CA | Direct | Growify,0.0,0.0,0,0,0.0
2026-07-23,Facebook,Conv | Tof | Multicategory | CA | Direct | Growify,0.0,0.0,0,0,0.0
2026-07-23,Facebook,Conv | Tof | Multicategory | CA | Direct | Growify,0.0,0.0,0,0,0.0
2026-07-23,Facebook,Conv | Tof | Multicategory | CA | Direct | Growify,0.0,0.0,0,0,0.0
2026-07-23,Facebook,Conv | Tof | Multicategory | INT | Direct | Growify,0.0,0.0,0,0,0.0
2026-07-23,Facebook,Conv | Tof | Multicategory | INT | Direct | Growify,0.0,0.0,0,0,0.0
2026-07-23,Facebook,Conv | Tof | Multicategory | US | Direct | Growify,0.0,0.0,0,0,0.0
2026-07-23,Facebook,Growify | MOF & BOF | Sale | India +intl,0.0,0.0,0,0,0.0
2026-07-23,Facebook,Growify | MOF & BOF | Sale | India +intl,0.0,0.0,0,0,0.0
2026-07-23,Facebook,Growify | MOF & BOF | Sale | India +intl,0.0,0.0,0,0,0.0
2026-07-23,Facebook,Growify | MOF & BOF | Sale | India +intl,0.0,0.0,0,0,0.0
2026-07-23,Facebook,Growify | MOF & BOF | Sale | India +intl,0.0,6820.0,0,0,1.0
2026-07-23,Facebook,Growify | MOF & BOF | Sale | India +intl,0.0,0.0,0,0,0.0
2026-07-23,Facebook,Growify | MOF & BOF | Sale | India +intl,0.0,0.0,0,0,0.0
2026-07-23,Facebook,Growify | MOF & BOF | Sale | India +intl,0.0,0.0,0,0,0.0
2026-07-23,Facebook,Growify | TOF | Sales | Australia | EOSS,0.0,0.0,0,0,0.0
2026-07-23,Facebook,Growify | TOF | Sales | India | Open,0.0,0.0,0,0,0.0
2026-07-23,Facebook,Growify | TOF | Sales | India | Open,0.0,0.0,0,0,0.0
2026-07-24,Facebook,Conv | Tof | Multi Category | Ind | Direct | Growify |,2684.02,0.0,4763,49226,0.0
2026-07-24,Facebook,Conv | Tof | Multi Category | Ind | Direct | Growify |,2841.95,0.0,6702,57307,0.0
2026-07-24,Facebook,Conv | Tof | Multi Category | Ind | Direct | Growify |,0.0,0.0,0,0,0.0
2026-07-24,Facebook,Conv | Tof | Multi Category | Ind | Direct | Growify |,3679.54,0.0,5176,86460,0.0
2026-07-24,Facebook,Conv | Tof | Multi Category | Ind | Direct | Growify |,0.0,0.0,0,1,0.0
2026-07-24,Facebook,Conv | Tof | Multi Category | Ind | Direct | Growify |,0.12,0.0,1,1,0.0
2026-07-24,Facebook,Conv | Tof | Multi Category | Ind | Direct | Growify |,38.24,0.0,17,178,0.0
2026-07-24,Facebook,Conv | Tof | Multi Category | Ind | Direct | Growify |,3734.48,0.0,1086,12161,1.0
2026-07-24,Facebook,Conv | Tof | Multi Category | Ind | Direct | Growify |,357.25,0.0,105,2898,0.0
2026-07-24,Facebook,Conv | Tof | Multi Category | Ind | Direct | Growify |,3373.87,0.0,2440,22642,0.0
2026-07-24,Facebook,Conv | Tof | Multi Category | Ind | Direct | Growify |,1398.81,0.0,401,4874,0.0
2026-07-24,Facebook,Conv | Tof | Multi Category | Ind | Direct | Growify |,3676.09,0.0,668,9291,0.0
2026-07-24,Facebook,Conv | Tof | Multi Category | Ind | Direct | Growify |,1574.83,0.0,310,5415,0.0
2026-07-24,Facebook,Conv | Tof | Multi Category | Ind | Direct | Growify |,350.44,0.0,297,3953,0.0
2026-07-24,Facebook,Conv | Tof | Multi Category | Ind | Direct | Growify |,3498.99,37950.0,3416,49355,1.0
2026-07-24,Facebook,Conv | Tof | Multi Category | Ind | Direct | Growify |,0.0,0.0,0,0,0.0
2026-07-24,Facebook,Conv | Tof | Multi Category | Ind | Direct | Growify | LAL,3229.61,0.0,763,11616,0.0
2026-07-24,Facebook,Conv | Tof | Multicategory | CA | Direct | Growify,5578.69,40450.0,456,6477,1.0
2026-07-24,Facebook,Conv | Tof | Multicategory | CA | Direct | Growify,59.66,0.0,0,80,0.0
2026-07-24,Facebook,Conv | Tof | Multicategory | CA | Direct | Growify,0.0,0.0,0,0,0.0
2026-07-24,Facebook,Conv | Tof | Multicategory | CA | Direct | Growify,0.0,0.0,0,0,0.0
2026-07-24,Facebook,Conv | Tof | Multicategory | CA | Direct | Growify,988.35,0.0,58,1199,0.0
2026-07-24,Facebook,Conv | Tof | Multicategory | CA | Direct | Growify,3.03,0.0,0,9,0.0
2026-07-24,Facebook,Conv | Tof | Multicategory | CA | Direct | Growify,0.0,0.0,0,0,0.0
2026-07-24,Facebook,Conv | Tof | Multicategory | CA | Direct | Growify,0.0,0.0,0,0,0.0
2026-07-24,Facebook,Conv | Tof | Multicategory | CA | Direct | Growify,0.0,0.0,0,0,0.0
2026-07-24,Facebook,Conv | Tof | Multicategory | INT | Direct | Growify,387.44,0.0,37,392,0.0
2026-07-24,Facebook,Conv | Tof | Multicategory | INT | Direct | Growify,0.61,0.0,0,1,0.0
2026-07-24,Facebook,Conv | Tof | Multicategory | INT | Direct | Growify,360.48,0.0,22,222,0.0
2026-07-24,Facebook,Conv | Tof | Multicategory | INT | Direct | Growify,371.27,0.0,16,154,0.0
2026-07-24,Facebook,Conv | Tof | Multicategory | US | Direct | Growify,4620.38,0.0,288,2494,0.0
2026-07-24,Facebook,Growify | MOF & BOF | Sale | India +intl,4926.55,0.0,1337,18488,0.0
2026-07-24,Facebook,Growify | MOF & BOF | Sale | India +intl,3177.04,0.0,180,3706,0.0
2026-07-24,Facebook,Growify | MOF & BOF | Sale | India +intl,0.0,0.0,0,0,0.0
2026-07-24,Facebook,Growify | MOF & BOF | Sale | India +intl,4300.4,0.0,235,3491,0.0
2026-07-24,Facebook,Growify | MOF & BOF | Sale | India +intl,3613.64,0.0,157,1874,0.0
2026-07-24,Facebook,Growify | MOF & BOF | Sale | India +intl,442.67,0.0,137,1793,0.0
2026-07-24,Facebook,Growify | MOF & BOF | Sale | India +intl,3842.48,0.0,1783,23560,0.0
2026-07-24,Facebook,Growify | MOF & BOF | Sale | India +intl,3459.68,3480.0,1596,19024,1.0
2026-07-24,Facebook,Growify | TOF | Sale | India,297.1,0.0,89,2014,0.0
2026-07-24,Facebook,Growify | TOF | Sales | Australia | EOSS,0.0,0.0,0,0,0.0
2026-07-24,Facebook,Growify | TOF | Sales | India | Open,3827.01,9570.0,1428,21998,1.0
2026-07-24,Facebook,Growify | TOF | Sales | India | Open,1.76,0.0,0,8,0.0
2026-07-25,Facebook,Conv | Tof | Multi Category | Ind | Direct | Growify |,1441.06,0.0,3700,16969,0.0
2026-07-25,Facebook,Conv | Tof | Multi Category | Ind | Direct | Growify |,2059.54,0.0,6160,32829,0.0
2026-07-25,Facebook,Conv | Tof | Multi Category | Ind | Direct | Growify |,1449.61,0.0,235,2879,0.0
2026-07-25,Facebook,Conv | Tof | Multi Category | Ind | Direct | Growify |,820.2,56835.0,899,14426,1.0
2026-07-25,Facebook,Conv | Tof | Multi Category | Ind | Direct | Growify |,129.259999,0.0,6,145,0.0
2026-07-25,Facebook,Conv | Tof | Multi Category | Ind | Direct | Growify |,16.83,0.0,0,25,0.0
2026-07-25,Facebook,Conv | Tof | Multi Category | Ind | Direct | Growify |,37.02,0.0,0,3,0.0
2026-07-25,Facebook,Conv | Tof | Multi Category | Ind | Direct | Growify |,2817.02,0.0,840,9108,0.0
2026-07-25,Facebook,Conv | Tof | Multi Category | Ind | Direct | Growify |,14.52,0.0,2,49,0.0
2026-07-25,Facebook,Conv | Tof | Multi Category | Ind | Direct | Growify |,2762.52,11500.0,1295,9672,2.0
2026-07-25,Facebook,Conv | Tof | Multi Category | Ind | Direct | Growify |,292.17,0.0,55,559,0.0
2026-07-25,Facebook,Conv | Tof | Multi Category | Ind | Direct | Growify |,1279.33,0.0,183,1849,0.0
2026-07-25,Facebook,Conv | Tof | Multi Category | Ind | Direct | Growify |,33.36,0.0,6,91,0.0
2026-07-25,Facebook,Conv | Tof | Multi Category | Ind | Direct | Growify |,446.02,0.0,400,4095,0.0
2026-07-25,Facebook,Conv | Tof | Multi Category | Ind | Direct | Growify |,2478.24,0.0,2053,29489,0.0
2026-07-25,Facebook,Conv | Tof | Multi Category | Ind | Direct | Growify | LAL,3761.29,19781.92,660,10580,3.0
2026-07-25,Facebook,Conv | Tof | Multicategory | CA | Direct | Growify,6132.7,0.0,402,6163,0.0
2026-07-25,Facebook,Conv | Tof | Multicategory | CA | Direct | Growify,128.199999,0.0,0,82,0.0
2026-07-25,Facebook,Conv | Tof | Multicategory | CA | Direct | Growify,153.71,0.0,3,170,0.0
2026-07-25,Facebook,Conv | Tof | Multicategory | CA | Direct | Growify,18.12,0.0,0,2,0.0
2026-07-25,Facebook,Conv | Tof | Multicategory | CA | Direct | Growify,657.08,0.0,33,720,0.0
2026-07-25,Facebook,Conv | Tof | Multicategory | CA | Direct | Growify,9.52,0.0,0,6,0.0
2026-07-25,Facebook,Conv | Tof | Multicategory | CA | Direct | Growify,2195.18,0.0,131,2548,0.0
2026-07-25,Facebook,Conv | Tof | Multicategory | CA | Direct | Growify,12.56,0.0,0,25,0.0
2026-07-25,Facebook,Conv | Tof | Multicategory | CA | Direct | Growify,0.0,0.0,0,0,0.0
2026-07-25,Facebook,Conv | Tof | Multicategory | CA | Direct | Growify,0.0,0.0,0,0,0.0
2026-07-25,Facebook,Conv | Tof | Multicategory | INT | Direct | Growify,25.08,0.0,0,20,0.0
2026-07-25,Facebook,Conv | Tof | Multicategory | INT | Direct | Growify,529.299999,0.0,24,415,0.0
2026-07-25,Facebook,Conv | Tof | Multicategory | INT | Direct | Growify,446.73,0.0,16,230,0.0
2026-07-25,Facebook,Conv | Tof | Multicategory | INT | Direct | Growify,492.51,0.0,12,220,0.0
2026-07-25,Facebook,Conv | Tof | Multicategory | US | Direct | Growify,6811.72,68638.6,295,3189,1.0
2026-07-25,Facebook,Growify | MOF & BOF | Sale | India +intl,4655.34,6420.0,1292,18073,2.0
2026-07-25,Facebook,Growify | MOF & BOF | Sale | India +intl,0.0,0.0,0,0,0.0
2026-07-25,Facebook,Growify | MOF & BOF | Sale | India +intl,4118.16,0.0,308,4828,0.0
2026-07-25,Facebook,Growify | MOF & BOF | Sale | India +intl,0.0,0.0,0,0,0.0
2026-07-25,Facebook,Growify | MOF & BOF | Sale | India +intl,5134.88,0.0,204,3693,0.0
2026-07-25,Facebook,Growify | MOF & BOF | Sale | India +intl,3978.1,0.0,196,2386,0.0
2026-07-25,Facebook,Growify | MOF & BOF | Sale | India +intl,1573.71,0.0,550,7038,0.0
2026-07-25,Facebook,Growify | MOF & BOF | Sale | India +intl,5693.68,33390.0,2203,30326,4.0
2026-07-25,Facebook,Growify | MOF & BOF | Sale | India +intl,1388.52,3000.0,548,7308,1.0
2026-07-25,Facebook,Growify | TOF | Sale | India,342.12,0.0,68,1697,0.0
2026-07-25,Facebook,Growify | TOF | Sales | India | Open,3516.72,10800.0,938,14697,2.0
2026-07-25,Facebook,Growify | TOF | Sales | India | Open,773.67,0.0,226,2350,0.0
2026-07-26,Facebook,Conv | Tof | Multi Category | Ind | Direct | Growify |,1774.65,0.0,3387,17091,0.0
2026-07-26,Facebook,Conv | Tof | Multi Category | Ind | Direct | Growify |,2661.08,0.0,7395,42253,0.0
2026-07-26,Facebook,Conv | Tof | Multi Category | Ind | Direct | Growify |,3073.5,4800.0,659,5549,1.0
2026-07-26,Facebook,Conv | Tof | Multi Category | Ind | Direct | Growify |,54.35,0.0,156,1916,0.0
2026-07-26,Facebook,Conv | Tof | Multi Category | Ind | Direct | Growify |,5.14,0.0,0,23,0.0
2026-07-26,Facebook,Conv | Tof | Multi Category | Ind | Direct | Growify |,103.87,0.0,9,150,0.0
2026-07-26,Facebook,Conv | Tof | Multi Category | Ind | Direct | Growify |,410.6,0.0,214,1233,0.0
2026-07-26,Facebook,Conv | Tof | Multi Category | Ind | Direct | Growify |,2487.76,0.0,854,10209,0.0
2026-07-26,Facebook,Conv | Tof | Multi Category | Ind | Direct | Growify |,9.99,0.0,2,123,0.0
2026-07-26,Facebook,Conv | Tof | Multi Category | Ind | Direct | Growify |,3078.66,1800.0,1376,9713,1.0
2026-07-26,Facebook,Conv | Tof | Multi Category | Ind | Direct | Growify |,615.08,0.0,164,1154,0.0
2026-07-26,Facebook,Conv | Tof | Multi Category | Ind | Direct | Growify |,3298.85,3720.0,458,4344,2.0
2026-07-26,Facebook,Conv | Tof | Multi Category | Ind | Direct | Growify |,30.59,0.0,1,20,0.0
2026-07-26,Facebook,Conv | Tof | Multi Category | Ind | Direct | Growify |,17.18,0.0,2,66,0.0
2026-07-26,Facebook,Conv | Tof | Multi Category | Ind | Direct | Growify |,11.83,0.0,0,18,0.0
2026-07-26,Facebook,Conv | Tof | Multi Category | Ind | Direct | Growify |,737.39,0.0,438,4768,0.0
2026-07-26,Facebook,Conv | Tof | Multi Category | Ind | Direct | Growify |,2476.54,0.0,2047,25838,0.0
2026-07-26,Facebook,Conv | Tof | Multi Category | Ind | Direct | Growify | LAL,2668.24,1920.0,622,9068,1.0
2026-07-26,Facebook,Conv | Tof | Multicategory | CA | Direct | Growify,3452.61,0.0,200,3135,0.0
2026-07-26,Facebook,Conv | Tof | Multicategory | CA | Direct | Growify,32.28,0.0,0,48,0.0
2026-07-26,Facebook,Conv | Tof | Multicategory | CA | Direct | Growify,0.0,0.0,0,0,0.0
2026-07-26,Facebook,Conv | Tof | Multicategory | CA | Direct | Growify,149.37,0.0,8,128,0.0
2026-07-26,Facebook,Conv | Tof | Multicategory | CA | Direct | Growify,4.75,0.0,0,2,0.0
2026-07-26,Facebook,Conv | Tof | Multicategory | CA | Direct | Growify,269.53,0.0,6,255,0.0
2026-07-26,Facebook,Conv | Tof | Multicategory | CA | Direct | Growify,5.15,0.0,0,5,0.0
2026-07-26,Facebook,Conv | Tof | Multicategory | CA | Direct | Growify,1557.91,0.0,77,1258,0.0
2026-07-26,Facebook,Conv | Tof | Multicategory | CA | Direct | Growify,9.78,0.0,0,13,0.0
2026-07-26,Facebook,Conv | Tof | Multicategory | CA | Direct | Growify,0.0,0.0,0,0,0.0
2026-07-26,Facebook,Conv | Tof | Multicategory | INT | Direct | Growify,474.63,0.0,21,319,0.0
2026-07-26,Facebook,Conv | Tof | Multicategory | INT | Direct | Growify,123.02,0.0,9,117,0.0
2026-07-26,Facebook,Conv | Tof | Multicategory | INT | Direct | Growify,353.3,0.0,17,141,0.0
2026-07-26,Facebook,Conv | Tof | Multicategory | US | Direct | Growify,4930.18,71055.92,174,1937,3.0
2026-07-26,Facebook,Growify | MOF & BOF | Sale | India +intl,5241.6,1800.0,1575,21514,1.0
2026-07-26,Facebook,Growify | MOF & BOF | Sale | India +intl,2321.64,3366.0,154,2125,1.0
2026-07-26,Facebook,Growify | MOF & BOF | Sale | India +intl,0.0,0.0,0,0,0.0
2026-07-26,Facebook,Growify | MOF & BOF | Sale | India +intl,3339.45,0.0,154,2698,0.0
2026-07-26,Facebook,Growify | MOF & BOF | Sale | India +intl,1987.65,0.0,74,997,0.0
2026-07-26,Facebook,Growify | MOF & BOF | Sale | India +intl,1007.68,0.0,362,5322,0.0
2026-07-26,Facebook,Growify | MOF & BOF | Sale | India +intl,2664.67,4800.0,1875,26151,1.0
2026-07-26,Facebook,Growify | MOF & BOF | Sale | India +intl,1228.76,0.0,372,4974,0.0
2026-07-26,Facebook,Growify | TOF | Sale | India,213.92,0.0,47,1103,0.0
2026-07-26,Facebook,Growify | TOF | Sales | India | Open,933.33,2400.0,267,3725,1.0
2026-07-26,Facebook,Growify | TOF | Sales | India | Open,1732.35,0.0,371,4053,0.0
2026-07-27,Facebook,Conv | Tof | Multi Category | Ind | Direct | Growify |,4.86,0.0,8,94,0.0
2026-07-27,Facebook,Conv | Tof | Multi Category | Ind | Direct | Growify |,8.44,6600.0,33,223,1.0
2026-07-27,Facebook,Conv | Tof | Multi Category | Ind | Direct | Growify |,5.01,55616.33,2,8,1.0
2026-07-27,Facebook,Conv | Tof | Multi Category | Ind | Direct | Growify |,0.38,0.0,2,6,0.0
2026-07-27,Facebook,Conv | Tof | Multi Category | Ind | Direct | Growify |,0.0,0.0,0,0,0.0
2026-07-27,Facebook,Conv | Tof | Multi Category | Ind | Direct | Growify |,1.1,0.0,0,2,0.0
2026-07-27,Facebook,Conv | Tof | Multi Category | Ind | Direct | Growify |,18.4,0.0,4,40,0.0
2026-07-27,Facebook,Conv | Tof | Multi Category | Ind | Direct | Growify |,0.0,0.0,0,0,0.0
2026-07-27,Facebook,Conv | Tof | Multi Category | Ind | Direct | Growify |,10.84,0.0,4,32,0.0
2026-07-27,Facebook,Conv | Tof | Multi Category | Ind | Direct | Growify |,0.99,0.0,0,2,0.0
2026-07-27,Facebook,Conv | Tof | Multi Category | Ind | Direct | Growify |,4.099999,0.0,0,17,0.0
2026-07-27,Facebook,Conv | Tof | Multi Category | Ind | Direct | Growify |,0.95,0.0,1,16,0.0
2026-07-27,Facebook,Conv | Tof | Multi Category | Ind | Direct | Growify |,9.13,0.0,5,105,0.0
2026-07-27,Facebook,Conv | Tof | Multi Category | Ind | Direct | Growify | LAL,4.65,0.0,3,41,0.0
2026-07-27,Facebook,Conv | Tof | Multicategory | CA | Direct | Growify,41.05,0.0,8,67,0.0
2026-07-27,Facebook,Conv | Tof | Multicategory | CA | Direct | Growify,1.76,0.0,0,8,0.0
2026-07-27,Facebook,Conv | Tof | Multicategory | CA | Direct | Growify,5.67,0.0,0,17,0.0
2026-07-27,Facebook,Conv | Tof | Multicategory | INT | Direct | Growify,0.0,0.0,0,0,0.0
2026-07-27,Facebook,Conv | Tof | Multicategory | INT | Direct | Growify,0.0,0.0,0,0,0.0
2026-07-27,Facebook,Conv | Tof | Multicategory | US | Direct | Growify,98.58,0.0,2,35,0.0
2026-07-27,Facebook,Growify | MOF & BOF | Sale | India +intl,4.43,0.0,0,45,0.0
2026-07-27,Facebook,Growify | MOF & BOF | Sale | India +intl,70.12,0.0,2,50,0.0
2026-07-27,Facebook,Growify | MOF & BOF | Sale | India +intl,62.88,0.0,6,65,0.0
2026-07-27,Facebook,Growify | MOF & BOF | Sale | India +intl,42.29,0.0,2,21,0.0
2026-07-27,Facebook,Growify | MOF & BOF | Sale | India +intl,2.33,0.0,2,14,0.0
2026-07-27,Facebook,Growify | MOF & BOF | Sale | India +intl,6.17,0.0,5,72,0.0
2026-07-27,Facebook,Growify | MOF & BOF | Sale | India +intl,0.26,0.0,0,11,0.0
2026-07-27,Facebook,Growify | TOF | Sale | India,0.0,0.0,0,1,0.0
2026-07-27,Facebook,Growify | TOF | Sales | India | Open,21.84,0.0,0,8,0.0
2026-07-27,Facebook,Growify | TOF | Sales | India | Open,0.83,6600.0,0,16,1.0
2026-07-28,Facebook,Conv | Tof | Multi Category | Ind | Direct | Growify |,174.9,0.0,245,1560,0.0
2026-07-28,Facebook,Conv | Tof | Multi Category | Ind | Direct | Growify |,0.0,0.0,0,0,0.0
2026-07-28,Facebook,Conv | Tof | Multi Category | Ind | Direct | Growify |,173.5,0.0,342,2281,0.0
2026-07-28,Facebook,Conv | Tof | Multi Category | Ind | Direct | Growify |,201.17,3630.0,68,847,1.0
2026-07-28,Facebook,Conv | Tof | Multi Category | Ind | Direct | Growify |,0.0,0.0,0,0,0.0
2026-07-28,Facebook,Conv | Tof | Multi Category | Ind | Direct | Growify |,233.65,0.0,82,1136,0.0
2026-07-28,Facebook,Conv | Tof | Multi Category | Ind | Direct | Growify |,249.54,0.0,89,945,0.0
2026-07-28,Facebook,Conv | Tof | Multi Category | Ind | Direct | Growify |,97.57,0.0,19,181,0.0
2026-07-28,Facebook,Conv | Tof | Multi Category | Ind | Direct | Growify |,257.62,7165.92,29,446,2.0
2026-07-28,Facebook,Conv | Tof | Multi Category | Ind | Direct | Growify |,0.0,0.0,0,0,0.0
2026-07-28,Facebook,Conv | Tof | Multi Category | Ind | Direct | Growify |,354.1,1800.0,331,5356,1.0
2026-07-28,Facebook,Conv | Tof | Multi Category | Ind | Direct | Growify | LAL,148.66,0.0,43,452,0.0
2026-07-28,Facebook,Conv | Tof | Multicategory | CA | Direct | Growify,249.57,0.0,20,264,0.0
2026-07-28,Facebook,Conv | Tof | Multicategory | CA | Direct | Growify,1.02,0.0,0,2,0.0
2026-07-28,Facebook,Conv | Tof | Multicategory | CA | Direct | Growify,87.88,0.0,2,139,0.0
2026-07-28,Facebook,Conv | Tof | Multicategory | CA | Direct | Growify,0.38,0.0,0,1,0.0
2026-07-28,Facebook,Conv | Tof | Multicategory | INT | Direct | Growify,10.95,0.0,0,16,0.0
2026-07-28,Facebook,Conv | Tof | Multicategory | INT | Direct | Growify,11.78,0.0,1,6,0.0
2026-07-28,Facebook,Conv | Tof | Multicategory | INT | Direct | Growify,4.41,0.0,0,3,0.0
2026-07-28,Facebook,Conv | Tof | Multicategory | US | Direct | Growify,475.96,0.0,22,168,0.0
2026-07-28,Facebook,Growify | MOF & BOF | Sale | India +intl,186.0,0.0,62,773,0.0
2026-07-28,Facebook,Growify | MOF & BOF | Sale | India +intl,23.04,0.0,3,27,0.0
2026-07-28,Facebook,Growify | MOF & BOF | Sale | India +intl,30.47,0.0,0,35,0.0
2026-07-28,Facebook,Growify | MOF & BOF | Sale | India +intl,118.72,0.0,8,60,0.0
2026-07-28,Facebook,Growify | MOF & BOF | Sale | India +intl,0.0,0.0,0,0,0.0
2026-07-28,Facebook,Growify | MOF & BOF | Sale | India +intl,310.38,0.0,124,1457,0.0
2026-07-28,Facebook,Growify | MOF & BOF | Sale | India +intl,0.0,0.0,0,0,0.0
2026-07-28,Facebook,Growify | TOF | Sale | India,0.06,0.0,0,3,0.0
2026-07-28,Facebook,Growify | TOF | Sales | India | Open,0.0,0.0,0,0,0.0
2026-07-28,Facebook,Growify | TOF | Sales | India | Open,139.8,0.0,49,497,0.0
2026-07-29,Facebook,Conv | Tof | Multi Category | Ind | Direct | Growify |,3032.79,0.0,4813,28495,0.0
2026-07-29,Facebook,Conv | Tof | Multi Category | Ind | Direct | Growify |,4563.44,0.0,10790,56838,0.0
2026-07-29,Facebook,Conv | Tof | Multi Category | Ind | Direct | Growify |,4840.56,5500.0,1213,12333,1.0
2026-07-29,Facebook,Conv | Tof | Multi Category | Ind | Direct | Growify |,0.0,0.0,0,0,0.0
2026-07-29,Facebook,Conv | Tof | Multi Category | Ind | Direct | Growify |,3.98,0.0,0,8,0.0
2026-07-29,Facebook,Conv | Tof | Multi Category | Ind | Direct | Growify |,217.9,0.0,203,924,0.0
2026-07-29,Facebook,Conv | Tof | Multi Category | Ind | Direct | Growify |,2711.28,0.0,881,8931,0.0
2026-07-29,Facebook,Conv | Tof | Multi Category | Ind | Direct | Growify |,0.0,0.0,0,1,0.0
2026-07-29,Facebook,Conv | Tof | Multi Category | Ind | Direct | Growify |,4822.46,0.0,1862,14607,0.0
2026-07-29,Facebook,Conv | Tof | Multi Category | Ind | Direct | Growify |,2461.66,0.0,421,3747,0.0
2026-07-29,Facebook,Conv | Tof | Multi Category | Ind | Direct | Growify |,4086.76,1920.0,501,5286,1.0
2026-07-29,Facebook,Conv | Tof | Multi Category | Ind | Direct | Growify |,125.27,0.0,5,121,0.0
2026-07-29,Facebook,Conv | Tof | Multi Category | Ind | Direct | Growify |,479.17,0.0,441,4030,0.0
2026-07-29,Facebook,Conv | Tof | Multi Category | Ind | Direct | Growify |,2777.52,0.0,1987,23386,0.0
2026-07-29,Facebook,Conv | Tof | Multi Category | Ind | Direct | Growify | LAL,3895.38,0.0,652,10248,0.0
2026-07-29,Facebook,Conv | Tof | Multicategory | CA | Direct | Growify,6139.37,0.0,470,7051,0.0
2026-07-29,Facebook,Conv | Tof | Multicategory | CA | Direct | Growify,82.96,0.0,0,81,0.0
2026-07-29,Facebook,Conv | Tof | Multicategory | CA | Direct | Growify,0.0,0.0,0,0,0.0
2026-07-29,Facebook,Conv | Tof | Multicategory | CA | Direct | Growify,1811.73,0.0,143,2825,0.0
2026-07-29,Facebook,Conv | Tof | Multicategory | CA | Direct | Growify,22.3,0.0,0,34,0.0
2026-07-29,Facebook,Conv | Tof | Multicategory | CA | Direct | Growify,0.0,0.0,0,0,0.0
2026-07-29,Facebook,Conv | Tof | Multicategory | INT | Direct | Growify,556.8,0.0,33,572,0.0
2026-07-29,Facebook,Conv | Tof | Multicategory | INT | Direct | Growify,32.6,0.0,3,42,0.0
2026-07-29,Facebook,Conv | Tof | Multicategory | INT | Direct | Growify,289.65,0.0,7,165,0.0
2026-07-29,Facebook,Conv | Tof | Multicategory | INT | Direct | Growify,483.36,0.0,18,227,0.0
2026-07-29,Facebook,Conv | Tof | Multicategory | US | Direct | Growify,6630.64,5400.0,347,2945,1.0
2026-07-29,Facebook,Growify | MOF & BOF | Sale | India +intl,6889.02,9750.0,2289,32740,2.0
2026-07-29,Facebook,Growify | MOF & BOF | Sale | India +intl,2095.929999,0.0,179,2857,0.0
2026-07-29,Facebook,Growify | MOF & BOF | Sale | India +intl,212.39,0.0,15,229,0.0
2026-07-29,Facebook,Growify | MOF & BOF | Sale | India +intl,204.02,0.0,19,200,0.0
2026-07-29,Facebook,Growify | MOF & BOF | Sale | India +intl,3541.21,0.0,151,2643,0.0
2026-07-29,Facebook,Growify | MOF & BOF | Sale | India +intl,526.929999,0.0,22,256,0.0
2026-07-29,Facebook,Growify | MOF & BOF | Sale | India +intl,0.0,0.0,0,0,0.0
2026-07-29,Facebook,Growify | MOF & BOF | Sale | India +intl,2034.36,0.0,102,1276,0.0
2026-07-29,Facebook,Growify | MOF & BOF | Sale | India +intl,1030.23,0.0,318,3875,0.0
2026-07-29,Facebook,Growify | MOF & BOF | Sale | India +intl,5633.46,4920.0,2667,32329,2.0
2026-07-29,Facebook,Growify | MOF & BOF | Sale | India +intl,307.55,0.0,81,947,0.0
2026-07-29,Facebook,Growify | TOF | Sale | India,314.13,0.0,53,1159,0.0
2026-07-29,Facebook,Growify | TOF | Sales | India | Open,20.07,0.0,11,60,0.0
2026-07-29,Facebook,Growify | TOF | Sales | India | Open,3392.67,0.0,1207,11065,0.0
2026-07-30,Facebook,Conv | Tof | Multi Category | Ind | Direct | Growify |,3135.97,32473.5,3091,18842,2.0
2026-07-30,Facebook,Conv | Tof | Multi Category | Ind | Direct | Growify |,2349.07,3960.0,7695,41895,1.0
2026-07-30,Facebook,Conv | Tof | Multi Category | Ind | Direct | Growify |,3948.56,9300.0,605,6217,1.0
2026-07-30,Facebook,Conv | Tof | Multi Category | Ind | Direct | Growify |,0.0,0.0,0,0,0.0
2026-07-30,Facebook,Conv | Tof | Multi Category | Ind | Direct | Growify |,8.27,0.0,1,17,0.0
2026-07-30,Facebook,Conv | Tof | Multi Category | Ind | Direct | Growify |,145.56,0.0,9,100,0.0
2026-07-30,Facebook,Conv | Tof | Multi Category | Ind | Direct | Growify |,197.9,9240.0,40,280,1.0
2026-07-30,Facebook,Conv | Tof | Multi Category | Ind | Direct | Growify |,2016.42,0.0,548,4994,0.0
2026-07-30,Facebook,Conv | Tof | Multi Category | Ind | Direct | Growify |,1.0,0.0,1,8,0.0
2026-07-30,Facebook,Conv | Tof | Multi Category | Ind | Direct | Growify |,3764.72,1800.0,1124,8090,1.0
2026-07-30,Facebook,Conv | Tof | Multi Category | Ind | Direct | Growify |,1637.76,0.0,234,2323,0.0
2026-07-30,Facebook,Conv | Tof | Multi Category | Ind | Direct | Growify |,4214.14,0.0,411,4685,0.0
2026-07-30,Facebook,Conv | Tof | Multi Category | Ind | Direct | Growify |,30.37,0.0,4,7,0.0
2026-07-30,Facebook,Conv | Tof | Multi Category | Ind | Direct | Growify |,641.08,0.0,551,5078,0.0
2026-07-30,Facebook,Conv | Tof | Multi Category | Ind | Direct | Growify |,2850.44,6000.0,1778,20602,1.0
2026-07-30,Facebook,Conv | Tof | Multi Category | Ind | Direct | Growify | LAL,3820.33,8880.0,646,9219,2.0
2026-07-30,Facebook,Conv | Tof | Multicategory | CA | Direct | Growify,5692.37,12100.0,402,6216,1.0
2026-07-30,Facebook,Conv | Tof | Multicategory | CA | Direct | Growify,85.42,0.0,0,54,0.0
2026-07-30,Facebook,Conv | Tof | Multicategory | CA | Direct | Growify,0.0,0.0,0,0,0.0
2026-07-30,Facebook,Conv | Tof | Multicategory | CA | Direct | Growify,228.57,0.0,6,171,0.0
2026-07-30,Facebook,Conv | Tof | Multicategory | CA | Direct | Growify,0.59,0.0,0,1,0.0
2026-07-30,Facebook,Conv | Tof | Multicategory | CA | Direct | Growify,143.05,0.0,6,143,0.0
2026-07-30,Facebook,Conv | Tof | Multicategory | CA | Direct | Growify,17.49,0.0,0,3,0.0
2026-07-30,Facebook,Conv | Tof | Multicategory | CA | Direct | Growify,1694.63,0.0,65,1445,0.0
2026-07-30,Facebook,Conv | Tof | Multicategory | CA | Direct | Growify,6.05,0.0,0,13,0.0
2026-07-30,Facebook,Conv | Tof | Multicategory | INT | Direct | Growify,46.42,0.0,1,20,0.0
2026-07-30,Facebook,Conv | Tof | Multicategory | INT | Direct | Growify,430.88,0.0,19,402,0.0
2026-07-30,Facebook,Conv | Tof | Multicategory | INT | Direct | Growify,1.36,0.0,0,2,0.0
2026-07-30,Facebook,Conv | Tof | Multicategory | INT | Direct | Growify,300.62,0.0,11,223,0.0
2026-07-30,Facebook,Conv | Tof | Multicategory | INT | Direct | Growify,481.99,0.0,6,224,0.0
2026-07-30,Facebook,Conv | Tof | Multicategory | US | Direct | Growify,6659.97,0.0,328,3130,0.0
2026-07-30,Facebook,Growify | MOF & BOF | Sale | India +intl,7483.15,4200.0,1883,29154,1.0
2026-07-30,Facebook,Growify | MOF & BOF | Sale | India +intl,0.0,0.0,0,0,0.0
2026-07-30,Facebook,Growify | MOF & BOF | Sale | India +intl,2331.24,0.0,186,2126,0.0
2026-07-30,Facebook,Growify | MOF & BOF | Sale | India +intl,655.44,0.0,35,686,0.0
2026-07-30,Facebook,Growify | MOF & BOF | Sale | India +intl,399.31,0.0,30,333,0.0
2026-07-30,Facebook,Growify | MOF & BOF | Sale | India +intl,1035.71,0.0,56,733,0.0
2026-07-30,Facebook,Growify | MOF & BOF | Sale | India +intl,0.0,0.0,0,0,0.0
2026-07-30,Facebook,Growify | MOF & BOF | Sale | India +intl,1224.34,3000.0,316,4478,1.0
2026-07-30,Facebook,Growify | MOF & BOF | Sale | India +intl,3515.85,0.0,1628,21145,0.0
2026-07-30,Facebook,Growify | MOF & BOF | Sale | India +intl,269.0,0.0,84,828,0.0
2026-07-30,Facebook,Growify | TOF | Sale | India,299.39,0.0,66,976,0.0
2026-07-30,Facebook,Growify | TOF | Sales | India | Open,0.0,0.0,0,0,0.0
2026-07-30,Facebook,Growify | TOF | Sales | India | Open,3744.11,0.0,1080,10791,0.0
2026-07-31,Facebook,Conv | Tof | Multi Category | Ind | Direct | Growify |,2440.37,23035.92,2857,18805,2.0
2026-07-31,Facebook,Conv | Tof | Multi Category | Ind | Direct | Growify |,1645.42,1800.0,7040,40382,1.0
2026-07-31,Facebook,Conv | Tof | Multi Category | Ind | Direct | Growify |,2739.83,0.0,469,5309,0.0
2026-07-31,Facebook,Conv | Tof | Multi Category | Ind | Direct | Growify |,0.43,0.0,1,13,0.0
2026-07-31,Facebook,Conv | Tof | Multi Category | Ind | Direct | Growify |,147.6,0.0,9,127,0.0
2026-07-31,Facebook,Conv | Tof | Multi Category | Ind | Direct | Growify |,1122.54,1800.0,303,3290,1.0
2026-07-31,Facebook,Conv | Tof | Multi Category | Ind | Direct | Growify |,1139.3,1800.0,378,3030,1.0
2026-07-31,Facebook,Conv | Tof | Multi Category | Ind | Direct | Growify |,0.38,0.0,1,4,0.0
2026-07-31,Facebook,Conv | Tof | Multi Category | Ind | Direct | Growify |,2767.15,0.0,923,7751,0.0
2026-07-31,Facebook,Conv | Tof | Multi Category | Ind | Direct | Growify |,1590.27,0.0,227,2093,0.0
2026-07-31,Facebook,Conv | Tof | Multi Category | Ind | Direct | Growify |,3057.15,0.0,317,3665,0.0
2026-07-31,Facebook,Conv | Tof | Multi Category | Ind | Direct | Growify |,4.42,0.0,4,20,0.0
2026-07-31,Facebook,Conv | Tof | Multi Category | Ind | Direct | Growify |,1.47,0.0,0,4,0.0
2026-07-31,Facebook,Conv | Tof | Multi Category | Ind | Direct | Growify |,660.04,0.0,648,7774,0.0
2026-07-31,Facebook,Conv | Tof | Multi Category | Ind | Direct | Growify |,2629.05,10906.5,2431,33706,2.0
2026-07-31,Facebook,Conv | Tof | Multi Category | Ind | Direct | Growify | LAL,4274.29,4800.0,655,11365,2.0
2026-07-31,Facebook,Conv | Tof | Multicategory | CA | Direct | Growify,5639.98,0.0,356,6446,0.0
2026-07-31,Facebook,Conv | Tof | Multicategory | CA | Direct | Growify,62.83,0.0,0,75,0.0
2026-07-31,Facebook,Conv | Tof | Multicategory | CA | Direct | Growify,0.0,0.0,0,0,0.0
2026-07-31,Facebook,Conv | Tof | Multicategory | CA | Direct | Growify,156.92,0.0,9,185,0.0
2026-07-31,Facebook,Conv | Tof | Multicategory | CA | Direct | Growify,0.59,0.0,0,2,0.0
2026-07-31,Facebook,Conv | Tof | Multicategory | CA | Direct | Growify,84.75,0.0,2,49,0.0
2026-07-31,Facebook,Conv | Tof | Multicategory | CA | Direct | Growify,1477.28,0.0,86,1570,0.0
2026-07-31,Facebook,Conv | Tof | Multicategory | CA | Direct | Growify,19.67,0.0,0,14,0.0
2026-07-31,Facebook,Conv | Tof | Multicategory | INT | Direct | Growify,520.1,0.0,22,505,0.0
2026-07-31,Facebook,Conv | Tof | Multicategory | INT | Direct | Growify,260.779999,0.0,9,168,0.0
2026-07-31,Facebook,Conv | Tof | Multicategory | INT | Direct | Growify,529.52,0.0,7,177,0.0
2026-07-31,Facebook,Conv | Tof | Multicategory | US | Direct | Growify,6786.53,0.0,299,3332,0.0
2026-07-31,Facebook,Growify | MOF & BOF | Sale | India +intl,6064.08,0.0,1587,22398,0.0
2026-07-31,Facebook,Growify | MOF & BOF | Sale | India +intl,0.0,0.0,0,0,0.0
2026-07-31,Facebook,Growify | MOF & BOF | Sale | India +intl,2001.653651,0.0,167,1957,0.0
2026-07-31,Facebook,Growify | MOF & BOF | Sale | India +intl,675.120521,0.0,54,745,0.0
2026-07-31,Facebook,Growify | MOF & BOF | Sale | India +intl,439.101314,0.0,20,430,0.0
2026-07-31,Facebook,Growify | MOF & BOF | Sale | India +intl,1083.814514,0.0,41,698,0.0
2026-07-31,Facebook,Growify | MOF & BOF | Sale | India +intl,0.0,0.0,0,0,0.0
2026-07-31,Facebook,Growify | MOF & BOF | Sale | India +intl,1780.77,0.0,377,5587,0.0
2026-07-31,Facebook,Growify | MOF & BOF | Sale | India +intl,2153.91,0.0,998,13704,0.0
2026-07-31,Facebook,Growify | MOF & BOF | Sale | India +intl,604.93,0.0,137,1653,0.0
2026-07-31,Facebook,Growify | TOF | Sale | India,297.76,0.0,40,944,0.0
2026-07-31,Facebook,Growify | TOF | Sales | India | Open,25.76,0.0,4,52,0.0
2026-07-31,Facebook,Growify | TOF | Sales | India | Open,3865.72,4500.0,997,12457,1.0
2026-08-01,Facebook,Conv | Tof | Multi Category | Ind | Direct | Growify |,2215.52,0.0,2069,14330,0.0
2026-08-01,Facebook,Conv | Tof | Multi Category | Ind | Direct | Growify |,1273.72,0.0,3956,23782,0.0
2026-08-01,Facebook,Conv | Tof | Multi Category | Ind | Direct | Growify |,2433.96,0.0,350,4224,0.0
2026-08-01,Facebook,Conv | Tof | Multi Category | Ind | Direct | Growify |,0.9,0.0,1,11,0.0
2026-08-01,Facebook,Conv | Tof | Multi Category | Ind | Direct | Growify |,0.57,0.0,1,5,0.0
2026-08-01,Facebook,Conv | Tof | Multi Category | Ind | Direct | Growify |,194.39,0.0,17,221,0.0
2026-08-01,Facebook,Conv | Tof | Multi Category | Ind | Direct | Growify |,592.54,0.0,418,2751,0.0
2026-08-01,Facebook,Conv | Tof | Multi Category | Ind | Direct | Growify |,1464.86,0.0,500,5669,0.0
2026-08-01,Facebook,Conv | Tof | Multi Category | Ind | Direct | Growify |,2432.72,0.0,854,7316,0.0
2026-08-01,Facebook,Conv | Tof | Multi Category | Ind | Direct | Growify |,1076.56,0.0,168,1732,0.0
2026-08-01,Facebook,Conv | Tof | Multi Category | Ind | Direct | Growify |,2344.52,0.0,262,3313,0.0
2026-08-01,Facebook,Conv | Tof | Multi Category | Ind | Direct | Growify |,1.86,0.0,0,4,0.0
2026-08-01,Facebook,Conv | Tof | Multi Category | Ind | Direct | Growify |,635.79,0.0,451,5991,0.0
2026-08-01,Facebook,Conv | Tof | Multi Category | Ind | Direct | Growify |,2515.03,1800.0,2082,29518,1.0
2026-08-01,Facebook,Conv | Tof | Multi Category | Ind | Direct | Growify | LAL,3631.02,0.0,620,9930,0.0
2026-08-01,Facebook,Conv | Tof | Multicategory | CA | Direct | Growify,6377.79,0.0,475,8744,0.0
2026-08-01,Facebook,Conv | Tof | Multicategory | CA | Direct | Growify,49.35,0.0,0,85,0.0
2026-08-01,Facebook,Conv | Tof | Multicategory | CA | Direct | Growify,0.0,0.0,0,0,0.0
2026-08-01,Facebook,Conv | Tof | Multicategory | CA | Direct | Growify,263.89,0.0,18,297,0.0
2026-08-01,Facebook,Conv | Tof | Multicategory | CA | Direct | Growify,0.36,0.0,0,1,0.0
2026-08-01,Facebook,Conv | Tof | Multicategory | CA | Direct | Growify,555.86,0.0,15,449,0.0
2026-08-01,Facebook,Conv | Tof | Multicategory | CA | Direct | Growify,2.18,0.0,0,5,0.0
2026-08-01,Facebook,Conv | Tof | Multicategory | CA | Direct | Growify,1228.63,0.0,81,1378,0.0
2026-08-01,Facebook,Conv | Tof | Multicategory | CA | Direct | Growify,8.88,0.0,0,12,0.0
2026-08-01,Facebook,Conv | Tof | Multicategory | INT | Direct | Growify,1.02,0.0,1,2,0.0
2026-08-01,Facebook,Conv | Tof | Multicategory | INT | Direct | Growify,480.47,0.0,33,639,0.0
2026-08-01,Facebook,Conv | Tof | Multicategory | INT | Direct | Growify,13.78,0.0,0,13,0.0
2026-08-01,Facebook,Conv | Tof | Multicategory | INT | Direct | Growify,196.81,0.0,7,170,0.0
2026-08-01,Facebook,Conv | Tof | Multicategory | INT | Direct | Growify,663.29,0.0,17,233,0.0
2026-08-01,Facebook,Conv | Tof | Multicategory | US | Direct | Growify,3637.2,0.0,192,2168,0.0
2026-08-01,Facebook,Growify | MOF & BOF | Sale | India +intl,3907.2,0.0,1130,16336,0.0
2026-08-01,Facebook,Growify | MOF & BOF | Sale | India +intl,0.0,0.0,0,0,0.0
2026-08-01,Facebook,Growify | MOF & BOF | Sale | India +intl,1940.0662,0.0,163,2055,0.0
2026-08-01,Facebook,Growify | MOF & BOF | Sale | India +intl,783.741113,0.0,64,815,0.0
2026-08-01,Facebook,Growify | MOF & BOF | Sale | India +intl,666.971805,0.0,19,449,0.0
2026-08-01,Facebook,Growify | MOF & BOF | Sale | India +intl,1010.760882,0.0,52,842,0.0
2026-08-01,Facebook,Growify | MOF & BOF | Sale | India +intl,0.0,0.0,0,0,0.0
2026-08-01,Facebook,Growify | MOF & BOF | Sale | India +intl,574.33,0.0,224,2832,0.0
2026-08-01,Facebook,Growify | MOF & BOF | Sale | India +intl,2365.92,0.0,1253,16873,0.0
2026-08-01,Facebook,Growify | MOF & BOF | Sale | India +intl,701.21,0.0,165,1803,0.0
2026-08-01,Facebook,Growify | TOF | Sale | India,273.57,0.0,42,1104,0.0
2026-08-01,Facebook,Growify | TOF | Sales | India | Open,337.23,0.0,114,1137,0.0
2026-08-01,Facebook,Growify | TOF | Sales | India | Open,3241.84,6600.0,1508,17077,1.0
2026-08-02,Facebook,Conv | Tof | Multi Category | Ind | Direct | Growify |,2116.13,0.0,2373,18860,0.0
2026-08-02,Facebook,Conv | Tof | Multi Category | Ind | Direct | Growify |,2065.8,47028.0,4513,30861,3.0
2026-08-02,Facebook,Conv | Tof | Multi Category | Ind | Direct | Growify |,2728.22,0.0,448,5335,0.0
2026-08-02,Facebook,Conv | Tof | Multi Category | Ind | Direct | Growify |,25.56,0.0,3,56,0.0
2026-08-02,Facebook,Conv | Tof | Multi Category | Ind | Direct | Growify |,80.79,0.0,18,176,0.0
2026-08-02,Facebook,Conv | Tof | Multi Category | Ind | Direct | Growify |,949.93,0.0,318,4010,0.0
2026-08-02,Facebook,Conv | Tof | Multi Category | Ind | Direct | Growify |,1016.44,12870.0,599,4447,1.0
2026-08-02,Facebook,Conv | Tof | Multi Category | Ind | Direct | Growify |,0.0,0.0,0,0,0.0
2026-08-02,Facebook,Conv | Tof | Multi Category | Ind | Direct | Growify |,0.01,0.0,0,1,0.0
2026-08-02,Facebook,Conv | Tof | Multi Category | Ind | Direct | Growify |,2841.76,0.0,1050,9496,0.0
2026-08-02,Facebook,Conv | Tof | Multi Category | Ind | Direct | Growify |,1238.12,0.0,211,1943,0.0
2026-08-02,Facebook,Conv | Tof | Multi Category | Ind | Direct | Growify |,2631.51,0.0,263,3418,0.0
2026-08-02,Facebook,Conv | Tof | Multi Category | Ind | Direct | Growify |,0.01,0.0,0,1,0.0
2026-08-02,Facebook,Conv | Tof | Multi Category | Ind | Direct | Growify |,428.16,0.0,250,3073,0.0
2026-08-02,Facebook,Conv | Tof | Multi Category | Ind | Direct | Growify |,2322.11,59827.9,1603,24061,1.0
2026-08-02,Facebook,Conv | Tof | Multi Category | Ind | Direct | Growify | LAL,2086.96,8220.0,295,5629,2.0
2026-08-02,Facebook,Conv | Tof | Multicategory | CA | Direct | Growify,3263.04,0.0,209,3821,0.0
2026-08-02,Facebook,Conv | Tof | Multicategory | CA | Direct | Growify,0.0,0.0,0,0,0.0
2026-08-02,Facebook,Conv | Tof | Multicategory | CA | Direct | Growify,24.27,0.0,0,38,0.0
2026-08-02,Facebook,Conv | Tof | Multicategory | CA | Direct | Growify,0.0,0.0,0,0,0.0
2026-08-02,Facebook,Conv | Tof | Multicategory | CA | Direct | Growify,113.43,0.0,3,103,0.0
2026-08-02,Facebook,Conv | Tof | Multicategory | CA | Direct | Growify,0.14,0.0,0,1,0.0
2026-08-02,Facebook,Conv | Tof | Multicategory | CA | Direct | Growify,372.91,25190.0,26,440,1.0
2026-08-02,Facebook,Conv | Tof | Multicategory | CA | Direct | Growify,1.87,0.0,0,6,0.0
2026-08-02,Facebook,Conv | Tof | Multicategory | CA | Direct | Growify,1115.06,0.0,71,1170,0.0
2026-08-02,Facebook,Conv | Tof | Multicategory | CA | Direct | Growify,0.45,0.0,0,2,0.0
2026-08-02,Facebook,Conv | Tof | Multicategory | CA | Direct | Growify,3.94,0.0,0,13,0.0
2026-08-02,Facebook,Conv | Tof | Multicategory | INT | Direct | Growify,361.55,0.0,33,392,0.0
2026-08-02,Facebook,Conv | Tof | Multicategory | INT | Direct | Growify,199.21,0.0,7,143,0.0
2026-08-02,Facebook,Conv | Tof | Multicategory | INT | Direct | Growify,303.66,0.0,15,121,0.0
2026-08-02,Facebook,Conv | Tof | Multicategory | US | Direct | Growify,4149.31,28615.92,225,2261,1.0
2026-08-02,Facebook,Growify | MOF & BOF | Sale | India +intl,3213.24,0.0,885,16092,0.0
2026-08-02,Facebook,Growify | MOF & BOF | Sale | India +intl,1341.11,0.0,99,1494,0.0
2026-08-02,Facebook,Growify | MOF & BOF | Sale | India +intl,505.21,0.0,32,534,0.0
2026-08-02,Facebook,Growify | MOF & BOF | Sale | India +intl,401.66,0.0,23,367,0.0
2026-08-02,Facebook,Growify | MOF & BOF | Sale | India +intl,890.72,0.0,31,459,0.0
2026-08-02,Facebook,Growify | MOF & BOF | Sale | India +intl,0.0,0.0,0,0,0.0
2026-08-02,Facebook,Growify | MOF & BOF | Sale | India +intl,397.35,0.0,127,2043,0.0
2026-08-02,Facebook,Growify | MOF & BOF | Sale | India +intl,2720.68,0.0,1148,15530,0.0
2026-08-02,Facebook,Growify | MOF & BOF | Sale | India +intl,378.99,0.0,84,1242,0.0
2026-08-02,Facebook,Growify | TOF | Sale | India,192.12,0.0,38,691,0.0
2026-08-02,Facebook,Growify | TOF | Sales | India | Open,145.02,0.0,27,500,0.0
2026-08-02,Facebook,Growify | TOF | Sales | India | Open,1726.18,0.0,636,8913,0.0
2026-08-03,Facebook,Conv | Tof | Multi Category | Ind | Direct | Growify |,2437.49,0.0,4710,39583,0.0
2026-08-03,Facebook,Conv | Tof | Multi Category | Ind | Direct | Growify |,2641.7,6600.0,8498,72424,1.0
2026-08-03,Facebook,Conv | Tof | Multi Category | Ind | Direct | Growify |,1464.07,0.0,350,3375,0.0
2026-08-03,Facebook,Conv | Tof | Multi Category | Ind | Direct | Growify |,836.5,0.0,1359,24555,0.0
2026-08-03,Facebook,Conv | Tof | Multi Category | Ind | Direct | Growify |,26.65,0.0,5,78,0.0
2026-08-03,Facebook,Conv | Tof | Multi Category | Ind | Direct | Growify |,820.16,0.0,794,6145,0.0
2026-08-03,Facebook,Conv | Tof | Multi Category | Ind | Direct | Growify |,1302.99,0.0,476,6979,0.0
2026-08-03,Facebook,Conv | Tof | Multi Category | Ind | Direct | Growify |,0.01,0.0,0,1,0.0
2026-08-03,Facebook,Conv | Tof | Multi Category | Ind | Direct | Growify |,3079.37,0.0,1469,13508,0.0
2026-08-03,Facebook,Conv | Tof | Multi Category | Ind | Direct | Growify |,1730.18,2400.0,359,3179,2.0
2026-08-03,Facebook,Conv | Tof | Multi Category | Ind | Direct | Growify |,2814.91,0.0,284,4159,0.0
2026-08-03,Facebook,Conv | Tof | Multi Category | Ind | Direct | Growify |,191.0,9900.0,185,1876,1.0
2026-08-03,Facebook,Conv | Tof | Multi Category | Ind | Direct | Growify |,2427.64,0.0,2911,41793,0.0
2026-08-03,Facebook,Conv | Tof | Multi Category | Ind | Direct | Growify |,0.0,0.0,0,0,0.0
2026-08-03,Facebook,Conv | Tof | Multi Category | Ind | Direct | Growify | LAL,2085.37,0.0,390,6359,0.0
2026-08-03,Facebook,Conv | Tof | Multi_Category | Ind | Direct | Growify,509.18,0.0,78,1407,0.0
2026-08-03,Facebook,Conv | Tof | Multi_Category | Ind | Direct | Growify,7.49,0.0,2,57,0.0
2026-08-03,Facebook,Conv | Tof | Multi_Category | Ind | Direct | Growify,244.97,0.0,57,696,0.0
2026-08-03,Facebook,Conv | Tof | Multi_Category | Ind | Direct | Growify,98.03,0.0,32,1013,0.0
2026-08-03,Facebook,Conv | Tof | Multi_Category | Ind | Direct | Growify,324.78,7514.1,72,992,1.0
2026-08-03,Facebook,Conv | Tof | Multi_Category | Ind | Direct | Growify,6.6,0.0,1,22,0.0
2026-08-03,Facebook,Conv | Tof | Multicategory | CA | Direct | Growify,2659.87,0.0,220,3590,0.0
2026-08-03,Facebook,Conv | Tof | Multicategory | CA | Direct | Growify,37.15,0.0,0,65,0.0
2026-08-03,Facebook,Conv | Tof | Multicategory | CA | Direct | Growify,0.0,0.0,0,0,0.0
2026-08-03,Facebook,Conv | Tof | Multicategory | CA | Direct | Growify,17.99,0.0,0,34,0.0
2026-08-03,Facebook,Conv | Tof | Multicategory | CA | Direct | Growify,110.31,0.0,7,146,0.0
2026-08-03,Facebook,Conv | Tof | Multicategory | CA | Direct | Growify,0.47,0.0,0,2,0.0
2026-08-03,Facebook,Conv | Tof | Multicategory | CA | Direct | Growify,1348.18,0.0,106,2041,0.0
2026-08-03,Facebook,Conv | Tof | Multicategory | CA | Direct | Growify,15.75,0.0,0,35,0.0
2026-08-03,Facebook,Conv | Tof | Multicategory | CA | Direct | Growify,0.0,0.0,0,0,0.0
2026-08-03,Facebook,Conv | Tof | Multicategory | INT | Direct | Growify,0.0,0.0,0,0,0.0
2026-08-03,Facebook,Conv | Tof | Multicategory | INT | Direct | Growify,183.56,0.0,17,278,0.0
2026-08-03,Facebook,Conv | Tof | Multicategory | INT | Direct | Growify,203.56,0.0,7,161,0.0
2026-08-03,Facebook,Conv | Tof | Multicategory | INT | Direct | Growify,333.06,0.0,10,148,0.0
2026-08-03,Facebook,Conv | Tof | Multicategory | US | Direct | Growify,3170.88,0.0,161,1624,0.0
2026-08-03,Facebook,Growify | MOF & BOF | Sale | India +intl,3027.39,1800.0,1244,18865,1.0
2026-08-03,Facebook,Growify | MOF & BOF | Sale | India +intl,615.52,0.0,52,743,0.0
2026-08-03,Facebook,Growify | MOF & BOF | Sale | India +intl,470.39,0.0,29,387,0.0
2026-08-03,Facebook,Growify | MOF & BOF | Sale | India +intl,251.32,0.0,12,329,0.0
2026-08-03,Facebook,Growify | MOF & BOF | Sale | India +intl,369.11,0.0,25,264,0.0
2026-08-03,Facebook,Growify | MOF & BOF | Sale | India +intl,0.0,0.0,0,0,0.0
2026-08-03,Facebook,Growify | MOF & BOF | Sale | India +intl,446.61,0.0,132,2001,0.0
2026-08-03,Facebook,Growify | MOF & BOF | Sale | India +intl,3052.61,0.0,1990,28638,0.0
2026-08-03,Facebook,Growify | MOF & BOF | Sale | India +intl,147.38,0.0,37,671,0.0
2026-08-03,Facebook,Growify | TOF | Sale | India,155.5,0.0,13,391,0.0
2026-08-03,Facebook,Growify | TOF | Sales | India | Open,53.44,0.0,24,225,0.0
2026-08-03,Facebook,Growify | TOF | Sales | India | Open,1885.77,7800.0,869,9113,2.0
2026-08-04,Facebook,Conv | Tof | Multi Category | Ind | Direct | Growify |,3586.97,9240.0,4573,40226,1.0
2026-08-04,Facebook,Conv | Tof | Multi Category | Ind | Direct | Growify |,1867.57,5760.0,8260,69357,2.0
2026-08-04,Facebook,Conv | Tof | Multi Category | Ind | Direct | Growify |,2520.29,0.0,557,5806,0.0
2026-08-04,Facebook,Conv | Tof | Multi Category | Ind | Direct | Growify |,22.91,0.0,62,782,0.0
2026-08-04,Facebook,Conv | Tof | Multi Category | Ind | Direct | Growify |,2.52,0.0,0,7,0.0
2026-08-04,Facebook,Conv | Tof | Multi Category | Ind | Direct | Growify |,230.67,0.0,41,396,0.0
2026-08-04,Facebook,Conv | Tof | Multi Category | Ind | Direct | Growify |,870.15,0.0,223,2881,0.0
2026-08-04,Facebook,Conv | Tof | Multi Category | Ind | Direct | Growify |,1338.96,0.0,1181,10748,0.0
2026-08-04,Facebook,Conv | Tof | Multi Category | Ind | Direct | Growify |,6.33,0.0,0,9,0.0
2026-08-04,Facebook,Conv | Tof | Multi Category | Ind | Direct | Growify |,2954.06,0.0,1368,12990,0.0
2026-08-04,Facebook,Conv | Tof | Multi Category | Ind | Direct | Growify |,1884.71,12870.0,313,2773,1.0
2026-08-04,Facebook,Conv | Tof | Multi Category | Ind | Direct | Growify |,2496.85,65750.0,334,3375,3.0
2026-08-04,Facebook,Conv | Tof | Multi Category | Ind | Direct | Growify |,10.27,0.0,1,11,0.0
2026-08-04,Facebook,Conv | Tof | Multi Category | Ind | Direct | Growify |,2.59,0.0,0,3,0.0
2026-08-04,Facebook,Conv | Tof | Multi Category | Ind | Direct | Growify |,1.11,0.0,1,7,0.0
2026-08-04,Facebook,Conv | Tof | Multi Category | Ind | Direct | Growify |,605.52,0.0,455,5689,0.0
2026-08-04,Facebook,Conv | Tof | Multi Category | Ind | Direct | Growify |,2532.59,0.0,2603,41012,0.0
2026-08-04,Facebook,Conv | Tof | Multi Category | Ind | Direct | Growify | LAL,3248.03,2400.0,644,9188,1.0
2026-08-04,Facebook,Conv | Tof | Multi_Category | Ind | Direct | Growify,917.81,0.0,118,1743,0.0
2026-08-04,Facebook,Conv | Tof | Multi_Category | Ind | Direct | Growify,16.489999,0.0,6,40,0.0
2026-08-04,Facebook,Conv | Tof | Multi_Category | Ind | Direct | Growify,810.86,0.0,224,4932,0.0
2026-08-04,Facebook,Conv | Tof | Multi_Category | Ind | Direct | Growify,14.09,0.0,9,430,0.0
2026-08-04,Facebook,Conv | Tof | Multi_Category | Ind | Direct | Growify,703.66,3366.0,108,2062,1.0
2026-08-04,Facebook,Conv | Tof | Multi_Category | Ind | Direct | Growify,13.31,0.0,0,97,0.0
2026-08-04,Facebook,Conv | Tof | Multicategory | CA | Direct | Growify,2929.7,0.0,251,3068,0.0
2026-08-04,Facebook,Conv | Tof | Multicategory | CA | Direct | Growify,45.9,0.0,0,52,0.0
2026-08-04,Facebook,Conv | Tof | Multicategory | CA | Direct | Growify,0.0,0.0,0,0,0.0
2026-08-04,Facebook,Conv | Tof | Multicategory | CA | Direct | Growify,4.39,0.0,0,9,0.0
2026-08-04,Facebook,Conv | Tof | Multicategory | CA | Direct | Growify,574.45,0.0,43,885,0.0
2026-08-04,Facebook,Conv | Tof | Multicategory | CA | Direct | Growify,11.88,0.0,0,11,0.0
2026-08-04,Facebook,Conv | Tof | Multicategory | CA | Direct | Growify,1158.13,0.0,87,1539,0.0
2026-08-04,Facebook,Conv | Tof | Multicategory | CA | Direct | Growify,7.82,0.0,0,21,0.0
2026-08-04,Facebook,Conv | Tof | Multicategory | INT | Direct | Growify,3.23,0.0,0,6,0.0
2026-08-04,Facebook,Conv | Tof | Multicategory | INT | Direct | Growify,367.65,0.0,32,408,0.0
2026-08-04,Facebook,Conv | Tof | Multicategory | INT | Direct | Growify,12.56,0.0,4,14,0.0
2026-08-04,Facebook,Conv | Tof | Multicategory | INT | Direct | Growify,149.57,0.0,6,114,0.0
2026-08-04,Facebook,Conv | Tof | Multicategory | INT | Direct | Growify,414.0,0.0,8,169,0.0
2026-08-04,Facebook,Conv | Tof | Multicategory | US | Direct | Growify,3383.63,0.0,198,1935,0.0
2026-08-04,Facebook,Growify | MOF & BOF | Sale | India +intl,5197.93,10880.1,1471,23230,2.0
2026-08-04,Facebook,Growify | MOF & BOF | Sale | India +intl,919.75,0.0,76,892,0.0
2026-08-04,Facebook,Growify | MOF & BOF | Sale | India +intl,727.6,0.0,63,716,0.0
2026-08-04,Facebook,Growify | MOF & BOF | Sale | India +intl,542.01,0.0,39,392,0.0
2026-08-04,Facebook,Growify | MOF & BOF | Sale | India +intl,957.92,18450.0,57,516,1.0
2026-08-04,Facebook,Growify | MOF & BOF | Sale | India +intl,1463.69,0.0,446,6689,0.0
2026-08-04,Facebook,Growify | MOF & BOF | Sale | India +intl,3265.13,0.0,1890,27784,0.0
2026-08-04,Facebook,Growify | MOF & BOF | Sale | India +intl,549.04,0.0,148,2369,0.0
2026-08-04,Facebook,Growify | TOF | Sale | India,10.0,0.0,3,47,0.0
2026-08-04,Facebook,Growify | TOF | Sales | India | Open,218.49,0.0,82,916,0.0
2026-08-04,Facebook,Growify | TOF | Sales | India | Open,2761.88,3000.0,1256,12420,1.0
2026-08-05,Facebook,Conv | Tof | Multi Category | Ind | Direct | Growify |,2344.23,0.0,5643,57412,0.0
2026-08-05,Facebook,Conv | Tof | Multi Category | Ind | Direct | Growify |,2860.53,0.0,11658,123870,0.0
2026-08-05,Facebook,Conv | Tof | Multi Category | Ind | Direct | Growify |,2551.86,6600.0,596,6544,1.0
2026-08-05,Facebook,Conv | Tof | Multi Category | Ind | Direct | Growify |,2.56,0.0,14,133,0.0
2026-08-05,Facebook,Conv | Tof | Multi Category | Ind | Direct | Growify |,173.22,0.0,52,336,0.0
2026-08-05,Facebook,Conv | Tof | Multi Category | Ind | Direct | Growify |,351.89,0.0,81,1224,0.0
2026-08-05,Facebook,Conv | Tof | Multi Category | Ind | Direct | Growify |,1917.47,0.0,2323,22869,0.0
2026-08-05,Facebook,Conv | Tof | Multi Category | Ind | Direct | Growify |,9.28,0.0,0,25,0.0
2026-08-05,Facebook,Conv | Tof | Multi Category | Ind | Direct | Growify |,2781.93,27500.0,1701,15205,1.0
2026-08-05,Facebook,Conv | Tof | Multi Category | Ind | Direct | Growify |,1911.42,0.0,385,3653,0.0
2026-08-05,Facebook,Conv | Tof | Multi Category | Ind | Direct | Growify |,2453.82,0.0,304,3484,0.0
2026-08-05,Facebook,Conv | Tof | Multi Category | Ind | Direct | Growify |,1.61,0.0,1,9,0.0
2026-08-05,Facebook,Conv | Tof | Multi Category | Ind | Direct | Growify |,2.93,0.0,1,14,0.0
2026-08-05,Facebook,Conv | Tof | Multi Category | Ind | Direct | Growify |,22.26,0.0,6,52,0.0
2026-08-05,Facebook,Conv | Tof | Multi Category | Ind | Direct | Growify |,724.82,0.0,828,10542,0.0
2026-08-05,Facebook,Conv | Tof | Multi Category | Ind | Direct | Growify |,2540.18,0.0,3443,58277,0.0
2026-08-05,Facebook,Conv | Tof | Multi Category | Ind | Direct | Growify | LAL,2698.5,4200.0,333,5278,1.0
2026-08-05,Facebook,Conv | Tof | Multi_Category | Ind | Direct | Growify,836.73,0.0,103,1514,0.0
2026-08-05,Facebook,Conv | Tof | Multi_Category | Ind | Direct | Growify,42.09,0.0,5,123,0.0
2026-08-05,Facebook,Conv | Tof | Multi_Category | Ind | Direct | Growify,667.24,0.0,310,4619,0.0
2026-08-05,Facebook,Conv | Tof | Multi_Category | Ind | Direct | Growify,2.16,0.0,4,47,0.0
2026-08-05,Facebook,Conv | Tof | Multi_Category | Ind | Direct | Growify,785.46,0.0,164,1981,0.0
2026-08-05,Facebook,Conv | Tof | Multi_Category | Ind | Direct | Growify,4.96,0.0,3,15,0.0
2026-08-05,Facebook,Conv | Tof | Multicategory | CA | Direct | Growify,2905.84,0.0,203,3132,0.0
2026-08-05,Facebook,Conv | Tof | Multicategory | CA | Direct | Growify,51.45,0.0,0,38,0.0
2026-08-05,Facebook,Conv | Tof | Multicategory | CA | Direct | Growify,0.0,0.0,0,0,0.0
2026-08-05,Facebook,Conv | Tof | Multicategory | CA | Direct | Growify,0.0,0.0,0,0,0.0
2026-08-05,Facebook,Conv | Tof | Multicategory | CA | Direct | Growify,96.24,0.0,7,137,0.0
2026-08-05,Facebook,Conv | Tof | Multicategory | CA | Direct | Growify,0.57,0.0,0,1,0.0
2026-08-05,Facebook,Conv | Tof | Multicategory | CA | Direct | Growify,1647.98,0.0,139,2342,0.0
2026-08-05,Facebook,Conv | Tof | Multicategory | CA | Direct | Growify,14.92,0.0,0,29,0.0
2026-08-05,Facebook,Conv | Tof | Multicategory | INT | Direct | Growify,383.78,0.0,45,484,0.0
2026-08-05,Facebook,Conv | Tof | Multicategory | INT | Direct | Growify,0.0,0.0,0,0,0.0
2026-08-05,Facebook,Conv | Tof | Multicategory | INT | Direct | Growify,200.76,0.0,7,130,0.0
2026-08-05,Facebook,Conv | Tof | Multicategory | INT | Direct | Growify,373.39,11740.0,8,142,1.0
2026-08-05,Facebook,Conv | Tof | Multicategory | INT | Direct | Growify,0.0,0.0,0,0,0.0
2026-08-05,Facebook,Conv | Tof | Multicategory | US | Direct | Growify,3483.51,100034.8,200,1781,1.0
2026-08-05,Facebook,Growify | MOF & BOF | Sale | India +intl,4086.68,16500.0,966,16255,1.0
2026-08-05,Facebook,Growify | MOF & BOF | Sale | India +intl,1483.4,0.0,88,982,0.0
2026-08-05,Facebook,Growify | MOF & BOF | Sale | India +intl,598.88,0.0,43,607,0.0
2026-08-05,Facebook,Growify | MOF & BOF | Sale | India +intl,532.34,0.0,24,410,0.0
2026-08-05,Facebook,Growify | MOF & BOF | Sale | India +intl,773.04,0.0,30,563,0.0
2026-08-05,Facebook,Growify | MOF & BOF | Sale | India +intl,1336.52,0.0,444,7155,0.0
2026-08-05,Facebook,Growify | MOF & BOF | Sale | India +intl,2356.44,0.0,1500,20725,0.0
2026-08-05,Facebook,Growify | MOF & BOF | Sale | India +intl,388.29,0.0,53,796,0.0
2026-08-05,Facebook,Growify | TOF | Sale | India,141.56,0.0,22,533,0.0
2026-08-05,Facebook,Growify | TOF | Sales | India | Open,81.43,0.0,22,219,0.0
2026-08-05,Facebook,Growify | TOF | Sales | India | Open,2272.68,0.0,1176,12856,0.0
2026-08-06,Facebook,Con | Tof | Multicategory | India | Direct | Growify,792.75,0.0,36,752,0.0
2026-08-06,Facebook,Con | Tof | Multicategory | India | Direct | Growify,1629.54,0.0,88,1949,0.0
2026-08-06,Facebook,Con | Tof | Multicategory | India | Direct | Growify,1815.5,0.0,148,2174,0.0
2026-08-06,Facebook,Con | Tof | Multicategory | India | Direct | Growify,3175.16,0.0,213,3307,0.0
2026-08-06,Facebook,Con | Tof | Multicategory | India | Direct | Growify | CBO,141.88,0.0,21,312,0.0
2026-08-06,Facebook,Con | Tof | Multicategory | India | Direct | Growify | CBO,2100.81,0.0,625,4132,0.0
2026-08-06,Facebook,Con | Tof | Multicategory | India | Direct | Growify | CBO,511.45,0.0,74,825,0.0
2026-08-06,Facebook,Conv | Tof | Multi Category | Ind | Direct | Growify |,1882.78,0.0,7072,108260,0.0
2026-08-06,Facebook,Conv | Tof | Multi Category | Ind | Direct | Growify |,2826.35,0.0,14298,199955,0.0
2026-08-06,Facebook,Conv | Tof | Multi Category | Ind | Direct | Growify |,3068.29,0.0,756,9870,0.0
2026-08-06,Facebook,Conv | Tof | Multi Category | Ind | Direct | Growify |,1.61,0.0,5,134,0.0
2026-08-06,Facebook,Conv | Tof | Multi Category | Ind | Direct | Growify |,3.99,0.0,0,14,0.0
2026-08-06,Facebook,Conv | Tof | Multi Category | Ind | Direct | Growify |,11.98,0.0,3,25,0.0
2026-08-06,Facebook,Conv | Tof | Multi Category | Ind | Direct | Growify |,135.13,0.0,60,728,0.0
2026-08-06,Facebook,Conv | Tof | Multi Category | Ind | Direct | Growify |,2864.14,0.0,3131,35345,0.0
2026-08-06,Facebook,Conv | Tof | Multi Category | Ind | Direct | Growify |,3137.77,9570.0,2335,22516,1.0
2026-08-06,Facebook,Conv | Tof | Multi Category | Ind | Direct | Growify |,2002.69,0.0,482,4069,0.0
2026-08-06,Facebook,Conv | Tof | Multi Category | Ind | Direct | Growify |,2352.89,0.0,194,2911,0.0
2026-08-06,Facebook,Conv | Tof | Multi Category | Ind | Direct | Growify |,43.36,0.0,7,135,0.0
2026-08-06,Facebook,Conv | Tof | Multi Category | Ind | Direct | Growify |,353.42,0.0,428,6961,0.0
2026-08-06,Facebook,Conv | Tof | Multi Category | Ind | Direct | Growify |,2552.77,0.0,4121,76633,0.0
2026-08-06,Facebook,Conv | Tof | Multi Category | Ind | Direct | Growify | LAL,2802.81,5520.0,337,4982,2.0
2026-08-06,Facebook,Conv | Tof | Multi_Category | Ind | Direct | Growify,1049.359999,1800.0,125,1960,1.0
2026-08-06,Facebook,Conv | Tof | Multi_Category | Ind | Direct | Growify,0.5,0.0,0,5,0.0
2026-08-06,Facebook,Conv | Tof | Multi_Category | Ind | Direct | Growify,825.26,0.0,292,6325,0.0
2026-08-06,Facebook,Conv | Tof | Multi_Category | Ind | Direct | Growify,763.7,0.0,136,1782,0.0
2026-08-06,Facebook,Conv | Tof | Multi_Category | Ind | Direct | Growify,6.06,0.0,1,5,0.0
2026-08-06,Facebook,Conv | Tof | Multicategory | CA | Direct | Growify,3196.547618,0.0,229,3679,0.0
2026-08-06,Facebook,Conv | Tof | Multicategory | CA | Direct | Growify,0.0,0.0,0,0,0.0
2026-08-06,Facebook,Conv | Tof | Multicategory | CA | Direct | Growify,71.072382,0.0,0,45,0.0
2026-08-06,Facebook,Conv | Tof | Multicategory | CA | Direct | Growify,0.0,0.0,0,0,0.0
2026-08-06,Facebook,Conv | Tof | Multicategory | CA | Direct | Growify,70.94,0.0,3,93,0.0
2026-08-06,Facebook,Conv | Tof | Multicategory | CA | Direct | Growify,0.19,0.0,0,1,0.0
2026-08-06,Facebook,Conv | Tof | Multicategory | CA | Direct | Growify,110.13,0.0,8,157,0.0
2026-08-06,Facebook,Conv | Tof | Multicategory | CA | Direct | Growify,1776.13,0.0,138,2104,0.0
2026-08-06,Facebook,Conv | Tof | Multicategory | CA | Direct | Growify,13.29,0.0,0,17,0.0
2026-08-06,Facebook,Conv | Tof | Multicategory | INT | Direct | Growify,434.92,0.0,29,391,0.0
2026-08-06,Facebook,Conv | Tof | Multicategory | INT | Direct | Growify,24.09,0.0,2,13,0.0
2026-08-06,Facebook,Conv | Tof | Multicategory | INT | Direct | Growify,262.91,0.0,9,130,0.0
2026-08-06,Facebook,Conv | Tof | Multicategory | INT | Direct | Growify,343.52,0.0,13,138,0.0
2026-08-06,Facebook,Conv | Tof | Multicategory | US | Direct | Growify,4263.47,0.0,206,2179,0.0
2026-08-06,Facebook,Conv | Tof | Multicategory | US | Direct | Growify,947.52,0.0,40,429,0.0
2026-08-06,Facebook,Conv | Tof | Multicategory | US | Direct | Growify,1470.89,0.0,43,678,0.0
2026-08-06,Facebook,Growify | MOF & BOF | Sale | India +intl,4832.5,1800.0,1117,17801,1.0
2026-08-06,Facebook,Growify | MOF & BOF | Sale | India +intl,1123.72,0.0,80,975,0.0
2026-08-06,Facebook,Growify | MOF & BOF | Sale | India +intl,411.81,0.0,36,548,0.0
2026-08-06,Facebook,Growify | MOF & BOF | Sale | India +intl,575.79,0.0,32,508,0.0
2026-08-06,Facebook,Growify | MOF & BOF | Sale | India +intl,717.02,5520.0,38,435,3.0
2026-08-06,Facebook,Growify | MOF & BOF | Sale | India +intl,619.64,0.0,323,4806,0.0
2026-08-06,Facebook,Growify | MOF & BOF | Sale | India +intl,3904.82,1980.0,2369,34653,1.0
2026-08-06,Facebook,Growify | MOF & BOF | Sale | India +intl,448.43,0.0,74,1146,0.0
2026-08-06,Facebook,Growify | TOF | Sale | India,320.3,0.0,51,1011,0.0
2026-08-06,Facebook,Growify | TOF | Sales | India | Open,43.93,0.0,14,209,0.0
2026-08-06,Facebook,Growify | TOF | Sales | India | Open,2780.28,0.0,1575,17317,0.0
2026-08-07,Facebook,Con | Tof | Multicategory | India | Direct | Growify,261.399999,0.0,14,431,0.0
2026-08-07,Facebook,Con | Tof | Multicategory | India | Direct | Growify,316.4,0.0,35,857,0.0
2026-08-07,Facebook,Con | Tof | Multicategory | India | Direct | Growify,2570.75,0.0,257,3253,0.0
2026-08-07,Facebook,Con | Tof | Multicategory | India | Direct | Growify,2782.34,12870.0,278,3671,1.0
2026-08-07,Facebook,Con | Tof | Multicategory | India | Direct | Growify | CBO,241.45,0.0,38,672,0.0
2026-08-07,Facebook,Con | Tof | Multicategory | India | Direct | Growify | CBO,1305.08,0.0,425,3723,0.0
2026-08-07,Facebook,Con | Tof | Multicategory | India | Direct | Growify | CBO,1394.6,0.0,168,1645,0.0
2026-08-07,Facebook,Conv | Tof | Multi Category | Ind | Direct | Growify |,2099.5,8250.0,7093,94281,1.0
2026-08-07,Facebook,Conv | Tof | Multi Category | Ind | Direct | Growify |,2287.2,0.0,14397,135154,0.0
2026-08-07,Facebook,Conv | Tof | Multi Category | Ind | Direct | Growify |,2902.92,0.0,569,6546,0.0
2026-08-07,Facebook,Conv | Tof | Multi Category | Ind | Direct | Growify |,0.0,0.0,0,0,0.0
2026-08-07,Facebook,Conv | Tof | Multi Category | Ind | Direct | Growify |,15.28,0.0,0,32,0.0
2026-08-07,Facebook,Conv | Tof | Multi Category | Ind | Direct | Growify |,257.1,0.0,66,531,0.0
2026-08-07,Facebook,Conv | Tof | Multi Category | Ind | Direct | Growify |,221.13,0.0,60,710,0.0
2026-08-07,Facebook,Conv | Tof | Multi Category | Ind | Direct | Growify |,2074.52,6000.0,2115,24704,1.0
2026-08-07,Facebook,Conv | Tof | Multi Category | Ind | Direct | Growify |,11.34,0.0,3,15,0.0
2026-08-07,Facebook,Conv | Tof | Multi Category | Ind | Direct | Growify |,2746.28,3720.0,1587,14515,1.0
2026-08-07,Facebook,Conv | Tof | Multi Category | Ind | Direct | Growify |,2079.83,0.0,365,3444,0.0
2026-08-07,Facebook,Conv | Tof | Multi Category | Ind | Direct | Growify |,2253.77,0.0,164,2336,0.0
2026-08-07,Facebook,Conv | Tof | Multi Category | Ind | Direct | Growify |,1.27,0.0,0,5,0.0
2026-08-07,Facebook,Conv | Tof | Multi Category | Ind | Direct | Growify |,3.72,0.0,2,10,0.0
2026-08-07,Facebook,Conv | Tof | Multi Category | Ind | Direct | Growify |,0.0,0.0,0,0,0.0
2026-08-07,Facebook,Conv | Tof | Multi Category | Ind | Direct | Growify |,670.75,0.0,681,8899,0.0
2026-08-07,Facebook,Conv | Tof | Multi Category | Ind | Direct | Growify |,2245.86,0.0,2747,51113,0.0
2026-08-07,Facebook,Conv | Tof | Multi Category | Ind | Direct | Growify | LAL,2896.12,9300.0,347,5408,1.0
2026-08-07,Facebook,Conv | Tof | Multi_Category | Ind | Direct | Growify,1082.63,0.0,197,4282,0.0
2026-08-07,Facebook,Conv | Tof | Multi_Category | Ind | Direct | Growify,27.79,0.0,6,76,0.0
2026-08-07,Facebook,Conv | Tof | Multi_Category | Ind | Direct | Growify,934.67,1920.0,230,4777,1.0
2026-08-07,Facebook,Conv | Tof | Multi_Category | Ind | Direct | Growify,0.1,0.0,0,1,0.0
2026-08-07,Facebook,Conv | Tof | Multi_Category | Ind | Direct | Growify,912.23,0.0,145,1714,0.0
2026-08-07,Facebook,Conv | Tof | Multi_Category | Ind | Direct | Growify,1.54,0.0,0,1,0.0
2026-08-07,Facebook,Conv | Tof | Multicategory | CA | Direct | Growify,4744.63503,0.0,341,5469,0.0
2026-08-07,Facebook,Conv | Tof | Multicategory | CA | Direct | Growify,78.25497,0.0,0,69,0.0
2026-08-07,Facebook,Conv | Tof | Multicategory | CA | Direct | Growify,0.0,0.0,0,0,0.0
2026-08-07,Facebook,Conv | Tof | Multicategory | CA | Direct | Growify,112.35,0.0,4,140,0.0
2026-08-07,Facebook,Conv | Tof | Multicategory | CA | Direct | Growify,0.39,0.0,0,1,0.0
2026-08-07,Facebook,Conv | Tof | Multicategory | CA | Direct | Growify,7.65,0.0,3,25,0.0
2026-08-07,Facebook,Conv | Tof | Multicategory | CA | Direct | Growify,1678.75,0.0,137,2224,0.0
2026-08-07,Facebook,Conv | Tof | Multicategory | CA | Direct | Growify,24.35,0.0,0,33,0.0
2026-08-07,Facebook,Conv | Tof | Multicategory | CA | Direct | Growify,0.0,0.0,0,0,0.0
2026-08-07,Facebook,Conv | Tof | Multicategory | INT | Direct | Growify,343.39,0.0,27,391,0.0
2026-08-07,Facebook,Conv | Tof | Multicategory | INT | Direct | Growify,236.35,0.0,23,142,0.0
2026-08-07,Facebook,Conv | Tof | Multicategory | INT | Direct | Growify,294.68,0.0,9,118,0.0
2026-08-07,Facebook,Conv | Tof | Multicategory | INT | Direct | Growify,0.0,0.0,0,0,0.0
2026-08-07,Facebook,Conv | Tof | Multicategory | US | Direct | Growify,4689.29,0.0,205,2197,0.0
2026-08-07,Facebook,Conv | Tof | Multicategory | US | Direct | Growify,1213.06,0.0,69,497,0.0
2026-08-07,Facebook,Conv | Tof | Multicategory | US | Direct | Growify,1268.7,0.0,73,829,0.0
2026-08-07,Facebook,Growify | MOF & BOF | Sale | India +intl,5443.23,0.0,1019,17348,0.0
2026-08-07,Facebook,Growify | MOF & BOF | Sale | India +intl,0.0,0.0,0,0,0.0
2026-08-07,Facebook,Growify | MOF & BOF | Sale | India +intl,1301.8,0.0,96,1362,0.0
2026-08-07,Facebook,Growify | MOF & BOF | Sale | India +intl,588.97,0.0,40,778,0.0
2026-08-07,Facebook,Growify | MOF & BOF | Sale | India +intl,886.35,0.0,56,618,0.0
2026-08-07,Facebook,Growify | MOF & BOF | Sale | India +intl,885.23,0.0,46,530,0.0
2026-08-07,Facebook,Growify | MOF & BOF | Sale | India +intl,1856.51,9240.0,752,11212,1.0
2026-08-07,Facebook,Growify | MOF & BOF | Sale | India +intl,3073.15,7514.1,1929,27516,1.0
2026-08-07,Facebook,Growify | MOF & BOF | Sale | India +intl,471.26,0.0,136,1950,0.0
2026-08-07,Facebook,Growify | TOF | Sale | India,297.25,0.0,41,944,0.0
2026-08-07,Facebook,Growify | TOF | Sales | India | Open,0.0,0.0,0,0,0.0
2026-08-07,Facebook,Growify | TOF | Sales | India | Open,2888.58,0.0,1347,16282,0.0
2026-08-08,Facebook,Con | Tof | Multicategory | India | Direct | Growify,5.24,0.0,0,29,0.0
2026-08-08,Facebook,Con | Tof | Multicategory | India | Direct | Growify,16.6,0.0,2,44,0.0
2026-08-08,Facebook,Con | Tof | Multicategory | India | Direct | Growify,2178.89,0.0,321,4155,0.0
2026-08-08,Facebook,Con | Tof | Multicategory | India | Direct | Growify,2402.59,3366.0,303,4275,1.0
2026-08-08,Facebook,Con | Tof | Multicategory | India | Direct | Growify | CBO,43.19,0.0,5,152,0.0
2026-08-08,Facebook,Con | Tof | Multicategory | India | Direct | Growify | CBO,1429.07,0.0,662,7785,0.0
2026-08-08,Facebook,Con | Tof | Multicategory | India | Direct | Growify | CBO,333.23,2400.0,67,666,1.0
2026-08-08,Facebook,Conv | Tof | Multi Category | Ind | Direct | Growify |,1416.32,0.0,4232,56892,0.0
2026-08-08,Facebook,Conv | Tof | Multi Category | Ind | Direct | Growify |,2791.24,0.0,12264,120609,0.0
2026-08-08,Facebook,Conv | Tof | Multi Category | Ind | Direct | Growify |,2510.35,8976.0,498,5446,2.0
2026-08-08,Facebook,Conv | Tof | Multi Category | Ind | Direct | Growify |,0.0,0.0,0,0,0.0
2026-08-08,Facebook,Conv | Tof | Multi Category | Ind | Direct | Growify |,0.21,0.0,1,7,0.0
2026-08-08,Facebook,Conv | Tof | Multi Category | Ind | Direct | Growify |,0.53,0.0,0,2,0.0
2026-08-08,Facebook,Conv | Tof | Multi Category | Ind | Direct | Growify |,2380.07,0.0,2041,24102,0.0
2026-08-08,Facebook,Conv | Tof | Multi Category | Ind | Direct | Growify |,2674.33,0.0,1391,12620,0.0
2026-08-08,Facebook,Conv | Tof | Multi Category | Ind | Direct | Growify |,2303.39,0.0,335,3510,0.0
2026-08-08,Facebook,Conv | Tof | Multi Category | Ind | Direct | Growify |,1380.42,0.0,119,1500,0.0
2026-08-08,Facebook,Conv | Tof | Multi Category | Ind | Direct | Growify |,0.85,0.0,0,1,0.0
2026-08-08,Facebook,Conv | Tof | Multi Category | Ind | Direct | Growify |,367.93,0.0,279,3687,0.0
2026-08-08,Facebook,Conv | Tof | Multi Category | Ind | Direct | Growify |,2539.94,0.0,1849,32437,0.0
2026-08-08,Facebook,Conv | Tof | Multi Category | Ind | Direct | Growify |,0.0,0.0,0,0,0.0
2026-08-08,Facebook,Conv | Tof | Multi Category | Ind | Direct | Growify | LAL,2631.56,0.0,361,5212,0.0
2026-08-08,Facebook,Conv | Tof | Multi_Category | Ind | Direct | Growify,856.89,0.0,139,3899,0.0
2026-08-08,Facebook,Conv | Tof | Multi_Category | Ind | Direct | Growify,653.32,0.0,134,2926,0.0
2026-08-08,Facebook,Conv | Tof | Multi_Category | Ind | Direct | Growify,732.52,0.0,73,1379,0.0
2026-08-08,Facebook,Conv | Tof | Multicategory | CA | Direct | Growify,5374.39,0.0,369,6165,0.0
2026-08-08,Facebook,Conv | Tof | Multicategory | CA | Direct | Growify,159.94,0.0,0,85,0.0
2026-08-08,Facebook,Conv | Tof | Multicategory | CA | Direct | Growify,0.0,0.0,0,0,0.0
2026-08-08,Facebook,Conv | Tof | Multicategory | CA | Direct | Growify,0.0,0.0,0,0,0.0
2026-08-08,Facebook,Conv | Tof | Multicategory | CA | Direct | Growify,1783.2,0.0,146,2575,0.0
2026-08-08,Facebook,Conv | Tof | Multicategory | CA | Direct | Growify,53.38,0.0,0,37,0.0
2026-08-08,Facebook,Conv | Tof | Multicategory | INT | Direct | Growify,23.07,0.0,0,26,0.0
2026-08-08,Facebook,Conv | Tof | Multicategory | INT | Direct | Growify,313.95,0.0,15,356,0.0
2026-08-08,Facebook,Conv | Tof | Multicategory | INT | Direct | Growify,343.05,0.0,10,130,0.0
2026-08-08,Facebook,Conv | Tof | Multicategory | INT | Direct | Growify,152.3,0.0,5,97,0.0
2026-08-08,Facebook,Conv | Tof | Multicategory | US | Direct | Growify,5617.04,0.0,303,2799,0.0
2026-08-08,Facebook,Conv | Tof | Multicategory | US | Direct | Growify,360.53,0.0,16,181,0.0
2026-08-08,Facebook,Conv | Tof | Multicategory | US | Direct | Growify,1869.87,0.0,92,1124,0.0
2026-08-08,Facebook,Growify | MOF & BOF | Sale | India +intl,4297.19,0.0,746,13577,0.0
2026-08-08,Facebook,Growify | MOF & BOF | Sale | India +intl,939.58,0.0,74,1208,0.0
2026-08-08,Facebook,Growify | MOF & BOF | Sale | India +intl,601.01,0.0,37,633,0.0
2026-08-08,Facebook,Growify | MOF & BOF | Sale | India +intl,882.98,0.0,39,577,0.0
2026-08-08,Facebook,Growify | MOF & BOF | Sale | India +intl,636.84,0.0,28,432,0.0
2026-08-08,Facebook,Growify | MOF & BOF | Sale | India +intl,777.99,0.0,310,3782,0.0
2026-08-08,Facebook,Growify | MOF & BOF | Sale | India +intl,3807.18,8500.0,1426,20949,1.0
2026-08-08,Facebook,Growify | MOF & BOF | Sale | India +intl,35.39,0.0,8,145,0.0
2026-08-08,Facebook,Growify | TOF | Sale | India,281.6,0.0,57,1089,0.0
2026-08-08,Facebook,Growify | TOF | Sales | India | Open,2620.54,18570.0,1075,13317,2.0
2026-08-09,Facebook,Con | Tof | Multicategory | India | Direct | Growify,13.14,0.0,1,44,0.0
2026-08-09,Facebook,Con | Tof | Multicategory | India | Direct | Growify,13.38,0.0,3,72,0.0
2026-08-09,Facebook,Con | Tof | Multicategory | India | Direct | Growify,3407.6,19424.1,605,7815,1.0
2026-08-09,Facebook,Con | Tof | Multicategory | India | Direct | Growify,3478.23,0.0,497,7152,0.0
2026-08-09,Facebook,Con | Tof | Multicategory | India | Direct | Growify | CBO,29.21,0.0,2,116,0.0
2026-08-09,Facebook,Con | Tof | Multicategory | India | Direct | Growify | CBO,1739.14,0.0,773,10237,0.0
2026-08-09,Facebook,Con | Tof | Multicategory | India | Direct | Growify | CBO,1691.08,0.0,332,4357,0.0
2026-08-09,Facebook,Conv | Tof | Multi Category | Ind | Direct | Growify |,1490.74,2100.0,3516,47788,1.0
2026-08-09,Facebook,Conv | Tof | Multi Category | Ind | Direct | Growify |,3076.22,0.0,14715,136230,0.0
2026-08-09,Facebook,Conv | Tof | Multi Category | Ind | Direct | Growify |,2763.64,16149.0,512,6068,3.0
2026-08-09,Facebook,Conv | Tof | Multi Category | Ind | Direct | Growify |,68.54,1800.0,4,66,1.0
2026-08-09,Facebook,Conv | Tof | Multi Category | Ind | Direct | Growify |,45.91,0.0,14,104,0.0
2026-08-09,Facebook,Conv | Tof | Multi Category | Ind | Direct | Growify |,257.39,0.0,104,1352,0.0
2026-08-09,Facebook,Conv | Tof | Multi Category | Ind | Direct | Growify |,2255.06,0.0,2109,23637,0.0
2026-08-09,Facebook,Conv | Tof | Multi Category | Ind | Direct | Growify |,1.23,0.0,0,11,0.0
2026-08-09,Facebook,Conv | Tof | Multi Category | Ind | Direct | Growify |,3383.81,0.0,1599,14291,0.0
2026-08-09,Facebook,Conv | Tof | Multi Category | Ind | Direct | Growify |,2105.79,14766.0,342,3122,4.0
2026-08-09,Facebook,Conv | Tof | Multi Category | Ind | Direct | Growify |,2544.75,4066.0,237,2950,1.0
2026-08-09,Facebook,Conv | Tof | Multi Category | Ind | Direct | Growify |,0.08,0.0,0,2,0.0
2026-08-09,Facebook,Conv | Tof | Multi Category | Ind | Direct | Growify |,625.64,0.0,652,7175,0.0
2026-08-09,Facebook,Conv | Tof | Multi Category | Ind | Direct | Growify |,2333.13,17480.1,1837,30277,1.0
2026-08-09,Facebook,Conv | Tof | Multi Category | Ind | Direct | Growify | LAL,3201.57,1920.0,389,5448,1.0
2026-08-09,Facebook,Conv | Tof | Multi_Category | Ind | Direct | Growify,1099.5,0.0,193,6087,0.0
2026-08-09,Facebook,Conv | Tof | Multi_Category | Ind | Direct | Growify,76.75,0.0,10,297,0.0
2026-08-09,Facebook,Conv | Tof | Multi_Category | Ind | Direct | Growify,976.73,5940.0,208,4577,1.0
2026-08-09,Facebook,Conv | Tof | Multi_Category | Ind | Direct | Growify,15.8,0.0,7,56,0.0
2026-08-09,Facebook,Conv | Tof | Multi_Category | Ind | Direct | Growify,832.4,0.0,114,1883,0.0
2026-08-09,Facebook,Conv | Tof | Multi_Category | Ind | Direct | Growify,89.13,0.0,5,117,0.0
2026-08-09,Facebook,Conv | Tof | Multicategory | CA | Direct | Growify,4116.39,0.0,252,4221,0.0
2026-08-09,Facebook,Conv | Tof | Multicategory | CA | Direct | Growify,60.69,0.0,0,50,0.0
2026-08-09,Facebook,Conv | Tof | Multicategory | CA | Direct | Growify,0.0,0.0,0,0,0.0
2026-08-09,Facebook,Conv | Tof | Multicategory | CA | Direct | Growify,466.66,0.0,17,502,0.0
2026-08-09,Facebook,Conv | Tof | Multicategory | CA | Direct | Growify,4.98,0.0,0,7,0.0
2026-08-09,Facebook,Conv | Tof | Multicategory | CA | Direct | Growify,19.43,0.0,3,31,0.0
2026-08-09,Facebook,Conv | Tof | Multicategory | CA | Direct | Growify,0.14,0.0,0,1,0.0
2026-08-09,Facebook,Conv | Tof | Multicategory | CA | Direct | Growify,1539.63,0.0,107,1625,0.0
2026-08-09,Facebook,Conv | Tof | Multicategory | CA | Direct | Growify,14.17,0.0,0,27,0.0
2026-08-09,Facebook,Conv | Tof | Multicategory | INT | Direct | Growify,2.73,0.0,1,4,0.0
2026-08-09,Facebook,Conv | Tof | Multicategory | INT | Direct | Growify,334.28,0.0,36,332,0.0
2026-08-09,Facebook,Conv | Tof | Multicategory | INT | Direct | Growify,32.869999,0.0,0,29,0.0
2026-08-09,Facebook,Conv | Tof | Multicategory | INT | Direct | Growify,216.15,0.0,9,165,0.0
2026-08-09,Facebook,Conv | Tof | Multicategory | INT | Direct | Growify,312.44,0.0,6,100,0.0
2026-08-09,Facebook,Conv | Tof | Multicategory | US | Direct | Growify,5625.54,0.0,292,2871,0.0
2026-08-09,Facebook,Conv | Tof | Multicategory | US | Direct | Growify,915.26,0.0,51,516,0.0
2026-08-09,Facebook,Conv | Tof | Multicategory | US | Direct | Growify,2071.28,0.0,50,642,0.0
2026-08-09,Facebook,Growify | MOF & BOF | Sale | India +intl,4910.46,0.0,911,15062,0.0
2026-08-09,Facebook,Growify | MOF & BOF | Sale | India +intl,1252.11,0.0,80,1365,0.0
2026-08-09,Facebook,Growify | MOF & BOF | Sale | India +intl,681.83,0.0,64,732,0.0
2026-08-09,Facebook,Growify | MOF & BOF | Sale | India +intl,698.68,0.0,23,698,0.0
2026-08-09,Facebook,Growify | MOF & BOF | Sale | India +intl,875.54,0.0,37,444,0.0
2026-08-09,Facebook,Growify | MOF & BOF | Sale | India +intl,673.67,0.0,212,3223,0.0
2026-08-09,Facebook,Growify | MOF & BOF | Sale | India +intl,3828.47,0.0,1086,18223,0.0
2026-08-09,Facebook,Growify | MOF & BOF | Sale | India +intl,460.8,0.0,101,1768,0.0
2026-08-09,Facebook,Growify | TOF | Sale | India,246.59,0.0,41,821,0.0
2026-08-09,Facebook,Growify | TOF | Sales | India | Open,2769.51,0.0,951,14513,0.0
2026-08-09,Facebook,Growify | TOF | Sales | India | Open,0.0,0.0,0,0,0.0
2026-08-10,Facebook,Con | Tof | Multicategory | India | Direct | Growify,1381.66,0.0,155,2190,0.0
2026-08-10,Facebook,Con | Tof | Multicategory | India | Direct | Growify,1428.78,0.0,228,2712,0.0
2026-08-10,Facebook,Con | Tof | Multicategory | India | Direct | Growify | CBO,0.0,0.0,0,0,0.0
2026-08-10,Facebook,Con | Tof | Multicategory | India | Direct | Growify | CBO,120.47,0.0,44,575,0.0
2026-08-10,Facebook,Con | Tof | Multicategory | India | Direct | Growify | CBO,763.39,0.0,108,1811,0.0
2026-08-10,Facebook,Conv | Tof | Multi Category | Ind | Direct | Growify |,1444.73,17545.0,1828,20463,1.0
2026-08-10,Facebook,Conv | Tof | Multi Category | Ind | Direct | Growify |,2545.93,0.0,7799,60692,0.0
2026-08-10,Facebook,Conv | Tof | Multi Category | Ind | Direct | Growify |,3460.73,1920.0,472,6008,1.0
2026-08-10,Facebook,Conv | Tof | Multi Category | Ind | Direct | Growify |,0.67,0.0,4,32,0.0
2026-08-10,Facebook,Conv | Tof | Multi Category | Ind | Direct | Growify |,9.05,0.0,0,18,0.0
2026-08-10,Facebook,Conv | Tof | Multi Category | Ind | Direct | Growify |,3.67,0.0,1,9,0.0
2026-08-10,Facebook,Conv | Tof | Multi Category | Ind | Direct | Growify |,71.87,0.0,15,108,0.0
2026-08-10,Facebook,Conv | Tof | Multi Category | Ind | Direct | Growify |,436.57,0.0,146,2069,0.0
2026-08-10,Facebook,Conv | Tof | Multi Category | Ind | Direct | Growify |,1424.51,0.0,1428,15895,0.0
2026-08-10,Facebook,Conv | Tof | Multi Category | Ind | Direct | Growify |,3070.05,0.0,821,7545,0.0
2026-08-10,Facebook,Conv | Tof | Multi Category | Ind | Direct | Growify |,2461.94,0.0,342,3935,0.0
2026-08-10,Facebook,Conv | Tof | Multi Category | Ind | Direct | Growify |,1439.62,0.0,193,2162,0.0
2026-08-10,Facebook,Conv | Tof | Multi Category | Ind | Direct | Growify |,0.0,0.0,0,0,0.0
2026-08-10,Facebook,Conv | Tof | Multi Category | Ind | Direct | Growify |,0.37,0.0,0,3,0.0
2026-08-10,Facebook,Conv | Tof | Multi Category | Ind | Direct | Growify |,1262.48,0.0,683,9241,0.0
2026-08-10,Facebook,Conv | Tof | Multi Category | Ind | Direct | Growify |,892.63,0.0,538,8794,0.0
2026-08-10,Facebook,Conv | Tof | Multi Category | Ind | Direct | Growify | LAL,2595.84,13020.0,398,5136,2.0
2026-08-10,Facebook,Conv | Tof | Multi_Category | Ind | Direct | Growify,977.93,1800.0,190,5539,1.0
2026-08-10,Facebook,Conv | Tof | Multi_Category | Ind | Direct | Growify,959.77,19814.1,211,3718,2.0
2026-08-10,Facebook,Conv | Tof | Multi_Category | Ind | Direct | Growify,1055.92,0.0,110,1751,0.0
2026-08-10,Facebook,Conv | Tof | Multi_Category | Ind | Direct | Growify,0.0,0.0,0,0,0.0
2026-08-10,Facebook,Conv | Tof | Multicategory | CA | Direct | Growify,2258.84,35800.0,142,2163,1.0
2026-08-10,Facebook,Conv | Tof | Multicategory | CA | Direct | Growify,6.93,0.0,0,14,0.0
2026-08-10,Facebook,Conv | Tof | Multicategory | CA | Direct | Growify,932.86,0.0,46,1020,0.0
2026-08-10,Facebook,Conv | Tof | Multicategory | CA | Direct | Growify,4.68,0.0,0,11,0.0
2026-08-10,Facebook,Conv | Tof | Multicategory | CA | Direct | Growify,875.8,0.0,61,1073,0.0
2026-08-10,Facebook,Conv | Tof | Multicategory | CA | Direct | Growify,3.03,0.0,0,1,0.0
2026-08-10,Facebook,Conv | Tof | Multicategory | CA | Direct | Growify,13.77,0.0,0,19,0.0
2026-08-10,Facebook,Conv | Tof | Multicategory | INT | Direct | Growify,3.62,0.0,1,7,0.0
2026-08-10,Facebook,Conv | Tof | Multicategory | INT | Direct | Growify,496.56,0.0,47,580,0.0
2026-08-10,Facebook,Conv | Tof | Multicategory | INT | Direct | Growify,285.18,0.0,19,193,0.0
2026-08-10,Facebook,Conv | Tof | Multicategory | INT | Direct | Growify,207.53,0.0,7,94,0.0
2026-08-10,Facebook,Conv | Tof | Multicategory | US | Direct | Growify,5158.41,0.0,272,2652,0.0
2026-08-10,Facebook,Conv | Tof | Multicategory | US | Direct | Growify,2577.54,0.0,112,1255,0.0
2026-08-10,Facebook,Conv | Tof | Multicategory | US | Direct | Growify,508.0,0.0,19,189,0.0
2026-08-10,Facebook,Growify | MOF & BOF | Sale | India +intl,4616.48,5166.0,1116,18767,2.0
2026-08-10,Facebook,Growify | MOF & BOF | Sale | India +intl,953.89,0.0,67,980,0.0
2026-08-10,Facebook,Growify | MOF & BOF | Sale | India +intl,614.35,0.0,77,731,0.0
2026-08-10,Facebook,Growify | MOF & BOF | Sale | India +intl,527.48,0.0,43,549,0.0
2026-08-10,Facebook,Growify | MOF & BOF | Sale | India +intl,803.71,11740.0,41,385,1.0
2026-08-10,Facebook,Growify | MOF & BOF | Sale | India +intl,626.66,0.0,222,2716,0.0
2026-08-10,Facebook,Growify | MOF & BOF | Sale | India +intl,2874.43,0.0,918,13800,0.0
2026-08-10,Facebook,Growify | MOF & BOF | Sale | India +intl,803.06,0.0,214,2868,0.0
2026-08-10,Facebook,Growify | TOF | Sale | India,72.82,0.0,12,194,0.0
2026-08-10,Facebook,Growify | TOF | Sales | India | Open,339.55,0.0,49,1022,0.0
2026-08-10,Facebook,Growify | TOF | Sales | India | Open,2237.92,0.0,707,8219,0.0
2026-08-11,Facebook,Con | Tof | Multicategory | India | Direct | Growify,0.0,0.0,0,0,0.0
2026-08-11,Facebook,Con | Tof | Multicategory | India | Direct | Growify,0.0,0.0,0,0,0.0
2026-08-11,Facebook,Con | Tof | Multicategory | India | Direct | Growify | CBO,0.0,0.0,0,0,0.0
2026-08-11,Facebook,Con | Tof | Multicategory | India | Direct | Growify | CBO,0.0,0.0,0,0,0.0
2026-08-11,Facebook,Conv | Tof | Multi Category | Ind | Direct | Growify |,2351.58,0.0,1107,11510,0.0
2026-08-11,Facebook,Conv | Tof | Multi Category | Ind | Direct | Growify |,2030.02,0.0,2542,19327,0.0
2026-08-11,Facebook,Conv | Tof | Multi Category | Ind | Direct | Growify |,3218.49,8400.0,564,5976,2.0
2026-08-11,Facebook,Conv | Tof | Multi Category | Ind | Direct | Growify |,6.44,0.0,4,42,0.0
2026-08-11,Facebook,Conv | Tof | Multi Category | Ind | Direct | Growify |,5.16,0.0,2,12,0.0
2026-08-11,Facebook,Conv | Tof | Multi Category | Ind | Direct | Growify |,11.05,0.0,0,23,0.0
2026-08-11,Facebook,Conv | Tof | Multi Category | Ind | Direct | Growify |,0.05,0.0,0,1,0.0
2026-08-11,Facebook,Conv | Tof | Multi Category | Ind | Direct | Growify |,76.0,0.0,54,549,0.0
2026-08-11,Facebook,Conv | Tof | Multi Category | Ind | Direct | Growify |,1891.34,0.0,3531,48725,0.0
2026-08-11,Facebook,Conv | Tof | Multi Category | Ind | Direct | Growify |,0.54,0.0,0,5,0.0
2026-08-11,Facebook,Conv | Tof | Multi Category | Ind | Direct | Growify |,3683.37,3000.0,856,8262,1.0
2026-08-11,Facebook,Conv | Tof | Multi Category | Ind | Direct | Growify |,3239.01,0.0,658,8309,0.0
2026-08-11,Facebook,Conv | Tof | Multi Category | Ind | Direct | Growify |,804.04,0.0,143,1596,0.0
2026-08-11,Facebook,Conv | Tof | Multi Category | Ind | Direct | Growify |,2120.23,3366.0,889,13108,1.0
2026-08-11,Facebook,Conv | Tof | Multi Category | Ind | Direct | Growify |,271.33,0.0,161,2654,0.0
2026-08-11,Facebook,Conv | Tof | Multi Category | Ind | Direct | Growify | LAL,874.29,0.0,67,1080,0.0
2026-08-11,Facebook,Conv | Tof | Multi Category | Ind | Direct | Growify | LAL,1984.39,4800.0,212,2631,2.0
2026-08-11,Facebook,Conv | Tof | Multi_Category | Ind | Direct | Growify,786.54,0.0,138,1749,0.0
2026-08-11,Facebook,Conv | Tof | Multi_Category | Ind | Direct | Growify,0.68,0.0,0,3,0.0
2026-08-11,Facebook,Conv | Tof | Multi_Category | Ind | Direct | Growify,809.77,0.0,161,2839,0.0
2026-08-11,Facebook,Conv | Tof | Multi_Category | Ind | Direct | Growify,30.14,0.0,13,60,0.0
2026-08-11,Facebook,Conv | Tof | Multi_Category | Ind | Direct | Growify,806.98,0.0,98,1277,0.0
2026-08-11,Facebook,Conv | Tof | Multi_Category | Ind | Direct | Growify,7.67,0.0,1,14,0.0
2026-08-11,Facebook,Conv | Tof | Multicategory | CA | Direct | Growify,0.0,0.0,0,0,0.0
2026-08-11,Facebook,Conv | Tof | Multicategory | CA | Direct | Growify,1172.475345,0.0,62,1661,0.0
2026-08-11,Facebook,Conv | Tof | Multicategory | CA | Direct | Growify,13.804655,0.0,0,22,0.0
2026-08-11,Facebook,Conv | Tof | Multicategory | CA | Direct | Growify,0.0,0.0,0,0,0.0
2026-08-11,Facebook,Conv | Tof | Multicategory | CA | Direct | Growify,289.19,0.0,28,385,0.0
2026-08-11,Facebook,Conv | Tof | Multicategory | CA | Direct | Growify,5.26,0.0,0,6,0.0
2026-08-11,Facebook,Conv | Tof | Multicategory | CA | Direct | Growify,443.79,0.0,34,660,0.0
2026-08-11,Facebook,Conv | Tof | Multicategory | CA | Direct | Growify,2.38,0.0,0,5,0.0
2026-08-11,Facebook,Conv | Tof | Multicategory | INT | Direct | Growify,13.78,0.0,6,23,0.0
2026-08-11,Facebook,Conv | Tof | Multicategory | INT | Direct | Growify,744.23,0.0,61,837,0.0
2026-08-11,Facebook,Conv | Tof | Multicategory | INT | Direct | Growify,26.58,0.0,1,15,0.0
2026-08-11,Facebook,Conv | Tof | Multicategory | INT | Direct | Growify,301.22,0.0,26,251,0.0
2026-08-11,Facebook,Conv | Tof | Multicategory | INT | Direct | Growify,249.08,0.0,7,84,0.0
2026-08-11,Facebook,Conv | Tof | Multicategory | US | Direct | Growify,5465.6,0.0,313,2654,0.0
2026-08-11,Facebook,Conv | Tof | Multicategory | US | Direct | Growify,2653.68,0.0,178,1595,0.0
2026-08-11,Facebook,Conv | Tof | Multicategory | US | Direct | Growify,45.27,0.0,1,36,0.0
2026-08-11,Facebook,Growify | MOF & BOF | Sale | India +intl,4306.61,12570.0,1462,24085,2.0
2026-08-11,Facebook,Growify | MOF & BOF | Sale | India +intl,895.544296,0.0,77,852,0.0
2026-08-11,Facebook,Growify | MOF & BOF | Sale | India +intl,1022.507892,0.0,83,1175,0.0
2026-08-11,Facebook,Growify | MOF & BOF | Sale | India +intl,393.759126,0.0,39,404,0.0
2026-08-11,Facebook,Growify | MOF & BOF | Sale | India +intl,551.968686,0.0,17,321,0.0
2026-08-11,Facebook,Growify | MOF & BOF | Sale | India +intl,1722.74,0.0,471,6400,0.0
2026-08-11,Facebook,Growify | MOF & BOF | Sale | India +intl,1370.68,0.0,426,6502,0.0
2026-08-11,Facebook,Growify | MOF & BOF | Sale | India +intl,1691.02,0.0,535,7617,0.0
2026-08-11,Facebook,Growify | TOF | Sales | India | Open,20.9,0.0,5,74,0.0
2026-08-11,Facebook,Growify | TOF | Sales | India | Open,2564.42,0.0,651,8923,0.0
2026-08-12,Facebook,Con | Tof | Multicategory | India | Direct | Growify,0.0,0.0,0,0,0.0
2026-08-12,Facebook,Con | Tof | Multicategory | India | Direct | Growify,0.0,0.0,0,0,0.0
2026-08-12,Facebook,Con | Tof | Multicategory | India | Direct | Growify | CBO,0.0,0.0,0,0,0.0
2026-08-12,Facebook,Con | Tof | Multicategory | India | Direct | Growify | CBO,0.0,0.0,0,0,0.0
2026-08-12,Facebook,Conv | Tof | Multi Category | Ind | Direct | Growify |,2374.71,8400.0,1719,19059,1.0
2026-08-12,Facebook,Conv | Tof | Multi Category | Ind | Direct | Growify |,2110.17,0.0,3846,32347,0.0
2026-08-12,Facebook,Conv | Tof | Multi Category | Ind | Direct | Growify |,3488.64,0.0,606,7442,0.0
2026-08-12,Facebook,Conv | Tof | Multi Category | Ind | Direct | Growify |,0.0,0.0,0,0,0.0
2026-08-12,Facebook,Conv | Tof | Multi Category | Ind | Direct | Growify |,75.93,0.0,18,82,0.0
2026-08-12,Facebook,Conv | Tof | Multi Category | Ind | Direct | Growify |,0.76,0.0,1,6,0.0
2026-08-12,Facebook,Conv | Tof | Multi Category | Ind | Direct | Growify |,184.58,0.0,70,990,0.0
2026-08-12,Facebook,Conv | Tof | Multi Category | Ind | Direct | Growify |,1714.65,0.0,4230,58225,0.0
2026-08-12,Facebook,Conv | Tof | Multi Category | Ind | Direct | Growify |,1638.42,26370.0,151,4086,2.0
2026-08-12,Facebook,Conv | Tof | Multi Category | Ind | Direct | Growify |,3083.39,4320.0,992,10061,1.0
2026-08-12,Facebook,Conv | Tof | Multi Category | Ind | Direct | Growify |,3697.88,21665.36,921,12480,4.0
2026-08-12,Facebook,Conv | Tof | Multi Category | Ind | Direct | Growify |,727.99,0.0,123,1624,0.0
2026-08-12,Facebook,Conv | Tof | Multi Category | Ind | Direct | Growify |,1857.79,0.0,569,7001,0.0
2026-08-12,Facebook,Conv | Tof | Multi Category | Ind | Direct | Growify |,664.01,0.0,720,12055,0.0
2026-08-12,Facebook,Conv | Tof | Multi Category | Ind | Direct | Growify |,0.0,0.0,0,1,0.0
2026-08-12,Facebook,Conv | Tof | Multi Category | Ind | Direct | Growify | LAL,1122.82,0.0,114,1576,0.0
2026-08-12,Facebook,Conv | Tof | Multi Category | Ind | Direct | Growify | LAL,930.69,6565.92,121,1992,1.0
2026-08-12,Facebook,Conv | Tof | Multi_Category | Ind | Direct | Growify,589.16,0.0,89,1292,0.0
2026-08-12,Facebook,Conv | Tof | Multi_Category | Ind | Direct | Growify,6.31,0.0,4,34,0.0
2026-08-12,Facebook,Conv | Tof | Multi_Category | Ind | Direct | Growify,556.07,0.0,172,3056,0.0
2026-08-12,Facebook,Conv | Tof | Multi_Category | Ind | Direct | Growify,74.52,0.0,26,341,0.0
2026-08-12,Facebook,Conv | Tof | Multi_Category | Ind | Direct | Growify,587.53,9000.0,97,1309,2.0
2026-08-12,Facebook,Conv | Tof | Multi_Category | Ind | Direct | Growify,23.91,0.0,2,82,0.0
2026-08-12,Facebook,Conv | Tof | Multicategory | CA | Direct | Growify,0.0,0.0,0,0,0.0
2026-08-12,Facebook,Conv | Tof | Multicategory | CA | Direct | Growify,1349.61,0.0,52,1863,0.0
2026-08-12,Facebook,Conv | Tof | Multicategory | CA | Direct | Growify,9.91,0.0,0,21,0.0
2026-08-12,Facebook,Conv | Tof | Multicategory | CA | Direct | Growify,354.99,0.0,38,617,0.0
2026-08-12,Facebook,Conv | Tof | Multicategory | CA | Direct | Growify,2.96,0.0,0,6,0.0
2026-08-12,Facebook,Conv | Tof | Multicategory | CA | Direct | Growify,377.58,0.0,36,522,0.0
2026-08-12,Facebook,Conv | Tof | Multicategory | CA | Direct | Growify,1.71,0.0,0,8,0.0
2026-08-12,Facebook,Conv | Tof | Multicategory | INT | Direct | Growify,102.67,0.0,4,137,0.0
2026-08-12,Facebook,Conv | Tof | Multicategory | INT | Direct | Growify,825.72,0.0,70,1056,0.0
2026-08-12,Facebook,Conv | Tof | Multicategory | INT | Direct | Growify,719.48,0.0,22,901,0.0
2026-08-12,Facebook,Conv | Tof | Multicategory | INT | Direct | Growify,432.3,0.0,39,353,0.0
2026-08-12,Facebook,Conv | Tof | Multicategory | INT | Direct | Growify,240.01,0.0,19,110,0.0
2026-08-12,Facebook,Conv | Tof | Multicategory | US | Direct | Growify,5939.39,34770.0,227,2974,1.0
2026-08-12,Facebook,Conv | Tof | Multicategory | US | Direct | Growify,3114.6,0.0,184,1746,0.0
2026-08-12,Facebook,Conv | Tof | Multicategory | US | Direct | Growify,188.36,0.0,14,102,0.0
2026-08-12,Facebook,Growify | MOF & BOF | Sale | India +intl,3519.79,2400.0,1348,24575,1.0
2026-08-12,Facebook,Growify | MOF & BOF | Sale | India +intl,719.49841,0.0,76,830,0.0
2026-08-12,Facebook,Growify | MOF & BOF | Sale | India +intl,906.035776,0.0,63,1141,0.0
2026-08-12,Facebook,Growify | MOF & BOF | Sale | India +intl,525.08369,0.0,34,515,0.0
2026-08-12,Facebook,Growify | MOF & BOF | Sale | India +intl,768.002124,0.0,18,285,0.0
2026-08-12,Facebook,Growify | MOF & BOF | Sale | India +intl,2069.58,0.0,653,9306,0.0
2026-08-12,Facebook,Growify | MOF & BOF | Sale | India +intl,1402.78,1666.34,598,9348,1.0
2026-08-12,Facebook,Growify | MOF & BOF | Sale | India +intl,431.09,0.0,148,2150,0.0
2026-08-12,Facebook,Growify | TOF | Sales | India | Open,55.94,0.0,19,141,0.0
2026-08-12,Facebook,Growify | TOF | Sales | India | Open,2068.159999,0.0,840,11729,0.0
2026-08-13,Facebook,Con | Tof | Multicategory | India | Direct | Growify,0.0,0.0,0,0,0.0
2026-08-13,Facebook,Con | Tof | Multicategory | India | Direct | Growify,0.0,0.0,0,0,0.0
2026-08-13,Facebook,Con | Tof | Multicategory | India | Direct | Growify,0.0,0.0,0,0,0.0
2026-08-13,Facebook,Con | Tof | Multicategory | India | Direct | Growify | CBO,0.0,0.0,0,0,0.0
2026-08-13,Facebook,Con | Tof | Multicategory | India | Direct | Growify | CBO,0.0,0.0,0,0,0.0
2026-08-13,Facebook,Conv | Tof | Multi Category | Ind | Direct | Growify |,1627.51,0.0,2107,22991,0.0
2026-08-13,Facebook,Conv | Tof | Multi Category | Ind | Direct | Growify |,0.01,0.0,0,1,0.0
2026-08-13,Facebook,Conv | Tof | Multi Category | Ind | Direct | Growify |,2982.6,12000.0,4702,49165,2.0
2026-08-13,Facebook,Conv | Tof | Multi Category | Ind | Direct | Growify |,2314.18,1800.0,397,5388,1.0
2026-08-13,Facebook,Conv | Tof | Multi Category | Ind | Direct | Growify |,19.36,0.0,0,29,0.0
2026-08-13,Facebook,Conv | Tof | Multi Category | Ind | Direct | Growify |,174.94,0.0,8,402,0.0
2026-08-13,Facebook,Conv | Tof | Multi Category | Ind | Direct | Growify |,31.16,0.0,2,81,0.0
2026-08-13,Facebook,Conv | Tof | Multi Category | Ind | Direct | Growify |,1146.74,0.0,93,2379,0.0
2026-08-13,Facebook,Conv | Tof | Multi Category | Ind | Direct | Growify |,23.82,0.0,2,45,0.0
2026-08-13,Facebook,Conv | Tof | Multi Category | Ind | Direct | Growify |,2112.83,0.0,3659,52445,0.0
2026-08-13,Facebook,Conv | Tof | Multi Category | Ind | Direct | Growify |,2031.59,0.0,179,5846,0.0
2026-08-13,Facebook,Conv | Tof | Multi Category | Ind | Direct | Growify |,3488.13,0.0,1012,10000,0.0
2026-08-13,Facebook,Conv | Tof | Multi Category | Ind | Direct | Growify |,2.04,0.0,0,16,0.0
2026-08-13,Facebook,Conv | Tof | Multi Category | Ind | Direct | Growify |,678.19,0.0,156,3118,0.0
2026-08-13,Facebook,Conv | Tof | Multi Category | Ind | Direct | Growify |,4273.189999,0.0,1161,14191,0.0
2026-08-13,Facebook,Conv | Tof | Multi Category | Ind | Direct | Growify |,1015.67,0.0,162,2233,0.0
2026-08-13,Facebook,Conv | Tof | Multi Category | Ind | Direct | Growify |,2700.79,0.0,764,7313,0.0
2026-08-13,Facebook,Conv | Tof | Multi Category | Ind | Direct | Growify |,474.15,0.0,545,8251,0.0
2026-08-13,Facebook,Conv | Tof | Multi Category | Ind | Direct | Growify |,0.0,0.0,0,1,0.0
2026-08-13,Facebook,Conv | Tof | Multi Category | Ind | Direct | Growify | LAL,1729.59,0.0,212,2371,0.0
2026-08-13,Facebook,Conv | Tof | Multi Category | Ind | Direct | Growify | LAL,1252.96,0.0,127,2168,0.0
2026-08-13,Facebook,Conv | Tof | Multi_Category | Ind | Direct | Growify,921.58,0.0,122,1894,0.0
2026-08-13,Facebook,Conv | Tof | Multi_Category | Ind | Direct | Growify,808.55,0.0,196,2987,0.0
2026-08-13,Facebook,Conv | Tof | Multi_Category | Ind | Direct | Growify,1212.97,0.0,154,2200,0.0
2026-08-13,Facebook,Conv | Tof | Multicategory | CA | Direct | Growify,0.0,0.0,0,0,0.0
2026-08-13,Facebook,Conv | Tof | Multicategory | CA | Direct | Growify,1621.48,0.0,75,2169,0.0
2026-08-13,Facebook,Conv | Tof | Multicategory | CA | Direct | Growify,15.73,0.0,0,20,0.0
2026-08-13,Facebook,Conv | Tof | Multicategory | CA | Direct | Growify,12.96,0.0,3,22,0.0
2026-08-13,Facebook,Conv | Tof | Multicategory | CA | Direct | Growify,120.91,0.0,11,118,0.0
2026-08-13,Facebook,Conv | Tof | Multicategory | CA | Direct | Growify,0.25,0.0,0,1,0.0
2026-08-13,Facebook,Conv | Tof | Multicategory | INT | Direct | Growify,10.56,0.0,0,19,0.0
2026-08-13,Facebook,Conv | Tof | Multicategory | INT | Direct | Growify,252.81,0.0,16,339,0.0
2026-08-13,Facebook,Conv | Tof | Multicategory | INT | Direct | Growify,1477.06,0.0,54,1508,0.0
2026-08-13,Facebook,Conv | Tof | Multicategory | INT | Direct | Growify,1653.05,0.0,103,1232,0.0
2026-08-13,Facebook,Conv | Tof | Multicategory | INT | Direct | Growify,1226.67,0.0,54,625,0.0
2026-08-13,Facebook,Conv | Tof | Multicategory | US | Direct | Growify,5339.42,0.0,208,2635,0.0
2026-08-13,Facebook,Conv | Tof | Multicategory | US | Direct | Growify,2093.94,0.0,75,1103,0.0
2026-08-13,Facebook,Conv | Tof | Multicategory | US | Direct | Growify,0.0,0.0,0,0,0.0
2026-08-13,Facebook,Growify | MOF & BOF | Sale | India +intl,4616.67,0.0,1766,29161,0.0
2026-08-13,Facebook,Growify | MOF & BOF | Sale | India +intl,917.17,0.0,70,982,0.0
2026-08-13,Facebook,Growify | MOF & BOF | Sale | India +intl,895.18,0.0,92,1239,0.0
2026-08-13,Facebook,Growify | MOF & BOF | Sale | India +intl,438.13,0.0,49,470,0.0
2026-08-13,Facebook,Growify | MOF & BOF | Sale | India +intl,422.73,0.0,14,257,0.0
2026-08-13,Facebook,Growify | MOF & BOF | Sale | India +intl,1982.49,0.0,600,9040,0.0
2026-08-13,Facebook,Growify | MOF & BOF | Sale | India +intl,1580.0,0.0,699,10754,0.0
2026-08-13,Facebook,Growify | MOF & BOF | Sale | India +intl,932.57,0.0,260,3655,0.0
2026-08-13,Facebook,Growify | TOF | Sales | India | Open,2.34,0.0,0,27,0.0
2026-08-13,Facebook,Growify | TOF | Sales | India | Open,2709.37,21450.0,1200,16591,1.0
2026-08-14,Facebook,Con | Tof | Multicategory | India | Direct | Growify,0.0,0.0,0,0,0.0
2026-08-14,Facebook,Con | Tof | Multicategory | India | Direct | Growify,0.0,0.0,0,0,0.0
2026-08-14,Facebook,Con | Tof | Multicategory | India | Direct | Growify | CBO,0.0,0.0,0,0,0.0
2026-08-14,Facebook,Conv | Tof | Multi Category | Ind | Direct | Growify |,1557.94,0.0,1851,19416,0.0
2026-08-14,Facebook,Conv | Tof | Multi Category | Ind | Direct | Growify |,2873.07,9570.0,4896,43611,1.0
2026-08-14,Facebook,Conv | Tof | Multi Category | Ind | Direct | Growify |,282.05,0.0,54,739,0.0
2026-08-14,Facebook,Conv | Tof | Multi Category | Ind | Direct | Growify |,15.67,0.0,2,29,0.0
2026-08-14,Facebook,Conv | Tof | Multi Category | Ind | Direct | Growify |,454.16,0.0,31,973,0.0
2026-08-14,Facebook,Conv | Tof | Multi Category | Ind | Direct | Growify |,3925.12,18597.0,238,7162,5.0
2026-08-14,Facebook,Conv | Tof | Multi Category | Ind | Direct | Growify |,22.17,0.0,3,36,0.0
2026-08-14,Facebook,Conv | Tof | Multi Category | Ind | Direct | Growify |,96.18,0.0,44,538,0.0
2026-08-14,Facebook,Conv | Tof | Multi Category | Ind | Direct | Growify |,1753.17,0.0,3862,48238,0.0
2026-08-14,Facebook,Conv | Tof | Multi Category | Ind | Direct | Growify |,2368.11,0.0,196,5585,0.0
2026-08-14,Facebook,Conv | Tof | Multi Category | Ind | Direct | Growify |,7.85,0.0,0,3,0.0
2026-08-14,Facebook,Conv | Tof | Multi Category | Ind | Direct | Growify |,2978.74,0.0,1074,9571,0.0
2026-08-14,Facebook,Conv | Tof | Multi Category | Ind | Direct | Growify |,88.47,0.0,23,263,0.0
2026-08-14,Facebook,Conv | Tof | Multi Category | Ind | Direct | Growify |,1974.31,0.0,731,9243,0.0
2026-08-14,Facebook,Conv | Tof | Multi Category | Ind | Direct | Growify |,2703.62,0.0,897,10132,0.0
2026-08-14,Facebook,Conv | Tof | Multi Category | Ind | Direct | Growify |,1754.41,0.0,520,5177,0.0
2026-08-14,Facebook,Conv | Tof | Multi Category | Ind | Direct | Growify |,2518.19,0.0,824,8123,0.0
2026-08-14,Facebook,Conv | Tof | Multi Category | Ind | Direct | Growify |,20.04,0.0,70,985,0.0
2026-08-14,Facebook,Conv | Tof | Multi Category | Ind | Direct | Growify | LAL,1336.97,0.0,155,2027,0.0
2026-08-14,Facebook,Conv | Tof | Multi Category | Ind | Direct | Growify | LAL,1010.04,0.0,133,2323,0.0
2026-08-14,Facebook,Conv | Tof | Multi_Category | Ind | Direct | Growify,624.97,0.0,141,1421,0.0
2026-08-14,Facebook,Conv | Tof | Multi_Category | Ind | Direct | Growify,74.94,0.0,12,143,0.0
2026-08-14,Facebook,Conv | Tof | Multi_Category | Ind | Direct | Growify,567.94,0.0,228,2654,0.0
2026-08-14,Facebook,Conv | Tof | Multi_Category | Ind | Direct | Growify,83.49,0.0,17,173,0.0
2026-08-14,Facebook,Conv | Tof | Multi_Category | Ind | Direct | Growify,699.25,0.0,143,1526,0.0
2026-08-14,Facebook,Conv | Tof | Multi_Category | Ind | Direct | Growify,124.01,0.0,19,260,0.0
2026-08-14,Facebook,Conv | Tof | Multicategory | CA | Direct | Growify,0.0,0.0,0,0,0.0
2026-08-14,Facebook,Conv | Tof | Multicategory | CA | Direct | Growify,1008.76,0.0,40,990,0.0
2026-08-14,Facebook,Conv | Tof | Multicategory | CA | Direct | Growify,3.0,0.0,0,6,0.0
2026-08-14,Facebook,Conv | Tof | Multicategory | CA | Direct | Growify,394.42,0.0,42,602,0.0
2026-08-14,Facebook,Conv | Tof | Multicategory | CA | Direct | Growify,5.65,0.0,0,11,0.0
2026-08-14,Facebook,Conv | Tof | Multicategory | CA | Direct | Growify,683.05,0.0,75,1070,0.0
2026-08-14,Facebook,Conv | Tof | Multicategory | CA | Direct | Growify,170.27,0.0,0,10,0.0
2026-08-14,Facebook,Conv | Tof | Multicategory | INT | Direct | Growify,96.46,0.0,4,67,0.0
2026-08-14,Facebook,Conv | Tof | Multicategory | INT | Direct | Growify,1144.64,0.0,78,1217,0.0
2026-08-14,Facebook,Conv | Tof | Multicategory | INT | Direct | Growify,526.19,0.0,14,352,0.0
2026-08-14,Facebook,Conv | Tof | Multicategory | INT | Direct | Growify,1166.76,0.0,79,975,0.0
2026-08-14,Facebook,Conv | Tof | Multicategory | INT | Direct | Growify,1635.41,0.0,100,990,0.0
2026-08-14,Facebook,Conv | Tof | Multicategory | US | Direct | Growify,4616.27,0.0,205,2174,0.0
2026-08-14,Facebook,Conv | Tof | Multicategory | US | Direct | Growify,0.0,0.0,0,0,0.0
2026-08-14,Facebook,Conv | Tof | Multicategory | US | Direct | Growify,0.0,0.0,0,0,0.0
2026-08-14,Facebook,Growify | MOF & BOF | Sale | India +intl,3840.68,0.0,1528,25771,0.0
2026-08-14,Facebook,Growify | MOF & BOF | Sale | India +intl,820.601015,0.0,76,943,0.0
2026-08-14,Facebook,Growify | MOF & BOF | Sale | India +intl,1385.448463,0.0,104,1446,0.0
2026-08-14,Facebook,Growify | MOF & BOF | Sale | India +intl,438.750342,0.0,47,477,0.0
2026-08-14,Facebook,Growify | MOF & BOF | Sale | India +intl,549.80018,0.0,34,404,0.0
2026-08-14,Facebook,Growify | MOF & BOF | Sale | India +intl,1842.62,0.0,660,9493,0.0
2026-08-14,Facebook,Growify | MOF & BOF | Sale | India +intl,2199.75,1920.0,1065,14646,1.0
2026-08-14,Facebook,Growify | MOF & BOF | Sale | India +intl,615.21,1800.0,229,2997,1.0
2026-08-14,Facebook,Growify | TOF | Sales | India | Open,17.87,0.0,3,71,0.0
2026-08-14,Facebook,Growify | TOF | Sales | India | Open,2366.11,8700.0,906,15055,1.0
2026-08-15,Facebook,Con | Tof | Multicategory | India | Direct | Growify,0.0,0.0,0,0,0.0
2026-08-15,Facebook,Con | Tof | Multicategory | India | Direct | Growify,0.0,0.0,0,0,0.0
2026-08-15,Facebook,Con | Tof | Multicategory | India | Direct | Growify | CBO,0.0,0.0,0,0,0.0
2026-08-15,Facebook,Con | Tof | Multicategory | India | Direct | Growify | CBO,0.0,0.0,0,0,0.0
2026-08-15,Facebook,Conv | Tof | Multi Category | Ind | Direct | Growify |,1878.34,7326.0,2204,25157,1.0
2026-08-15,Facebook,Conv | Tof | Multi Category | Ind | Direct | Growify |,2766.2,0.0,4526,44154,0.0
2026-08-15,Facebook,Conv | Tof | Multi Category | Ind | Direct | Growify |,455.18,0.0,54,845,0.0
2026-08-15,Facebook,Conv | Tof | Multi Category | Ind | Direct | Growify |,370.62,0.0,26,867,0.0
2026-08-15,Facebook,Conv | Tof | Multi Category | Ind | Direct | Growify |,3161.82,11798.0,211,6548,3.0
2026-08-15,Facebook,Conv | Tof | Multi Category | Ind | Direct | Growify |,0.1,0.0,0,3,0.0
2026-08-15,Facebook,Conv | Tof | Multi Category | Ind | Direct | Growify |,20.4,0.0,24,255,0.0
2026-08-15,Facebook,Conv | Tof | Multi Category | Ind | Direct | Growify |,1884.92,0.0,2703,34546,0.0
2026-08-15,Facebook,Conv | Tof | Multi Category | Ind | Direct | Growify |,2361.16,0.0,174,5026,0.0
2026-08-15,Facebook,Conv | Tof | Multi Category | Ind | Direct | Growify |,3361.06,0.0,1157,12006,0.0
2026-08-15,Facebook,Conv | Tof | Multi Category | Ind | Direct | Growify |,13.26,0.0,1,47,0.0
2026-08-15,Facebook,Conv | Tof | Multi Category | Ind | Direct | Growify |,2225.3,0.0,688,8792,0.0
2026-08-15,Facebook,Conv | Tof | Multi Category | Ind | Direct | Growify |,3761.27,3300.0,1058,12632,1.0
2026-08-15,Facebook,Conv | Tof | Multi Category | Ind | Direct | Growify |,914.81,0.0,141,1865,0.0
2026-08-15,Facebook,Conv | Tof | Multi Category | Ind | Direct | Growify |,2648.6,0.0,945,9341,0.0
2026-08-15,Facebook,Conv | Tof | Multi Category | Ind | Direct | Growify |,21.1,0.0,13,300,0.0
2026-08-15,Facebook,Conv | Tof | Multi Category | Ind | Direct | Growify | LAL,1884.74,0.0,274,3612,0.0
2026-08-15,Facebook,Conv | Tof | Multi Category | Ind | Direct | Growify | LAL,544.85,0.0,70,933,0.0
2026-08-15,Facebook,Conv | Tof | Multi_Category | Ind | Direct | Growify,751.37,0.0,103,1406,0.0
2026-08-15,Facebook,Conv | Tof | Multi_Category | Ind | Direct | Growify,708.59,1800.0,138,2359,1.0
2026-08-15,Facebook,Conv | Tof | Multi_Category | Ind | Direct | Growify,0.0,0.0,0,0,0.0
2026-08-15,Facebook,Conv | Tof | Multi_Category | Ind | Direct | Growify,942.42,0.0,132,1728,0.0
2026-08-15,Facebook,Conv | Tof | Multi_Category | Ind | Direct | Growify,0.0,0.0,0,0,0.0
2026-08-15,Facebook,Conv | Tof | Multicategory | CA | Direct | Growify,1230.86,0.0,50,1439,0.0
2026-08-15,Facebook,Conv | Tof | Multicategory | CA | Direct | Growify,10.47,0.0,0,17,0.0
2026-08-15,Facebook,Conv | Tof | Multicategory | CA | Direct | Growify,129.55,0.0,11,211,0.0
2026-08-15,Facebook,Conv | Tof | Multicategory | CA | Direct | Growify,0.38,0.0,0,1,0.0
2026-08-15,Facebook,Conv | Tof | Multicategory | CA | Direct | Growify,670.71,0.0,57,1043,0.0
2026-08-15,Facebook,Conv | Tof | Multicategory | CA | Direct | Growify,7.0,0.0,0,15,0.0
2026-08-15,Facebook,Conv | Tof | Multicategory | CA | Direct | Growify,0.0,0.0,0,0,0.0
2026-08-15,Facebook,Conv | Tof | Multicategory | INT | Direct | Growify,4.09,0.0,0,9,0.0
2026-08-15,Facebook,Conv | Tof | Multicategory | INT | Direct | Growify,1406.46,0.0,100,1648,0.0
2026-08-15,Facebook,Conv | Tof | Multicategory | INT | Direct | Growify,441.06,0.0,11,302,0.0
2026-08-15,Facebook,Conv | Tof | Multicategory | INT | Direct | Growify,1006.43,0.0,71,927,0.0
2026-08-15,Facebook,Conv | Tof | Multicategory | INT | Direct | Growify,1327.9,0.0,68,778,0.0
2026-08-15,Facebook,Conv | Tof | Multicategory | US | Direct | Growify,0.0,0.0,0,0,0.0
2026-08-15,Facebook,Conv | Tof | Multicategory | US | Direct | Growify,0.0,0.0,0,0,0.0
2026-08-15,Facebook,Conv | Tof | Multicategory | US | Direct | Growify,4530.35,45590.0,275,2628,2.0
2026-08-15,Facebook,Conv | Tof | Multicategory | US | Direct | Growify,0.0,0.0,0,0,0.0
2026-08-15,Facebook,Growify | MOF & BOF | Sale | India +intl,4289.31,0.0,1369,23337,0.0
2026-08-15,Facebook,Growify | MOF & BOF | Sale | India +intl,927.84,0.0,78,935,0.0
2026-08-15,Facebook,Growify | MOF & BOF | Sale | India +intl,957.02,1800.0,94,1271,1.0
2026-08-15,Facebook,Growify | MOF & BOF | Sale | India +intl,434.94,0.0,21,419,0.0
2026-08-15,Facebook,Growify | MOF & BOF | Sale | India +intl,534.6,0.0,29,397,0.0
2026-08-15,Facebook,Growify | MOF & BOF | Sale | India +intl,2074.01,0.0,939,14124,0.0
2026-08-15,Facebook,Growify | MOF & BOF | Sale | India +intl,2018.94,0.0,1235,17859,0.0
2026-08-15,Facebook,Growify | MOF & BOF | Sale | India +intl,299.43,0.0,105,1610,0.0
2026-08-15,Facebook,Growify | TOF | Sales | India | Open,45.09,0.0,10,218,0.0
2026-08-15,Facebook,Growify | TOF | Sales | India | Open,2285.8,0.0,1274,18799,0.0
2026-08-16,Facebook,Conv | Tof | Multi Category | Ind | Direct | Growify |,1868.31,41299.0,3271,47126,3.0
2026-08-16,Facebook,Conv | Tof | Multi Category | Ind | Direct | Growify |,2398.05,0.0,5432,70048,0.0
2026-08-16,Facebook,Conv | Tof | Multi Category | Ind | Direct | Growify |,0.0,0.0,0,0,0.0
2026-08-16,Facebook,Conv | Tof | Multi Category | Ind | Direct | Growify |,406.56,0.0,70,778,0.0
2026-08-16,Facebook,Conv | Tof | Multi Category | Ind | Direct | Growify |,114.44,0.0,3,240,0.0
2026-08-16,Facebook,Conv | Tof | Multi Category | Ind | Direct | Growify |,4795.98,12398.0,292,10778,3.0
2026-08-16,Facebook,Conv | Tof | Multi Category | Ind | Direct | Growify |,0.52,0.0,0,3,0.0
2026-08-16,Facebook,Conv | Tof | Multi Category | Ind | Direct | Growify |,105.74,0.0,39,447,0.0
2026-08-16,Facebook,Conv | Tof | Multi Category | Ind | Direct | Growify |,1893.74,9000.0,2267,26721,1.0
2026-08-16,Facebook,Conv | Tof | Multi Category | Ind | Direct | Growify |,2446.66,0.0,246,6356,0.0
2026-08-16,Facebook,Conv | Tof | Multi Category | Ind | Direct | Growify |,3667.2,12870.0,1992,21190,2.0
2026-08-16,Facebook,Conv | Tof | Multi Category | Ind | Direct | Growify |,3.64,0.0,0,20,0.0
2026-08-16,Facebook,Conv | Tof | Multi Category | Ind | Direct | Growify |,2042.03,0.0,940,12183,0.0
2026-08-16,Facebook,Conv | Tof | Multi Category | Ind | Direct | Growify |,3094.37,0.0,1131,13581,0.0
2026-08-16,Facebook,Conv | Tof | Multi Category | Ind | Direct | Growify |,2177.56,0.0,431,5849,0.0
2026-08-16,Facebook,Conv | Tof | Multi Category | Ind | Direct | Growify |,3072.0,0.0,2138,21833,0.0
2026-08-16,Facebook,Conv | Tof | Multi Category | Ind | Direct | Growify |,35.66,0.0,49,770,0.0
2026-08-16,Facebook,Conv | Tof | Multi Category | Ind | Direct | Growify | LAL,1959.27,1800.0,333,5074,1.0
2026-08-16,Facebook,Conv | Tof | Multi Category | Ind | Direct | Growify | LAL,1165.95,4620.0,120,2482,1.0
2026-08-16,Facebook,Conv | Tof | Multi_Category | Ind | Direct | Growify,1017.03,0.0,155,2244,0.0
2026-08-16,Facebook,Conv | Tof | Multi_Category | Ind | Direct | Growify,1.96,0.0,0,6,0.0
2026-08-16,Facebook,Conv | Tof | Multi_Category | Ind | Direct | Growify,984.46,0.0,305,4625,0.0
2026-08-16,Facebook,Conv | Tof | Multi_Category | Ind | Direct | Growify,26.88,0.0,7,104,0.0
2026-08-16,Facebook,Conv | Tof | Multi_Category | Ind | Direct | Growify,1252.28,0.0,160,2498,0.0
2026-08-16,Facebook,Conv | Tof | Multi_Category | Ind | Direct | Growify,6.16,0.0,0,11,0.0
2026-08-16,Facebook,Conv | Tof | Multicategory | CA | Direct | Growify,676.74,0.0,30,721,0.0
2026-08-16,Facebook,Conv | Tof | Multicategory | CA | Direct | Growify,8.92,0.0,0,7,0.0
2026-08-16,Facebook,Conv | Tof | Multicategory | CA | Direct | Growify,820.98,0.0,78,1096,0.0
2026-08-16,Facebook,Conv | Tof | Multicategory | CA | Direct | Growify,14.66,0.0,0,14,0.0
2026-08-16,Facebook,Conv | Tof | Multicategory | CA | Direct | Growify,571.34,0.0,48,738,0.0
2026-08-16,Facebook,Conv | Tof | Multicategory | CA | Direct | Growify,1.87,0.0,0,4,0.0
2026-08-16,Facebook,Conv | Tof | Multicategory | INT | Direct | Growify,146.21,0.0,12,198,0.0
2026-08-16,Facebook,Conv | Tof | Multicategory | INT | Direct | Growify,1959.99,0.0,141,2545,0.0
2026-08-16,Facebook,Conv | Tof | Multicategory | INT | Direct | Growify,57.16,0.0,2,56,0.0
2026-08-16,Facebook,Conv | Tof | Multicategory | INT | Direct | Growify,1002.33,0.0,82,1112,0.0
2026-08-16,Facebook,Conv | Tof | Multicategory | INT | Direct | Growify,2011.37,0.0,64,896,0.0
2026-08-16,Facebook,Conv | Tof | Multicategory | US | Direct | Growify,5738.01,0.0,314,3645,0.0
2026-08-16,Facebook,Growify | MOF & BOF | Sale | India +intl,5351.84,3720.0,3030,58571,2.0
2026-08-16,Facebook,Growify | MOF & BOF | Sale | India +intl,1191.695915,0.0,85,1503,0.0
2026-08-16,Facebook,Growify | MOF & BOF | Sale | India +intl,1093.425938,0.0,74,1523,0.0
2026-08-16,Facebook,Growify | MOF & BOF | Sale | India +intl,926.306996,0.0,50,681,0.0
2026-08-16,Facebook,Growify | MOF & BOF | Sale | India +intl,519.931151,0.0,19,378,0.0
2026-08-16,Facebook,Growify | MOF & BOF | Sale | India +intl,1910.66,0.0,1382,23248,0.0
2026-08-16,Facebook,Growify | MOF & BOF | Sale | India +intl,2163.56,3000.0,1576,28986,1.0
2026-08-16,Facebook,Growify | MOF & BOF | Sale | India +intl,1257.09,7500.0,759,12902,1.0
2026-08-16,Facebook,Growify | TOF | Sales | India | Open,30.48,0.0,7,129,0.0
2026-08-16,Facebook,Growify | TOF | Sales | India | Open,2891.95,0.0,2697,45865,0.0
2026-08-17,Facebook,Conv | Tof | Multi Category | Ind | Direct | Growify |,0.0,0.0,0,0,0.0
2026-08-17,Facebook,Conv | Tof | Multi Category | Ind | Direct | Growify |,2911.81,0.0,5392,71215,0.0
2026-08-17,Facebook,Conv | Tof | Multi Category | Ind | Direct | Growify |,1013.86,0.0,2326,28584,0.0
2026-08-17,Facebook,Conv | Tof | Multi Category | Ind | Direct | Growify |,315.85,0.0,67,918,0.0
2026-08-17,Facebook,Conv | Tof | Multi Category | Ind | Direct | Growify |,182.04,0.0,13,474,0.0
2026-08-17,Facebook,Conv | Tof | Multi Category | Ind | Direct | Growify |,4769.76,9998.0,304,12068,2.0
2026-08-17,Facebook,Conv | Tof | Multi Category | Ind | Direct | Growify |,3.31,0.0,2,11,0.0
2026-08-17,Facebook,Conv | Tof | Multi Category | Ind | Direct | Growify |,277.12,0.0,138,1421,0.0
2026-08-17,Facebook,Conv | Tof | Multi Category | Ind | Direct | Growify |,1857.39,0.0,2271,28646,0.0
2026-08-17,Facebook,Conv | Tof | Multi Category | Ind | Direct | Growify |,1876.09,0.0,194,5270,0.0
2026-08-17,Facebook,Conv | Tof | Multi Category | Ind | Direct | Growify |,5.54,0.0,0,8,0.0
2026-08-17,Facebook,Conv | Tof | Multi Category | Ind | Direct | Growify |,2616.87,0.0,1118,11198,0.0
2026-08-17,Facebook,Conv | Tof | Multi Category | Ind | Direct | Growify |,121.43,0.0,20,476,0.0
2026-08-17,Facebook,Conv | Tof | Multi Category | Ind | Direct | Growify |,1782.99,0.0,759,10252,0.0
2026-08-17,Facebook,Conv | Tof | Multi Category | Ind | Direct | Growify |,2631.74,0.0,1106,13161,0.0
2026-08-17,Facebook,Conv | Tof | Multi Category | Ind | Direct | Growify |,0.0,0.0,0,0,0.0
2026-08-17,Facebook,Conv | Tof | Multi Category | Ind | Direct | Growify |,1601.48,0.0,412,4857,0.0
2026-08-17,Facebook,Conv | Tof | Multi Category | Ind | Direct | Growify |,1754.18,0.0,1007,10887,0.0
2026-08-17,Facebook,Conv | Tof | Multi Category | Ind | Direct | Growify |,515.309998,0.0,62,1678,0.0
2026-08-17,Facebook,Conv | Tof | Multi Category | Ind | Direct | Growify |,0.010001,0.0,0,1,0.0
2026-08-17,Facebook,Conv | Tof | Multi Category | Ind | Direct | Growify |,14.25,0.0,28,557,0.0
2026-08-17,Facebook,Conv | Tof | Multi Category | Ind | Direct | Growify | LAL,1756.22,0.0,367,5290,0.0
2026-08-17,Facebook,Conv | Tof | Multi Category | Ind | Direct | Growify | LAL,1080.38,0.0,233,3619,0.0
2026-08-17,Facebook,Conv | Tof | Multi_Category | Ind | Direct | Growify,657.84,0.0,105,1429,0.0
2026-08-17,Facebook,Conv | Tof | Multi_Category | Ind | Direct | Growify,112.33,0.0,13,154,0.0
2026-08-17,Facebook,Conv | Tof | Multi_Category | Ind | Direct | Growify,602.84,0.0,179,2938,0.0
2026-08-17,Facebook,Conv | Tof | Multi_Category | Ind | Direct | Growify,293.98,4165.92,79,755,1.0
2026-08-17,Facebook,Conv | Tof | Multi_Category | Ind | Direct | Growify,697.65,0.0,123,1515,0.0
2026-08-17,Facebook,Conv | Tof | Multi_Category | Ind | Direct | Growify,54.04,0.0,11,152,0.0
2026-08-17,Facebook,Conv | Tof | Multicategory | CA | Direct | Growify,226.6,0.0,14,231,0.0
2026-08-17,Facebook,Conv | Tof | Multicategory | CA | Direct | Growify,645.61,0.0,67,869,0.0
2026-08-17,Facebook,Conv | Tof | Multicategory | CA | Direct | Growify,7.77,0.0,0,9,0.0
2026-08-17,Facebook,Conv | Tof | Multicategory | CA | Direct | Growify,758.731472,0.0,72,1015,0.0
2026-08-17,Facebook,Conv | Tof | Multicategory | CA | Direct | Growify,6.038528,0.0,0,16,0.0
2026-08-17,Facebook,Conv | Tof | Multicategory | INT | Direct | Growify,534.0,0.0,60,695,0.0
2026-08-17,Facebook,Conv | Tof | Multicategory | INT | Direct | Growify,1739.34,0.0,119,2174,0.0
2026-08-17,Facebook,Conv | Tof | Multicategory | INT | Direct | Growify,24.39,0.0,0,29,0.0
2026-08-17,Facebook,Conv | Tof | Multicategory | INT | Direct | Growify,968.68,0.0,65,988,0.0
2026-08-17,Facebook,Conv | Tof | Multicategory | INT | Direct | Growify,1639.69,0.0,52,906,0.0
2026-08-17,Facebook,Conv | Tof | Multicategory | US | Direct | Growify,5148.74,0.0,357,3214,0.0
2026-08-17,Facebook,Conv | Tof | Multicategory | US | Direct | Growify,0.0,0.0,0,0,0.0
2026-08-17,Facebook,Growify | MOF & BOF | Sale | India +intl,4358.01,9570.0,1821,29970,1.0
2026-08-17,Facebook,Growify | MOF & BOF | Sale | India +intl,821.037301,0.0,55,995,0.0
2026-08-17,Facebook,Growify | MOF & BOF | Sale | India +intl,1142.080859,0.0,88,1296,0.0
2026-08-17,Facebook,Growify | MOF & BOF | Sale | India +intl,594.762687,0.0,42,649,0.0
2026-08-17,Facebook,Growify | MOF & BOF | Sale | India +intl,576.159153,0.0,35,370,0.0
2026-08-17,Facebook,Growify | MOF & BOF | Sale | India +intl,1749.05,14490.0,1134,15884,2.0
2026-08-17,Facebook,Growify | MOF & BOF | Sale | India +intl,2091.19,0.0,1513,21669,0.0
2026-08-17,Facebook,Growify | MOF & BOF | Sale | India +intl,840.61,0.0,403,5497,0.0
2026-08-17,Facebook,Growify | MOF & BOF | Sale | India +intl,0.0,0.0,0,0,0.0
2026-08-17,Facebook,Growify | TOF | Sales | India | Open,199.08,0.0,52,804,0.0
2026-08-17,Facebook,Growify | TOF | Sales | India | Open,2491.53,0.0,2208,36579,0.0
2026-08-18,Facebook,Conv | Tof | Multi Category | Ind | Direct | Growify |,3567.16,0.0,6750,88874,0.0
2026-08-18,Facebook,Conv | Tof | Multi Category | Ind | Direct | Growify |,98.67,0.0,41,455,0.0
2026-08-18,Facebook,Conv | Tof | Multi Category | Ind | Direct | Growify |,0.0,0.0,0,0,0.0
2026-08-18,Facebook,Conv | Tof | Multi Category | Ind | Direct | Growify |,22.26,0.0,3,78,0.0
2026-08-18,Facebook,Conv | Tof | Multi Category | Ind | Direct | Growify |,4236.359999,3000.0,243,9314,1.0
2026-08-18,Facebook,Conv | Tof | Multi Category | Ind | Direct | Growify |,48.85,0.0,22,257,0.0
2026-08-18,Facebook,Conv | Tof | Multi Category | Ind | Direct | Growify |,2263.68,0.0,2713,34237,0.0
2026-08-18,Facebook,Conv | Tof | Multi Category | Ind | Direct | Growify |,1659.24,0.0,139,4734,0.0
2026-08-18,Facebook,Conv | Tof | Multi Category | Ind | Direct | Growify |,2120.98,0.0,399,6418,0.0
2026-08-18,Facebook,Conv | Tof | Multi Category | Ind | Direct | Growify |,22.14,0.0,10,89,0.0
2026-08-18,Facebook,Conv | Tof | Multi Category | Ind | Direct | Growify |,1753.07,0.0,274,6768,0.0
2026-08-18,Facebook,Conv | Tof | Multi Category | Ind | Direct | Growify |,2904.22,3000.0,1313,15036,1.0
2026-08-18,Facebook,Conv | Tof | Multi Category | Ind | Direct | Growify |,34.77,0.0,2,72,0.0
2026-08-18,Facebook,Conv | Tof | Multi Category | Ind | Direct | Growify |,67.28,0.0,7,155,0.0
2026-08-18,Facebook,Conv | Tof | Multi Category | Ind | Direct | Growify |,0.11,0.0,0,1,0.0
2026-08-18,Facebook,Conv | Tof | Multi Category | Ind | Direct | Growify |,1760.25,7999.0,232,5095,2.0
2026-08-18,Facebook,Conv | Tof | Multi Category | Ind | Direct | Growify |,0.0,0.0,0,1,0.0
2026-08-18,Facebook,Conv | Tof | Multi Category | Ind | Direct | Growify |,0.0,0.0,0,0,0.0
2026-08-18,Facebook,Conv | Tof | Multi Category | Ind | Direct | Growify | LAL,2008.44,0.0,495,6078,0.0
2026-08-18,Facebook,Conv | Tof | Multi Category | Ind | Direct | Growify | LAL,444.63,0.0,90,958,0.0
2026-08-18,Facebook,Conv | Tof | Multi_Category | Ind | Direct | Growify,591.75,0.0,169,1791,0.0
2026-08-18,Facebook,Conv | Tof | Multi_Category | Ind | Direct | Growify,317.76,0.0,74,892,0.0
2026-08-18,Facebook,Conv | Tof | Multi_Category | Ind | Direct | Growify,326.7,0.0,192,2084,0.0
2026-08-18,Facebook,Conv | Tof | Multi_Category | Ind | Direct | Growify,572.69,6600.0,110,1555,1.0
2026-08-18,Facebook,Conv | Tof | Multi_Category | Ind | Direct | Growify,1258.04,7590.0,212,2580,1.0
2026-08-18,Facebook,Conv | Tof | Multi_Category | Ind | Direct | Growify,71.44,0.0,12,114,0.0
2026-08-18,Facebook,Conv | Tof | Multicategory | CA | Direct | Growify,34.76,0.0,3,22,0.0
2026-08-18,Facebook,Conv | Tof | Multicategory | CA | Direct | Growify,1471.59,0.0,99,1654,0.0
2026-08-18,Facebook,Conv | Tof | Multicategory | CA | Direct | Growify,14.34,0.0,0,21,0.0
2026-08-18,Facebook,Conv | Tof | Multicategory | CA | Direct | Growify,156.26,0.0,13,274,0.0
2026-08-18,Facebook,Conv | Tof | Multicategory | INT | Direct | Growify,107.35,0.0,15,155,0.0
2026-08-18,Facebook,Conv | Tof | Multicategory | INT | Direct | Growify,1792.23,0.0,143,2027,0.0
2026-08-18,Facebook,Conv | Tof | Multicategory | INT | Direct | Growify,2.48,0.0,0,2,0.0
2026-08-18,Facebook,Conv | Tof | Multicategory | INT | Direct | Growify,1017.08,0.0,66,897,0.0
2026-08-18,Facebook,Conv | Tof | Multicategory | INT | Direct | Growify,1207.78,0.0,39,699,0.0
2026-08-18,Facebook,Conv | Tof | Multicategory | US | Direct | Growify,4350.35,0.0,287,2700,0.0
2026-08-18,Facebook,Growify | MOF & BOF | Sale | India +intl,3515.86,26950.0,2090,32393,1.0
2026-08-18,Facebook,Growify | MOF & BOF | Sale | India +intl,778.87,0.0,49,873,0.0
2026-08-18,Facebook,Growify | MOF & BOF | Sale | India +intl,976.08,0.0,76,1049,0.0
2026-08-18,Facebook,Growify | MOF & BOF | Sale | India +intl,318.75,0.0,37,399,0.0
2026-08-18,Facebook,Growify | MOF & BOF | Sale | India +intl,393.95,0.0,18,256,0.0
2026-08-18,Facebook,Growify | MOF & BOF | Sale | India +intl,1550.45,3000.0,951,13140,1.0
2026-08-18,Facebook,Growify | MOF & BOF | Sale | India +intl,1546.49,6000.0,921,13892,1.0
2026-08-18,Facebook,Growify | MOF & BOF | Sale | India +intl,691.12,0.0,328,4264,0.0
2026-08-18,Facebook,Growify | TOF | Sales | India | Open,25.41,0.0,10,128,0.0
2026-08-18,Facebook,Growify | TOF | Sales | India | Open,2477.6,3366.0,2727,46409,1.0
2026-08-19,Facebook,Conv | Tof | Multi Category | Ind | Direct | Growify |,3510.29,1800.0,6821,86497,1.0
2026-08-19,Facebook,Conv | Tof | Multi Category | Ind | Direct | Growify |,92.22,0.0,22,414,0.0
2026-08-19,Facebook,Conv | Tof | Multi Category | Ind | Direct | Growify |,0.0,0.0,0,0,0.0
2026-08-19,Facebook,Conv | Tof | Multi Category | Ind | Direct | Growify |,349.21,0.0,6,609,0.0
2026-08-19,Facebook,Conv | Tof | Multi Category | Ind | Direct | Growify |,4019.76,4999.0,245,10045,1.0
2026-08-19,Facebook,Conv | Tof | Multi Category | Ind | Direct | Growify |,0.14,0.0,0,1,0.0
2026-08-19,Facebook,Conv | Tof | Multi Category | Ind | Direct | Growify |,102.19,0.0,28,263,0.0
2026-08-19,Facebook,Conv | Tof | Multi Category | Ind | Direct | Growify |,377.07,0.0,222,2613,0.0
2026-08-19,Facebook,Conv | Tof | Multi Category | Ind | Direct | Growify |,1942.98,0.0,2804,35209,0.0
2026-08-19,Facebook,Conv | Tof | Multi Category | Ind | Direct | Growify |,1672.82,0.0,203,6400,0.0
2026-08-19,Facebook,Conv | Tof | Multi Category | Ind | Direct | Growify |,2064.51,0.0,264,4865,0.0
2026-08-19,Facebook,Conv | Tof | Multi Category | Ind | Direct | Growify |,378.43,0.0,63,996,0.0
2026-08-19,Facebook,Conv | Tof | Multi Category | Ind | Direct | Growify |,1422.47,4999.0,224,5080,1.0
2026-08-19,Facebook,Conv | Tof | Multi Category | Ind | Direct | Growify |,2742.11,0.0,1396,15694,0.0
2026-08-19,Facebook,Conv | Tof | Multi Category | Ind | Direct | Growify |,33.35,0.0,4,103,0.0
2026-08-19,Facebook,Conv | Tof | Multi Category | Ind | Direct | Growify |,740.33,0.0,128,2021,0.0
2026-08-19,Facebook,Conv | Tof | Multi Category | Ind | Direct | Growify |,1122.77,0.0,130,3055,0.0
2026-08-19,Facebook,Conv | Tof | Multi Category | Ind | Direct | Growify |,0.0,0.0,0,0,0.0
2026-08-19,Facebook,Conv | Tof | Multi Category | Ind | Direct | Growify | LAL,1450.87,9570.0,346,4364,1.0
2026-08-19,Facebook,Conv | Tof | Multi Category | Ind | Direct | Growify | LAL,1499.72,0.0,307,4515,0.0
2026-08-19,Facebook,Conv | Tof | Multi_Category | Ind | Direct | Growify,150.41,0.0,32,465,0.0
2026-08-19,Facebook,Conv | Tof | Multi_Category | Ind | Direct | Growify,548.04,0.0,118,1385,0.0
2026-08-19,Facebook,Conv | Tof | Multi_Category | Ind | Direct | Growify,85.03,0.0,33,461,0.0
2026-08-19,Facebook,Conv | Tof | Multi_Category | Ind | Direct | Growify,689.0,0.0,313,3435,0.0
2026-08-19,Facebook,Conv | Tof | Multi_Category | Ind | Direct | Growify,681.79,0.0,168,1844,0.0
2026-08-19,Facebook,Conv | Tof | Multi_Category | Ind | Direct | Growify,245.46,0.0,47,481,0.0
2026-08-19,Facebook,Conv | Tof | Multicategory | CA | Direct | Growify,4.28,0.0,0,11,0.0
2026-08-19,Facebook,Conv | Tof | Multicategory | CA | Direct | Growify,1386.09,0.0,153,2195,0.0
2026-08-19,Facebook,Conv | Tof | Multicategory | CA | Direct | Growify,9.2,0.0,0,19,0.0
2026-08-19,Facebook,Conv | Tof | Multicategory | CA | Direct | Growify,310.07,0.0,27,562,0.0
2026-08-19,Facebook,Conv | Tof | Multicategory | CA | Direct | Growify,3.12,0.0,0,5,0.0
2026-08-19,Facebook,Conv | Tof | Multicategory | INT | Direct | Growify,444.06,0.0,45,424,0.0
2026-08-19,Facebook,Conv | Tof | Multicategory | INT | Direct | Growify,1671.34,0.0,153,2235,0.0
2026-08-19,Facebook,Conv | Tof | Multicategory | INT | Direct | Growify,821.37,0.0,52,828,0.0
2026-08-19,Facebook,Conv | Tof | Multicategory | INT | Direct | Growify,1527.21,0.0,49,784,0.0
2026-08-19,Facebook,Conv | Tof | Multicategory | US | Direct | Growify,5353.19,21450.0,330,3031,1.0
2026-08-19,Facebook,Growify | MOF & BOF | Sale | India +intl,3885.18,14850.0,2098,31759,1.0
2026-08-19,Facebook,Growify | MOF & BOF | Sale | India +intl,0.0,0.0,0,0,0.0
2026-08-19,Facebook,Growify | MOF & BOF | Sale | India +intl,1022.39,0.0,92,1178,0.0
2026-08-19,Facebook,Growify | MOF & BOF | Sale | India +intl,933.73,0.0,94,1426,0.0
2026-08-19,Facebook,Growify | MOF & BOF | Sale | India +intl,527.57,0.0,40,599,0.0
2026-08-19,Facebook,Growify | MOF & BOF | Sale | India +intl,515.539999,0.0,41,406,0.0
2026-08-19,Facebook,Growify | MOF & BOF | Sale | India +intl,2788.91,3300.0,1706,21792,1.0
2026-08-19,Facebook,Growify | MOF & BOF | Sale | India +intl,2244.79,0.0,1657,19385,0.0
2026-08-19,Facebook,Growify | MOF & BOF | Sale | India +intl,695.13,0.0,345,4008,0.0
2026-08-19,Facebook,Growify | TOF | Sales | India | Open,73.81,0.0,36,495,0.0
2026-08-19,Facebook,Growify | TOF | Sales | India | Open,2332.39,7399.0,2771,35084,2.0
2026-08-20,Facebook,Conv | Tof | Multi Category | Ind | Direct | Growify |,3546.66,19740.0,4049,44069,2.0
2026-08-20,Facebook,Conv | Tof | Multi Category | Ind | Direct | Growify |,10.44,0.0,10,95,0.0
2026-08-20,Facebook,Conv | Tof | Multi Category | Ind | Direct | Growify |,177.35,0.0,5,407,0.0
2026-08-20,Facebook,Conv | Tof | Multi Category | Ind | Direct | Growify |,3381.72,6600.0,187,7348,1.0
2026-08-20,Facebook,Conv | Tof | Multi Category | Ind | Direct | Growify |,46.71,0.0,11,57,0.0
2026-08-20,Facebook,Conv | Tof | Multi Category | Ind | Direct | Growify |,365.22,0.0,179,2321,0.0
2026-08-20,Facebook,Conv | Tof | Multi Category | Ind | Direct | Growify |,1636.82,0.0,2144,25168,0.0
2026-08-20,Facebook,Conv | Tof | Multi Category | Ind | Direct | Growify |,1619.11,0.0,201,8679,0.0
2026-08-20,Facebook,Conv | Tof | Multi Category | Ind | Direct | Growify |,2084.739999,0.0,250,3341,0.0
2026-08-20,Facebook,Conv | Tof | Multi Category | Ind | Direct | Growify |,198.13,0.0,29,313,0.0
2026-08-20,Facebook,Conv | Tof | Multi Category | Ind | Direct | Growify |,1983.57,2400.0,215,3786,1.0
2026-08-20,Facebook,Conv | Tof | Multi Category | Ind | Direct | Growify |,2757.03,0.0,779,9570,0.0
2026-08-20,Facebook,Conv | Tof | Multi Category | Ind | Direct | Growify |,1.79,0.0,0,11,0.0
2026-08-20,Facebook,Conv | Tof | Multi Category | Ind | Direct | Growify |,463.66,0.0,80,928,0.0
2026-08-20,Facebook,Conv | Tof | Multi Category | Ind | Direct | Growify |,1483.77,0.0,157,2932,0.0
2026-08-20,Facebook,Conv | Tof | Multi Category | Ind | Direct | Growify |,0.0,0.0,0,0,0.0
2026-08-20,Facebook,Conv | Tof | Multi Category | Ind | Direct | Growify | LAL,291.29,0.0,76,797,0.0
2026-08-20,Facebook,Conv | Tof | Multi Category | Ind | Direct | Growify | LAL,2316.9,0.0,539,7578,0.0
2026-08-20,Facebook,Conv | Tof | Multi_Category | Ind | Direct | Growify,0.51,0.0,0,2,0.0
2026-08-20,Facebook,Conv | Tof | Multi_Category | Ind | Direct | Growify,694.2,9300.0,106,1198,1.0
2026-08-20,Facebook,Conv | Tof | Multi_Category | Ind | Direct | Growify,0.0,0.0,0,0,0.0
2026-08-20,Facebook,Conv | Tof | Multi_Category | Ind | Direct | Growify,825.09,0.0,333,3045,0.0
2026-08-20,Facebook,Conv | Tof | Multi_Category | Ind | Direct | Growify,1092.65,0.0,218,2321,0.0
2026-08-20,Facebook,Conv | Tof | Multi_Category | Ind | Direct | Growify,30.63,0.0,3,49,0.0
2026-08-20,Facebook,Conv | Tof | Multicategory | CA | Direct | Growify,1429.7,0.0,103,1729,0.0
2026-08-20,Facebook,Conv | Tof | Multicategory | CA | Direct | Growify,7.59,0.0,0,12,0.0
2026-08-20,Facebook,Conv | Tof | Multicategory | CA | Direct | Growify,221.68,0.0,37,402,0.0
2026-08-20,Facebook,Conv | Tof | Multicategory | CA | Direct | Growify,3.29,0.0,0,5,0.0
2026-08-20,Facebook,Conv | Tof | Multicategory | INT | Direct | Growify,175.4,0.0,25,201,0.0
2026-08-20,Facebook,Conv | Tof | Multicategory | INT | Direct | Growify,626.9,0.0,73,585,0.0
2026-08-20,Facebook,Conv | Tof | Multicategory | INT | Direct | Growify,517.07,0.0,50,741,0.0
2026-08-20,Facebook,Conv | Tof | Multicategory | INT | Direct | Growify,1264.85,0.0,113,1608,0.0
2026-08-20,Facebook,Conv | Tof | Multicategory | INT | Direct | Growify,0.07,0.0,0,1,0.0
2026-08-20,Facebook,Conv | Tof | Multicategory | INT | Direct | Growify,1173.67,0.0,123,1064,0.0
2026-08-20,Facebook,Conv | Tof | Multicategory | INT | Direct | Growify,935.49,0.0,40,502,0.0
2026-08-20,Facebook,Conv | Tof | Multicategory | US | Direct | Growify,0.0,0.0,0,0,0.0
2026-08-20,Facebook,Conv | Tof | Multicategory | US | Direct | Growify,4806.16,0.0,224,2695,0.0
2026-08-20,Facebook,Growify | MOF & BOF | Sale | India +intl,3342.25,3366.0,1528,22046,1.0
2026-08-20,Facebook,Growify | MOF & BOF | Sale | India +intl,968.95,0.0,103,931,0.0
2026-08-20,Facebook,Growify | MOF & BOF | Sale | India +intl,1002.57,0.0,116,1151,0.0
2026-08-20,Facebook,Growify | MOF & BOF | Sale | India +intl,380.14,0.0,21,417,0.0
2026-08-20,Facebook,Growify | MOF & BOF | Sale | India +intl,741.92,0.0,22,398,0.0
2026-08-20,Facebook,Growify | MOF & BOF | Sale | India +intl,2205.11,4999.0,1271,14564,1.0
2026-08-20,Facebook,Growify | MOF & BOF | Sale | India +intl,1657.56,0.0,1206,14102,0.0
2026-08-20,Facebook,Growify | MOF & BOF | Sale | India +intl,514.64,6366.0,228,2877,1.0
2026-08-20,Facebook,Growify | TOF | Sales | India | Open,16.219999,0.0,6,146,0.0
2026-08-20,Facebook,Growify | TOF | Sales | India | Open,2519.29,7500.0,3092,36551,1.0
2026-08-21,Facebook,Conv | Tof | Multi Category | Ind | Direct | Growify |,3357.0,0.0,4444,49932,0.0
2026-08-21,Facebook,Conv | Tof | Multi Category | Ind | Direct | Growify |,4.48,0.0,0,19,0.0
2026-08-21,Facebook,Conv | Tof | Multi Category | Ind | Direct | Growify |,0.0,0.0,0,0,0.0
2026-08-21,Facebook,Conv | Tof | Multi Category | Ind | Direct | Growify |,12.97,0.0,1,31,0.0
2026-08-21,Facebook,Conv | Tof | Multi Category | Ind | Direct | Growify |,3608.87,4999.0,232,9211,1.0
2026-08-21,Facebook,Conv | Tof | Multi Category | Ind | Direct | Growify |,2394.17,0.0,915,8257,0.0
2026-08-21,Facebook,Conv | Tof | Multi Category | Ind | Direct | Growify |,88.7,0.0,4,57,0.0
2026-08-21,Facebook,Conv | Tof | Multi Category | Ind | Direct | Growify |,50.49,0.0,42,433,0.0
2026-08-21,Facebook,Conv | Tof | Multi Category | Ind | Direct | Growify |,476.37,9570.0,454,5554,1.0
2026-08-21,Facebook,Conv | Tof | Multi Category | Ind | Direct | Growify |,1248.46,0.0,85,1554,0.0
2026-08-21,Facebook,Conv | Tof | Multi Category | Ind | Direct | Growify |,615.32,0.0,83,4030,0.0
2026-08-21,Facebook,Conv | Tof | Multi Category | Ind | Direct | Growify |,2096.15,0.0,289,4679,0.0
2026-08-21,Facebook,Conv | Tof | Multi Category | Ind | Direct | Growify |,38.84,0.0,8,112,0.0
2026-08-21,Facebook,Conv | Tof | Multi Category | Ind | Direct | Growify |,3000.35,13470.0,362,7527,3.0
2026-08-21,Facebook,Conv | Tof | Multi Category | Ind | Direct | Growify |,837.6,0.0,226,2440,0.0
2026-08-21,Facebook,Conv | Tof | Multi Category | Ind | Direct | Growify |,0.0,0.0,0,0,0.0
2026-08-21,Facebook,Conv | Tof | Multi Category | Ind | Direct | Growify |,34.24,0.0,4,89,0.0
2026-08-21,Facebook,Conv | Tof | Multi Category | Ind | Direct | Growify |,2113.07,0.0,299,5078,0.0
2026-08-21,Facebook,Conv | Tof | Multi Category | Ind | Direct | Growify | LAL,10.37,0.0,1,39,0.0
2026-08-21,Facebook,Conv | Tof | Multi Category | Ind | Direct | Growify | LAL,2077.53,0.0,472,5921,0.0
2026-08-21,Facebook,Conv | Tof | Multi_Category | Ind | Direct | Growify,0.0,0.0,0,0,0.0
2026-08-21,Facebook,Conv | Tof | Multi_Category | Ind | Direct | Growify,115.98,0.0,8,280,0.0
2026-08-21,Facebook,Conv | Tof | Multi_Category | Ind | Direct | Growify,0.0,0.0,0,0,0.0
2026-08-21,Facebook,Conv | Tof | Multi_Category | Ind | Direct | Growify,2.53,0.0,1,6,0.0
2026-08-21,Facebook,Conv | Tof | Multi_Category | Ind | Direct | Growify,1010.91,0.0,565,4031,0.0
2026-08-21,Facebook,Conv | Tof | Multi_Category | Ind | Direct | Growify,271.61,0.0,51,660,0.0
2026-08-21,Facebook,Conv | Tof | Multi_Category | Ind | Direct | Growify,6.36,0.0,2,19,0.0
2026-08-21,Facebook,Conv | Tof | Multi_Category | Ind | Direct | Growify,503.06,0.0,16,909,0.0
2026-08-21,Facebook,Conv | Tof | Multicategory | CA | Direct | Growify,688.6,0.0,34,735,0.0
2026-08-21,Facebook,Conv | Tof | Multicategory | CA | Direct | Growify,77.38,0.0,2,61,0.0
2026-08-21,Facebook,Conv | Tof | Multicategory | INT | Direct | Growify,278.23,0.0,31,258,0.0
2026-08-21,Facebook,Conv | Tof | Multicategory | INT | Direct | Growify,2480.24,0.0,274,2590,0.0
2026-08-21,Facebook,Conv | Tof | Multicategory | INT | Direct | Growify,371.94,0.0,32,399,0.0
2026-08-21,Facebook,Conv | Tof | Multicategory | INT | Direct | Growify,1258.73,0.0,111,1393,0.0
2026-08-21,Facebook,Conv | Tof | Multicategory | INT | Direct | Growify,0.0,0.0,0,0,0.0
2026-08-21,Facebook,Conv | Tof | Multicategory | INT | Direct | Growify,1601.81,0.0,160,1566,0.0
2026-08-21,Facebook,Conv | Tof | Multicategory | INT | Direct | Growify,0.0,0.0,0,0,0.0
2026-08-21,Facebook,Conv | Tof | Multicategory | US | Direct | Growify,5496.5,77355.0,364,3416,2.0
2026-08-21,Facebook,Growify | MOF & BOF | Sale | India +intl,3250.45,21186.0,1121,17585,3.0
2026-08-21,Facebook,Growify | MOF & BOF | Sale | India +intl,653.2,0.0,62,599,0.0
2026-08-21,Facebook,Growify | MOF & BOF | Sale | India +intl,1103.75,0.0,81,1136,0.0
2026-08-21,Facebook,Growify | MOF & BOF | Sale | India +intl,313.52,0.0,27,255,0.0
2026-08-21,Facebook,Growify | MOF & BOF | Sale | India +intl,810.38,0.0,23,322,0.0
2026-08-21,Facebook,Growify | MOF & BOF | Sale | India +intl,1577.05,0.0,844,10279,0.0
2026-08-21,Facebook,Growify | MOF & BOF | Sale | India +intl,1557.44,4200.0,1012,10753,1.0
2026-08-21,Facebook,Growify | MOF & BOF | Sale | India +intl,240.11,0.0,122,1419,0.0
2026-08-21,Facebook,Growify | TOF | Sales | India | Open,0.29,0.0,1,3,0.0
2026-08-21,Facebook,Growify | TOF | Sales | India | Open,2126.96,1800.0,2229,29913,1.0
2026-08-22,Facebook,Conv | Tof | Multi Category | Ind | Direct | Growify |,2498.11,4999.0,3031,29933,1.0
2026-08-22,Facebook,Conv | Tof | Multi Category | Ind | Direct | Growify |,0.0,0.0,0,0,0.0
2026-08-22,Facebook,Conv | Tof | Multi Category | Ind | Direct | Growify |,176.45,0.0,6,319,0.0
2026-08-22,Facebook,Conv | Tof | Multi Category | Ind | Direct | Growify |,2977.8,4165.92,176,6716,1.0
2026-08-22,Facebook,Conv | Tof | Multi Category | Ind | Direct | Growify |,2039.51,0.0,748,6954,0.0
2026-08-22,Facebook,Conv | Tof | Multi Category | Ind | Direct | Growify |,0.0,0.0,0,0,0.0
2026-08-22,Facebook,Conv | Tof | Multi Category | Ind | Direct | Growify |,1713.61,0.0,146,2068,0.0
2026-08-22,Facebook,Conv | Tof | Multi Category | Ind | Direct | Growify |,2.56,0.0,1,20,0.0
2026-08-22,Facebook,Conv | Tof | Multi Category | Ind | Direct | Growify |,2037.1,9900.0,271,4522,1.0
2026-08-22,Facebook,Conv | Tof | Multi Category | Ind | Direct | Growify |,159.31,0.0,21,324,0.0
2026-08-22,Facebook,Conv | Tof | Multi Category | Ind | Direct | Growify |,1882.1,0.0,178,3168,0.0
2026-08-22,Facebook,Conv | Tof | Multi Category | Ind | Direct | Growify |,0.0,0.0,0,0,0.0
2026-08-22,Facebook,Conv | Tof | Multi Category | Ind | Direct | Growify |,0.0,0.0,0,0,0.0
2026-08-22,Facebook,Conv | Tof | Multi Category | Ind | Direct | Growify |,182.38,0.0,35,363,0.0
2026-08-22,Facebook,Conv | Tof | Multi Category | Ind | Direct | Growify |,1857.57,0.0,217,3702,0.0
2026-08-22,Facebook,Conv | Tof | Multi Category | Ind | Direct | Growify | LAL,300.5,0.0,67,669,0.0
2026-08-22,Facebook,Conv | Tof | Multi Category | Ind | Direct | Growify | LAL,2109.62,0.0,447,5613,0.0
2026-08-22,Facebook,Conv | Tof | Multi_Category | Ind | Direct | Growify,0.0,0.0,0,0,0.0
2026-08-22,Facebook,Conv | Tof | Multi_Category | Ind | Direct | Growify,0.0,0.0,0,0,0.0
2026-08-22,Facebook,Conv | Tof | Multi_Category | Ind | Direct | Growify,0.01,0.0,0,1,0.0
2026-08-22,Facebook,Conv | Tof | Multi_Category | Ind | Direct | Growify,813.23,9500.0,533,3384,1.0
2026-08-22,Facebook,Conv | Tof | Multi_Category | Ind | Direct | Growify,888.54,0.0,30,1539,0.0
2026-08-22,Facebook,Conv | Tof | Multicategory | CA | Direct | Growify,0.0,0.0,0,0,0.0
2026-08-22,Facebook,Conv | Tof | Multicategory | INT | Direct | Growify,252.47,0.0,23,249,0.0
2026-08-22,Facebook,Conv | Tof | Multicategory | INT | Direct | Growify,1998.47,0.0,285,2372,0.0
2026-08-22,Facebook,Conv | Tof | Multicategory | INT | Direct | Growify,838.43,0.0,109,1042,0.0
2026-08-22,Facebook,Conv | Tof | Multicategory | INT | Direct | Growify,697.91,0.0,45,780,0.0
2026-08-22,Facebook,Conv | Tof | Multicategory | INT | Direct | Growify,1720.94,0.0,152,1479,0.0
2026-08-22,Facebook,Conv | Tof | Multicategory | INT | Direct | Growify,0.0,0.0,0,0,0.0
2026-08-22,Facebook,Conv | Tof | Multicategory | INT | Direct | Growify,0.0,0.0,0,0,0.0
2026-08-22,Facebook,Conv | Tof | Multicategory | US | Direct | Growify,5956.33,0.0,388,3329,0.0
2026-08-22,Facebook,Growify | MOF & BOF | Sale | India +intl,2897.64,0.0,986,13137,0.0
2026-08-22,Facebook,Growify | MOF & BOF | Sale | India +intl,603.77,0.0,66,631,0.0
2026-08-22,Facebook,Growify | MOF & BOF | Sale | India +intl,827.09,0.0,54,1025,0.0
2026-08-22,Facebook,Growify | MOF & BOF | Sale | India +intl,249.52,0.0,40,262,0.0
2026-08-22,Facebook,Growify | MOF & BOF | Sale | India +intl,490.79,0.0,31,235,0.0
2026-08-22,Facebook,Growify | MOF & BOF | Sale | India +intl,0.0,6000.0,0,0,1.0
2026-08-22,Facebook,Growify | MOF & BOF | Sale | India +intl,1083.09,0.0,474,5035,0.0
2026-08-22,Facebook,Growify | MOF & BOF | Sale | India +intl,0.0,0.0,0,0,0.0
2026-08-22,Facebook,Growify | MOF & BOF | Sale | India +intl,1875.78,0.0,692,8182,0.0
2026-08-22,Facebook,Growify | MOF & BOF | Sale | India +intl,300.26,0.0,97,901,0.0
2026-08-22,Facebook,Growify | TOF | Sales | India | Open,3.86,0.0,0,27,0.0
2026-08-22,Facebook,Growify | TOF | Sales | India | Open,2303.39,41669.1,2228,26568,2.0
2026-08-23,Facebook,Conv | Tof | Multi Category | Ind | Direct | Growify |,3115.52,2400.0,3159,30974,1.0
2026-08-23,Facebook,Conv | Tof | Multi Category | Ind | Direct | Growify |,12.3,0.0,8,79,0.0
2026-08-23,Facebook,Conv | Tof | Multi Category | Ind | Direct | Growify |,384.78,0.0,21,789,0.0
2026-08-23,Facebook,Conv | Tof | Multi Category | Ind | Direct | Growify |,3261.6,0.0,203,7937,0.0
2026-08-23,Facebook,Conv | Tof | Multi Category | Ind | Direct | Growify |,2507.38,0.0,1311,11178,0.0
2026-08-23,Facebook,Conv | Tof | Multi Category | Ind | Direct | Growify |,0.0,0.0,0,0,0.0
2026-08-23,Facebook,Conv | Tof | Multi Category | Ind | Direct | Growify |,2424.92,0.0,225,3646,0.0
2026-08-23,Facebook,Conv | Tof | Multi Category | Ind | Direct | Growify |,12.64,0.0,2,28,0.0
2026-08-23,Facebook,Conv | Tof | Multi Category | Ind | Direct | Growify |,2415.47,0.0,325,4935,0.0
2026-08-23,Facebook,Conv | Tof | Multi Category | Ind | Direct | Growify |,336.56,0.0,71,738,0.0
2026-08-23,Facebook,Conv | Tof | Multi Category | Ind | Direct | Growify |,2114.159999,0.0,261,5227,0.0
2026-08-23,Facebook,Conv | Tof | Multi Category | Ind | Direct | Growify |,0.0,4800.0,0,0,1.0
2026-08-23,Facebook,Conv | Tof | Multi Category | Ind | Direct | Growify |,0.0,0.0,0,0,0.0
2026-08-23,Facebook,Conv | Tof | Multi Category | Ind | Direct | Growify |,180.69,0.0,32,438,0.0
2026-08-23,Facebook,Conv | Tof | Multi Category | Ind | Direct | Growify |,2205.25,9740.5,254,4223,1.0
2026-08-23,Facebook,Conv | Tof | Multi Category | Ind | Direct | Growify | LAL,706.06,0.0,142,1385,0.0
2026-08-23,Facebook,Conv | Tof | Multi Category | Ind | Direct | Growify | LAL,1907.96,4999.0,360,4465,1.0
2026-08-23,Facebook,Conv | Tof | Multi_Category | Ind | Direct | Growify,23.26,0.0,8,96,0.0
2026-08-23,Facebook,Conv | Tof | Multi_Category | Ind | Direct | Growify,1220.97,37950.0,845,5675,1.0
2026-08-23,Facebook,Conv | Tof | Multi_Category | Ind | Direct | Growify,1099.2,0.0,48,2286,0.0
2026-08-23,Facebook,Conv | Tof | Multicategory | CA | Direct | Growify,0.0,0.0,0,0,0.0
2026-08-23,Facebook,Conv | Tof | Multicategory | INT | Direct | Growify,673.17,0.0,55,674,0.0
2026-08-23,Facebook,Conv | Tof | Multicategory | INT | Direct | Growify,1745.57,0.0,226,2004,0.0
2026-08-23,Facebook,Conv | Tof | Multicategory | INT | Direct | Growify,1413.61,0.0,168,1751,0.0
2026-08-23,Facebook,Conv | Tof | Multicategory | INT | Direct | Growify,511.83,0.0,38,577,0.0
2026-08-23,Facebook,Conv | Tof | Multicategory | INT | Direct | Growify,1795.74,0.0,191,1712,0.0
2026-08-23,Facebook,Conv | Tof | Multicategory | US | Direct | Growify,6744.96,0.0,507,3914,0.0
2026-08-23,Facebook,Growify | MOF & BOF | Sale | India +intl,3444.37,15510.0,1024,15768,2.0
2026-08-23,Facebook,Growify | MOF & BOF | Sale | India +intl,600.53,0.0,54,750,0.0
2026-08-23,Facebook,Growify | MOF & BOF | Sale | India +intl,1216.61,0.0,143,1525,0.0
2026-08-23,Facebook,Growify | MOF & BOF | Sale | India +intl,382.5,0.0,35,322,0.0
2026-08-23,Facebook,Growify | MOF & BOF | Sale | India +intl,729.73,0.0,38,467,0.0
2026-08-23,Facebook,Growify | MOF & BOF | Sale | India +intl,399.25,0.0,185,2258,0.0
2026-08-23,Facebook,Growify | MOF & BOF | Sale | India +intl,1129.94,14250.0,522,6244,2.0
2026-08-23,Facebook,Growify | MOF & BOF | Sale | India +intl,660.03,0.0,163,1926,0.0
2026-08-23,Facebook,Growify | TOF | Sales | India | Open,35.93,0.0,7,178,0.0
2026-08-23,Facebook,Growify | TOF | Sales | India | Open,2367.26,10500.0,2012,22642,1.0
2026-08-24,Facebook,Conv | Tof | Multi Category | Ind | Direct | Growify |,2970.77,1800.0,2285,20079,1.0
2026-08-24,Facebook,Conv | Tof | Multi Category | Ind | Direct | Growify |,0.71,0.0,0,12,0.0
2026-08-24,Facebook,Conv | Tof | Multi Category | Ind | Direct | Growify |,511.68,0.0,39,1038,0.0
2026-08-24,Facebook,Conv | Tof | Multi Category | Ind | Direct | Growify |,2147.32,3630.0,119,5188,1.0
2026-08-24,Facebook,Conv | Tof | Multi Category | Ind | Direct | Growify |,2306.96,0.0,1353,12197,0.0
2026-08-24,Facebook,Conv | Tof | Multi Category | Ind | Direct | Growify |,0.0,0.0,0,0,0.0
2026-08-24,Facebook,Conv | Tof | Multi Category | Ind | Direct | Growify |,0.0,0.0,0,0,0.0
2026-08-24,Facebook,Conv | Tof | Multi Category | Ind | Direct | Growify |,498.55,0.0,39,836,0.0
2026-08-24,Facebook,Conv | Tof | Multi Category | Ind | Direct | Growify |,0.0,0.0,0,0,0.0
2026-08-24,Facebook,Conv | Tof | Multi Category | Ind | Direct | Growify |,1894.19,0.0,274,4641,0.0
2026-08-24,Facebook,Conv | Tof | Multi Category | Ind | Direct | Growify |,393.14,0.0,83,1261,0.0
2026-08-24,Facebook,Conv | Tof | Multi Category | Ind | Direct | Growify |,1950.1,0.0,259,5142,0.0
2026-08-24,Facebook,Conv | Tof | Multi Category | Ind | Direct | Growify |,0.0,0.0,0,0,0.0
2026-08-24,Facebook,Conv | Tof | Multi Category | Ind | Direct | Growify |,305.08,0.0,70,880,0.0
2026-08-24,Facebook,Conv | Tof | Multi Category | Ind | Direct | Growify |,1719.11,0.0,197,3971,0.0
2026-08-24,Facebook,Conv | Tof | Multi Category | Ind | Direct | Growify | LAL,447.89,0.0,82,968,0.0
2026-08-24,Facebook,Conv | Tof | Multi Category | Ind | Direct | Growify | LAL,1692.28,86350.0,258,4571,1.0
2026-08-24,Facebook,Conv | Tof | Multi_Category | Ind | Direct | Growify,11.66,0.0,0,90,0.0
2026-08-24,Facebook,Conv | Tof | Multi_Category | Ind | Direct | Growify,1083.52,0.0,980,5887,0.0
2026-08-24,Facebook,Conv | Tof | Multi_Category | Ind | Direct | Growify,0.0,0.0,0,0,0.0
2026-08-24,Facebook,Conv | Tof | Multi_Category | Ind | Direct | Growify,1039.369999,0.0,40,2148,0.0
2026-08-24,Facebook,Conv | Tof | Multicategory | CA | Direct | Growify,0.0,0.0,0,0,0.0
2026-08-24,Facebook,Conv | Tof | Multicategory | INT | Direct | Growify,108.23,0.0,3,53,0.0
2026-08-24,Facebook,Conv | Tof | Multicategory | INT | Direct | Growify,734.37,0.0,65,730,0.0
2026-08-24,Facebook,Conv | Tof | Multicategory | INT | Direct | Growify,863.85,0.0,100,1127,0.0
2026-08-24,Facebook,Conv | Tof | Multicategory | INT | Direct | Growify,102.14,0.0,5,123,0.0
2026-08-24,Facebook,Conv | Tof | Multicategory | INT | Direct | Growify,1552.78,0.0,134,1569,0.0
2026-08-24,Facebook,Conv | Tof | Multicategory | INT | Direct | Growify,0.0,0.0,0,0,0.0
2026-08-24,Facebook,Conv | Tof | Multicategory | US | Direct | Growify,4084.48,0.0,206,1990,0.0
2026-08-24,Facebook,Growify | MOF & BOF | Sale | India +intl,2893.55,17929.0,886,14395,3.0
2026-08-24,Facebook,Growify | MOF & BOF | Sale | India +intl,640.57,0.0,31,417,0.0
2026-08-24,Facebook,Growify | MOF & BOF | Sale | India +intl,1059.46,0.0,87,1083,0.0
2026-08-24,Facebook,Growify | MOF & BOF | Sale | India +intl,160.88,0.0,10,143,0.0
2026-08-24,Facebook,Growify | MOF & BOF | Sale | India +intl,362.72,0.0,16,284,0.0
2026-08-24,Facebook,Growify | MOF & BOF | Sale | India +intl,174.94,0.0,52,798,0.0
2026-08-24,Facebook,Growify | MOF & BOF | Sale | India +intl,177.33,0.0,90,985,0.0
2026-08-24,Facebook,Growify | MOF & BOF | Sale | India +intl,41.99,0.0,26,284,0.0
2026-08-24,Facebook,Growify | TOF | Sales | India | Open,74.08,0.0,42,321,0.0
2026-08-24,Facebook,Growify | TOF | Sales | India | Open,1957.54,28200.0,1394,15394,3.0
2026-08-25,Facebook,Conv | Tof | Multi Category | Ind | Direct | Growify |,2704.27,0.0,2729,22116,0.0
2026-08-25,Facebook,Conv | Tof | Multi Category | Ind | Direct | Growify |,0.18,0.0,0,5,0.0
2026-08-25,Facebook,Conv | Tof | Multi Category | Ind | Direct | Growify |,400.38,0.0,26,971,0.0
2026-08-25,Facebook,Conv | Tof | Multi Category | Ind | Direct | Growify |,2178.39,2400.0,146,5782,1.0
2026-08-25,Facebook,Conv | Tof | Multi Category | Ind | Direct | Growify |,2314.88,0.0,1847,15638,0.0
2026-08-25,Facebook,Conv | Tof | Multi Category | Ind | Direct | Growify |,0.0,0.0,0,0,0.0
2026-08-25,Facebook,Conv | Tof | Multi Category | Ind | Direct | Growify |,0.0,0.0,0,0,0.0
2026-08-25,Facebook,Conv | Tof | Multi Category | Ind | Direct | Growify |,1676.34,3960.0,285,4682,1.0
2026-08-25,Facebook,Conv | Tof | Multi Category | Ind | Direct | Growify |,181.16,0.0,61,786,0.0
2026-08-25,Facebook,Conv | Tof | Multi Category | Ind | Direct | Growify |,1940.94,0.0,322,6589,0.0
2026-08-25,Facebook,Conv | Tof | Multi Category | Ind | Direct | Growify |,0.0,0.0,0,0,0.0
2026-08-25,Facebook,Conv | Tof | Multi Category | Ind | Direct | Growify |,152.34,0.0,36,466,0.0
2026-08-25,Facebook,Conv | Tof | Multi Category | Ind | Direct | Growify |,1553.01,0.0,172,4179,0.0
2026-08-25,Facebook,Conv | Tof | Multi Category | Ind | Direct | Growify | LAL,209.19,0.0,54,686,0.0
2026-08-25,Facebook,Conv | Tof | Multi Category | Ind | Direct | Growify | LAL,1819.41,0.0,337,5388,0.0
2026-08-25,Facebook,Conv | Tof | Multi_Category | Ind | Direct | Growify,867.14,2400.0,1074,6169,1.0
2026-08-25,Facebook,Conv | Tof | Multi_Category | Ind | Direct | Growify,1031.48,0.0,23,1566,0.0
2026-08-25,Facebook,Conv | Tof | Multicategory | CA | Direct | Growify,0.0,0.0,0,0,0.0
2026-08-25,Facebook,Conv | Tof | Multicategory | INT | Direct | Growify,0.0,0.0,0,0,0.0
2026-08-25,Facebook,Conv | Tof | Multicategory | INT | Direct | Growify,0.0,0.0,0,0,0.0
2026-08-25,Facebook,Conv | Tof | Multicategory | INT | Direct | Growify,0.0,0.0,0,0,0.0
2026-08-25,Facebook,Conv | Tof | Multicategory | INT | Direct | Growify,1885.92,0.0,146,1686,0.0
2026-08-25,Facebook,Conv | Tof | Multicategory | US | Direct | Growify,4004.28,27580.0,220,1836,1.0
2026-08-25,Facebook,Growify | MOF & BOF | Sale | India +intl,2412.23,0.0,1030,14803,0.0
2026-08-25,Facebook,Growify | MOF & BOF | Sale | India +intl,566.76,0.0,37,501,0.0
2026-08-25,Facebook,Growify | MOF & BOF | Sale | India +intl,747.06,0.0,78,976,0.0
2026-08-25,Facebook,Growify | MOF & BOF | Sale | India +intl,56.82,0.0,4,95,0.0
2026-08-25,Facebook,Growify | MOF & BOF | Sale | India +intl,0.0,0.0,0,0,0.0
2026-08-25,Facebook,Growify | MOF & BOF | Sale | India +intl,300.32,0.0,18,113,0.0
2026-08-25,Facebook,Growify | MOF & BOF | Sale | India +intl,0.0,0.0,0,0,0.0
2026-08-25,Facebook,Growify | MOF & BOF | Sale | India +intl,105.42,0.0,58,797,0.0
2026-08-25,Facebook,Growify | MOF & BOF | Sale | India +intl,152.65,0.0,79,1088,0.0
2026-08-25,Facebook,Growify | MOF & BOF | Sale | India +intl,8.98,0.0,0,44,0.0
2026-08-25,Facebook,Growify | TOF | Sales | India | Open,55.02,0.0,16,187,0.0
2026-08-25,Facebook,Growify | TOF | Sales | India | Open,1843.39,0.0,1506,16517,0.0
2026-08-26,Facebook,Conv | Tof | Multi Category | Ind | Direct | Growify |,2832.37,0.0,4503,41400,0.0
2026-08-26,Facebook,Conv | Tof | Multi Category | Ind | Direct | Growify |,13.08,0.0,13,125,0.0
2026-08-26,Facebook,Conv | Tof | Multi Category | Ind | Direct | Growify |,526.52,0.0,23,1111,0.0
2026-08-26,Facebook,Conv | Tof | Multi Category | Ind | Direct | Growify |,2262.43,9726.0,150,6529,2.0
2026-08-26,Facebook,Conv | Tof | Multi Category | Ind | Direct | Growify |,1333.07,0.0,1269,11483,0.0
2026-08-26,Facebook,Conv | Tof | Multi Category | Ind | Direct | Growify |,634.4,0.0,391,6290,0.0
2026-08-26,Facebook,Conv | Tof | Multi Category | Ind | Direct | Growify |,0.0,0.0,0,0,0.0
2026-08-26,Facebook,Conv | Tof | Multi Category | Ind | Direct | Growify |,0.0,0.0,0,0,0.0
2026-08-26,Facebook,Conv | Tof | Multi Category | Ind | Direct | Growify |,800.35,0.0,196,3039,0.0
2026-08-26,Facebook,Conv | Tof | Multi Category | Ind | Direct | Growify |,1008.93,0.0,259,3298,0.0
2026-08-26,Facebook,Conv | Tof | Multi Category | Ind | Direct | Growify |,224.92,0.0,116,1382,0.0
2026-08-26,Facebook,Conv | Tof | Multi Category | Ind | Direct | Growify |,1853.06,0.0,448,9858,0.0
2026-08-26,Facebook,Conv | Tof | Multi Category | Ind | Direct | Growify |,0.0,0.0,0,0,0.0
2026-08-26,Facebook,Conv | Tof | Multi Category | Ind | Direct | Growify |,131.82,0.0,35,624,0.0
2026-08-26,Facebook,Conv | Tof | Multi Category | Ind | Direct | Growify |,1501.81,1800.0,275,5461,1.0
2026-08-26,Facebook,Conv | Tof | Multi Category | Ind | Direct | Growify | LAL,240.84,0.0,43,541,0.0
2026-08-26,Facebook,Conv | Tof | Multi Category | Ind | Direct | Growify | LAL,1787.78,0.0,332,4493,0.0
2026-08-26,Facebook,Conv | Tof | Multi_Category | Ind | Direct | Growify,25.75,0.0,5,81,0.0
2026-08-26,Facebook,Conv | Tof | Multi_Category | Ind | Direct | Growify,944.48,0.0,1160,6482,0.0
2026-08-26,Facebook,Conv | Tof | Multi_Category | Ind | Direct | Growify,1013.96,0.0,35,1274,0.0
2026-08-26,Facebook,Conv | Tof | Multicategory | INT | Direct | Growify,0.0,0.0,0,0,0.0
2026-08-26,Facebook,Conv | Tof | Multicategory | INT | Direct | Growify,0.0,0.0,0,0,0.0
2026-08-26,Facebook,Conv | Tof | Multicategory | INT | Direct | Growify,615.49,0.0,62,551,0.0
2026-08-26,Facebook,Conv | Tof | Multicategory | US | Direct | Growify,4128.74,0.0,267,2204,0.0
2026-08-26,Facebook,Conv | Tof | Multicategory | US | Direct | Growify,630.57,0.0,10,276,0.0
2026-08-26,Facebook,Growify | MOF & BOF | Sale | India +intl,1534.22,20689.0,781,10535,3.0
2026-08-26,Facebook,Growify | MOF & BOF | Sale | India +intl,0.0,0.0,0,0,0.0
2026-08-26,Facebook,Growify | MOF & BOF | Sale | India +intl,17.22,0.0,2,76,0.0
2026-08-26,Facebook,Growify | MOF & BOF | Sale | India +intl,1776.71,0.0,292,5960,0.0
2026-08-26,Facebook,Growify | MOF & BOF | Sale | India +intl,273.98,0.0,24,225,0.0
2026-08-26,Facebook,Growify | MOF & BOF | Sale | India +intl,543.61,0.0,38,518,0.0
2026-08-26,Facebook,Growify | MOF & BOF | Sale | India +intl,148.11,0.0,9,129,0.0
2026-08-26,Facebook,Growify | MOF & BOF | Sale | India +intl,670.44,0.0,14,177,0.0
2026-08-26,Facebook,Growify | MOF & BOF | Sale | India +intl,0.0,0.0,0,0,0.0
2026-08-26,Facebook,Growify | MOF & BOF | Sale | India +intl,122.84,0.0,10,128,0.0
2026-08-26,Facebook,Growify | MOF & BOF | Sale | India +intl,45.5,0.0,21,65,0.0
2026-08-26,Facebook,Growify | MOF & BOF | Sale | India +intl,22.58,0.0,0,32,0.0
2026-08-26,Facebook,Growify | MOF & BOF | Sale | India +intl,51.84,0.0,4,30,0.0
2026-08-26,Facebook,Growify | MOF & BOF | Sale | India +intl,284.44,0.0,14,262,0.0
2026-08-26,Facebook,Growify | MOF & BOF | Sale | India +intl,715.62,0.0,59,669,0.0
2026-08-26,Facebook,Growify | MOF & BOF | Sale | India +intl,33.159999,0.0,2,45,0.0
2026-08-26,Facebook,Growify | MOF & BOF | Sale | India +intl,143.07,0.0,10,92,0.0
2026-08-26,Facebook,Growify | MOF & BOF | Sale | India +intl,19.66,0.0,0,3,0.0
2026-08-26,Facebook,Growify | MOF & BOF | Sale | India +intl,7.87,0.0,0,11,0.0
2026-08-26,Facebook,Growify | MOF & BOF | Sale | India +intl,5.49,0.0,0,2,0.0
2026-08-26,Facebook,Growify | MOF & BOF | Sale | India +intl,120.63,0.0,5,113,0.0
2026-08-26,Facebook,Growify | MOF & BOF | Sale | India +intl,155.32,0.0,14,182,0.0
2026-08-26,Facebook,Growify | MOF & BOF | Sale | India +intl,80.11,0.0,2,63,0.0
2026-08-26,Facebook,Growify | MOF & BOF | Sale | India +intl,96.32,0.0,3,49,0.0
2026-08-26,Facebook,Growify | MOF & BOF | Sale | India +intl,0.0,0.0,0,0,0.0
2026-08-26,Facebook,Growify | MOF & BOF | Sale | India +intl,206.42,0.0,18,218,0.0
2026-08-26,Facebook,Growify | MOF & BOF | Sale | India +intl,261.56,0.0,14,271,0.0
2026-08-26,Facebook,Growify | MOF & BOF | Sale | India +intl,103.46,0.0,9,63,0.0
2026-08-26,Facebook,Growify | MOF & BOF | Sale | India +intl,99.93,0.0,3,53,0.0
2026-08-26,Facebook,Growify | MOF & BOF | Sale | India +intl,39.56,0.0,23,296,0.0
2026-08-26,Facebook,Growify | MOF & BOF | Sale | India +intl,575.98,13249.0,459,4584,1.0
2026-08-26,Facebook,Growify | MOF & BOF | Sale | India +intl,62.37,0.0,26,262,0.0
2026-08-26,Facebook,Growify | TOF | Sales | India | Open,14.91,0.0,9,97,0.0
2026-08-26,Facebook,Growify | TOF | Sales | India | Open,1518.68,0.0,1886,22162,0.0
2026-08-27,Facebook,Conv | Tof | Multi Category | Ind | Direct | Growify |,859.42,0.0,1238,12114,0.0
2026-08-27,Facebook,Conv | Tof | Multi Category | Ind | Direct | Growify |,94.65,0.0,1,118,0.0
2026-08-27,Facebook,Conv | Tof | Multi Category | Ind | Direct | Growify |,1060.88,4999.0,65,2514,1.0
2026-08-27,Facebook,Conv | Tof | Multi Category | Ind | Direct | Growify |,0.0,0.0,0,0,0.0
2026-08-27,Facebook,Conv | Tof | Multi Category | Ind | Direct | Growify |,771.22,0.0,338,4608,0.0
2026-08-27,Facebook,Conv | Tof | Multi Category | Ind | Direct | Growify |,551.75,0.0,64,1293,0.0
2026-08-27,Facebook,Conv | Tof | Multi Category | Ind | Direct | Growify |,125.37,0.0,26,486,0.0
2026-08-27,Facebook,Conv | Tof | Multi Category | Ind | Direct | Growify |,21.42,0.0,10,148,0.0
2026-08-27,Facebook,Conv | Tof | Multi Category | Ind | Direct | Growify |,737.14,0.0,117,2603,0.0
2026-08-27,Facebook,Conv | Tof | Multi Category | Ind | Direct | Growify |,0.0,0.0,0,0,0.0
2026-08-27,Facebook,Conv | Tof | Multi Category | Ind | Direct | Growify |,25.44,0.0,23,111,0.0
2026-08-27,Facebook,Conv | Tof | Multi Category | Ind | Direct | Growify |,696.67,0.0,77,1628,0.0
2026-08-27,Facebook,Conv | Tof | Multi Category | Ind | Direct | Growify | LAL,39.46,0.0,20,143,0.0
2026-08-27,Facebook,Conv | Tof | Multi Category | Ind | Direct | Growify | LAL,539.83,0.0,90,1631,0.0
2026-08-27,Facebook,Conv | Tof | Multi_Category | Ind | Direct | Growify,0.0,0.0,0,0,0.0
2026-08-27,Facebook,Conv | Tof | Multi_Category | Ind | Direct | Growify,384.98,0.0,366,1914,0.0
2026-08-27,Facebook,Conv | Tof | Multi_Category | Ind | Direct | Growify,405.54,0.0,17,509,0.0
2026-08-27,Facebook,Conv | Tof | Multicategory | INT | Direct | Growify,0.0,0.0,0,0,0.0
2026-08-27,Facebook,Conv | Tof | Multicategory | INT | Direct | Growify,0.0,0.0,0,0,0.0
2026-08-27,Facebook,Conv | Tof | Multicategory | INT | Direct | Growify,0.0,0.0,0,0,0.0
2026-08-27,Facebook,Conv | Tof | Multicategory | US | Direct | Growify,2441.11,0.0,113,1148,0.0
2026-08-27,Facebook,Conv | Tof | Multicategory | US | Direct | Growify,1192.42,0.0,19,578,0.0
2026-08-27,Facebook,Growify | MOF & BOF | Sale | India +intl,106.87,0.0,49,601,0.0
2026-08-27,Facebook,Growify | MOF & BOF | Sale | India +intl,0.12,0.0,0,1,0.0
2026-08-27,Facebook,Growify | MOF & BOF | Sale | India +intl,1011.95,0.0,163,3403,0.0
2026-08-27,Facebook,Growify | MOF & BOF | Sale | India +intl,0.0,0.0,0,0,0.0
2026-08-27,Facebook,Growify | MOF & BOF | Sale | India +intl,507.332971,0.0,29,409,0.0
2026-08-27,Facebook,Growify | MOF & BOF | Sale | India +intl,676.704874,0.0,58,894,0.0
2026-08-27,Facebook,Growify | MOF & BOF | Sale | India +intl,96.376807,0.0,3,96,0.0
2026-08-27,Facebook,Growify | MOF & BOF | Sale | India +intl,628.195348,0.0,18,220,0.0
2026-08-27,Facebook,Growify | MOF & BOF | Sale | India +intl,171.125405,0.0,11,118,0.0
2026-08-27,Facebook,Growify | MOF & BOF | Sale | India +intl,195.216463,0.0,23,214,0.0
2026-08-27,Facebook,Growify | MOF & BOF | Sale | India +intl,10.862215,0.0,0,18,0.0
2026-08-27,Facebook,Growify | MOF & BOF | Sale | India +intl,87.625916,0.0,4,55,0.0
2026-08-27,Facebook,Growify | MOF & BOF | Sale | India +intl,0.0,0.0,0,0,0.0
2026-08-27,Facebook,Growify | MOF & BOF | Sale | India +intl,0.0,0.0,0,0,0.0
2026-08-27,Facebook,Growify | MOF & BOF | Sale | India +intl,0.27,0.0,0,1,0.0
2026-08-27,Facebook,Growify | MOF & BOF | Sale | India +intl,4.65,0.0,0,6,0.0
2026-08-27,Facebook,Growify | MOF & BOF | Sale | India +intl,12.02,0.0,0,1,0.0
2026-08-27,Facebook,Growify | MOF & BOF | Sale | India +intl,20.84,0.0,0,29,0.0
2026-08-27,Facebook,Growify | MOF & BOF | Sale | India +intl,40.56,0.0,6,69,0.0
2026-08-27,Facebook,Growify | MOF & BOF | Sale | India +intl,3.87,0.0,0,4,0.0
2026-08-27,Facebook,Growify | MOF & BOF | Sale | India +intl,49.5,0.0,3,27,0.0
2026-08-27,Facebook,Growify | MOF & BOF | Sale | India +intl,203.614366,0.0,19,187,0.0
2026-08-27,Facebook,Growify | MOF & BOF | Sale | India +intl,327.025583,0.0,32,367,0.0
2026-08-27,Facebook,Growify | MOF & BOF | Sale | India +intl,43.197967,0.0,1,42,0.0
2026-08-27,Facebook,Growify | MOF & BOF | Sale | India +intl,253.692084,0.0,4,53,0.0
2026-08-27,Facebook,Growify | MOF & BOF | Sale | India +intl,0.0,0.0,0,0,0.0
2026-08-27,Facebook,Growify | MOF & BOF | Sale | India +intl,236.75,0.0,99,1361,0.0
2026-08-27,Facebook,Growify | MOF & BOF | Sale | India +intl,26.48,0.0,12,161,0.0
2026-08-27,Facebook,Growify | TOF | Sales | India | Open,55.94,0.0,14,182,0.0
2026-08-27,Facebook,Growify | TOF | Sales | India | Open,806.67,24280.0,701,8748,1.0
2026-03-01,Google,Growify_XYZ LuxuryP_Search_India-12/12/25,0.0,0.0,2,2,0.0
2026-03-06,Google,Growify_XYZ LuxuryP_Search_India-12/12/25,97.433475,0.0,21,37,0.0
2026-03-07,Google,Growify_XYZ LuxuryP_Search_India-12/12/25,414.235773,0.0,38,67,0.0
2026-03-08,Google,Growify_XYZ LuxuryP_Search_India-12/12/25,248.294425,0.0,31,50,0.0
2026-03-09,Google,Growify_XYZ LuxuryP_Search_India-12/12/25,428.02695,0.0,47,67,0.0
2026-03-10,Google,Growify_XYZ LuxuryP_Search_India-12/12/25,410.271546,0.0,45,73,0.0
2026-03-11,Google,Growify_XYZ LuxuryP_Search_India-12/12/25,90.001495,0.0,45,70,0.0
2026-03-12,Google,Growify_XYZ LuxuryP_Search_India-12/12/25,145.47781,0.0,41,75,0.0
2026-03-13,Google,Growify | Sales | Shopping | US+Canada | DS,34.463969,0.0,2,141,0.0
2026-03-13,Google,Growify | Sales | Shopping | US+Canada | DS,2.074435,0.0,1,101,0.0
2026-03-13,Google,Growify_XYZ LuxuryP_Pmax_India_03-02-2025,72.682209,0.0,73,1354,0.0
2026-03-13,Google,Growify_XYZ LuxuryP_Search_India-12/12/25,103.928013,0.0,50,74,0.0
2026-03-14,Google,Growify | Sales | Shopping | US+Canada | DS,304.214711,0.0,10,111,0.0
2026-03-14,Google,Growify | Sales | Shopping | US+Canada | DS,2924.926787,0.0,13,347,0.0
2026-03-14,Google,Growify_XYZ LuxuryP_Pmax_India_03-02-2025,1898.810482,0.0,1230,16740,0.0
2026-03-14,Google,Growify_XYZ LuxuryP_Search_India-12/12/25,124.166534,0.0,22,44,0.0
2026-03-15,Google,Growify | Sales | Shopping | US+Canada | DS,1130.917193,0.0,10,231,0.0
2026-03-15,Google,Growify | Sales | Shopping | US+Canada | DS,1236.870223,0.0,13,328,0.0
2026-03-15,Google,Growify_XYZ LuxuryP_Pmax_India_03-02-2025,5055.800891,0.0,1545,28984,0.0
2026-03-15,Google,Growify_XYZ LuxuryP_Search_India-12/12/25,669.027268,0.0,32,41,0.0
2026-03-16,Google,Growify | Sales | Shopping | US+Canada | DS,310.104035,0.0,4,65,0.0
2026-03-16,Google,Growify | Sales | Shopping | US+Canada | DS,1426.249405,0.0,10,188,0.0
2026-03-16,Google,Growify_XYZ LuxuryP_Pmax_India_03-02-2025,1245.024945,0.0,120,3043,0.0
2026-03-16,Google,Growify_XYZ LuxuryP_Search_India-12/12/25,340.52,0.0,40,70,0.0
2026-03-17,Google,Growify | Sales | Shopping | US+Canada | DS,47.66,0.0,2,283,0.0
2026-03-17,Google,Growify | Sales | Shopping | US+Canada | DS,334.97,0.0,8,594,0.0
2026-03-17,Google,Growify_XYZ LuxuryP_Pmax_India_03-02-2025,2726.039018,0.0,165,6266,0.0
2026-03-17,Google,Growify_XYZ LuxuryP_Search_India-12/12/25,74.964783,0.0,27,61,0.0
2026-03-18,Google,Growify | Sales | Shopping | US+Canada | DS,315.51,0.0,7,553,0.0
2026-03-18,Google,Growify | Sales | Shopping | US+Canada | DS,1360.93,0.0,15,1066,0.0
2026-03-18,Google,Growify_XYZ LuxuryP_Pmax_India_03-02-2025,1989.066886,9.7966,69,2072,0.0
2026-03-18,Google,Growify_XYZ LuxuryP_Search_India-12/12/25,0.34,0.0,1,4,0.0
2026-03-19,Google,Growify | Sales | Shopping | US+Canada | DS,0.0,0.0,0,2,0.0
2026-03-19,Google,Growify_XYZ LuxuryP_Pmax_India_03-02-2025,9.375836,0.0,0,52,0.0
2026-03-21,Google,Growify | Sales | Shopping | US+Canada | DS,131.59,0.0,2,767,0.0
2026-03-21,Google,Growify | Sales | Shopping | US+Canada | DS,3867.91,0.0,42,3644,0.0
2026-03-21,Google,Growify_XYZ LuxuryP_Pmax_India_03-02-2025,4947.166545,0.0,500,26617,0.0
2026-03-21,Google,Growify_XYZ LuxuryP_Search_India-12/12/25,44.345773,0.0,25,35,0.0
2026-03-22,Google,Growify | Sales | Shopping | US+Canada | DS,910.919126,0.0,18,1128,0.0
2026-03-22,Google,Growify | Sales | Shopping | US+Canada | DS,2481.42,0.0,45,6234,0.0
2026-03-22,Google,Growify_XYZ LuxuryP_Pmax_India_03-02-2025,4449.346913,0.0,771,42186,0.0
2026-03-22,Google,Growify_XYZ LuxuryP_Search_India-12/12/25,245.69,8369.5,49,63,1.0
2026-03-23,Google,Growify | Sales | Shopping | US+Canada | DS,347.831167,0.0,10,669,0.0
2026-03-23,Google,Growify | Sales | Shopping | US+Canada | DS,1998.274059,0.0,48,3938,0.0
2026-03-23,Google,Growify_XYZ LuxuryP_Pmax_India_03-02-2025,4438.017483,0.0,890,41593,0.0
2026-03-23,Google,Growify_XYZ LuxuryP_Search_India-12/12/25,73.159048,0.0,41,70,0.0
2026-03-24,Google,Growify | Sales | Shopping | US+Canada | DS,25.26,0.0,2,89,0.0
2026-03-24,Google,Growify | Sales | Shopping | US+Canada | DS,94.2,0.0,3,429,0.0
2026-03-24,Google,Growify_XYZ LuxuryP_Pmax_India_03-02-2025,1360.722398,0.0,350,17622,0.0
2026-03-24,Google,Growify_XYZ LuxuryP_Search_India-12/12/25,4.93,0.0,13,22,0.0
2026-03-25,Google,Growify | Sales | Shopping | US+Canada | DS,0.0,0.0,0,1,0.0
2026-03-25,Google,Growify_XYZ LuxuryP_Pmax_India_03-02-2025,0.79,0.0,1,25,0.0
2026-03-26,Google,Growify_XYZ LuxuryP_Search_India-12/12/25,70.22,0.0,17,26,0.0
2026-03-27,Google,Growify_XYZ LuxuryP_Pmax_India_03-02-2025,1178.31,0.0,202,9297,0.0
2026-03-27,Google,Growify_XYZ LuxuryP_Pmax_India_27/03/26,1104.32,0.0,401,17756,0.0
2026-03-27,Google,Growify_XYZ LuxuryP_Search_India-12/12/25,191.289356,351.4355,29,41,0.04
2026-03-28,Google,Growify_XYZ LuxuryP_Pmax_India_03-02-2025,1697.1,0.0,353,17899,0.0
2026-03-28,Google,Growify_XYZ LuxuryP_Pmax_India_27/03/26,1476.764597,0.0,896,25031,0.0
2026-03-28,Google,Growify_XYZ LuxuryP_Search_India-12/12/25,424.21695,0.0,39,58,0.0
2026-03-29,Google,Growify_XYZ LuxuryP_Pmax_India_03-02-2025,1460.74,0.0,275,16220,0.0
2026-03-29,Google,Growify_XYZ LuxuryP_Pmax_India_27/03/26,2519.843555,0.0,690,37504,0.0
2026-03-29,Google,Growify_XYZ LuxuryP_Search_India-12/12/25,48.373454,0.0,28,48,0.0
2026-03-30,Google,Growify_XYZ LuxuryP_Pmax_India_03-02-2025,1603.62,1746.1332,266,16828,0.87
2026-03-30,Google,Growify_XYZ LuxuryP_Pmax_India_27/03/26,1509.534048,0.0,472,26769,0.0
2026-03-30,Google,Growify_XYZ LuxuryP_Search_India-12/12/25,190.784677,0.0,41,70,0.0
2026-03-31,Google,Growify_XYZ LuxuryP_Pmax_India_03-02-2025,998.488182,0.0,189,10459,0.0
2026-03-31,Google,Growify_XYZ LuxuryP_Pmax_India_27/03/26,669.137688,0.0,155,9916,0.0
2026-03-31,Google,Growify_XYZ LuxuryP_Search_India-12/12/25,405.51,0.0,58,97,0.0
2026-04-01,Google,Growify_XYZ LuxuryP_Search_India-12/12/25,667.890218,0.0,58,89,0.0
2026-04-02,Google,Growify_XYZ LuxuryP_Search_India-12/12/25,335.222374,351.4355,56,92,0.04
2026-04-03,Google,Growify_XYZ LuxuryP_Search_India-12/12/25,278.410491,0.0,32,65,0.0
2026-04-04,Google,Growify_XYZ LuxuryP_Search_India-12/12/25,281.612242,0.0,48,68,0.0
2026-04-05,Google,Growify_XYZ LuxuryP_Search_India-12/12/25,15.335337,0.0,24,39,0.0
2026-04-06,Google,Growify_XYZ LuxuryP_Search_India-12/12/25,390.209532,0.0,80,123,0.0
2026-04-07,Google,Growify_XYZ LuxuryP_Search_India-12/12/25,862.065955,0.0,127,186,0.0
2026-04-08,Google,Growify_XYZ LuxuryP_Search_India-12/12/25,1041.390873,0.0,147,233,0.0
2026-04-09,Google,Growify_XYZ LuxuryP_Search_India-12/12/25,648.288552,0.0,200,313,0.0
2026-04-10,Google,Growify_XYZ LuxuryP_Search_India-12/12/25,882.256371,0.0,245,325,0.0
2026-04-11,Google,Growify_XYZ LuxuryP_Search_India-12/12/25,437.908889,0.0,174,233,0.0
2026-04-12,Google,Growify_XYZ LuxuryP_Search_India-12/12/25,364.80941,0.0,163,229,0.0
2026-04-13,Google,Growify_XYZ LuxuryP_Search_India-12/12/25,676.086258,0.0,123,186,0.0
2026-04-14,Google,Growify_XYZ LuxuryP_Search_India-12/12/25,246.97152,351.4355,95,135,0.04
2026-04-15,Google,Growify_XYZ LuxuryP_Search_India-12/12/25,111.531099,0.0,83,116,0.0
2026-04-16,Google,Growify_XYZ LuxuryP_Search_India-12/12/25,191.310971,0.0,73,118,0.0
2026-04-17,Google,Growify_XYZ LuxuryP_Search_India-12/12/25,214.992089,6600.0,76,108,1.0
2026-04-18,Google,Growify_XYZ LuxuryP_Search_India-12/12/25,262.934227,12870.0,60,94,1.0
2026-04-19,Google,Growify_XYZ LuxuryP_Search_India-12/12/25,179.67695,0.0,68,122,0.0
2026-04-20,Google,Growify_P.max_HP_EOSS_Ind,1002.709113,0.0,590,13937,0.0
2026-04-20,Google,Growify_XYZ LuxuryP_Search_India-12/12/25,325.056004,0.0,60,94,0.0
2026-04-21,Google,Growify_P.max_HP_EOSS_Ind,973.615681,0.0,167,9195,0.0
2026-04-21,Google,Growify_XYZ LuxuryP_Search_India-12/12/25,103.997809,0.0,42,86,0.0
2026-04-22,Google,Growify_P.max_HP_EOSS_Ind,1032.126389,0.0,119,6035,0.0
2026-04-22,Google,Growify_XYZ LuxuryP_Search_India-12/12/25,81.098233,0.0,36,57,0.0
2026-04-23,Google,Growify_P.max_HP_EOSS_Ind,1001.419112,0.0,191,6644,0.0
2026-04-23,Google,Growify_XYZ LuxuryP_Search_India-12/12/25,119.067165,97690.0,40,79,7.0
2026-04-24,Google,Growify_P.max_HP_EOSS_Ind,1152.403078,220118.4,275,1436,13.0
2026-04-24,Google,Growify_XYZ LuxuryP_Search_India-12/12/25,23.240264,29354.5,39,83,3.0
2026-04-25,Google,Growify_P.max_HP_EOSS_Ind,230.994279,0.0,104,4286,0.0
2026-04-25,Google,Growify_XYZ LuxuryP_Search_India-12/12/25,599.090667,0.0,52,76,0.0
2026-04-26,Google,Growify_P.max_HP_EOSS_Ind,1611.09291,0.0,400,18465,0.0
2026-04-26,Google,Growify_XYZ LuxuryP_Search_India-12/12/25,581.095348,0.0,40,74,0.0
2026-04-27,Google,Growify_P.max_HP_EOSS_Ind,1133.310616,4200.0,231,10986,1.0
2026-04-27,Google,Growify_XYZ LuxuryP_Search_India-12/12/25,754.689142,0.0,66,110,0.0
2026-04-28,Google,Growify_P.max_HP_EOSS_Ind,764.671744,0.0,237,10029,0.0
2026-04-28,Google,Growify_XYZ LuxuryP_Search_India-12/12/25,393.183551,351.4355,45,72,0.04
2026-04-29,Google,Growify_P.max_HP_EOSS_Ind,1117.78117,0.0,301,12528,0.0
2026-04-29,Google,Growify_XYZ LuxuryP_Search_India-12/12/25,680.555735,0.0,37,62,0.0
2026-04-30,Google,Growify_P.max_HP_EOSS_Ind,903.566589,31.206,356,13123,0.01
2026-04-30,Google,Growify_XYZ LuxuryP_Search_India-12/12/25,324.988866,0.0,43,78,0.0
2026-05-01,Google,Growify_P.max_HP_EOSS_Ind,968.07602,0.0,311,9815,0.0
2026-05-01,Google,Growify_XYZ LuxuryP_Search_India-12/12/25,109.716909,0.0,27,54,0.0
2026-05-02,Google,Growify_P.max_HP_EOSS_Ind,884.730798,0.0,284,13486,0.0
2026-05-02,Google,Growify_XYZ LuxuryP_Search_India-12/12/25,243.774773,351.44395,51,86,0.04
2026-05-03,Google,Growify_P.max_HP_EOSS_Ind,1163.832119,0.0,281,11759,0.0
2026-05-03,Google,Growify_XYZ LuxuryP_Search_India-12/12/25,331.214639,0.0,40,63,0.0
2026-05-04,Google,Growify_P.max_HP_EOSS_Ind,853.234762,0.0,297,11409,0.0
2026-05-04,Google,Growify_XYZ LuxuryP_Search_India-12/12/25,291.570107,41300.0,34,64,2.0
2026-05-05,Google,Growify_P.max_HP_EOSS_Ind,944.984987,17550.0,317,14473,1.0
2026-05-05,Google,Growify_XYZ LuxuryP_Search_India-12/12/25,80.397962,0.0,37,88,0.0
2026-05-06,Google,Growify_P.max_HP_EOSS_Ind,651.094717,0.0,219,9072,0.0
2026-05-06,Google,Growify_XYZ LuxuryP_Search_India-12/12/25,171.17989,7700.0,54,120,1.0
2026-05-07,Google,Growify_P.max_HP_EOSS_Ind,1466.707345,0.0,340,15002,0.0
2026-05-07,Google,Growify_XYZ LuxuryP_Search_India-12/12/25,101.228839,0.0,45,80,0.0
2026-05-08,Google,Growify_P.max_HP_EOSS_Ind,928.031114,0.0,253,14473,0.0
2026-05-08,Google,Growify_XYZ LuxuryP_Search_India-12/12/25,32.964195,0.0,36,72,0.0
2026-05-09,Google,Growify_P.max_HP_EOSS_Ind,1261.891239,0.0,209,10786,0.0
2026-05-09,Google,Growify_XYZ LuxuryP_Search_India-12/12/25,69.783629,0.0,33,70,0.0
2026-05-10,Google,Growify_P.max_HP_EOSS_Ind,657.458401,0.0,152,7121,0.0
2026-05-10,Google,Growify_XYZ LuxuryP_Search_India-12/12/25,76.64782,19470.0,36,77,1.0
2026-05-11,Google,Growify_P.max_HP_EOSS_Ind,692.018067,18113.7,104,4849,1.0
2026-05-11,Google,Growify_XYZ LuxuryP_Search_India-12/12/25,58.530753,19250.0,42,81,1.0
2026-05-12,Google,Growify_P.max_HP_EOSS_Ind,673.880229,0.0,216,9893,0.0
2026-05-12,Google,Growify_XYZ LuxuryP_Search_India-12/12/25,120.200647,0.0,34,67,0.0
2026-05-13,Google,Growify_P.max_HP_EOSS_Ind,574.568934,0.0,163,9105,0.0
2026-05-13,Google,Growify_XYZ LuxuryP_Search_India-12/12/25,36.564076,0.0,39,74,0.0
2026-05-14,Google,Growify_P.max_HP_EOSS_Ind,675.264952,12870.0,125,6175,1.0
2026-05-14,Google,Growify_XYZ LuxuryP_Search_India-12/12/25,215.717712,0.0,36,66,0.0
2026-05-15,Google,Growify_P.max_HP_EOSS_Ind,960.999531,0.0,152,6623,0.0
2026-05-15,Google,Growify_XYZ LuxuryP_Search_India-12/12/25,14.742523,0.0,23,41,0.0
2026-05-16,Google,Growify_P.max_HP_EOSS_Ind,510.962503,2036.996716,181,8793,0.39
2026-05-16,Google,Growify_XYZ LuxuryP_Search_India-12/12/25,105.570328,0.0,21,37,0.0
2026-05-17,Google,Growify_P.max_HP_EOSS_Ind,883.925386,0.0,162,7656,0.0
2026-05-17,Google,Growify_XYZ LuxuryP_Search_India-12/12/25,153.191088,10527.0,31,55,1.0
2026-05-18,Google,Growify_P.max_HP_EOSS_Ind,853.484332,0.0,32,1156,0.0
2026-05-18,Google,Growify_XYZ LuxuryP_Search_India-12/12/25,178.560263,5500.0,28,50,1.0
2026-05-19,Google,Growify_P.max_HP_EOSS_Ind,367.953995,67716.0,115,4508,1.0
2026-05-19,Google,Growify_XYZ LuxuryP_Search_India-12/12/25,121.585912,0.0,29,60,0.0
2026-05-20,Google,Growify_P.max_HP_EOSS_Ind,357.510976,5750.0,110,4322,1.0
2026-05-20,Google,Growify_XYZ LuxuryP_Search_India-12/12/25,31.88,6692.81405,24,51,0.79
2026-05-21,Google,Growify_P.max_HP_EOSS_Ind,574.199438,0.0,128,4738,0.0
2026-05-21,Google,Growify_XYZ LuxuryP_Search_India-12/12/25,98.507685,9974.36609,26,41,0.47
2026-05-22,Google,Growify_P.max_HP_EOSS_Ind,467.750585,0.0,172,7134,0.0
2026-05-22,Google,Growify_XYZ LuxuryP_Search_India-12/12/25,130.08352,0.0,22,48,0.0
2026-05-23,Google,Growify_P.max_HP_EOSS_Ind,591.231938,0.0,86,4531,0.0
2026-05-23,Google,Growify_XYZ LuxuryP_Search_India-12/12/25,60.756925,0.0,24,61,0.0
2026-05-24,Google,Growify_P.max_HP_EOSS_Ind,644.350629,0.0,90,5104,0.0
2026-05-24,Google,Growify_XYZ LuxuryP_Search_India-12/12/25,138.055328,0.0,37,72,0.0
2026-05-25,Google,Growify_P.max_HP_EOSS_Ind,294.306538,0.0,102,4005,0.0
2026-05-25,Google,Growify_XYZ LuxuryP_Search_INT-5/21/26,0.96,0.0,1,2,0.0
2026-05-25,Google,Growify_XYZ LuxuryP_Search_India-12/12/25,127.923407,0.0,39,75,0.0
2026-05-26,Google,Growify_P.max_HP_EOSS_Ind,464.262053,0.0,145,7157,0.0
2026-05-26,Google,Growify_XYZ LuxuryP_Search_INT-5/21/26,3.11,0.0,3,7,0.0
2026-05-26,Google,Growify_XYZ LuxuryP_Search_INT-5/21/26,2.87,0.0,2,3,0.0
2026-05-26,Google,Growify_XYZ LuxuryP_Search_India-12/12/25,82.268741,0.0,26,47,0.0
2026-05-27,Google,Growify_P.max_HP_EOSS_Ind,658.433471,208.072326,115,6657,0.01
2026-05-27,Google,Growify_XYZ LuxuryP_Search_INT-5/21/26,8.34,0.0,6,18,0.0
2026-05-27,Google,Growify_XYZ LuxuryP_Search_INT-5/21/26,184.332775,0.0,4,8,0.0
2026-05-27,Google,Growify_XYZ LuxuryP_Search_India-12/12/25,88.463624,0.0,59,85,0.0
2026-05-28,Google,Growify | Shopping Ads | All Product | EOSS,511.48,0.0,62,3318,0.0
2026-05-28,Google,Growify_P.max_HP_EOSS_Ind,371.877044,17442.21679,101,4779,0.98
2026-05-28,Google,Growify_XYZ LuxuryP_Search_INT-5/21/26,321.196464,10560.0,11,28,1.0
2026-05-28,Google,Growify_XYZ LuxuryP_Search_INT-5/21/26,935.145978,0.0,8,14,0.0
2026-05-28,Google,Growify_XYZ LuxuryP_Search_India-12/12/25,191.591905,74980.0,60,118,3.0
2026-05-29,Google,Growify | Shopping Ads | All Product | EOSS,1013.51,0.0,126,7105,0.0
2026-05-29,Google,Growify_P.max_HP_EOSS_Ind,946.886697,0.0,142,6990,0.0
2026-05-29,Google,Growify_XYZ LuxuryP_Search_INT-5/21/26,145.810641,0.0,17,29,0.0
2026-05-29,Google,Growify_XYZ LuxuryP_Search_INT-5/21/26,290.14,0.0,12,16,0.0
2026-05-29,Google,Growify_XYZ LuxuryP_Search_India-12/12/25,82.6925,29807.0,56,102,2.0
2026-05-30,Google,Growify | Shopping Ads | All Product | EOSS,1013.01,0.0,117,7096,0.0
2026-05-30,Google,Growify_P.max_HP_EOSS_Ind,1617.937648,0.0,116,9973,0.0
2026-05-30,Google,Growify_XYZ LuxuryP_Search_INT-5/21/26,170.608037,0.0,13,27,0.0
2026-05-30,Google,Growify_XYZ LuxuryP_Search_INT-5/21/26,26.660025,0.0,7,11,0.0
2026-05-30,Google,Growify_XYZ LuxuryP_Search_India-12/12/25,346.98438,0.0,58,105,0.0
2026-05-31,Google,Growify | Shopping Ads | All Product | EOSS,973.43,0.0,97,7845,0.0
2026-05-31,Google,Growify_P.max_HP_EOSS_Ind,970.14401,61259.9,113,6158,1.0
2026-05-31,Google,Growify_XYZ LuxuryP_Search_INT-5/21/26,210.856843,0.0,8,23,0.0
2026-05-31,Google,Growify_XYZ LuxuryP_Search_INT-5/21/26,1409.873564,11003.91831,7,13,0.53
2026-05-31,Google,Growify_XYZ LuxuryP_Search_India-12/12/25,851.299647,0.0,46,170,0.0
2026-06-01,Google,Growify | Shopping Ads | All Product | EOSS,569.89,0.0,57,4746,0.0
2026-06-01,Google,Growify_P.max_HP_EOSS_Ind,1040.059,0.0,103,6239,0.0
2026-06-01,Google,Growify_XYZ LuxuryP_Search_INT-5/21/26,15.213875,11000.0,5,17,1.0
2026-06-01,Google,Growify_XYZ LuxuryP_Search_INT-5/21/26,4.900865,0.0,4,11,0.0
2026-06-01,Google,Growify_XYZ LuxuryP_Search_India-12/12/25,328.607359,1550.59146,25,117,0.2
2026-06-02,Google,Growify | Shopping Ads | All Product | EOSS,1506.82,0.0,168,14213,0.0
2026-06-02,Google,Growify_P.max_HP_EOSS_Ind,2328.956806,0.0,137,12220,0.0
2026-06-02,Google,Growify_XYZ LuxuryP_Search_INT-5/21/26,795.178094,0.0,5,19,0.0
2026-06-02,Google,Growify_XYZ LuxuryP_Search_INT-5/21/26,54.748553,0.0,3,6,0.0
2026-06-02,Google,Growify_XYZ LuxuryP_Search_India-12/12/25,581.473342,0.0,44,169,0.0
2026-06-03,Google,Growify | Shopping Ads | All Product | EOSS,439.63,0.0,54,6436,0.0
2026-06-03,Google,Growify_P.max_HP_EOSS_Ind,1005.137646,0.0,97,8911,0.0
2026-06-03,Google,Growify_XYZ LuxuryP_Search_INT-5/21/26,410.929376,91766.4,17,42,2.0
2026-06-03,Google,Growify_XYZ LuxuryP_Search_INT-5/21/26,526.251739,0.0,10,22,0.0
2026-06-03,Google,Growify_XYZ LuxuryP_Search_India-12/12/25,673.046684,0.0,63,251,0.0
2026-06-04,Google,Growify | Shopping Ads | All Product | EOSS,43.71,0.0,8,841,0.0
2026-06-04,Google,Growify_P.max_HP_EOSS_Ind,1013.982498,0.0,98,9634,0.0
2026-06-04,Google,Growify_XYZ LuxuryP_Search_INT-5/21/26,397.070473,0.0,12,37,0.0
2026-06-04,Google,Growify_XYZ LuxuryP_Search_INT-5/21/26,69.545578,0.0,8,23,0.0
2026-06-04,Google,Growify_XYZ LuxuryP_Search_India-12/12/25,447.021381,0.0,51,161,0.0
2026-06-05,Google,Growify | Shopping Ads | All Product | EOSS,5.33,0.0,10,468,0.0
2026-06-05,Google,Growify_P.max_HP_EOSS_Ind,796.720666,0.0,92,7977,0.0
2026-06-05,Google,Growify_XYZ LuxuryP_Search_INT-5/21/26,73.893897,6325.0,11,21,0.5
2026-06-05,Google,Growify_XYZ LuxuryP_Search_INT-5/21/26,58.770801,0.0,8,20,0.0
2026-06-05,Google,Growify_XYZ LuxuryP_Search_India-12/12/25,865.297302,13270.0,61,147,1.0
2026-06-06,Google,Growify | Shopping Ads | All Product | EOSS,2.97,0.0,3,277,0.0
2026-06-06,Google,Growify_P.max_HP_EOSS_Ind,1350.718168,0.0,51,3750,0.0
2026-06-06,Google,Growify_XYZ LuxuryP_Search_INT-5/21/26,43.057805,0.0,12,31,0.0
2026-06-06,Google,Growify_XYZ LuxuryP_Search_INT-5/21/26,165.200739,0.0,7,19,0.0
2026-06-06,Google,Growify_XYZ LuxuryP_Search_India-12/12/25,523.000706,5610.0,67,144,1.0
2026-06-07,Google,Growify | Shopping Ads | All Product | EOSS,45.25,0.0,9,309,0.0
2026-06-07,Google,Growify_P.max_HP_EOSS_Ind,992.305385,0.0,45,5428,0.0
2026-06-07,Google,Growify_XYZ LuxuryP_Search_INT-5/21/26,82.039353,37675.0,16,33,1.5
2026-06-07,Google,Growify_XYZ LuxuryP_Search_INT-5/21/26,581.05,4969.8,1,5,0.5
2026-06-07,Google,Growify_XYZ LuxuryP_Search_India-12/12/25,805.753608,6357.69094,67,143,0.8
2026-06-08,Google,Growify | Shopping Ads | All Product | EOSS,9.25,0.0,3,209,0.0
2026-06-08,Google,Growify_P.max_HP_EOSS_Ind,1016.396257,0.0,73,5939,0.0
2026-06-08,Google,Growify_XYZ LuxuryP_Search_INT-5/21/26,71.392385,0.0,9,26,0.0
2026-06-08,Google,Growify_XYZ LuxuryP_Search_INT-5/21/26,1156.957257,4969.8,10,24,0.5
2026-06-08,Google,Growify_XYZ LuxuryP_Search_India-12/12/25,194.237463,0.0,44,196,0.0
2026-06-09,Google,Growify | Shopping Ads | All Product | EOSS,38.86,0.0,6,570,0.0
2026-06-09,Google,Growify_P.max_HP_EOSS_Ind,863.474647,3109.114166,45,3464,0.62
2026-06-09,Google,Growify_XYZ LuxuryP_Search_INT-5/21/26,104.500543,0.0,10,28,0.0
2026-06-09,Google,Growify_XYZ LuxuryP_Search_INT-5/21/26,376.401844,41052.0,7,18,1.0
2026-06-09,Google,Growify_XYZ LuxuryP_Search_India-12/12/25,1234.04464,0.0,90,392,0.0
2026-06-10,Google,Growify | Shopping Ads | All Product | EOSS,63.04,0.0,16,1033,0.0
2026-06-10,Google,Growify_P.max_HP_EOSS_Ind,709.990253,0.0,37,3195,0.0
2026-06-10,Google,Growify_XYZ LuxuryP_Search_INT-5/21/26,71.995126,0.0,12,27,0.0
2026-06-10,Google,Growify_XYZ LuxuryP_Search_INT-5/21/26,277.279554,0.0,9,20,0.0
2026-06-10,Google,Growify_XYZ LuxuryP_Search_India-12/12/25,1030.940096,0.0,45,264,0.0
2026-06-11,Google,Growify | Shopping Ads | All Product | EOSS,269.93,0.0,38,2158,0.0
2026-06-11,Google,Growify_P.max_HP_EOSS_Ind,99.712713,0.0,12,520,0.0
2026-06-11,Google,Growify_XYZ LuxuryP_Search_INT-5/21/26,428.129084,0.0,16,39,0.0
2026-06-11,Google,Growify_XYZ LuxuryP_Search_INT-5/21/26,132.555126,45408.0,5,12,1.0
2026-06-11,Google,Growify_XYZ LuxuryP_Search_India-12/12/25,189.338428,0.0,53,125,0.0
2026-06-12,Google,Growify | Shopping Ads | All Product | EOSS,292.66,0.0,48,4112,0.0
2026-06-12,Google,Growify_P.max_HP_EOSS_Ind,1302.228858,9974.6524,112,6527,2.47
2026-06-12,Google,Growify_XYZ LuxuryP_Search_INT-5/21/26,803.507706,0.0,7,22,0.0
2026-06-12,Google,Growify_XYZ LuxuryP_Search_INT-5/21/26,46.452563,0.0,5,14,0.0
2026-06-12,Google,Growify_XYZ LuxuryP_Search_India-12/12/25,607.934973,0.0,62,146,0.0
2026-06-13,Google,Growify | Shopping Ads | All Product | EOSS,999.85,0.0,79,5527,0.0
2026-06-13,Google,Growify_P.max_HP_EOSS_Ind,815.186691,0.0,101,6553,0.0
2026-06-13,Google,Growify_XYZ LuxuryP_Search_INT-5/21/26,512.983493,0.0,17,35,0.0
2026-06-13,Google,Growify_XYZ LuxuryP_Search_INT-5/21/26,440.891277,0.0,7,19,0.0
2026-06-13,Google,Growify_XYZ LuxuryP_Search_India-12/12/25,163.264253,8731.84,49,119,1.0
2026-06-14,Google,Growify | Shopping Ads | All Product | EOSS,720.74,0.0,89,5382,0.0
2026-06-14,Google,Growify_P.max_HP_EOSS_Ind,649.001082,0.0,64,4227,0.0
2026-06-14,Google,Growify_XYZ LuxuryP_Search_INT-5/21/26,889.033156,10300.0,16,51,1.0
2026-06-14,Google,Growify_XYZ LuxuryP_Search_INT-5/21/26,1800.51,0.0,4,14,0.0
2026-06-14,Google,Growify_XYZ LuxuryP_Search_India-12/12/25,201.484718,16570.0,52,109,1.0
2026-06-15,Google,Growify | Shopping Ads | All Product | EOSS,999.97,0.0,69,5424,0.0
2026-06-15,Google,Growify_P.max_HP_EOSS_Ind,818.249331,24502.10796,97,5569,0.75
2026-06-15,Google,Growify_XYZ LuxuryP_Search_INT-5/21/26,473.832699,0.0,18,44,0.0
2026-06-15,Google,Growify_XYZ LuxuryP_Search_INT-5/21/26,168.631125,0.0,7,16,0.0
2026-06-15,Google,Growify_XYZ LuxuryP_Search_India-12/12/25,562.427799,55440.0,61,125,1.0
2026-06-16,Google,Growify | Shopping Ads | All Product | EOSS,999.98,128.71188,136,9144,0.03
2026-06-16,Google,Growify_P.max_HP_EOSS_Ind,432.944897,8167.66335,64,6240,0.25
2026-06-16,Google,Growify_XYZ LuxuryP_Search_INT-5/21/26,535.504415,27720.0,15,50,1.0
2026-06-16,Google,Growify_XYZ LuxuryP_Search_INT-5/21/26,111.78,0.0,7,14,0.0
2026-06-16,Google,Growify_XYZ LuxuryP_Search_India-12/12/25,663.008463,0.0,84,143,0.0
2026-06-17,Google,Growify | Shopping Ads | All Product | EOSS,693.13,0.0,112,6873,0.0
2026-06-17,Google,Growify_P.max_HP_EOSS_Ind,847.590729,0.0,95,6970,0.0
2026-06-17,Google,Growify_XYZ LuxuryP_Search_INT-5/21/26,387.689164,0.0,22,45,0.0
2026-06-17,Google,Growify_XYZ LuxuryP_Search_INT-5/21/26,68.11,0.0,6,26,0.0
2026-06-17,Google,Growify_XYZ LuxuryP_Search_India-12/12/25,616.928198,9700.0,90,194,1.0
2026-06-18,Google,Growify | Shopping Ads | All Product | EOSS,999.99,8700.0,126,7505,1.0
2026-06-18,Google,Growify_P.max_HP_EOSS_Ind,563.609604,53.70948,66,5252,0.01
2026-06-18,Google,Growify_XYZ LuxuryP_Search_INT-5/21/26,48.19,0.0,13,31,0.0
2026-06-18,Google,Growify_XYZ LuxuryP_Search_INT-5/21/26,133.26,0.0,9,32,0.0
2026-06-18,Google,Growify_XYZ LuxuryP_Search_India-12/12/25,331.875319,0.0,69,179,0.0
2026-06-19,Google,Growify | Shopping Ads | All Product | EOSS,999.83,0.0,87,5233,0.0
2026-06-19,Google,Growify_P.max_HP_EOSS_Ind,709.924265,0.0,108,8180,0.0
2026-06-19,Google,Growify_XYZ LuxuryP_Search_INT-5/21/26,196.166834,0.0,12,34,0.0
2026-06-19,Google,Growify_XYZ LuxuryP_Search_INT-5/21/26,93.45,0.0,10,42,0.0
2026-06-19,Google,Growify_XYZ LuxuryP_Search_India-12/12/25,317.432641,1320.22869,69,196,0.4
2026-06-20,Google,Growify | Shopping Ads | All Product | EOSS,999.1,0.0,36,1840,0.0
2026-06-20,Google,Growify_P.max_HP_EOSS_Ind,982.470188,0.0,126,7472,0.0
2026-06-20,Google,Growify_Performance Max_Listing_IND,662.920099,0.0,154,6469,0.0
2026-06-20,Google,Growify_Performance Max_Listing_INTL,4.81,0.0,1,74,0.0
2026-06-20,Google,Growify_Performance Max_Listing_INTL,77.56,0.0,1,60,0.0
2026-06-20,Google,Growify_Performance Max_Listing_INTL,0.0,0.0,0,14,0.0
2026-06-20,Google,Growify_Performance Max_Listing_INTL,0.0,0.0,0,12,0.0
2026-06-20,Google,Growify_XYZ LuxuryP_Search_INT-5/21/26,1034.223988,0.0,10,27,0.0
2026-06-20,Google,Growify_XYZ LuxuryP_Search_INT-5/21/26,1.25,0.0,1,14,0.0
2026-06-20,Google,Growify_XYZ LuxuryP_Search_INT-5/21/26,6.65,0.0,7,24,0.0
2026-06-20,Google,Growify_XYZ LuxuryP_Search_INT-5/21/26,0.0,0.0,0,4,0.0
2026-06-20,Google,Growify_XYZ LuxuryP_Search_India-12/12/25,590.37273,0.0,76,184,0.0
2026-06-21,Google,Growify_P.max_HP_EOSS_Ind,706.941816,11296.6,133,7227,2.0
2026-06-21,Google,Growify_Performance Max_Listing_IND,1409.098214,0.0,215,11507,0.0
2026-06-21,Google,Growify_Performance Max_Listing_INTL,16.67,0.0,4,204,0.0
2026-06-21,Google,Growify_Performance Max_Listing_INTL,45.689207,0.0,3,227,0.0
2026-06-21,Google,Growify_Performance Max_Listing_INTL,44.53,0.0,4,382,0.0
2026-06-21,Google,Growify_Performance Max_Listing_INTL,339.18,0.0,9,917,0.0
2026-06-21,Google,Growify_XYZ LuxuryP_Search_INT-5/21/26,441.23,0.0,6,12,0.0
2026-06-21,Google,Growify_XYZ LuxuryP_Search_INT-5/21/26,1497.75,0.0,8,34,0.0
2026-06-21,Google,Growify_XYZ LuxuryP_Search_INT-5/21/26,2.84,0.0,3,6,0.0
2026-06-21,Google,Growify_XYZ LuxuryP_Search_INT-5/21/26,620.763313,0.0,13,43,0.0
2026-06-21,Google,Growify_XYZ LuxuryP_Search_India-12/12/25,314.672825,0.0,81,163,0.0
2026-06-22,Google,Growify_P.max_HP_EOSS_Ind,668.614055,0.0,106,5594,0.0
2026-06-22,Google,Growify_Performance Max_Listing_IND,1027.385589,0.0,159,7461,0.0
2026-06-22,Google,Growify_Performance Max_Listing_INTL,250.913724,0.0,4,497,0.0
2026-06-22,Google,Growify_Performance Max_Listing_INTL,529.502215,0.0,14,491,0.0
2026-06-22,Google,Growify_Performance Max_Listing_INTL,180.891912,0.0,6,370,0.0
2026-06-22,Google,Growify_Performance Max_Listing_INTL,1035.98584,0.0,17,1248,0.0
2026-06-22,Google,Growify_XYZ LuxuryP_Search_INT-5/21/26,1517.04,0.0,4,8,0.0
2026-06-22,Google,Growify_XYZ LuxuryP_Search_INT-5/21/26,404.696663,0.0,15,50,0.0
2026-06-22,Google,Growify_XYZ LuxuryP_Search_INT-5/21/26,23.73,0.0,2,8,0.0
2026-06-22,Google,Growify_XYZ LuxuryP_Search_INT-5/21/26,765.02,0.0,5,20,0.0
2026-06-22,Google,Growify_XYZ LuxuryP_Search_India-12/12/25,938.340875,2200.0,97,185,1.0
2026-06-23,Google,Growify_P.max_HP_EOSS_Ind,616.647857,0.0,58,3441,0.0
2026-06-23,Google,Growify_Performance Max_Listing_IND,1006.037574,2805.0,252,12025,1.0
2026-06-23,Google,Growify_Performance Max_Listing_INTL,56.126324,0.0,4,259,0.0
2026-06-23,Google,Growify_Performance Max_Listing_INTL,142.306876,0.0,7,363,0.0
2026-06-23,Google,Growify_Performance Max_Listing_INTL,247.1936,0.0,6,393,0.0
2026-06-23,Google,Growify_Performance Max_Listing_INTL,922.821472,0.0,26,1306,0.0
2026-06-23,Google,Growify_XYZ LuxuryP_Search_INT-5/21/26,3.97,0.0,3,9,0.0
2026-06-23,Google,Growify_XYZ LuxuryP_Search_INT-5/21/26,32.79,0.0,7,26,0.0
2026-06-23,Google,Growify_XYZ LuxuryP_Search_INT-5/21/26,17.54,0.0,1,4,0.0
2026-06-23,Google,Growify_XYZ LuxuryP_Search_INT-5/21/26,208.534809,0.0,11,43,0.0
2026-06-23,Google,Growify_XYZ LuxuryP_Search_India-12/12/25,717.017528,3400.0,88,154,1.0
2026-06-24,Google,Growify_P.max_HP_EOSS_Ind,808.213696,0.0,138,7695,0.0
2026-06-24,Google,Growify_Performance Max_Listing_IND,968.260278,0.0,230,11866,0.0
2026-06-24,Google,Growify_Performance Max_Listing_INTL,49.56,0.0,3,159,0.0
2026-06-24,Google,Growify_Performance Max_Listing_INTL,16.55,0.0,1,204,0.0
2026-06-24,Google,Growify_Performance Max_Listing_INTL,97.31,0.0,2,234,0.0
2026-06-24,Google,Growify_Performance Max_Listing_INTL,1139.859829,0.0,20,736,0.0
2026-06-24,Google,Growify_XYZ LuxuryP_Search_INT-5/21/26,7.86,0.0,6,21,0.0
2026-06-24,Google,Growify_XYZ LuxuryP_Search_INT-5/21/26,210.21,13776.2,10,35,1.0
2026-06-24,Google,Growify_XYZ LuxuryP_Search_INT-5/21/26,1292.998381,0.0,5,19,0.0
2026-06-24,Google,Growify_XYZ LuxuryP_Search_INT-5/21/26,54.93,0.0,7,26,0.0
2026-06-24,Google,Growify_XYZ LuxuryP_Search_India-12/12/25,452.419584,15250.0,75,141,1.0
2026-06-25,Google,Growify_P.max_HP_EOSS_Ind,184.766505,0.0,31,1685,0.0
2026-06-25,Google,Growify_Performance Max_Listing_IND,448.515192,0.0,54,2504,0.0
2026-06-25,Google,Growify_Performance Max_Listing_INTL,8.6,0.0,2,76,0.0
2026-06-25,Google,Growify_Performance Max_Listing_INTL,215.916686,0.0,6,222,0.0
2026-06-25,Google,Growify_Performance Max_Listing_INTL,292.997184,0.0,8,977,0.0
2026-06-25,Google,Growify_Performance Max_Listing_INTL,0.0,0.0,0,82,0.0
2026-06-25,Google,Growify_XYZ LuxuryP_Search_INT-5/21/26,126.02,0.0,6,13,0.0
2026-06-25,Google,Growify_XYZ LuxuryP_Search_INT-5/21/26,369.73,0.0,12,32,0.0
2026-06-25,Google,Growify_XYZ LuxuryP_Search_INT-5/21/26,2.5,0.0,2,4,0.0
2026-06-25,Google,Growify_XYZ LuxuryP_Search_INT-5/21/26,160.01,0.0,8,35,0.0
2026-06-25,Google,Growify_XYZ LuxuryP_Search_India-12/12/25,283.043159,0.0,32,52,0.0
2026-06-26,Google,Growify_P.max_HP_EOSS_Ind,479.991743,0.0,81,4698,0.0
2026-06-26,Google,Growify_Performance Max_Listing_IND,864.656805,0.0,155,9031,0.0
2026-06-26,Google,Growify_Performance Max_Listing_INTL,43.741501,0.0,3,273,0.0
2026-06-26,Google,Growify_Performance Max_Listing_INTL,41.53,0.0,1,164,0.0
2026-06-26,Google,Growify_Performance Max_Listing_INTL,205.906751,0.0,7,537,0.0
2026-06-26,Google,Growify_Performance Max_Listing_INTL,0.0,0.0,0,86,0.0
2026-06-26,Google,Growify_XYZ LuxuryP_Search_INT-5/21/26,36.66,0.0,11,31,0.0
2026-06-26,Google,Growify_XYZ LuxuryP_Search_INT-5/21/26,228.22,0.0,2,6,0.0
2026-06-26,Google,Growify_XYZ LuxuryP_Search_INT-5/21/26,2.85,0.0,3,19,0.0
2026-06-26,Google,Growify_XYZ LuxuryP_Search_India-12/12/25,472.168995,0.0,88,156,0.0
2026-06-27,Google,Growify_P.max_HP_EOSS_Ind,1231.935516,14675.0,245,12134,1.0
2026-06-27,Google,Growify_Performance Max_Listing_IND,1665.380225,0.0,235,11692,0.0
2026-06-27,Google,Growify_Performance Max_Listing_INTL,358.123839,0.0,13,516,0.0
2026-06-27,Google,Growify_Performance Max_Listing_INTL,271.493157,0.0,10,781,0.0
2026-06-27,Google,Growify_Performance Max_Listing_INTL,31.12438,0.0,2,444,0.0
2026-06-27,Google,Growify_Performance Max_Listing_INTL,1276.814225,0.0,21,1549,0.0
2026-06-27,Google,Growify_XYZ LuxuryP_Search_INT-5/21/26,48.88,0.0,8,15,0.0
2026-06-27,Google,Growify_XYZ LuxuryP_Search_INT-5/21/26,544.266569,0.0,12,40,0.0
2026-06-27,Google,Growify_XYZ LuxuryP_Search_INT-5/21/26,7.16,0.0,8,26,0.0
2026-06-27,Google,Growify_XYZ LuxuryP_Search_India-12/12/25,797.446041,24797.95,111,172,2.0
2026-06-28,Google,Growify_P.max_HP_EOSS_Ind,494.03149,0.0,85,4370,0.0
2026-06-28,Google,Growify_Performance Max_Listing_IND,920.521078,3472.85808,235,12367,1.33
2026-06-28,Google,Growify_Performance Max_Listing_INTL,48.67,0.0,5,198,0.0
2026-06-28,Google,Growify_Performance Max_Listing_INTL,152.289596,0.0,8,514,0.0
2026-06-28,Google,Growify_Performance Max_Listing_INTL,53.94055,0.0,4,365,0.0
2026-06-28,Google,Growify_Performance Max_Listing_INTL,697.675784,23100.0,17,1135,1.0
2026-06-28,Google,Growify_XYZ LuxuryP_Search_INT-5/21/26,3.93,0.0,3,10,0.0
2026-06-28,Google,Growify_XYZ LuxuryP_Search_INT-5/21/26,222.229773,0.0,8,32,0.0
2026-06-28,Google,Growify_XYZ LuxuryP_Search_INT-5/21/26,163.26,0.0,3,6,0.0
2026-06-28,Google,Growify_XYZ LuxuryP_Search_INT-5/21/26,2039.13,0.0,7,47,0.0
2026-06-28,Google,Growify_XYZ LuxuryP_Search_India-12/12/25,528.630818,27790.0,81,159,1.0
2026-06-29,Google,Growify_P.max_HP_EOSS_Ind,870.809103,5710.17944,133,8180,1.94
2026-06-29,Google,Growify_Performance Max_Listing_IND,953.618612,0.0,202,12258,0.0
2026-06-29,Google,Growify_Performance Max_Listing_INTL,30.954584,0.0,3,478,0.0
2026-06-29,Google,Growify_Performance Max_Listing_INTL,550.750952,0.0,20,611,0.0
2026-06-29,Google,Growify_Performance Max_Listing_INTL,170.360117,0.0,10,688,0.0
2026-06-29,Google,Growify_Performance Max_Listing_INTL,482.329658,0.0,13,1361,0.0
2026-06-29,Google,Growify_XYZ LuxuryP_Search_INT-5/21/26,13.08,0.0,10,25,0.0
2026-06-29,Google,Growify_XYZ LuxuryP_Search_INT-5/21/26,323.82,31616.0,18,41,1.0
2026-06-29,Google,Growify_XYZ LuxuryP_Search_INT-5/21/26,67.17,0.0,2,7,0.0
2026-06-29,Google,Growify_XYZ LuxuryP_Search_INT-5/21/26,25.5554,17870.0,11,46,1.0
2026-06-29,Google,Growify_XYZ LuxuryP_Search_India-12/12/25,434.209475,64090.0,95,161,1.0
2026-06-30,Google,Growify_P.max_HP_EOSS_Ind,708.590846,0.0,106,5548,0.0
2026-06-30,Google,Growify_Performance Max_Listing_IND,1014.357696,0.0,249,12876,0.0
2026-06-30,Google,Growify_Performance Max_Listing_INTL,43.94,0.0,3,408,0.0
2026-06-30,Google,Growify_Performance Max_Listing_INTL,251.63,0.0,3,421,0.0
2026-06-30,Google,Growify_Performance Max_Listing_INTL,90.35,0.0,7,606,0.0
2026-06-30,Google,Growify_Performance Max_Listing_INTL,456.76,0.0,19,1302,0.0
2026-06-30,Google,Growify_XYZ LuxuryP_Search_INT-5/21/26,108.73,0.0,10,27,0.0
2026-06-30,Google,Growify_XYZ LuxuryP_Search_INT-5/21/26,170.9,0.0,20,54,0.0
2026-06-30,Google,Growify_XYZ LuxuryP_Search_INT-5/21/26,1.26,0.0,1,5,0.0
2026-06-30,Google,Growify_XYZ LuxuryP_Search_INT-5/21/26,142.8,0.0,9,33,0.0
2026-06-30,Google,Growify_XYZ LuxuryP_Search_India-12/12/25,498.399497,21190.03052,75,161,1.0
2026-07-01,Google,Growify_P.max_HP_EOSS_Ind,578.208673,0.0,58,4182,0.0
2026-07-01,Google,Growify_Performance Max_Listing_IND,780.21201,0.0,158,8490,0.0
2026-07-01,Google,Growify_Performance Max_Listing_INTL,168.195602,0.0,3,388,0.0
2026-07-01,Google,Growify_Performance Max_Listing_INTL,176.99,0.0,8,593,0.0
2026-07-01,Google,Growify_Performance Max_Listing_INTL,664.05,0.0,19,1468,0.0
2026-07-01,Google,Growify_Performance Max_Listing_INTL,0.0,0.0,0,49,0.0
2026-07-01,Google,Growify_XYZ LuxuryP_Search_INT-5/21/26,542.28,0.0,2,6,0.0
2026-07-01,Google,Growify_XYZ LuxuryP_Search_INT-5/21/26,42.4,0.0,9,31,0.0
2026-07-01,Google,Growify_XYZ LuxuryP_Search_INT-5/21/26,20.1,0.0,1,2,0.0
2026-07-01,Google,Growify_XYZ LuxuryP_Search_INT-5/21/26,441.972647,0.0,15,33,0.0
2026-07-01,Google,Growify_XYZ LuxuryP_Search_India-12/12/25,669.148726,7990.0,73,176,1.0
2026-07-02,Google,Growify_P.max_HP_EOSS_Ind,0.0,0.0,0,8,0.0
2026-07-02,Google,Growify_Performance Max_Listing_IND,2.48,0.0,1,118,0.0
2026-07-02,Google,Growify_Performance Max_Listing_INTL,0.0,0.0,0,2,0.0
2026-07-02,Google,Growify_Performance Max_Listing_INTL,0.0,0.0,0,7,0.0
2026-07-02,Google,Growify_XYZ LuxuryP_Search_India-12/12/25,1.73,0.0,1,2,0.0
2026-07-04,Google,Growify_P.max_HP_EOSS_Ind,1400.090876,2404.41,62,4124,0.16
2026-07-04,Google,Growify_Performance Max_Listing_IND,1268.637843,15198.75,251,12557,0.88
2026-07-04,Google,Growify_Performance Max_Listing_INTL,196.58,0.0,10,892,0.0
2026-07-04,Google,Growify_Performance Max_Listing_INTL,407.69,0.0,10,734,0.0
2026-07-04,Google,Growify_Performance Max_Listing_INTL,97.17,0.0,4,781,0.0
2026-07-04,Google,Growify_Performance Max_Listing_INTL,1298.042621,0.0,27,2437,0.0
2026-07-04,Google,Growify_XYZ LuxuryP_Search_INT-5/21/26,32.4,0.0,3,8,0.0
2026-07-04,Google,Growify_XYZ LuxuryP_Search_INT-5/21/26,217.35,0.0,9,31,0.0
2026-07-04,Google,Growify_XYZ LuxuryP_Search_INT-5/21/26,219.95,0.0,3,6,0.0
2026-07-04,Google,Growify_XYZ LuxuryP_Search_INT-5/21/26,4.403581,0.0,5,18,0.0
2026-07-04,Google,Growify_XYZ LuxuryP_Search_India-12/12/25,1052.795208,14200.0,89,214,1.0
2026-07-05,Google,Growify_P.max_HP_EOSS_Ind,1183.23239,0.0,244,10550,0.0
2026-07-05,Google,Growify_Performance Max_Listing_IND,1954.240233,78.8454,313,16395,0.39
2026-07-05,Google,Growify_Performance Max_Listing_INTL,118.73,0.0,5,114,0.0
2026-07-05,Google,Growify_Performance Max_Listing_INTL,215.25,0.0,7,420,0.0
2026-07-05,Google,Growify_Performance Max_Listing_INTL,28.97,0.0,2,560,0.0
2026-07-05,Google,Growify_Performance Max_Listing_INTL,1722.032859,6600.0,22,2024,0.5
2026-07-05,Google,Growify_XYZ LuxuryP_Search_INT-5/21/26,8.64,0.0,6,16,0.0
2026-07-05,Google,Growify_XYZ LuxuryP_Search_INT-5/21/26,231.44,21450.0,10,31,1.0
2026-07-05,Google,Growify_XYZ LuxuryP_Search_INT-5/21/26,43.23,0.0,1,4,0.0
2026-07-05,Google,Growify_XYZ LuxuryP_Search_INT-5/21/26,58.14,0.0,8,20,0.0
2026-07-05,Google,Growify_XYZ LuxuryP_Search_India-12/12/25,1613.448262,0.0,115,533,0.0
2026-07-06,Google,Growify_P.max_HP_EOSS_Ind,791.080745,0.0,110,5695,0.0
2026-07-06,Google,Growify_Performance Max_Listing_IND,1595.413013,0.0,426,21507,0.0
2026-07-06,Google,Growify_Performance Max_Listing_INTL,37.76,62546.4,1,234,2.0
2026-07-06,Google,Growify_Performance Max_Listing_INTL,54.37,0.0,4,736,0.0
2026-07-06,Google,Growify_Performance Max_Listing_INTL,113.59,0.0,5,292,0.0
2026-07-06,Google,Growify_Performance Max_Listing_INTL,994.31,0.0,17,1668,0.0
2026-07-06,Google,Growify_XYZ LuxuryP_Search_INT-5/21/26,6.65,0.0,5,14,0.0
2026-07-06,Google,Growify_XYZ LuxuryP_Search_INT-5/21/26,204.54,0.0,10,29,0.0
2026-07-06,Google,Growify_XYZ LuxuryP_Search_INT-5/21/26,36.95,12931.6,4,12,1.0
2026-07-06,Google,Growify_XYZ LuxuryP_Search_INT-5/21/26,280.54,0.0,11,30,0.0
2026-07-06,Google,Growify_XYZ LuxuryP_Search_India-12/12/25,842.868894,1320.0,80,415,0.4
2026-07-07,Google,Growify_P.max_HP_EOSS_Ind,646.35622,2000.0,137,6293,1.0
2026-07-07,Google,Growify_Performance Max_Listing_IND,1486.356761,0.0,351,18172,0.0
2026-07-07,Google,Growify_Performance Max_Listing_INTL,166.07,0.0,6,279,0.0
2026-07-07,Google,Growify_Performance Max_Listing_INTL,10.03,0.0,1,105,0.0
2026-07-07,Google,Growify_Performance Max_Listing_INTL,723.54,0.0,19,1287,0.0
2026-07-07,Google,Growify_Performance Max_Listing_INTL,0.0,0.0,0,75,0.0
2026-07-07,Google,Growify_XYZ LuxuryP_Search_INT-5/21/26,4.859931,23280.0,4,8,1.0
2026-07-07,Google,Growify_XYZ LuxuryP_Search_INT-5/21/26,225.01,0.0,9,23,0.0
2026-07-07,Google,Growify_XYZ LuxuryP_Search_INT-5/21/26,22.92,0.0,4,6,0.0
2026-07-07,Google,Growify_XYZ LuxuryP_Search_INT-5/21/26,5.75,0.0,6,28,0.0
2026-07-07,Google,Growify_XYZ LuxuryP_Search_India-12/12/25,1136.338996,24450.0,91,364,2.0
2026-07-08,Google,Growify_P.max_HP_EOSS_Ind,766.153199,0.0,125,4728,0.0
2026-07-08,Google,Growify_Performance Max_Listing_IND,680.061339,0.0,182,8791,0.0
2026-07-08,Google,Growify_Performance Max_Listing_INTL,179.34,43450.0,8,548,1.0
2026-07-08,Google,Growify_Performance Max_Listing_INTL,12.32,0.0,2,67,0.0
2026-07-08,Google,Growify_Performance Max_Listing_INTL,571.86,6600.0,13,1272,0.5
2026-07-08,Google,Growify_Performance Max_Listing_INTL,0.0,0.0,0,45,0.0
2026-07-08,Google,Growify_XYZ LuxuryP_Search_INT-5/21/26,1.33,0.0,1,4,0.0
2026-07-08,Google,Growify_XYZ LuxuryP_Search_INT-5/21/26,42.2,0.0,7,16,0.0
2026-07-08,Google,Growify_XYZ LuxuryP_Search_INT-5/21/26,1.28,0.0,1,4,0.0
2026-07-08,Google,Growify_XYZ LuxuryP_Search_INT-5/21/26,136.78,0.0,7,29,0.0
2026-07-08,Google,Growify_XYZ LuxuryP_Search_India-12/12/25,355.322168,660.0,56,165,0.2
2026-07-09,Google,Growify_P.max_HP_EOSS_Ind,628.731846,2968.794,88,4867,0.99
2026-07-09,Google,Growify_Performance Max_Listing_IND,1002.655829,11750.0,312,15001,1.0
2026-07-09,Google,Growify_Performance Max_Listing_INTL,20.46,0.0,2,51,0.0
2026-07-09,Google,Growify_Performance Max_Listing_INTL,25.9,0.0,1,171,0.0
2026-07-09,Google,Growify_Performance Max_Listing_INTL,39.89,0.0,3,225,0.0
2026-07-09,Google,Growify_Performance Max_Listing_INTL,148.88,0.0,5,556,0.0
2026-07-09,Google,Growify_XYZ LuxuryP_Search_INT-5/21/26,1.33,0.0,1,2,0.0
2026-07-09,Google,Growify_XYZ LuxuryP_Search_INT-5/21/26,2.797793,0.0,3,9,0.0
2026-07-09,Google,Growify_XYZ LuxuryP_Search_INT-5/21/26,261.83,0.0,2,6,0.0
2026-07-09,Google,Growify_XYZ LuxuryP_Search_INT-5/21/26,1119.4,0.0,3,6,0.0
2026-07-09,Google,Growify_XYZ LuxuryP_Search_India-12/12/25,593.984835,0.0,45,217,0.0
2026-07-10,Google,Growify_P.max_HP_EOSS_Ind,696.251802,0.0,110,5292,0.0
2026-07-10,Google,Growify_Performance Max_Listing_IND,1308.370617,0.0,382,17828,0.0
2026-07-10,Google,Growify_Performance Max_Listing_INTL,128.91,0.0,5,166,0.0
2026-07-10,Google,Growify_Performance Max_Listing_INTL,104.91,0.0,4,231,0.0
2026-07-10,Google,Growify_Performance Max_Listing_INTL,1325.34,8263.819654,9,1048,0.12
2026-07-10,Google,Growify_Performance Max_Listing_INTL,0.0,0.0,0,36,0.0
2026-07-10,Google,Growify_XYZ LuxuryP_Search_INT-5/21/26,82.79792,0.0,3,11,0.0
2026-07-10,Google,Growify_XYZ LuxuryP_Search_INT-5/21/26,877.416144,0.0,13,38,0.0
2026-07-10,Google,Growify_XYZ LuxuryP_Search_INT-5/21/26,145.85,0.0,7,20,0.0
2026-07-10,Google,Growify_XYZ LuxuryP_Search_INT-5/21/26,248.0,0.0,12,36,0.0
2026-07-10,Google,Growify_XYZ LuxuryP_Search_India-12/12/25,1194.785648,2400.0,66,305,1.0
2026-07-11,Google,Growify_P.max_HP_EOSS_Ind,1064.431725,0.0,204,8465,0.0
2026-07-11,Google,Growify_Performance Max_Listing_IND,1233.655943,0.0,542,23129,0.0
2026-07-11,Google,Growify_Performance Max_Listing_INTL,63.7,0.0,7,141,0.0
2026-07-11,Google,Growify_Performance Max_Listing_INTL,696.413825,0.0,9,260,0.0
2026-07-11,Google,Growify_Performance Max_Listing_INTL,24.88,0.0,2,301,0.0
2026-07-11,Google,Growify_Performance Max_Listing_INTL,756.32,0.0,16,1607,0.0
2026-07-11,Google,Growify_XYZ LuxuryP_Search_INT-5/21/26,260.083856,0.0,5,12,0.0
2026-07-11,Google,Growify_XYZ LuxuryP_Search_INT-5/21/26,373.13,0.0,11,27,0.0
2026-07-11,Google,Growify_XYZ LuxuryP_Search_INT-5/21/26,43.46,0.0,3,10,0.0
2026-07-11,Google,Growify_XYZ LuxuryP_Search_INT-5/21/26,578.63,0.0,2,14,0.0
2026-07-11,Google,Growify_XYZ LuxuryP_Search_India-12/12/25,972.367407,0.0,71,249,0.0
2026-07-12,Google,Growify_P.max_HP_EOSS_Ind,730.942606,6261.75,68,3238,1.0
2026-07-12,Google,Growify_Performance Max_Listing_IND,1026.030494,0.0,566,22655,0.0
2026-07-12,Google,Growify_Performance Max_Listing_INTL,0.01,0.0,1,49,0.0
2026-07-12,Google,Growify_Performance Max_Listing_INTL,371.11,0.0,2,399,0.0
2026-07-12,Google,Growify_Performance Max_Listing_INTL,595.15,0.0,17,1262,0.0
2026-07-12,Google,Growify_Performance Max_Listing_INTL,6.5,0.0,1,131,0.0
2026-07-12,Google,Growify_XYZ LuxuryP_Search_INT-5/21/26,5.32,0.0,4,9,0.0
2026-07-12,Google,Growify_XYZ LuxuryP_Search_INT-5/21/26,134.74,0.0,13,28,0.0
2026-07-12,Google,Growify_XYZ LuxuryP_Search_INT-5/21/26,2.56,0.0,2,4,0.0
2026-07-12,Google,Growify_XYZ LuxuryP_Search_INT-5/21/26,356.141872,0.0,5,16,0.0
2026-07-12,Google,Growify_XYZ LuxuryP_Search_India-12/12/25,996.622383,0.0,78,293,0.0
2026-07-13,Google,Growify_P.max_HP_EOSS_Ind,1455.899445,0.0,18,951,0.0
2026-07-13,Google,Growify_Performance Max_Listing_IND,862.480339,0.0,341,14227,0.0
2026-07-13,Google,Growify_Performance Max_Listing_INTL,7.8,0.0,1,26,0.0
2026-07-13,Google,Growify_Performance Max_Listing_INTL,360.1,0.0,6,167,0.0
2026-07-13,Google,Growify_Performance Max_Listing_INTL,583.88,0.0,16,936,0.0
2026-07-13,Google,Growify_Performance Max_Listing_INTL,0.0,0.0,0,119,0.0
2026-07-13,Google,Growify_XYZ LuxuryP_Search_INT-5/21/26,11.54,0.0,9,23,0.0
2026-07-13,Google,Growify_XYZ LuxuryP_Search_INT-5/21/26,199.390862,0.0,5,10,0.0
2026-07-13,Google,Growify_XYZ LuxuryP_Search_INT-5/21/26,291.11,0.0,8,36,0.0
2026-07-13,Google,Growify_XYZ LuxuryP_Search_INT-5/21/26,0.0,0.0,0,6,0.0
2026-07-13,Google,Growify_XYZ LuxuryP_Search_India-12/12/25,815.226796,11631.92,74,237,3.0
2026-07-14,Google,Growify_P.max_HP_EOSS_Ind,133.761012,0.0,40,1813,0.0
2026-07-14,Google,Growify_Performance Max_Listing_IND,435.960616,0.0,188,9480,0.0
2026-07-14,Google,Growify_Performance Max_Listing_INTL,12.39,0.0,1,85,0.0
2026-07-14,Google,Growify_Performance Max_Listing_INTL,46.61,0.0,2,156,0.0
2026-07-14,Google,Growify_Performance Max_Listing_INTL,214.73,0.0,6,408,0.0
2026-07-14,Google,Growify_Performance Max_Listing_INTL,0.0,0.0,0,50,0.0
2026-07-14,Google,Growify_XYZ LuxuryP_Search_INT-5/21/26,41.235392,0.0,9,24,0.0
2026-07-14,Google,Growify_XYZ LuxuryP_Search_INT-5/21/26,340.087008,0.0,5,18,0.0
2026-07-14,Google,Growify_XYZ LuxuryP_Search_INT-5/21/26,782.56,0.0,9,22,0.0
2026-07-14,Google,Growify_XYZ LuxuryP_Search_INT-5/21/26,0.0,0.0,0,2,0.0
2026-07-14,Google,Growify_XYZ LuxuryP_Search_India-12/12/25,561.569721,13666.0,62,137,1.0
2026-07-15,Google,Growify_P.max_HP_EOSS_Ind,776.05422,392.865825,86,5334,0.04
2026-07-15,Google,Growify_Performance Max_Listing_IND,1470.622629,17820.0,342,16714,3.0
2026-07-15,Google,Growify_Performance Max_Listing_INTL,8.9,0.0,2,123,0.0
2026-07-15,Google,Growify_Performance Max_Listing_INTL,197.46,0.0,7,495,0.0
2026-07-15,Google,Growify_Performance Max_Listing_INTL,86.273573,0.0,2,389,0.0
2026-07-15,Google,Growify_Performance Max_Listing_INTL,551.43,0.0,16,1279,0.0
2026-07-15,Google,Growify_XYZ LuxuryP_Search_INT-5/21/26,4.05,0.0,3,4,0.0
2026-07-15,Google,Growify_XYZ LuxuryP_Search_INT-5/21/26,121.794062,0.0,8,32,0.0
2026-07-15,Google,Growify_XYZ LuxuryP_Search_INT-5/21/26,9.06,0.0,7,17,0.0
2026-07-15,Google,Growify_XYZ LuxuryP_Search_INT-5/21/26,232.96,0.0,7,19,0.0
2026-07-15,Google,Growify_XYZ LuxuryP_Search_India-12/12/25,644.010241,3366.0,79,199,1.0
2026-07-16,Google,Growify_P.max_HP_EOSS_Ind,608.258217,0.0,67,2651,0.0
2026-07-16,Google,Growify_Performance Max_Listing_IND,1106.012147,2878.953,302,15044,0.32
2026-07-16,Google,Growify_Performance Max_Listing_INTL,25.79,0.0,3,203,0.0
2026-07-16,Google,Growify_Performance Max_Listing_INTL,179.38,0.0,9,670,0.0
2026-07-16,Google,Growify_Performance Max_Listing_INTL,48.161259,0.0,4,273,0.0
2026-07-16,Google,Growify_Performance Max_Listing_INTL,300.2,0.0,13,1919,0.0
2026-07-16,Google,Growify_XYZ LuxuryP_Search_INT-5/21/26,9.45,0.0,2,7,0.0
2026-07-16,Google,Growify_XYZ LuxuryP_Search_INT-5/21/26,103.68,0.0,8,18,0.0
2026-07-16,Google,Growify_XYZ LuxuryP_Search_INT-5/21/26,57.28,0.0,2,9,0.0
2026-07-16,Google,Growify_XYZ LuxuryP_Search_INT-5/21/26,427.384948,0.0,8,25,0.0
2026-07-16,Google,Growify_XYZ LuxuryP_Search_India-12/12/25,265.174933,13340.0,89,155,2.0
2026-07-17,Google,Growify_P.max_HP_EOSS_Ind,348.708817,0.0,54,2578,0.0
2026-07-17,Google,Growify_Performance Max_Listing_IND,725.283457,0.0,176,8472,0.0
2026-07-17,Google,Growify_Performance Max_Listing_INTL,120.33,0.0,5,435,0.0
2026-07-17,Google,Growify_Performance Max_Listing_INTL,185.92,0.0,7,691,0.0
2026-07-17,Google,Growify_Performance Max_Listing_INTL,103.52,0.0,7,378,0.0
2026-07-17,Google,Growify_Performance Max_Listing_INTL,1590.06,0.0,43,2908,0.0
2026-07-17,Google,Growify_XYZ LuxuryP_Search_INT-5/21/26,11.081074,0.0,4,10,0.0
2026-07-17,Google,Growify_XYZ LuxuryP_Search_INT-5/21/26,87.26845,0.0,15,44,0.0
2026-07-17,Google,Growify_XYZ LuxuryP_Search_INT-5/21/26,322.46,0.0,6,19,0.0
2026-07-17,Google,Growify_XYZ LuxuryP_Search_INT-5/21/26,278.37,0.0,9,29,0.0
2026-07-17,Google,Growify_XYZ LuxuryP_Search_India-12/12/25,471.044355,0.0,79,128,0.0
2026-07-18,Google,Growify_P.max_HP_EOSS_Ind,580.531523,12.7188,70,3443,0.0
2026-07-18,Google,Growify_Performance Max_Listing_IND,1187.664027,0.0,483,19082,0.0
2026-07-18,Google,Growify_Performance Max_Listing_INTL,325.09,0.0,16,571,0.0
2026-07-18,Google,Growify_Performance Max_Listing_INTL,173.356805,0.0,6,584,0.0
2026-07-18,Google,Growify_Performance Max_Listing_INTL,129.53602,0.0,5,562,0.0
2026-07-18,Google,Growify_Performance Max_Listing_INTL,485.83,0.0,17,2053,0.0
2026-07-18,Google,Growify_XYZ LuxuryP_Search_INT-5/21/26,26.054868,0.0,4,11,0.0
2026-07-18,Google,Growify_XYZ LuxuryP_Search_INT-5/21/26,144.29,0.0,13,33,0.0
2026-07-18,Google,Growify_XYZ LuxuryP_Search_INT-5/21/26,79.598557,0.0,6,21,0.0
2026-07-18,Google,Growify_XYZ LuxuryP_Search_INT-5/21/26,196.45,0.0,9,30,0.0
2026-07-18,Google,Growify_XYZ LuxuryP_Search_India-12/12/25,264.579949,0.0,79,150,0.0
2026-07-19,Google,Growify_P.max_HP_EOSS_Ind,560.374959,5803.181175,95,4094,0.64
2026-07-19,Google,Growify_Performance Max_Listing_IND,850.853004,0.0,125,4585,0.0
2026-07-19,Google,Growify_Performance Max_Listing_INTL,3.37,0.0,1,186,0.0
2026-07-19,Google,Growify_Performance Max_Listing_INTL,333.3,0.0,9,400,0.0
2026-07-19,Google,Growify_Performance Max_Listing_INTL,132.63,0.0,4,284,0.0
2026-07-19,Google,Growify_Performance Max_Listing_INTL,676.16,0.0,21,1760,0.0
2026-07-19,Google,Growify_XYZ LuxuryP_Search_INT-5/21/26,10.203016,0.0,2,6,0.0
2026-07-19,Google,Growify_XYZ LuxuryP_Search_INT-5/21/26,146.891092,4165.92,17,40,1.0
2026-07-19,Google,Growify_XYZ LuxuryP_Search_INT-5/21/26,50.53,0.0,4,10,0.0
2026-07-19,Google,Growify_XYZ LuxuryP_Search_INT-5/21/26,856.562912,34770.0,7,26,1.0
2026-07-19,Google,Growify_XYZ LuxuryP_Search_India-12/12/25,780.568242,0.0,51,89,0.0
2026-07-20,Google,Growify_P.max_HP_EOSS_Ind,336.465672,3587.2812,70,3497,1.0
2026-07-20,Google,Growify_Performance Max_Listing_IND,228.374202,0.0,181,7566,0.0
2026-07-20,Google,Growify_Performance Max_Listing_INTL,149.67,0.0,7,304,0.0
2026-07-20,Google,Growify_Performance Max_Listing_INTL,1459.43,0.0,8,306,0.0
2026-07-20,Google,Growify_Performance Max_Listing_INTL,63.33,0.0,3,302,0.0
2026-07-20,Google,Growify_Performance Max_Listing_INTL,164.65,0.0,9,1308,0.0
2026-07-20,Google,Growify_XYZ LuxuryP_Search_INT-5/21/26,2.958184,0.0,3,6,0.0
2026-07-20,Google,Growify_XYZ LuxuryP_Search_INT-5/21/26,648.01,0.0,12,35,0.0
2026-07-20,Google,Growify_XYZ LuxuryP_Search_INT-5/21/26,348.54,0.0,3,18,0.0
2026-07-20,Google,Growify_XYZ LuxuryP_Search_INT-5/21/26,182.184315,0.0,7,26,0.0
2026-07-20,Google,Growify_XYZ LuxuryP_Search_India-12/12/25,353.085765,0.0,49,118,0.0
2026-07-21,Google,Growify_P.max_HP_EOSS_Ind,89.989331,0.0,40,1580,0.0
2026-07-21,Google,Growify_Performance Max_Listing_IND,243.915773,0.0,105,4705,0.0
2026-07-21,Google,Growify_Performance Max_Listing_INTL,25.55,0.0,1,30,0.0
2026-07-21,Google,Growify_Performance Max_Listing_INTL,143.0,0.0,5,188,0.0
2026-07-21,Google,Growify_Performance Max_Listing_INTL,0.0,0.0,0,17,0.0
2026-07-21,Google,Growify_Performance Max_Listing_INTL,0.0,0.0,0,25,0.0
2026-07-21,Google,Growify_XYZ LuxuryP_Search_INT-5/21/26,270.58815,0.0,10,19,0.0
2026-07-21,Google,Growify_XYZ LuxuryP_Search_INT-5/21/26,26.96,0.0,2,6,0.0
2026-07-21,Google,Growify_XYZ LuxuryP_Search_India-12/12/25,185.585702,0.0,17,29,0.0
2026-07-22,Google,Growify_P.max_HP_EOSS_Ind,951.432744,0.0,199,7891,0.0
2026-07-22,Google,Growify_Performance Max_Listing_IND,752.583249,0.0,307,13376,0.0
2026-07-22,Google,Growify_Performance Max_Listing_INTL,81.42,0.0,3,179,0.0
2026-07-22,Google,Growify_Performance Max_Listing_INTL,19.329695,0.0,4,161,0.0
2026-07-22,Google,Growify_Performance Max_Listing_INTL,48.32,0.0,4,163,0.0
2026-07-22,Google,Growify_Performance Max_Listing_INTL,426.52,0.0,10,1028,0.0
2026-07-22,Google,Growify_XYZ LuxuryP_Search_INT-5/21/26,4.138751,0.0,4,6,0.0
2026-07-22,Google,Growify_XYZ LuxuryP_Search_INT-5/21/26,221.5,0.0,11,26,0.0
2026-07-22,Google,Growify_XYZ LuxuryP_Search_INT-5/21/26,91.449839,0.0,5,9,0.0
2026-07-22,Google,Growify_XYZ LuxuryP_Search_INT-5/21/26,11.776452,0.0,8,22,0.0
2026-07-22,Google,Growify_XYZ LuxuryP_Search_India-12/12/25,329.240499,0.0,64,107,0.0
2026-07-23,Google,Growify_P.max_HP_EOSS_Ind,664.990223,0.0,152,6334,0.0
2026-07-23,Google,Growify_Performance Max_Listing_IND,832.191588,0.0,305,14143,0.0
2026-07-23,Google,Growify_Performance Max_Listing_INTL,33.42,0.0,6,298,0.0
2026-07-23,Google,Growify_Performance Max_Listing_INTL,66.287989,0.0,2,159,0.0
2026-07-23,Google,Growify_Performance Max_Listing_INTL,21.02,0.0,2,242,0.0
2026-07-23,Google,Growify_Performance Max_Listing_INTL,721.74,0.0,14,830,0.0
2026-07-23,Google,Growify_XYZ LuxuryP_Search_INT-5/21/26,20.10799,0.0,4,9,0.0
2026-07-23,Google,Growify_XYZ LuxuryP_Search_INT-5/21/26,6.647312,0.0,5,9,0.0
2026-07-23,Google,Growify_XYZ LuxuryP_Search_INT-5/21/26,12.840979,0.0,3,5,0.0
2026-07-23,Google,Growify_XYZ LuxuryP_Search_INT-5/21/26,9.807034,4320.0,9,20,1.0
2026-07-23,Google,Growify_XYZ LuxuryP_Search_India-12/12/25,499.248482,20682.96,49,66,2.5
2026-07-24,Google,Growify_P.max_HP_EOSS_Ind,570.202407,0.0,86,4128,0.0
2026-07-24,Google,Growify_Performance Max_Listing_IND,516.518718,0.0,122,5044,0.0
2026-07-24,Google,Growify_Performance Max_Listing_INTL,148.27,0.0,6,362,0.0
2026-07-24,Google,Growify_Performance Max_Listing_INTL,63.395815,0.0,3,407,0.0
2026-07-24,Google,Growify_Performance Max_Listing_INTL,56.77,0.0,3,423,0.0
2026-07-24,Google,Growify_Performance Max_Listing_INTL,1073.2,0.0,12,1350,0.0
2026-07-24,Google,Growify_XYZ LuxuryP_Search_INT-5/21/26,1.35,0.0,1,3,0.0
2026-07-24,Google,Growify_XYZ LuxuryP_Search_INT-5/21/26,37.82,0.0,13,21,0.0
2026-07-24,Google,Growify_XYZ LuxuryP_Search_INT-5/21/26,15.43,0.0,3,5,0.0
2026-07-24,Google,Growify_XYZ LuxuryP_Search_INT-5/21/26,5.82,4165.92,6,12,1.0
2026-07-24,Google,Growify_XYZ LuxuryP_Search_India-12/12/25,886.723521,0.0,92,151,0.0
2026-07-25,Google,Growify_P.max_HP_EOSS_Ind,519.663686,0.0,51,3029,0.0
2026-07-25,Google,Growify_Performance Max_Listing_IND,356.935856,0.0,106,5034,0.0
2026-07-25,Google,Growify_Performance Max_Listing_INTL,30.72,0.0,3,90,0.0
2026-07-25,Google,Growify_Performance Max_Listing_INTL,1319.43,57874.78035,6,390,0.88
2026-07-25,Google,Growify_Performance Max_Listing_INTL,0.0,0.0,0,71,0.0
2026-07-25,Google,Growify_Performance Max_Listing_INTL,0.0,0.0,0,27,0.0
2026-07-25,Google,Growify_XYZ LuxuryP_Search_INT-5/21/26,1.35,0.0,1,1,0.0
2026-07-25,Google,Growify_XYZ LuxuryP_Search_INT-5/21/26,39.042337,0.0,14,28,0.0
2026-07-25,Google,Growify_XYZ LuxuryP_Search_INT-5/21/26,29.28548,0.0,6,10,0.0
2026-07-25,Google,Growify_XYZ LuxuryP_Search_INT-5/21/26,273.33,0.0,10,18,0.0
2026-07-25,Google,Growify_XYZ LuxuryP_Search_India-12/12/25,621.490784,3782.96,60,115,0.5
2026-07-26,Google,Growify_P.max_HP_EOSS_Ind,337.797734,357.26823,84,3813,0.1
2026-07-26,Google,Growify_Performance Max_Listing_IND,346.983792,0.0,168,7377,0.0
2026-07-26,Google,Growify_Performance Max_Listing_INTL,50.16,0.0,3,110,0.0
2026-07-26,Google,Growify_Performance Max_Listing_INTL,194.736575,1552.0626,6,163,0.16
2026-07-26,Google,Growify_Performance Max_Listing_INTL,68.69,0.0,2,152,0.0
2026-07-26,Google,Growify_Performance Max_Listing_INTL,212.81,0.0,10,436,0.0
2026-07-26,Google,Growify_XYZ LuxuryP_Search_INT-5/21/26,13.862105,0.0,5,11,0.0
2026-07-26,Google,Growify_XYZ LuxuryP_Search_INT-5/21/26,89.13,0.0,8,24,0.0
2026-07-26,Google,Growify_XYZ LuxuryP_Search_INT-5/21/26,66.093013,0.0,7,12,0.0
2026-07-26,Google,Growify_XYZ LuxuryP_Search_INT-5/21/26,44.46,0.0,8,18,0.0
2026-07-26,Google,Growify_XYZ LuxuryP_Search_India-12/12/25,1830.666151,5200.0,72,119,1.0
2026-07-27,Google,Growify_P.max_HP_EOSS_Ind,567.587492,0.0,145,4924,0.0
2026-07-27,Google,Growify_Performance Max_Listing_IND,677.516033,4999.0,261,10791,1.0
2026-07-27,Google,Growify_Performance Max_Listing_INTL,134.7,0.0,7,190,0.0
2026-07-27,Google,Growify_Performance Max_Listing_INTL,10.395615,1552.0626,1,118,0.16
2026-07-27,Google,Growify_Performance Max_Listing_INTL,38.74,0.0,6,192,0.0
2026-07-27,Google,Growify_Performance Max_Listing_INTL,110.06,0.0,6,676,0.0
2026-07-27,Google,Growify_XYZ LuxuryP_Search_INT-5/21/26,18.88,0.0,3,8,0.0
2026-07-27,Google,Growify_XYZ LuxuryP_Search_INT-5/21/26,296.357083,0.0,3,13,0.0
2026-07-27,Google,Growify_XYZ LuxuryP_Search_INT-5/21/26,35.99,0.0,3,5,0.0
2026-07-27,Google,Growify_XYZ LuxuryP_Search_INT-5/21/26,3.87,0.0,2,6,0.0
2026-07-27,Google,Growify_XYZ LuxuryP_Search_India-12/12/25,364.998853,0.0,37,76,0.0
2026-07-28,Google,Growify_P.max_HP_EOSS_Ind,502.157692,7334.54704,131,4212,2.01
2026-07-28,Google,Growify_Performance Max_Listing_IND,441.181148,0.0,180,8220,0.0
2026-07-28,Google,Growify_Performance Max_Listing_INTL,5.34,0.0,1,181,0.0
2026-07-28,Google,Growify_Performance Max_Listing_INTL,79.623683,1552.07217,4,164,0.16
2026-07-28,Google,Growify_Performance Max_Listing_INTL,123.22,0.0,4,220,0.0
2026-07-28,Google,Growify_Performance Max_Listing_INTL,527.59,0.0,13,683,0.0
2026-07-28,Google,Growify_XYZ LuxuryP_Search_INT-5/21/26,412.81,0.0,4,7,0.0
2026-07-28,Google,Growify_XYZ LuxuryP_Search_INT-5/21/26,52.3,0.0,5,14,0.0
2026-07-28,Google,Growify_XYZ LuxuryP_Search_INT-5/21/26,11.47,0.0,3,6,0.0
2026-07-28,Google,Growify_XYZ LuxuryP_Search_INT-5/21/26,3.84,0.0,2,12,0.0
2026-07-28,Google,Growify_XYZ LuxuryP_Search_India-12/12/25,316.493793,3400.0,58,91,1.0
2026-07-29,Google,Growify_P.max_HP_EOSS_Ind,646.945417,0.0,82,4202,0.0
2026-07-29,Google,Growify_Performance Max_Listing_IND,506.818298,77.715,122,6504,0.02
2026-07-29,Google,Growify_Performance Max_Listing_INTL,366.658165,0.0,9,415,0.0
2026-07-29,Google,Growify_Performance Max_Listing_INTL,229.938006,0.0,14,813,0.0
2026-07-29,Google,Growify_Performance Max_Listing_INTL,0.0,0.0,0,201,0.0
2026-07-29,Google,Growify_Performance Max_Listing_INTL,0.0,0.0,0,240,0.0
2026-07-29,Google,Growify_XYZ LuxuryP_Search_INT-5/21/26,71.06,0.0,6,12,0.0
2026-07-29,Google,Growify_XYZ LuxuryP_Search_INT-5/21/26,208.88,4913.80263,16,41,0.51
2026-07-29,Google,Growify_XYZ LuxuryP_Search_INT-5/21/26,45.090318,0.0,5,14,0.0
2026-07-29,Google,Growify_XYZ LuxuryP_Search_INT-5/21/26,3.84,0.0,4,12,0.0
2026-07-29,Google,Growify_XYZ LuxuryP_Search_India-12/12/25,701.631287,21850.0,92,176,1.0
2026-07-30,Google,Growify_P.max_HP_EOSS_Ind,175.193985,3964.31046,40,1453,1.0
2026-07-30,Google,Growify_Performance Max_Listing_IND,459.939882,116.5875,99,3775,0.02
2026-07-30,Google,Growify_Performance Max_Listing_INTL,65.91,0.0,4,245,0.0
2026-07-30,Google,Growify_Performance Max_Listing_INTL,50.65,0.0,3,138,0.0
2026-07-30,Google,Growify_Performance Max_Listing_INTL,80.539459,0.0,5,476,0.0
2026-07-30,Google,Growify_Performance Max_Listing_INTL,0.0,0.0,0,189,0.0
2026-07-30,Google,Growify_XYZ LuxuryP_Search_INT-5/21/26,18.02,0.0,4,9,0.0
2026-07-30,Google,Growify_XYZ LuxuryP_Search_INT-5/21/26,211.78,0.0,9,18,0.0
2026-07-30,Google,Growify_XYZ LuxuryP_Search_INT-5/21/26,2.56,0.0,1,2,0.0
2026-07-30,Google,Growify_XYZ LuxuryP_Search_INT-5/21/26,0.0,0.0,0,5,0.0
2026-07-30,Google,Growify_XYZ LuxuryP_Search_India-12/12/25,382.523178,0.0,46,74,0.0
2026-08-01,Google,Growify_P.max_HP_EOSS_Ind,0.01,0.0,0,1,0.0
2026-08-04,Google,Growify_P.max_HP_EOSS_Ind,0.027801,0.0,0,2,0.0
2026-08-04,Google,Growify_Performance Max_Listing_IND,0.830048,0.0,0,17,0.0
2026-08-04,Google,Growify_XYZ LuxuryP_Search_India-12/12/25,0.0,0.0,0,1,0.0
2026-08-05,Google,Growify_P.max_HP_EOSS_Ind,950.67281,0.0,212,7004,0.0
2026-08-05,Google,Growify_Performance Max_Listing_IND,999.215236,0.0,237,10674,0.0
2026-08-05,Google,Growify_Performance Max_Listing_INTL,4.83,0.0,1,94,0.0
2026-08-05,Google,Growify_Performance Max_Listing_INTL,24.790986,0.0,1,64,0.0
2026-08-05,Google,Growify_Performance Max_Listing_INTL,0.012409,0.0,2,238,0.0
2026-08-05,Google,Growify_Performance Max_Listing_INTL,4.006612,0.0,0,54,0.0
2026-08-05,Google,Growify_XYZ LuxuryP_Search_INT-5/21/26,337.76,20500.0,3,6,1.0
2026-08-05,Google,Growify_XYZ LuxuryP_Search_INT-5/21/26,34.540442,0.0,4,14,0.0
2026-08-05,Google,Growify_XYZ LuxuryP_Search_INT-5/21/26,1.29,0.0,1,4,0.0
2026-08-05,Google,Growify_XYZ LuxuryP_Search_INT-5/21/26,108.46,0.0,2,4,0.0
2026-08-05,Google,Growify_XYZ LuxuryP_Search_India-12/12/25,331.582098,0.0,45,88,0.0
2026-08-06,Google,Growify_P.max_HP_EOSS_Ind,951.17633,0.0,159,6980,0.0
2026-08-06,Google,Growify_Performance Max_Listing_IND,898.684651,0.0,250,11871,0.0
2026-08-06,Google,Growify_Performance Max_Listing_INTL,53.34,0.0,3,140,0.0
2026-08-06,Google,Growify_Performance Max_Listing_INTL,70.462142,0.0,2,114,0.0
2026-08-06,Google,Growify_Performance Max_Listing_INTL,22.81,0.0,2,177,0.0
2026-08-06,Google,Growify_Performance Max_Listing_INTL,214.047036,0.0,8,784,0.0
2026-08-06,Google,Growify_XYZ LuxuryP_Search_INT-5/21/26,125.55,0.0,2,5,0.0
2026-08-06,Google,Growify_XYZ LuxuryP_Search_INT-5/21/26,50.94,0.0,7,21,0.0
2026-08-06,Google,Growify_XYZ LuxuryP_Search_INT-5/21/26,267.93,0.0,5,9,0.0
2026-08-06,Google,Growify_XYZ LuxuryP_Search_INT-5/21/26,0.0,0.0,0,9,0.0
2026-08-06,Google,Growify_XYZ LuxuryP_Search_India-12/12/25,387.322255,0.0,64,122,0.0
2026-08-07,Google,Growify_P.max_HP_EOSS_Ind,983.026744,357.26823,232,8309,0.1
2026-08-07,Google,Growify_Performance Max_Listing_IND,849.326074,23499.956,317,13436,1.5
2026-08-07,Google,Growify_Performance Max_Listing_INTL,108.18,0.0,5,107,0.0
2026-08-07,Google,Growify_Performance Max_Listing_INTL,110.039281,0.0,1,76,0.0
2026-08-07,Google,Growify_Performance Max_Listing_INTL,60.2,0.0,3,136,0.0
2026-08-07,Google,Growify_Performance Max_Listing_INTL,519.350897,0.0,16,619,0.0
2026-08-07,Google,Growify_XYZ LuxuryP_Search_INT-5/21/26,10.72,0.0,1,1,0.0
2026-08-07,Google,Growify_XYZ LuxuryP_Search_INT-5/21/26,3.4,0.0,2,7,0.0
2026-08-07,Google,Growify_XYZ LuxuryP_Search_INT-5/21/26,2.58,0.0,2,7,0.0
2026-08-07,Google,Growify_XYZ LuxuryP_Search_INT-5/21/26,2.88,0.0,3,15,0.0
2026-08-07,Google,Growify_XYZ LuxuryP_Search_India-12/12/25,421.189749,7914.1,75,155,1.0
2026-08-08,Google,Growify_P.max_HP_EOSS_Ind,1006.045322,750.0,240,8437,0.25
2026-08-08,Google,Growify_Performance Max_Listing_IND,874.173801,750.0,386,16238,0.25
2026-08-08,Google,Growify_Performance Max_Listing_INTL,4.82,0.0,1,132,0.0
2026-08-08,Google,Growify_Performance Max_Listing_INTL,66.980101,0.0,2,185,0.0
2026-08-08,Google,Growify_Performance Max_Listing_INTL,36.54,0.0,3,176,0.0
2026-08-08,Google,Growify_Performance Max_Listing_INTL,103.332358,0.0,8,823,0.0
2026-08-08,Google,Growify_XYZ LuxuryP_Search_INT-5/21/26,2.7,0.0,2,7,0.0
2026-08-08,Google,Growify_XYZ LuxuryP_Search_INT-5/21/26,133.93,0.0,11,31,0.0
2026-08-08,Google,Growify_XYZ LuxuryP_Search_INT-5/21/26,2.58,0.0,2,3,0.0
2026-08-08,Google,Growify_XYZ LuxuryP_Search_INT-5/21/26,222.938596,0.0,3,9,0.0
2026-08-08,Google,Growify_XYZ LuxuryP_Search_India-12/12/25,1192.510177,0.0448,83,159,0.0
2026-08-09,Google,Growify_P.max_HP_EOSS_Ind,762.889453,0.0,136,5402,0.0
2026-08-09,Google,Growify_Performance Max_Listing_IND,905.302647,36.88344,365,18862,0.01
2026-08-09,Google,Growify_Performance Max_Listing_INTL,44.5,0.0,2,146,0.0
2026-08-09,Google,Growify_Performance Max_Listing_INTL,122.839306,0.0,4,229,0.0
2026-08-09,Google,Growify_Performance Max_Listing_INTL,30.01,0.0,5,153,0.0
2026-08-09,Google,Growify_Performance Max_Listing_INTL,447.71,0.0,13,785,0.0
2026-08-09,Google,Growify_XYZ LuxuryP_Search_INT-5/21/26,0.120496,0.0,1,5,0.0
2026-08-09,Google,Growify_XYZ LuxuryP_Search_INT-5/21/26,165.713025,0.0,10,25,0.0
2026-08-09,Google,Growify_XYZ LuxuryP_Search_INT-5/21/26,132.34,0.0,6,11,0.0
2026-08-09,Google,Growify_XYZ LuxuryP_Search_INT-5/21/26,225.7,0.0,10,28,0.0
2026-08-09,Google,Growify_XYZ LuxuryP_Search_India-12/12/25,1053.206254,17880.1,88,139,1.0
2026-08-10,Google,Growify_P.max_HP_EOSS_Ind,498.081217,0.0,81,3784,0.0
2026-08-10,Google,Growify_Performance Max_Listing_IND,544.838017,11114.1,188,7747,1.0
2026-08-10,Google,Growify_Performance Max_Listing_INTL,99.03,0.0,4,188,0.0
2026-08-10,Google,Growify_Performance Max_Listing_INTL,54.31,0.0,3,180,0.0
2026-08-10,Google,Growify_Performance Max_Listing_INTL,44.89,0.0,6,203,0.0
2026-08-10,Google,Growify_Performance Max_Listing_INTL,583.81,0.0,24,1367,0.0
2026-08-10,Google,Growify_XYZ LuxuryP_Search_INT-5/21/26,243.53,0.0,2,8,0.0
2026-08-10,Google,Growify_XYZ LuxuryP_Search_INT-5/21/26,227.69,0.0,15,39,0.0
2026-08-10,Google,Growify_XYZ LuxuryP_Search_INT-5/21/26,200.75,0.0,4,8,0.0
2026-08-10,Google,Growify_XYZ LuxuryP_Search_INT-5/21/26,8.870762,0.0,10,22,0.0
2026-08-10,Google,Growify_XYZ LuxuryP_Search_India-12/12/25,652.043343,0.0,58,104,0.0
2026-08-11,Google,Growify_P.max_HP_EOSS_Ind,1009.559846,0.0,34,1158,0.0
2026-08-11,Google,Growify_Performance Max_Listing_IND,426.432708,6000.0,173,7894,1.0
2026-08-11,Google,Growify_Performance Max_Listing_INTL,21.67,0.0,2,126,0.0
2026-08-11,Google,Growify_Performance Max_Listing_INTL,34.54,0.0,3,174,0.0
2026-08-11,Google,Growify_Performance Max_Listing_INTL,929.88,0.0,21,1287,0.0
2026-08-11,Google,Growify_Performance Max_Listing_INTL,0.0,0.0,0,172,0.0
2026-08-11,Google,Growify_XYZ LuxuryP_Search_INT-5/21/26,8.08,0.0,1,3,0.0
2026-08-11,Google,Growify_XYZ LuxuryP_Search_INT-5/21/26,215.048472,0.0,15,33,0.0
2026-08-11,Google,Growify_XYZ LuxuryP_Search_INT-5/21/26,471.77,0.0,3,10,0.0
2026-08-11,Google,Growify_XYZ LuxuryP_Search_INT-5/21/26,161.33,0.0,5,18,0.0
2026-08-11,Google,Growify_XYZ LuxuryP_Search_India-12/12/25,818.503185,0.0,58,94,0.0
2026-08-12,Google,Growify_P.max_HP_EOSS_Ind,164.733589,9085.92,37,1312,1.0
2026-08-12,Google,Growify_Performance Max_Listing_IND,191.506754,0.0,107,5224,0.0
2026-08-12,Google,Growify_Performance Max_Listing_INTL,0.01,0.0,1,61,0.0
2026-08-12,Google,Growify_Performance Max_Listing_INTL,74.56,0.0,2,61,0.0
2026-08-12,Google,Growify_Performance Max_Listing_INTL,160.57,0.0,5,446,0.0
2026-08-12,Google,Growify_Performance Max_Listing_INTL,0.0,0.0,0,73,0.0
2026-08-12,Google,Growify_XYZ LuxuryP_Search_INT-5/21/26,105.039491,0.0,10,21,0.0
2026-08-12,Google,Growify_XYZ LuxuryP_Search_INT-5/21/26,69.59,0.0,3,8,0.0
2026-08-12,Google,Growify_XYZ LuxuryP_Search_INT-5/21/26,67.78,0.0,2,6,0.0
2026-08-12,Google,Growify_XYZ LuxuryP_Search_INT-5/21/26,0.0,0.0,0,4,0.0
2026-08-12,Google,Growify_XYZ LuxuryP_Search_India-12/12/25,938.592603,5320.0,42,78,1.0
2026-08-13,Google,Growify_P.max_HP_EOSS_Ind,331.457389,0.0,57,3361,0.0
2026-08-13,Google,Growify_Performance Max_Listing_IND,791.169947,0.0,262,15235,0.0
2026-08-13,Google,Growify_Performance Max_Listing_INTL,18.14,0.0,2,49,0.0
2026-08-13,Google,Growify_Performance Max_Listing_INTL,226.45,0.0,1,111,0.0
2026-08-13,Google,Growify_Performance Max_Listing_INTL,20.506643,0.0,0,65,0.0
2026-08-13,Google,Growify_Performance Max_Listing_INTL,0.0,0.0,0,27,0.0
2026-08-13,Google,Growify_XYZ LuxuryP_Search_INT-5/21/26,2.7,0.0,2,5,0.0
2026-08-13,Google,Growify_XYZ LuxuryP_Search_INT-5/21/26,44.49,0.0,4,10,0.0
2026-08-13,Google,Growify_XYZ LuxuryP_Search_INT-5/21/26,2.58,0.0,2,6,0.0
2026-08-13,Google,Growify_XYZ LuxuryP_Search_INT-5/21/26,65.83,0.0,4,12,0.0
2026-08-13,Google,Growify_XYZ LuxuryP_Search_India-12/12/25,436.924048,0.0,55,118,0.0
2026-08-14,Google,Growify_P.max_HP_EOSS_Ind,592.620989,9355.2174,98,3771,1.96
2026-08-14,Google,Growify_Performance Max_Listing_IND,533.806083,0.0,185,10123,0.0
2026-08-14,Google,Growify_Performance Max_Listing_INTL,13.66,0.0,1,69,0.0
2026-08-14,Google,Growify_Performance Max_Listing_INTL,21.48,0.0,1,79,0.0
2026-08-14,Google,Growify_Performance Max_Listing_INTL,13.36879,0.0,2,87,0.0
2026-08-14,Google,Growify_Performance Max_Listing_INTL,746.65,0.0,14,469,0.0
2026-08-14,Google,Growify_XYZ LuxuryP_Search_INT-5/21/26,95.844866,0.0,6,19,0.0
2026-08-14,Google,Growify_XYZ LuxuryP_Search_INT-5/21/26,640.888202,0.0,17,34,0.0
2026-08-14,Google,Growify_XYZ LuxuryP_Search_INT-5/21/26,139.15,0.0,3,8,0.0
2026-08-14,Google,Growify_XYZ LuxuryP_Search_INT-5/21/26,124.11,0.0,7,20,0.0
2026-08-14,Google,Growify_XYZ LuxuryP_Search_India-12/12/25,398.600621,0.0,58,128,0.0
2026-08-15,Google,Growify_P.max_HP_EOSS_Ind,422.852082,4637.65302,58,2263,1.19
2026-08-15,Google,Growify_Performance Max_Listing_IND,563.518698,0.0,214,10037,0.0
2026-08-15,Google,Growify_Performance Max_Listing_INTL,4.08,0.0,1,47,0.0
2026-08-15,Google,Growify_Performance Max_Listing_INTL,37.460795,0.0,4,283,0.0
2026-08-15,Google,Growify_Performance Max_Listing_INTL,0.0,0.0,0,51,0.0
2026-08-15,Google,Growify_Performance Max_Listing_INTL,0.0,0.0,0,106,0.0
2026-08-15,Google,Growify_XYZ LuxuryP_Search_INT-5/21/26,180.55,0.0,6,13,0.0
2026-08-15,Google,Growify_XYZ LuxuryP_Search_INT-5/21/26,104.55,0.0,9,25,0.0
2026-08-15,Google,Growify_XYZ LuxuryP_Search_INT-5/21/26,155.094514,0.0,4,9,0.0
2026-08-15,Google,Growify_XYZ LuxuryP_Search_INT-5/21/26,559.804379,0.0,7,15,0.0
2026-08-15,Google,Growify_XYZ LuxuryP_Search_India-12/12/25,1288.196539,3400.0,92,191,1.0
2026-08-16,Google,Growify_P.max_HP_EOSS_Ind,547.338601,3516.8325,48,1720,0.47
2026-08-16,Google,Growify_Performance Max_Listing_IND,526.298292,3516.8475,164,7396,0.47
2026-08-16,Google,Growify_Performance Max_Listing_INTL,16.536329,0.0,1,72,0.0
2026-08-16,Google,Growify_Performance Max_Listing_INTL,14.05,0.0,3,341,0.0
2026-08-16,Google,Growify_Performance Max_Listing_INTL,0.0,0.0,0,34,0.0
2026-08-16,Google,Growify_Performance Max_Listing_INTL,19.32792,0.0,0,86,0.0
2026-08-16,Google,Growify_XYZ LuxuryP_Search_INT-5/21/26,2.72,0.0,2,10,0.0
2026-08-16,Google,Growify_XYZ LuxuryP_Search_INT-5/21/26,177.575961,0.0,6,17,0.0
2026-08-16,Google,Growify_XYZ LuxuryP_Search_INT-5/21/26,67.743273,0.0,3,14,0.0
2026-08-16,Google,Growify_XYZ LuxuryP_Search_INT-5/21/26,212.015657,25080.0,8,39,1.0
2026-08-16,Google,Growify_XYZ LuxuryP_Search_India-12/12/25,366.179258,1500.0,67,179,1.0
2026-08-17,Google,Growify_P.max_HP_EOSS_Ind,445.663987,5940.0,70,3425,1.0
2026-08-17,Google,Growify_Performance Max_Listing_IND,486.084324,3960.0,212,10372,1.0
2026-08-17,Google,Growify_Performance Max_Listing_INTL,59.149804,0.0,4,87,0.0
2026-08-17,Google,Growify_Performance Max_Listing_INTL,1.556013,0.0,2,83,0.0
2026-08-17,Google,Growify_Performance Max_Listing_INTL,41.508256,0.0,1,358,0.0
2026-08-17,Google,Growify_Performance Max_Listing_INTL,0.0,0.0,0,85,0.0
2026-08-17,Google,Growify_XYZ LuxuryP_Search_INT-5/21/26,10.84,0.0,1,10,0.0
2026-08-17,Google,Growify_XYZ LuxuryP_Search_INT-5/21/26,563.085961,0.0,10,27,0.0
2026-08-17,Google,Growify_XYZ LuxuryP_Search_INT-5/21/26,197.11,0.0,3,8,0.0
2026-08-17,Google,Growify_XYZ LuxuryP_Search_INT-5/21/26,228.96,0.0,6,17,0.0
2026-08-17,Google,Growify_XYZ LuxuryP_Search_India-12/12/25,430.232634,0.0,73,179,0.0
2026-08-18,Google,Growify_P.max_HP_EOSS_Ind,407.95147,0.0,59,3008,0.0
2026-08-18,Google,Growify_Performance Max_Listing_IND,460.885361,0.0,154,6538,0.0
2026-08-18,Google,Growify_Performance Max_Listing_INTL,22.32,0.0,3,143,0.0
2026-08-18,Google,Growify_Performance Max_Listing_INTL,29.242907,0.0,1,115,0.0
2026-08-18,Google,Growify_Performance Max_Listing_INTL,50.718334,0.0,3,213,0.0
2026-08-18,Google,Growify_Performance Max_Listing_INTL,106.79931,0.0,10,764,0.0
2026-08-18,Google,Growify_XYZ LuxuryP_Search_INT-5/21/26,442.92,0.0,2,6,0.0
2026-08-18,Google,Growify_XYZ LuxuryP_Search_INT-5/21/26,318.38,0.0,9,21,0.0
2026-08-18,Google,Growify_XYZ LuxuryP_Search_INT-5/21/26,100.97,0.0,4,7,0.0
2026-08-18,Google,Growify_XYZ LuxuryP_Search_INT-5/21/26,16.3,0.0,9,22,0.0
2026-08-18,Google,Growify_XYZ LuxuryP_Search_India-12/12/25,1005.60874,0.0,82,147,0.0
2026-08-19,Google,Growify_P.max_HP_EOSS_Ind,484.404667,0.0,61,2070,0.0
2026-08-19,Google,Growify_Performance Max_Listing_IND,587.64271,0.0,226,9106,0.0
2026-08-19,Google,Growify_Performance Max_Listing_INTL,63.288014,0.0,5,514,0.0
2026-08-19,Google,Growify_Performance Max_Listing_INTL,117.020605,0.0,6,461,0.0
2026-08-19,Google,Growify_Performance Max_Listing_INTL,285.149935,0.0,9,518,0.0
2026-08-19,Google,Growify_Performance Max_Listing_INTL,1421.281152,0.0,31,2027,0.0
2026-08-19,Google,Growify_XYZ LuxuryP_Search_INT-5/21/26,69.15,0.0,4,13,0.0
2026-08-19,Google,Growify_XYZ LuxuryP_Search_INT-5/21/26,232.87,0.0,10,31,0.0
2026-08-19,Google,Growify_XYZ LuxuryP_Search_INT-5/21/26,6.5,0.0,2,7,0.0
2026-08-19,Google,Growify_XYZ LuxuryP_Search_INT-5/21/26,53.59,0.0,2,4,0.0
2026-08-19,Google,Growify_XYZ LuxuryP_Search_India-12/12/25,1114.945075,12040.0,90,231,2.0
2026-08-20,Google,Growify_P.max_HP_EOSS_Ind,495.392584,0.0,100,3077,0.0
2026-08-20,Google,Growify_Performance Max_Listing_IND,435.438367,0.0,226,8852,0.0
2026-08-20,Google,Growify_Performance Max_Listing_INTL,437.371614,0.0,6,268,0.0
2026-08-20,Google,Growify_Performance Max_Listing_INTL,295.148674,0.0,5,296,0.0
2026-08-20,Google,Growify_Performance Max_Listing_INTL,171.906605,0.0,7,454,0.0
2026-08-20,Google,Growify_Performance Max_Listing_INTL,546.704698,0.0,16,1226,0.0
2026-08-20,Google,Growify_XYZ LuxuryP_Search_INT-5/21/26,183.82,0.0,7,22,0.0
2026-08-20,Google,Growify_XYZ LuxuryP_Search_INT-5/21/26,32.59,0.0,2,6,0.0
2026-08-20,Google,Growify_XYZ LuxuryP_Search_INT-5/21/26,618.42,0.0,7,18,0.0
2026-08-20,Google,Growify_XYZ LuxuryP_Search_INT-5/21/26,1.37,0.0,1,3,0.0
2026-08-20,Google,Growify_XYZ LuxuryP_Search_India-12/12/25,253.672165,4999.0,64,152,1.0
2026-08-21,Google,Growify_P.max_HP_EOSS_Ind,518.024643,0.0,104,3378,0.0
2026-08-21,Google,Growify_Performance Max_Listing_IND,422.845041,0.0,188,7799,0.0
2026-08-21,Google,Growify_Performance Max_Listing_INTL,202.437522,0.0,3,134,0.0
2026-08-21,Google,Growify_Performance Max_Listing_INTL,115.537242,0.0,3,162,0.0
2026-08-21,Google,Growify_Performance Max_Listing_INTL,256.067947,0.0,7,500,0.0
2026-08-21,Google,Growify_Performance Max_Listing_INTL,366.687286,0.0,11,681,0.0
2026-08-21,Google,Growify_XYZ LuxuryP_Search_INT-5/21/26,129.35,0.0,1,1,0.0
2026-08-21,Google,Growify_XYZ LuxuryP_Search_INT-5/21/26,47.91,0.0,2,7,0.0
2026-08-21,Google,Growify_XYZ LuxuryP_Search_INT-5/21/26,471.87,0.0,2,9,0.0
2026-08-21,Google,Growify_XYZ LuxuryP_Search_INT-5/21/26,0.0,0.0,0,2,0.0
2026-08-21,Google,Growify_XYZ LuxuryP_Search_India-12/12/25,151.353488,0.0,38,103,0.0
2026-08-22,Google,Growify_P.max_HP_EOSS_Ind,483.290978,0.0,74,3183,0.0
2026-08-22,Google,Growify_Performance Max_Listing_IND,340.39269,0.0,175,6749,0.0
2026-08-22,Google,Growify_Performance Max_Listing_INTL,143.176349,0.0,6,165,0.0
2026-08-22,Google,Growify_Performance Max_Listing_INTL,83.979039,0.0,5,66,0.0
2026-08-22,Google,Growify_Performance Max_Listing_INTL,258.5021,0.0,5,288,0.0
2026-08-22,Google,Growify_Performance Max_Listing_INTL,538.029113,0.0,9,930,0.0
2026-08-22,Google,Growify_XYZ LuxuryP_Search_INT-5/21/26,368.56,0.0,2,6,0.0
2026-08-22,Google,Growify_XYZ LuxuryP_Search_INT-5/21/26,21.61,0.0,6,10,0.0
2026-08-22,Google,Growify_XYZ LuxuryP_Search_INT-5/21/26,160.72,0.0,2,14,0.0
2026-08-22,Google,Growify_XYZ LuxuryP_Search_INT-5/21/26,180.133912,0.0,6,16,0.0
2026-08-22,Google,Growify_XYZ LuxuryP_Search_India-12/12/25,798.382813,0.0,63,136,0.0
2026-08-23,Google,Growify_P.max_HP_EOSS_Ind,529.358434,0.0,32,811,0.0
2026-08-23,Google,Growify_Performance Max_Listing_IND,696.406178,4999.0,325,14417,1.0
2026-08-23,Google,Growify_Performance Max_Listing_INTL,191.307668,0.0,4,337,0.0
2026-08-23,Google,Growify_Performance Max_Listing_INTL,71.27972,0.0,4,123,0.0
2026-08-23,Google,Growify_Performance Max_Listing_INTL,186.201265,0.0,13,546,0.0
2026-08-23,Google,Growify_Performance Max_Listing_INTL,629.679023,0.0,17,1270,0.0
2026-08-23,Google,Growify_XYZ LuxuryP_Search_INT-5/21/26,16.48,0.0,2,11,0.0
2026-08-23,Google,Growify_XYZ LuxuryP_Search_INT-5/21/26,107.85,0.0,6,20,0.0
2026-08-23,Google,Growify_XYZ LuxuryP_Search_INT-5/21/26,471.87,21500.0,7,28,1.0
2026-08-23,Google,Growify_XYZ LuxuryP_Search_INT-5/21/26,0.0,0.0,0,7,0.0
2026-08-23,Google,Growify_XYZ LuxuryP_Search_India-12/12/25,591.480174,5320.0,80,206,1.0
2026-08-24,Google,Growify_P.max_HP_EOSS_Ind,325.268316,0.0,98,3853,0.0
2026-08-24,Google,Growify_Performance Max_Listing_IND,394.676552,2200.92708,222,8761,0.61
2026-08-24,Google,Growify_Performance Max_Listing_INTL,135.09977,0.0,8,90,0.0
2026-08-24,Google,Growify_Performance Max_Listing_INTL,117.26,0.0,3,168,0.0
2026-08-24,Google,Growify_Performance Max_Listing_INTL,566.13,0.0,16,760,0.0
2026-08-24,Google,Growify_Performance Max_Listing_INTL,0.0,0.0,0,43,0.0
2026-08-24,Google,Growify_XYZ LuxuryP_Search_INT-5/21/26,18.54,0.0,2,6,0.0
2026-08-24,Google,Growify_XYZ LuxuryP_Search_INT-5/21/26,70.031318,0.0,10,31,0.0
2026-08-24,Google,Growify_XYZ LuxuryP_Search_INT-5/21/26,16.98,0.0,1,6,0.0
2026-08-24,Google,Growify_XYZ LuxuryP_Search_INT-5/21/26,196.22,0.0,4,19,0.0
2026-08-24,Google,Growify_XYZ LuxuryP_Search_India-12/12/25,414.822637,0.0,59,128,0.0
2026-08-25,Google,Growify_P.max_HP_EOSS_Ind,278.863773,0.0,55,2383,0.0
2026-08-25,Google,Growify_Performance Max_Listing_IND,370.37862,0.0,206,7743,0.0
2026-08-25,Google,Growify_Performance Max_Listing_INTL,498.32129,0.0,9,79,0.0
2026-08-25,Google,Growify_Performance Max_Listing_INTL,33.87,0.0,2,48,0.0
2026-08-25,Google,Growify_Performance Max_Listing_INTL,65.18,0.0,3,140,0.0
2026-08-25,Google,Growify_Performance Max_Listing_INTL,0.0,0.0,0,6,0.0
2026-08-25,Google,Growify_XYZ LuxuryP_Search_INT-5/21/26,1.37,0.0,1,4,0.0
2026-08-25,Google,Growify_XYZ LuxuryP_Search_INT-5/21/26,2.78,0.0,2,5,0.0
2026-08-25,Google,Growify_XYZ LuxuryP_Search_INT-5/21/26,2.27,0.0,2,3,0.0
2026-08-25,Google,Growify_XYZ LuxuryP_Search_INT-5/21/26,350.44,0.0,5,7,0.0
2026-08-25,Google,Growify_XYZ LuxuryP_Search_India-12/12/25,338.918279,0.0,67,167,0.0
2026-08-26,Google,Growify_P.max_HP_EOSS_Ind,299.075302,9174.0,55,2861,1.0
2026-08-26,Google,Growify_Performance Max_Listing_IND,634.919295,0.0,243,10395,0.0
2026-08-26,Google,Growify_Performance Max_Listing_INTL,9.0,0.0,1,62,0.0
2026-08-26,Google,Growify_Performance Max_Listing_INTL,15.85,0.0,4,25,0.0
2026-08-26,Google,Growify_Performance Max_Listing_INTL,12.489347,0.0,2,102,0.0
2026-08-26,Google,Growify_Performance Max_Listing_INTL,172.93,0.0,8,182,0.0
2026-08-26,Google,Growify_XYZ LuxuryP_Search_INT-5/21/26,24.515468,0.0,1,6,0.0
2026-08-26,Google,Growify_XYZ LuxuryP_Search_INT-5/21/26,5.52,0.0,4,7,0.0
2026-08-26,Google,Growify_XYZ LuxuryP_Search_INT-5/21/26,7.82,0.0,2,3,0.0
2026-08-26,Google,Growify_XYZ LuxuryP_Search_INT-5/21/26,539.12,0.0,6,13,0.0
2026-08-26,Google,Growify_XYZ LuxuryP_Search_India-12/12/25,274.681032,0.0,58,185,0.0
2026-08-27,Google,Growify_P.max_HP_EOSS_Ind,220.662175,0.0,46,1508,0.0
2026-08-27,Google,Growify_Performance Max_Listing_IND,355.772309,0.0,107,5724,0.0
2026-08-27,Google,Growify_Performance Max_Listing_INTL,3.48,0.0,3,56,0.0
2026-08-27,Google,Growify_Performance Max_Listing_INTL,408.33,0.0,3,45,0.0
2026-08-27,Google,Growify_Performance Max_Listing_INTL,0.0,0.0,0,2,0.0
2026-08-27,Google,Growify_Performance Max_Listing_INTL,0.0,0.0,0,17,0.0
2026-08-27,Google,Growify_XYZ LuxuryP_Search_INT-5/21/26,95.2,0.0,4,9,0.0
2026-08-27,Google,Growify_XYZ LuxuryP_Search_INT-5/21/26,1.38,0.0,1,2,0.0
2026-08-27,Google,Growify_XYZ LuxuryP_Search_INT-5/21/26,1.3,0.0,1,3,0.0
2026-08-27,Google,Growify_XYZ LuxuryP_Search_INT-5/21/26,99.23,0.0,2,4,0.0
2026-08-27,Google,Growify_XYZ LuxuryP_Search_India-12/12/25,261.145327,0.0,33,96,0.0
