Data Source name,Date,Currency,Sales Channel,Transaction Timestamp,Order Created At,Order Updated At,Order ID,Order Name,Country Funnel,Geo Location Segment,Billing Country,Billing Province,Billing City,Order Tags,Product ID,Product Title,Product Tags,Variant Title,Gross Sales (INR),Net Sales (INR),Total Sales (INR),Orders,Returns (INR),Return Rate,Items Sold,Items Returned,Average Order Value (INR),New Customer Orders,Returning Customer Orders,Average Items Per Order,Discounts (INR),Row Count,Shopify Traffic Source,Customer Sale Type,Customer ID,Shipping Country,Missing_Product_Info,Missing_Customer_ID
XYZ Luxury,2026-03-01 00:00:00+00:00,INR,Draft Orders,2026-03-01 09:20:18+00:00,2026-03-01 09:20:19+00:00,2026-03-02 09:09:35+00:00,6892290000000.0,#3270,India,India,India,Karnataka,Bangalore,,,,,,87000.0,78300.0,78300.0,1,0.0,0.0,2.0,,78300.0,1.0,,2.0,8700.0,2,,First-time,9149670000000.0,India,True,False
XYZ Luxury,2026-03-01 00:00:00+00:00,INR,XYZ Luxury - magic checkout,2026-03-01 14:32:49+00:00,2026-03-01 14:32:49+00:00,2026-03-02 05:58:21+00:00,6893430000000.0,#3271,India,India,India,West Bengal,Rupnarayanpur,"Magic, upi",9419580000000.0,Paro Payal Pair,"16ak, sale-28",Default Title,5950.0,5950.0,5950.0,1,0.0,0.0,1.0,,5950.0,1.0,,1.0,0.0,1,,First-time,9150220000000.0,India,False,False
XYZ Luxury,2026-03-02 00:00:00+00:00,INR,XYZ Luxury - magic checkout,2026-03-01 19:27:28+00:00,2026-03-01 19:27:28+00:00,2026-03-02 06:04:07+00:00,6894690000000.0,#3272,India,India,India,Punjab,Jalandhar,"Magic, upi",9418080000000.0,Nanki Hair Clips,,Default Title,9000.0,8100.0,8100.0,1,0.0,0.0,1.0,,8100.0,,1.0,1.0,900.0,1,,Returning,9040720000000.0,India,False,False
XYZ Luxury,2026-03-02 00:00:00+00:00,INR,XYZ Luxury - magic checkout,2026-03-02 03:24:37+00:00,2026-03-02 03:24:37+00:00,2026-03-02 06:08:26+00:00,6896590000000.0,#3273,India,India,India,Punjab,Gurdaspur,,9474390000000.0,panna studs,"17f, sale-28",Default Title,4900.0,4900.0,4900.0,1,0.0,0.0,1.0,,4900.0,1.0,,1.0,0.0,1,,First-time,9145290000000.0,India,False,False
XYZ Luxury,2026-03-02 00:00:00+00:00,INR,XYZ Luxury - magic checkout,2026-03-02 08:33:59+00:00,2026-03-02 08:33:59+00:00,2026-03-02 10:20:06+00:00,6897620000000.0,#3274,India,India,India,Punjab,Ludhiana,"Magic, upi",8149440000000.0,Rida Tikka,"desc addition, eoss_02jun, EOSS_jan26, hp_rts09may",Default Title,8500.0,7650.0,7650.0,1,0.0,0.0,1.0,,7650.0,1.0,,1.0,850.0,1,,First-time,9154590000000.0,India,False,False
XYZ Luxury,2026-03-02 00:00:00+00:00,INR,XYZ Luxury - magic checkout,2026-03-02 15:23:40+00:00,2026-03-02 15:23:40+00:00,2026-03-03 10:11:02+00:00,6898040000000.0,#3275,India,India,India,Delhi,South,"card, Magic",9008520000000.0,Pali Pippal Patti Tikka,"eoss_02jun, EOSS_jan26",Default Title,16500.0,15246.74,15246.74,1,0.0,0.0,1.0,,15246.74,1.0,,1.0,1253.26,1,,First-time,9155140000000.0,India,False,False
XYZ Luxury,2026-03-03 00:00:00+00:00,INR,XYZ Luxury - magic checkout,2026-03-02 22:09:01+00:00,2026-03-02 22:09:01+00:00,2026-03-02 22:09:17+00:00,6898670000000.0,#3276,India,India,India,Punjab,Amritsar,"card, Magic",8903800000000.0,Mughul Side Hair Clip,"eoss_02jun, EOSS_jan26, hp_rts09may",Default Title,9500.0,8873.26,8873.26,1,0.0,0.0,1.0,,8873.26,1.0,,1.0,626.74,1,,First-time,9153690000000.0,India,False,False
XYZ Luxury,2026-03-03 00:00:00+00:00,INR,XYZ Luxury - magic checkout,2026-03-03 01:46:17+00:00,2026-03-03 01:46:17+00:00,2026-03-03 05:22:18+00:00,6898940000000.0,#3277,India,India,India,Maharashtra,Mumbai,"Magic, netbanking",9419420000000.0,Al-razi Openable Bangles Pair,"16ak, sale-28",02-Aug,7000.0,7000.0,7000.0,1,0.0,0.0,1.0,,7000.0,1.0,,1.0,0.0,1,,First-time,8426530000000.0,India,False,False
XYZ Luxury,2026-03-03 00:00:00+00:00,INR,XYZ Luxury - magic checkout,2026-03-03 13:58:33+00:00,2026-03-03 13:58:33+00:00,2026-03-06 06:21:00+00:00,6899920000000.0,#3278,India,India,India,West Bengal,East Midnapore,"Magic, upi",9427520000000.0,Malerkotla Raani Haar Set,sale-28,Default Title,20650.0,20650.0,20650.0,1,0.0,0.0,1.0,,20650.0,1.0,,1.0,0.0,1,,First-time,9157230000000.0,India,False,False
XYZ Luxury,2026-03-04 00:00:00+00:00,INR,XYZ Luxury - magic checkout,2026-03-04 00:45:53+00:00,2026-03-04 00:45:53+00:00,2026-03-06 05:22:21+00:00,6902750000000.0,#3279,India,India,India,Punjab,Malout,"Magic, upi",9419420000000.0,Al-razi Openable Bangles Pair,"16ak, sale-28",02-Apr,7000.0,7000.0,7000.0,1,0.0,0.0,1.0,,7000.0,,1.0,1.0,0.0,1,,Returning,8073450000000.0,India,False,False
XYZ Luxury,2026-03-04 00:00:00+00:00,INR,XYZ Luxury - magic checkout,2026-03-04 05:20:26+00:00,2026-03-04 05:20:26+00:00,2026-03-06 05:29:23+00:00,6903830000000.0,#3280,India,India,India,Haryana,Panchkula,"Magic, upi",9478430000000.0,Areej Antique Pearl Set,"20-02, sale-28",Default Title,5250.0,5250.0,5250.0,1,0.0,0.0,1.0,,5250.0,1.0,,1.0,0.0,1,,First-time,9160200000000.0,India,False,False
XYZ Luxury,2026-03-04 00:00:00+00:00,INR,XYZ Luxury - magic checkout,2026-03-04 08:16:25+00:00,2026-03-04 08:16:25+00:00,2026-03-05 07:23:46+00:00,6904350000000.0,#3281,India,India,India,Tamil Nadu,Coimbatore,"Magic, upi",9475460000000.0,Jhooley Earrings,"18-02, sale-28",Default Title,6300.0,6300.0,6300.0,1,0.0,0.0,1.0,,6300.0,1.0,,1.0,0.0,1,,First-time,9160590000000.0,India,False,False
XYZ Luxury,2026-03-04 00:00:00+00:00,INR,XYZ Luxury - magic checkout,2026-03-04 10:23:30+00:00,2026-03-04 10:23:30+00:00,2026-03-04 10:23:45+00:00,6904450000000.0,#3282,India,India,India,Uttarakhand,Dehradun,"Magic, upi",8654730000000.0,Naseeb Earrings,"Bestseller_18sep, desc addition, eoss_02jun, EOSS_jan26, hp_rts09may",Default Title,13500.0,12150.0,12150.0,1,0.0,0.0,1.0,,12150.0,1.0,,1.0,1350.0,1,,First-time,9160750000000.0,India,False,False
XYZ Luxury,2026-03-04 00:00:00+00:00,INR,XYZ Luxury - magic checkout,2026-03-04 14:50:06+00:00,2026-03-04 14:50:06+00:00,2026-03-06 05:45:11+00:00,6904950000000.0,#3283,India,India,India,Karnataka,Bengaluru,"card, Magic",9007120000000.0,Rubani Jadau Vaaliyaan,"3july-backup-dis, eoss_02jun, EOSS_jan26",Default Title,14500.0,13050.0,13050.0,1,0.0,0.0,1.0,,13050.0,1.0,,1.0,1450.0,1,,First-time,9161320000000.0,India,False,False
XYZ Luxury,2026-03-04 00:00:00+00:00,INR,XYZ Luxury - magic checkout,2026-03-04 15:22:45+00:00,2026-03-04 15:22:45+00:00,2026-03-05 06:59:50+00:00,6905090000000.0,#3284,India,India,India,Delhi,West Delhi,"Magic, upi",8146230000000.0,Sanam antique Ring,"desc addition, eoss_02jun, EOSS_jan26",Default Title,5693.0,5123.7,5123.7,1,0.0,0.0,1.0,,5123.7,1.0,,1.0,569.3,1,,First-time,9161440000000.0,India,False,False
XYZ Luxury,2026-03-05 00:00:00+00:00,INR,XYZ Luxury - magic checkout,2026-03-04 19:11:10+00:00,2026-03-04 19:11:10+00:00,2026-03-06 05:59:53+00:00,6906010000000.0,#3285,India,India,India,West Bengal,Asansol,"Magic, upi",9478440000000.0,Mint Pink Tikka,"20-02, sale-28",Default Title,5600.0,5600.0,5600.0,1,0.0,0.0,1.0,,5600.0,1.0,,1.0,0.0,1,,First-time,9162410000000.0,India,False,False
XYZ Luxury,2026-03-05 00:00:00+00:00,INR,XYZ Luxury - magic checkout,2026-03-05 02:00:33+00:00,2026-03-05 02:00:33+00:00,2026-03-08 20:52:59+00:00,6907570000000.0,#3286,Singapore,Rest of the World,Singapore,Singapore,Singapore,"card, Magic",8252950000000.0,Virsa Hair Clips Pair,"Bestseller_18sep, desc addition, eoss_02jun, EOSS_jan26, hp_rts09may, occasion",Default Title,11500.0,10350.0,10350.0,1,0.0,0.0,1.0,,10350.0,1.0,,1.0,1150.0,1,,First-time,8893380000000.0,Singapore,False,False
XYZ Luxury,2026-03-05 00:00:00+00:00,INR,XYZ Luxury - magic checkout,2026-03-05 14:23:54+00:00,2026-03-05 14:23:54+00:00,2026-03-06 05:49:13+00:00,6909420000000.0,#3287,India,India,India,Karnataka,Bengaluru,"Magic, upi",9008490000000.0,Kinza Pearl Set,"3july-backup-dis, Bestseller_18sep, eoss_02jun, EOSS_jan26",Default Title,19500.0,17550.0,17550.0,1,0.0,0.0,1.0,,17550.0,1.0,,1.0,1950.0,1,,First-time,9166040000000.0,India,False,False
XYZ Luxury,2026-03-06 00:00:00+00:00,INR,XYZ Luxury - magic checkout,2026-03-06 03:18:08+00:00,2026-03-06 03:18:08+00:00,2026-03-09 20:39:02+00:00,6912790000000.0,#3288,United States,USA,United States,Texas,Cypress,"Magic, wallet",8924010000000.0,Ansari Gokhdu Bangles Pair,"3july-backup-dis, Bestseller_18sep, eoss_02jun, EOSS_jan26, hp_rts09may, sale-28, Silver Bangles",02-Aug,7969.5,7969.5,7969.5,1,0.0,0.0,1.0,,7969.5,,1.0,1.0,0.0,1,,Returning,8824570000000.0,United States,False,False
XYZ Luxury,2026-03-06 00:00:00+00:00,INR,Draft Orders,2026-03-06 13:34:59+00:00,2026-03-06 13:34:59+00:00,2026-03-07 06:44:29+00:00,6914210000000.0,#3289,India,India,India,Uttar Pradesh,Greater Noida,,8741220000000.0,Gokhru Payal Pair,"desc addition, eoss_02jun, EOSS_jan26",Default Title,37318.0,33586.2,33586.2,1,0.0,0.0,1.0,,33586.2,1.0,,1.0,3731.8,1,,First-time,9170260000000.0,India,False,False
XYZ Luxury,2026-03-07 00:00:00+00:00,INR,XYZ Luxury - magic checkout,2026-03-07 05:20:38+00:00,2026-03-07 05:20:38+00:00,2026-03-07 05:20:54+00:00,6942680000000.0,#3290,India,India,India,Uttar Pradesh,Sant Kabir Nagar,"card, Magic",9427520000000.0,Patiala Choker Set,sale-28,Default Title,15750.0,15750.0,15750.0,1,0.0,0.0,1.0,,15750.0,1.0,,1.0,0.0,1,,First-time,9173370000000.0,India,False,False
XYZ Luxury,2026-03-07 00:00:00+00:00,INR,Draft Orders,2026-03-07 08:57:48+00:00,2026-03-07 08:57:48+00:00,2026-03-07 10:26:21+00:00,6943400000000.0,#3291,India,India,India,Kerala,Chenganoor,,9008490000000.0,Jindaa’n Vaaliyaan,"eoss_02jun, EOSS_jan26",Default Title,17500.0,15750.0,15750.0,1,0.0,0.0,1.0,,15750.0,1.0,,1.0,1750.0,1,,First-time,9174050000000.0,India,False,False
XYZ Luxury,2026-03-07 00:00:00+00:00,INR,XYZ Luxury - magic checkout,2026-03-07 12:44:24+00:00,2026-03-07 12:44:24+00:00,2026-03-10 17:15:50+00:00,6944120000000.0,#3292,United States,USA,United States,New York,Hicksville,"card, Magic",8955980000000.0,Simran Necklace Earrings & Tikka,"Bestseller_18sep, eoss_02jun, EOSS_jan26, hp_rts09may",Default Title,47500.0,42750.0,42750.0,1,0.0,0.0,1.0,,42750.0,1.0,,1.0,4750.0,1,,First-time,9174670000000.0,United States,False,False
XYZ Luxury,2026-03-07 00:00:00+00:00,INR,XYZ Luxury - magic checkout,2026-03-07 13:17:49+00:00,2026-03-07 13:17:49+00:00,2026-03-10 17:15:50+00:00,6944240000000.0,#3293,United States,USA,United States,New York,Hicksville,"Magic, wallet",8182010000000.0,Simran Nath,"desc addition, eoss_02jun, EOSS_jan26",Default Title,9000.0,8100.0,8100.0,1,0.0,0.0,1.0,,8100.0,,1.0,1.0,900.0,1,,Returning,9174670000000.0,United States,False,False
XYZ Luxury,2026-03-08 00:00:00+00:00,INR,XYZ Luxury - magic checkout,2026-03-08 10:35:55+00:00,2026-03-08 10:35:55+00:00,2026-03-09 05:40:21+00:00,6949150000000.0,#3294,India,India,India,Gujarat,Rajkot,"card, Magic",9475470000000.0,Jannat Earrings,"18-02, sale-28",Default Title,4152.54,3889.13,4589.17,1,0.0,0.0,1.0,,3889.13,,1.0,1.0,263.41,1,,Returning,8860770000000.0,India,False,False
XYZ Luxury,2026-03-08 00:00:00+00:00,INR,XYZ Luxury - magic checkout,2026-03-08 11:48:47+00:00,2026-03-08 11:48:47+00:00,2026-03-09 13:10:04+00:00,6949410000000.0,#3295,India,India,India,Punjab,Ludhiana,"card, Magic",9111030000000.0,Jaazmine Pippal Patti Studs,EOSS_jan26,Default Title,10000.0,9000.0,9000.0,1,0.0,0.0,1.0,,9000.0,1.0,,1.0,1000.0,1,,First-time,9179510000000.0,India,False,False
XYZ Luxury,2026-03-08 00:00:00+00:00,INR,XYZ Luxury - magic checkout,2026-03-08 15:43:15+00:00,2026-03-08 15:43:15+00:00,2026-03-09 05:43:10+00:00,6950310000000.0,#3296,India,India,India,Delhi,West Delhi,"Magic, upi",9478430000000.0,Amina Pippal Patti Passa,"20-02, sale-28",Default Title,8050.0,8050.0,8050.0,1,0.0,0.0,1.0,,8050.0,,1.0,1.0,0.0,1,,Returning,9161440000000.0,India,False,False
XYZ Luxury,2026-03-09 00:00:00+00:00,INR,XYZ Luxury - magic checkout,2026-03-09 14:08:34+00:00,2026-03-09 14:08:34+00:00,2026-03-10 05:29:05+00:00,6952530000000.0,#3297,India,India,India,Jammu and Kashmir,Jammu,"Magic, upi",9478430000000.0,Amina Ruby Emerald Passa,"20-02, sale-28",Default Title,8050.0,8050.0,8050.0,1,0.0,0.0,1.0,,8050.0,1.0,,1.0,0.0,1,,First-time,9182780000000.0,India,False,False
XYZ Luxury,2026-03-10 00:00:00+00:00,INR,XYZ Luxury - magic checkout,2026-03-10 07:39:36+00:00,2026-03-10 07:39:36+00:00,2026-03-10 10:27:54+00:00,6958790000000.0,#3298,India,India,India,Punjab,Kingra Jalandhar,"card, Magic",8745340000000.0,Sutlej Hair Pins Pair,"Bestseller_18sep, desc addition, eoss_02jun, EOSS_jan26",Default Title,11500.0,10350.0,10350.0,1,0.0,0.0,1.0,,10350.0,1.0,,1.0,1150.0,1,,First-time,9184710000000.0,India,False,False
XYZ Luxury,2026-03-11 00:00:00+00:00,INR,XYZ Luxury - magic checkout,2026-03-10 18:43:59+00:00,2026-03-10 18:43:59+00:00,2026-03-11 05:13:16+00:00,6965350000000.0,#3299,India,India,India,Maharashtra,Mumbai,"Magic, upi",9428130000000.0,Param tikka,category_tikka,Default Title,11500.0,10350.0,10350.0,1,0.0,0.0,1.0,,10350.0,1.0,,1.0,1150.0,1,,First-time,9141270000000.0,India,False,False
XYZ Luxury,2026-03-11 00:00:00+00:00,INR,XYZ Luxury - magic checkout,2026-03-11 07:49:31+00:00,2026-03-11 07:49:31+00:00,2026-03-11 07:58:53+00:00,6968350000000.0,#3300,India,India,India,Punjab,Ludhiana,"card, Magic",8924020000000.0,Sabina Bangles Set,"3july-backup-dis, Bestseller_18sep, category_bangles, eoss_02jun, EOSS_jan26, hp_rts09may, sale-28, Silver Bangles",02-Aug,4418.4,4418.4,4418.4,1,0.0,0.0,1.0,,4418.4,,1.0,1.0,0.0,1,,Returning,8923140000000.0,India,False,False
XYZ Luxury,2026-03-11 00:00:00+00:00,INR,XYZ Luxury - magic checkout,2026-03-11 18:17:20+00:00,2026-03-11 18:17:20+00:00,2026-03-12 05:55:43+00:00,6970050000000.0,#3301,India,India,India,Jammu and Kashmir,Jammu,"Magic, upi",9478430000000.0,Areej Antique Pearl Set,"20-02, category_necklace, sale-28",Default Title,5250.0,5250.0,5250.0,1,0.0,0.0,1.0,,5250.0,1.0,,1.0,0.0,1,,First-time,9195300000000.0,India,False,False
XYZ Luxury,2026-03-11 00:00:00+00:00,INR,XYZ Luxury - magic checkout,2026-03-11 18:27:37+00:00,2026-03-11 18:27:37+00:00,2026-03-11 18:27:53+00:00,6970100000000.0,#3302,India,India,India,Gujarat,Surat,"card, Magic",8745340000000.0,Sutlej Hair Pins Pair,"Bestseller_18sep, desc addition, eoss_02jun, EOSS_jan26",Default Title,11500.0,10350.0,10350.0,1,0.0,0.0,1.0,,10350.0,1.0,,1.0,1150.0,1,,First-time,9167200000000.0,India,False,False
XYZ Luxury,2026-03-12 00:00:00+00:00,INR,XYZ Luxury - magic checkout,2026-03-11 22:33:13+00:00,2026-03-11 22:33:13+00:00,2026-03-12 05:52:06+00:00,6971140000000.0,#3303,India,India,India,Gujarat,Ahmedabad,"card, Magic",8923250000000.0,Namar Atique Bangles,"3july-backup-dis, Bestseller_18sep, category_bangles, eoss_02jun, EOSS_jan26, hp_rts09may, sale-28, Silver Bangles",02-Apr,7969.5,7969.5,7969.5,1,0.0,0.0,1.0,,7969.5,1.0,,1.0,0.0,1,,First-time,8320030000000.0,India,False,False
XYZ Luxury,2026-03-12 00:00:00+00:00,INR,XYZ Luxury - magic checkout,2026-03-12 03:40:10+00:00,2026-03-12 03:40:10+00:00,2026-03-15 20:36:39+00:00,6972440000000.0,#3304,United States,USA,United States,California,La Mesa,"card, Magic",9111080000000.0,Bani Choker Set,"category_choker, EOSS_jan26",Default Title,27500.0,24750.0,24750.0,1,0.0,0.0,1.0,,24750.0,1.0,,1.0,2750.0,1,,First-time,9199210000000.0,United States,False,False
XYZ Luxury,2026-03-12 00:00:00+00:00,INR,XYZ Luxury - magic checkout,2026-03-12 16:33:44+00:00,2026-03-12 16:33:44+00:00,2026-03-13 05:45:25+00:00,6974550000000.0,#3305,India,India,India,Haryana,Panchkula,"Magic, upi",9474300000000.0,rubina choker set,"17f, category_choker, category_necklace, sale-28",Default Title,9800.0,9800.0,9800.0,1,0.0,0.0,1.0,,9800.0,1.0,,1.0,0.0,1,,First-time,9175070000000.0,India,False,False
XYZ Luxury,2026-03-13 00:00:00+00:00,INR,XYZ Luxury - magic checkout,2026-03-13 04:01:27+00:00,2026-03-13 04:01:28+00:00,2026-03-16 05:15:15+00:00,6977220000000.0,#3306,Canada,Rest of the World,Canada,Alberta,Edmonton,,9219650000000.0,Pakeezah Choker Set,"category_choker, category_necklace, Clearance Sale, EOSS_jan26",Default Title,26950.0,24255.0,24255.0,1,0.0,0.0,1.0,,24255.0,1.0,,1.0,2695.0,1,,First-time,9205810000000.0,Canada,False,False
XYZ Luxury,2026-03-13 00:00:00+00:00,INR,XYZ Luxury - magic checkout,2026-03-13 15:38:42+00:00,2026-03-13 15:38:42+00:00,2026-03-13 15:38:58+00:00,6978650000000.0,#3307,India,India,India,Punjab,Mohali,"Magic, upi",9474310000000.0,iffat choker set,"17f, sale-28",Default Title,9800.0,9800.0,9800.0,1,0.0,0.0,1.0,,9800.0,1.0,,1.0,0.0,1,,First-time,9194500000000.0,India,False,False
XYZ Luxury,2026-03-14 00:00:00+00:00,INR,XYZ Luxury - magic checkout,2026-03-14 01:42:52+00:00,2026-03-14 01:42:52+00:00,2026-03-14 01:43:08+00:00,6980080000000.0,#3308,United States,USA,United States,Texas,Houston,"card, Magic",8654710000000.0,Kapurthala Red Shell Pearl Chooda,"category_chooda, Chooda, eoss_02jun, EOSS_jan26",02-Aug,9000.0,8642.38,8642.38,1,0.0,0.0,1.0,,8642.38,1.0,,1.0,357.62,1,,First-time,9212080000000.0,United States,False,False
XYZ Luxury,2026-03-14 00:00:00+00:00,INR,XYZ Luxury - magic checkout,2026-03-14 06:10:04+00:00,2026-03-14 06:10:04+00:00,2026-03-14 06:10:20+00:00,6980640000000.0,#3309,India,India,India,Assam,Kamrup,"Magic, upi",8741480000000.0,Nazare Ring,"Bestseller_18sep, desc addition, eoss_02jun, EOSS_jan26, hp_rts09may",Default Title,6000.0,5400.0,5400.0,1,0.0,0.0,1.0,,5400.0,1.0,,1.0,600.0,1,,First-time,9213510000000.0,India,False,False
XYZ Luxury,2026-03-14 00:00:00+00:00,INR,XYZ Luxury - magic checkout,2026-03-14 06:28:16+00:00,2026-03-14 06:28:16+00:00,2026-03-14 06:28:32+00:00,6980680000000.0,#3310,India,India,India,Uttar Pradesh,Mathura,"Magic, upi",9474310000000.0,panna choker set,"17f, category_choker, category_necklace, sale-28",Default Title,8750.0,8750.0,8750.0,1,0.0,0.0,1.0,,8750.0,1.0,,1.0,0.0,1,,First-time,9213560000000.0,India,False,False
XYZ Luxury,2026-03-14 00:00:00+00:00,INR,Draft Orders,2026-03-14 09:52:28+00:00,2026-03-14 09:52:28+00:00,2026-03-14 09:52:29+00:00,6981040000000.0,#3311,United Kingdom,Rest of the World,United Kingdom,England,Slough,,,,,,15500.0,15500.0,17500.0,1,0.0,0.0,1.0,,15500.0,1.0,,1.0,0.0,2,,First-time,9213980000000.0,United Kingdom,True,False
XYZ Luxury,2026-03-15 00:00:00+00:00,INR,XYZ Luxury - magic checkout,2026-03-15 02:41:41+00:00,2026-03-15 02:41:41+00:00,2026-03-15 02:41:57+00:00,6983550000000.0,#3312,India,India,India,Karnataka,Bengaluru,"Magic, upi",8830400000000.0,Chandni Earrings With Sahare,"category_earring, Clearance Sale, eoss_02jun, EOSS_jan26",Default Title,18343.0,16508.7,16508.7,1,0.0,0.0,1.0,,16508.7,1.0,,1.0,1834.3,1,,First-time,9216430000000.0,India,False,False
XYZ Luxury,2026-03-15 00:00:00+00:00,INR,XYZ Luxury - magic checkout,2026-03-15 04:37:41+00:00,2026-03-15 04:37:41+00:00,2026-03-15 04:37:57+00:00,6983840000000.0,#3313,United States,USA,United States,Oregon,Beaverton,"card, Magic",9478450000000.0,Nimrat Jhumki Earrings,"category_earring, sale-28",Default Title,8750.0,8750.0,8750.0,1,0.0,0.0,1.0,,8750.0,,1.0,1.0,0.0,1,,Returning,8327710000000.0,United States,False,False
XYZ Luxury,2026-03-15 00:00:00+00:00,INR,XYZ Luxury - magic checkout,2026-03-15 06:32:31+00:00,2026-03-15 06:32:31+00:00,2026-03-15 06:32:47+00:00,6984090000000.0,#3314,Canada,Rest of the World,Canada,British Columbia,Surrey,"Magic, wallet",9408510000000.0,Raunaq Necklace Set,"av-07jan26, category_choker, category_necklace, EOSS_jan26, sale-28",Default Title,11550.0,11550.0,11550.0,1,0.0,0.0,1.0,,11550.0,1.0,,1.0,0.0,1,,First-time,9181320000000.0,Canada,False,False
XYZ Luxury,2026-03-15 00:00:00+00:00,INR,XYZ Luxury - magic checkout,2026-03-15 08:43:45+00:00,2026-03-15 08:43:45+00:00,2026-03-15 08:44:00+00:00,6984350000000.0,#3315,India,India,India,Haryana,Gurur,"Magic, upi",9474390000000.0,panna studs,"17f, category_earring, sale-28",Default Title,4900.0,4900.0,4900.0,1,0.0,0.0,1.0,,4900.0,1.0,,1.0,0.0,1,,First-time,9217220000000.0,India,False,False
XYZ Luxury,2026-03-15 00:00:00+00:00,INR,XYZ Luxury - magic checkout,2026-03-15 14:39:45+00:00,2026-03-15 14:39:45+00:00,2026-03-15 14:40:01+00:00,6985120000000.0,#3316,India,India,India,Maharashtra,Mumbai,"Magic, upi",9472660000000.0,Begum Jaan Nath,,Default Title,14500.0,13050.0,13050.0,1,0.0,0.0,1.0,,13050.0,,1.0,1.0,1450.0,1,,Returning,9141270000000.0,India,False,False
XYZ Luxury,2026-03-15 00:00:00+00:00,INR,XYZ Luxury - magic checkout,2026-03-15 17:17:44+00:00,2026-03-15 17:17:44+00:00,2026-03-15 17:18:00+00:00,6985580000000.0,#3317,India,India,India,Maharashtra,Nagpur,"Magic, upi",9408490000000.0,Vani Antique Set,"av-07jan26, category_choker, category_necklace, EOSS_jan26, sale-28",Default Title,6300.0,6300.0,6300.0,1,0.0,0.0,1.0,,6300.0,1.0,,1.0,0.0,1,,First-time,9218710000000.0,India,False,False
XYZ Luxury,2026-03-16 00:00:00+00:00,INR,XYZ Luxury - magic checkout,2026-03-16 08:59:44+00:00,2026-03-16 08:59:44+00:00,2026-03-16 09:00:00+00:00,6987000000000.0,#3318,India,India,India,Punjab,Bathinda,"Magic, upi",9478430000000.0,Amina Pippal Patti Passa,"20-02, category_Passa, sale-28",Default Title,8050.0,8050.0,8050.0,1,0.0,0.0,1.0,,8050.0,1.0,,1.0,0.0,1,,First-time,9220290000000.0,India,False,False
XYZ Luxury,2026-03-17 00:00:00+00:00,INR,XYZ Luxury - magic checkout,2026-03-17 12:07:36+00:00,2026-03-17 12:07:36+00:00,2026-03-20 07:26:02+00:00,6992520000000.0,#3319,India,India,India,Haryana,Hisar,"Magic, upi",9463350000000.0,sona studs,category_earring,Default Title,3389.83,3050.85,3600.0,1,0.0,0.0,1.0,,3050.85,1.0,,1.0,338.98,1,,First-time,9225820000000.0,India,False,False
XYZ Luxury,2026-03-18 00:00:00+00:00,INR,XYZ Luxury - magic checkout,2026-03-17 19:36:06+00:00,2026-03-17 19:36:07+00:00,2026-03-18 02:43:45+00:00,6994000000000.0,#3320,India,India,India,Chandigarh,Mohali,,8652470000000.0,Morni Hair Clips Pair,"desc addition, eoss_02jun, EOSS_jan26, occasion",Default Title,9500.0,8550.0,8550.0,1,0.0,0.0,1.0,,8550.0,1.0,,1.0,950.0,1,,First-time,9226940000000.0,India,False,False
XYZ Luxury,2026-03-18 00:00:00+00:00,INR,XYZ Luxury - magic checkout,2026-03-17 22:50:03+00:00,2026-03-17 22:50:03+00:00,2026-03-17 22:50:19+00:00,6994680000000.0,#3321,United States,USA,United States,California,Novato,"card, Magic",9474390000000.0,iffat studs,"17f, category_earring, sale-28",Default Title,5250.0,5250.0,5250.0,1,0.0,0.0,1.0,,5250.0,1.0,,1.0,0.0,1,,First-time,9228030000000.0,United States,False,False
XYZ Luxury,2026-03-18 00:00:00+00:00,INR,XYZ Luxury - magic checkout,2026-03-18 04:57:07+00:00,2026-03-18 04:57:07+00:00,2026-03-18 04:57:23+00:00,6995930000000.0,#3322,United States,USA,United States,Washington,Auburn,"card, Magic",8710430000000.0,Lahori Double Chain,"Bestseller_18sep, category_choker, category_necklace, desc addition, eoss_02jun, EOSS_jan26",Default Title,18343.0,16508.7,16508.7,1,0.0,0.0,1.0,,16508.7,,1.0,1.0,1834.3,1,,Returning,7907630000000.0,United States,False,False
XYZ Luxury,2026-03-18 00:00:00+00:00,INR,XYZ Luxury - magic checkout,2026-03-18 07:26:42+00:00,2026-03-18 07:26:46+00:00,2026-03-20 07:13:49+00:00,6996280000000.0,#3323,India,India,India,Haryana,Gurgaon,,8252950000000.0,Virsa Hair Clips Pair,"Bestseller_18sep, desc addition, eoss_02jun, EOSS_jan26, hp_rts09may, occasion",Default Title,11500.0,10350.0,10350.0,1,0.0,0.0,1.0,,10350.0,1.0,,1.0,1150.0,1,,First-time,9226290000000.0,India,False,False
XYZ Luxury,2026-03-18 00:00:00+00:00,INR,XYZ Luxury - magic checkout,2026-03-18 13:57:04+00:00,2026-03-18 13:57:04+00:00,2026-03-18 13:57:20+00:00,6996810000000.0,#3324,United States,USA,United States,New York,Floral Park,"Magic, wallet",8654730000000.0,Zara Antique Choker Set,"category_choker, Clearance Sale, desc addition, eoss_02jun, EOSS_jan26, hp_rts09may",Default Title,29500.0,27229.98,27229.98,1,0.0,0.0,1.0,,27229.98,1.0,,1.0,2270.02,1,,First-time,9230210000000.0,United States,False,False
XYZ Luxury,2026-03-19 00:00:00+00:00,INR,XYZ Luxury - magic checkout,2026-03-19 15:51:06+00:00,2026-03-19 15:51:06+00:00,2026-03-19 16:05:13+00:00,7001730000000.0,#3325,United Kingdom,Rest of the World,United Kingdom,England,London,"card, Magic",9224500000000.0,Ghungroo Bangles Pair,"category_bangles, Clearance Sale, EOSS_jan26, sale-28",02-Apr,3850.0,3510.38,3510.38,1,0.0,0.0,1.0,,3510.38,1.0,,1.0,339.62,1,,First-time,9234390000000.0,United Kingdom,False,False
XYZ Luxury,2026-03-20 00:00:00+00:00,INR,XYZ Luxury - magic checkout,2026-03-20 06:17:04+00:00,2026-03-20 06:17:04+00:00,2026-03-20 06:37:45+00:00,7005220000000.0,#3326,India,India,India,Punjab,Mohali,"Magic, upi",9418090000000.0,Ruby Emerald Bangles Pair,"16ak, category_bangles, sale-28",02-Aug,6300.0,6300.0,6300.0,1,0.0,0.0,1.0,,6300.0,,1.0,1.0,0.0,1,,Returning,8949660000000.0,India,False,False
XYZ Luxury,2026-03-21 00:00:00+00:00,INR,XYZ Luxury - magic checkout,2026-03-20 20:55:04+00:00,2026-03-20 20:55:04+00:00,2026-03-20 20:55:19+00:00,7008010000000.0,#3327,Canada,Rest of the World,Canada,British Columbia,Surrey,"card, Magic",8924020000000.0,Raunaq Antique Bangles,"3july-backup-dis, Bestseller_18sep, category_bangles, eoss_02jun, EOSS_jan26, hp_rts09may, sale-28, Silver Bangles",02-Apr,4418.4,4418.4,4418.4,1,0.0,0.0,1.0,,4418.4,1.0,,1.0,0.0,1,,First-time,9239870000000.0,Canada,False,False
XYZ Luxury,2026-03-21 00:00:00+00:00,INR,XYZ Luxury - magic checkout,2026-03-21 16:11:17+00:00,2026-03-21 16:11:17+00:00,2026-03-23 06:30:29+00:00,7012910000000.0,#3328,India,India,India,Punjab,Gurdaspur,"Magic, upi",9419580000000.0,Paro Payal Pair,"16ak, category_payal, sale-28",Default Title,5950.0,5950.0,5950.0,1,0.0,0.0,1.0,,5950.0,1.0,,1.0,0.0,1,,First-time,9244100000000.0,India,False,False
XYZ Luxury,2026-03-21 00:00:00+00:00,INR,XYZ Luxury - magic checkout,2026-03-21 16:23:31+00:00,2026-03-21 16:23:31+00:00,2026-03-23 06:45:43+00:00,7012970000000.0,#3329,India,India,India,Punjab,Pathankot,"Magic, upi",9474310000000.0,farida choker set,"17f, category_choker, category_necklace, sale-28",Default Title,10150.0,10150.0,10150.0,1,0.0,0.0,1.0,,10150.0,1.0,,1.0,0.0,1,,First-time,9244150000000.0,India,False,False
XYZ Luxury,2026-03-21 00:00:00+00:00,INR,XYZ Luxury - magic checkout,2026-03-21 18:01:04+00:00,2026-03-21 18:01:04+00:00,2026-03-21 18:01:21+00:00,7013470000000.0,#3330,Canada,Rest of the World,Canada,British Columbia,Surrey,"card, Magic",9224500000000.0,Mannat HandPieces Pair,"category_hand pieces, Clearance Sale, EOSS_jan26",Default Title,15950.0,14355.0,14355.0,1,0.0,0.0,1.0,,14355.0,1.0,,1.0,1595.0,1,,First-time,9244570000000.0,Canada,False,False
XYZ Luxury,2026-03-22 00:00:00+00:00,INR,XYZ Luxury - magic checkout,2026-03-21 19:27:06+00:00,2026-03-21 19:27:06+00:00,2026-03-25 20:53:57+00:00,7013910000000.0,#3331,Canada,Rest of the World,Canada,Saskatchewan,Saskatoon,"Additional Notes, card, Magic",9224500000000.0,Ghungroo Bangles Pair,"category_bangles, Clearance Sale, EOSS_jan26, sale-28",02-Aug,3850.0,3850.0,3850.0,1,0.0,0.0,1.0,,3850.0,1.0,,1.0,0.0,1,,First-time,9244720000000.0,Canada,False,False
XYZ Luxury,2026-03-22 00:00:00+00:00,INR,XYZ Luxury - magic checkout,2026-03-22 03:59:54+00:00,2026-03-22 03:59:54+00:00,2026-03-22 04:00:10+00:00,7016230000000.0,#3332,United States,USA,United States,Indiana,Greenwood,"Magic, wallet",8592080000000.0,Chand Hair Clips Pair,"Bestseller_18sep, desc addition, eoss_02jun, EOSS_jan26, occasion",Default Title,10000.0,9000.0,9000.0,1,0.0,0.0,1.0,,9000.0,1.0,,1.0,1000.0,1,,First-time,9246910000000.0,United States,False,False
XYZ Luxury,2026-03-22 00:00:00+00:00,INR,XYZ Luxury - magic checkout,2026-03-22 05:12:40+00:00,2026-03-22 05:12:40+00:00,2026-03-23 06:38:30+00:00,7016580000000.0,#3333,India,India,India,Jharkhand,Ranchi,"Magic, upi",9463350000000.0,Moni Studs,category_earring,Default Title,7203.38,6483.05,7650.0,1,0.0,0.0,1.0,,6483.05,1.0,,1.0,720.33,1,,First-time,9037960000000.0,India,False,False
XYZ Luxury,2026-03-22 00:00:00+00:00,INR,XYZ Luxury - magic checkout,2026-03-22 07:09:07+00:00,2026-03-22 07:09:07+00:00,2026-03-23 06:04:56+00:00,7017050000000.0,#3334,India,India,India,Haryana,Gurgaon,"card, Magic",9419420000000.0,Dholki Openable Bangles Pair,"16ak, category_bangles, sale-28",02-Apr,16100.0,16100.0,16100.0,1,0.0,0.0,2.0,,16100.0,,1.0,2.0,0.0,1,,Returning,8936180000000.0,India,False,False
XYZ Luxury,2026-03-22 00:00:00+00:00,INR,Online Store,2026-03-22 16:26:19+00:00,2026-03-22 16:26:21+00:00,2026-03-23 06:18:42+00:00,7019530000000.0,#3335,India,India,India,Maharashtra,Navi Mumbai,,8924010000000.0,Ansari Gokhdu Bangles Pair,"3july-backup-dis, Bestseller_18sep, category_bangles, eoss_02jun, EOSS_jan26, hp_rts09may, sale-28, Silver Bangles",02-Apr,7969.5,7969.5,7969.5,1,0.0,0.0,1.0,,7969.5,1.0,,1.0,0.0,1,Google,First-time,9249800000000.0,India,False,False
XYZ Luxury,2026-03-23 00:00:00+00:00,INR,XYZ Luxury - magic checkout,2026-03-23 06:29:09+00:00,2026-03-23 06:29:09+00:00,2026-03-23 06:56:28+00:00,7021520000000.0,#3336,India,India,India,Punjab,Jalandhar,"Magic, upi",8916240000000.0,Haafiz Antique Bangles 4pc,"3july-backup-dis, Bestseller_18sep, category_bangles, eoss_02jun, EOSS_jan26, hp_rts09may, sale-28, Silver Bangles",02-Apr,4418.4,4418.4,4418.4,1,0.0,0.0,1.0,,4418.4,1.0,,1.0,0.0,1,,First-time,9251900000000.0,India,False,False
XYZ Luxury,2026-03-23 00:00:00+00:00,INR,XYZ Luxury - magic checkout,2026-03-23 14:25:47+00:00,2026-03-23 14:25:47+00:00,2026-03-24 06:54:32+00:00,7022230000000.0,#3337,India,India,India,Punjab,Bathinda,"Additional Notes, Magic, upi",9419420000000.0,Al-razi Openable Bangles Pair,"16ak, category_bangles, sale-28",02-Aug,7000.0,7000.0,7000.0,1,0.0,0.0,1.0,,7000.0,1.0,,1.0,0.0,1,,First-time,9171070000000.0,India,False,False
XYZ Luxury,2026-03-23 00:00:00+00:00,INR,XYZ Luxury - magic checkout,2026-03-23 15:35:30+00:00,2026-03-23 15:35:30+00:00,2026-03-23 15:35:46+00:00,7022510000000.0,#3338,Canada,Rest of the World,Canada,Ontario,Brampton,"Magic, wallet",9419640000000.0,Chand Jhumki Earrings,category_earring,Default Title,24500.0,22050.0,22050.0,1,0.0,0.0,1.0,,22050.0,,1.0,1.0,2450.0,1,,Returning,8295630000000.0,Canada,False,False
XYZ Luxury,2026-03-23 00:00:00+00:00,INR,XYZ Luxury - magic checkout,2026-03-23 17:33:06+00:00,2026-03-23 17:33:06+00:00,2026-03-24 06:20:16+00:00,7023010000000.0,#3339,India,India,India,Maharashtra,Mumbai,"card, Magic",9475470000000.0,Temple Jhumki Earrings,"18-02, category_earring, sale-28",Default Title,6300.0,6300.0,6300.0,1,0.0,0.0,1.0,,6300.0,1.0,,1.0,0.0,1,,First-time,9253400000000.0,India,False,False
XYZ Luxury,2026-03-24 00:00:00+00:00,INR,XYZ Luxury - magic checkout,2026-03-23 22:08:18+00:00,2026-03-23 22:08:18+00:00,2026-03-23 22:08:34+00:00,7024080000000.0,#3340,Germany,Rest of the World,Germany,Thuringia,EF,"Magic, wallet",9224240000000.0,Firozpur Necklace Set,"category_necklace, category_rani, EOSS_jan26",Default Title,32500.0,29250.0,29250.0,1,0.0,0.0,1.0,,29250.0,1.0,,1.0,3250.0,1,,First-time,9254310000000.0,Germany,False,False
XYZ Luxury,2026-03-24 00:00:00+00:00,INR,XYZ Luxury - magic checkout,2026-03-24 02:51:18+00:00,2026-03-24 02:51:18+00:00,2026-03-24 06:24:33+00:00,7025170000000.0,#3341,India,India,India,Punjab,Ludhiana,"card, Magic",9419560000000.0,Neeta Payal Pair,"16ak, category_payal, sale-28",Default Title,5950.0,5950.0,5950.0,1,0.0,0.0,1.0,,5950.0,1.0,,1.0,0.0,1,,First-time,9255160000000.0,India,False,False
XYZ Luxury,2026-03-24 00:00:00+00:00,INR,XYZ Luxury - magic checkout,2026-03-24 04:16:29+00:00,2026-03-24 04:16:29+00:00,2026-03-27 20:05:23+00:00,7025500000000.0,#3342,Canada,Rest of the World,Canada,British Columbia,New Westminster,"Magic, wallet",9474390000000.0,zaina pippal patti set,"17f, category_necklace, sale-28",Default Title,15050.0,15050.0,15050.0,1,0.0,0.0,1.0,,15050.0,1.0,,1.0,0.0,1,,First-time,9255420000000.0,Canada,False,False
XYZ Luxury,2026-03-24 00:00:00+00:00,INR,XYZ Luxury - magic checkout,2026-03-24 11:11:41+00:00,2026-03-24 11:11:41+00:00,2026-03-25 07:29:54+00:00,7026400000000.0,#3343,India,India,India,Jammu and Kashmir,Jammu,"Magic, upi",9419640000000.0,Ghungroo Tikka,category_tikka,Default Title,16500.0,14850.0,14850.0,1,0.0,0.0,1.0,,14850.0,1.0,,1.0,1650.0,1,,First-time,9256270000000.0,India,False,False
XYZ Luxury,2026-03-24 00:00:00+00:00,INR,XYZ Luxury - magic checkout,2026-03-24 15:51:32+00:00,2026-03-24 15:51:32+00:00,2026-03-25 05:34:30+00:00,7027130000000.0,#3344,India,India,India,Chhattisgarh,Bhilai,"card, Magic",9463340000000.0,Aisha choker only,category_choker,Default Title,27542.37,24788.14,29250.0,1,0.0,0.0,1.0,,24788.14,,1.0,1.0,2754.23,1,,Returning,9253400000000.0,India,False,False
XYZ Luxury,2026-03-25 00:00:00+00:00,INR,XYZ Luxury - magic checkout,2026-03-25 04:51:14+00:00,2026-03-25 04:51:14+00:00,2026-03-28 04:08:13+00:00,7030330000000.0,#3345,Canada,Rest of the World,Canada,Ontario,Toronto,"card, Magic",9478420000000.0,Zaina Choker Set,category_choker,Default Title,19500.0,17550.0,17550.0,1,0.0,0.0,1.0,,17550.0,,1.0,1.0,1950.0,1,,Returning,9050630000000.0,Canada,False,False
XYZ Luxury,2026-03-25 00:00:00+00:00,INR,Draft Orders,2026-03-25 09:18:32+00:00,2026-03-25 09:18:33+00:00,2026-03-25 10:18:21+00:00,7030940000000.0,#3346,Australia,Rest of the World,Australia,,,,9419430000000.0,Sapna Openable Bangles Pair,"16ak, category_bangles, sale-28",02-Apr,8050.0,8050.0,8050.0,1,0.0,0.0,1.0,,8050.0,1.0,,1.0,0.0,1,,First-time,9260270000000.0,India,False,False
XYZ Luxury,2026-03-25 00:00:00+00:00,INR,Draft Orders,2026-03-25 11:59:56+00:00,2026-03-25 11:59:56+00:00,2026-03-25 12:38:37+00:00,7031090000000.0,#3347,India,India,India,West Bengal,Kolkata,,9007130000000.0,Sara Tikka,"category_tikka, eoss_02jun, EOSS_jan26",Default Title,9000.0,9000.0,9000.0,1,0.0,0.0,1.0,,9000.0,1.0,,1.0,0.0,1,,First-time,9260510000000.0,India,False,False
XYZ Luxury,2026-03-25 00:00:00+00:00,INR,XYZ Luxury - magic checkout,2026-03-25 13:16:06+00:00,2026-03-25 13:16:06+00:00,2026-03-28 10:27:17+00:00,7031210000000.0,#3348,India,India,India,Haryana,Gurugram,"Magic, upi",8079750000000.0,Nanki Necklace & Earring,"category_choker, category_necklace, desc addition, eoss_02jun, EOSS_jan26, hp_rts09may, occasion",Default Title,29500.0,26550.0,26550.0,1,0.0,0.0,1.0,,26550.0,1.0,,1.0,2950.0,1,,First-time,9260640000000.0,India,False,False
XYZ Luxury,2026-03-26 00:00:00+00:00,INR,XYZ Luxury - magic checkout,2026-03-26 07:39:13+00:00,2026-03-26 07:39:13+00:00,2026-03-26 07:39:28+00:00,7032910000000.0,#3350,Canada,Rest of the World,Canada,British Columbia,Vancouver,"card, Magic",9408480000000.0,Sonia Earrings,"av-07jan26, category_earring, EOSS_jan26, sale-28",Default Title,4200.0,4200.0,4200.0,1,0.0,0.0,1.0,,4200.0,,1.0,1.0,0.0,1,,Returning,9145360000000.0,Canada,False,False
XYZ Luxury,2026-03-26 00:00:00+00:00,INR,Draft Orders,2026-03-26 07:37:01+00:00,2026-03-26 07:37:01+00:00,2026-03-26 07:37:03+00:00,7032910000000.0,#3349,Canada,Rest of the World,Canada,British Columbia,Surrey,,,,,,26500.0,26500.0,26500.0,1,0.0,0.0,2.0,,26500.0,,1.0,2.0,0.0,2,,Returning,9239870000000.0,Canada,True,False
XYZ Luxury,2026-03-28 00:00:00+00:00,INR,XYZ Luxury - magic checkout,2026-03-28 14:25:21+00:00,2026-03-28 14:25:21+00:00,2026-03-28 14:25:37+00:00,7044340000000.0,#3351,India,India,India,Delhi,New delhi,"Magic, upi",9008490000000.0,Jindaa’n Vaaliyaan,"category_earring, eoss_02jun, EOSS_jan26",Default Title,17500.0,15750.0,15750.0,1,0.0,0.0,1.0,,15750.0,1.0,,1.0,1750.0,1,,First-time,9275330000000.0,India,False,False
XYZ Luxury,2026-03-30 00:00:00+00:00,INR,XYZ Luxury - magic checkout,2026-03-29 22:20:42+00:00,2026-03-29 22:20:42+00:00,2026-04-02 18:56:45+00:00,7052350000000.0,#3352,United States,USA,United States,Virginia,Aldie,"Magic, wallet",9419640000000.0,1990 Jhumki Earrings,category_earring,Default Title,29500.0,26550.0,26550.0,1,0.0,0.0,1.0,,26550.0,,1.0,1.0,2950.0,1,,Returning,8392540000000.0,United States,False,False
XYZ Luxury,2026-03-31 00:00:00+00:00,INR,XYZ Luxury - magic checkout,2026-03-30 20:13:25+00:00,2026-03-30 20:13:25+00:00,2026-04-03 14:09:37+00:00,7055570000000.0,#3353,Saudi Arabia,Middle East,Saudi Arabia,Eastern Province,Anak,"card, Magic",9419680000000.0,Panjabi Pippal Patti Set,category_necklace,Default Title,26565.0,26565.0,26565.0,1,0.0,0.0,1.0,,26565.0,1.0,,1.0,0.0,1,,First-time,9287600000000.0,Saudi Arabia,False,False
XYZ Luxury,2026-03-31 00:00:00+00:00,INR,XYZ Luxury - magic checkout,2026-03-31 07:28:22+00:00,2026-03-31 07:28:22+00:00,2026-03-31 09:32:43+00:00,7056430000000.0,#3354,India,India,India,Punjab,Mohali,"Magic, upi",8652470000000.0,Morni Hair Clips Pair,"desc addition, eoss_02jun, EOSS_jan26, occasion",Default Title,6650.0,6650.0,6650.0,1,0.0,0.0,1.0,,6650.0,1.0,,1.0,0.0,1,,First-time,9289290000000.0,India,False,False
XYZ Luxury,2026-03-31 00:00:00+00:00,INR,XYZ Luxury - magic checkout,2026-03-31 12:42:47+00:00,2026-03-31 12:42:47+00:00,2026-04-03 20:51:12+00:00,7056880000000.0,#3355,United Kingdom,Rest of the World,United Kingdom,England,Rushall and Shelfield,"Magic, wallet",9111080000000.0,Rida Pearl Choker Set with Tikka,"Bestseller_18sep, category_choker, EOSS_jan26",Default Title,26250.0,26250.0,26250.0,1,0.0,0.0,1.0,,26250.0,1.0,,1.0,0.0,1,,First-time,8708330000000.0,United Kingdom,False,False
XYZ Luxury,2026-03-31 00:00:00+00:00,INR,XYZ Luxury - magic checkout,2026-03-31 12:45:40+00:00,2026-03-31 12:45:40+00:00,2026-04-01 08:22:51+00:00,7056890000000.0,#3356,India,India,India,Uttarakhand,Dehradun,"Magic, upi",9008490000000.0,Kinza Pearl Set,"3july-backup-dis, Bestseller_18sep, category_choker, category_necklace, eoss_02jun, EOSS_jan26",Default Title,13650.0,13650.0,13650.0,1,0.0,0.0,1.0,,13650.0,1.0,,1.0,0.0,1,,First-time,9290730000000.0,India,False,False
XYZ Luxury,2026-03-31 00:00:00+00:00,INR,XYZ Luxury - magic checkout,2026-03-31 13:27:38+00:00,2026-03-31 13:27:38+00:00,2026-04-01 12:14:39+00:00,7057070000000.0,#3357,India,India,India,Punjab,Pathankot,"Magic, upi",8149440000000.0,Samaira Nath (with piercing),"Bestseller_18sep, desc addition, eoss_02jun, EOSS_jan26",Default Title,14000.0,14000.0,14000.0,1,0.0,0.0,1.0,,14000.0,1.0,,1.0,0.0,1,,First-time,9290870000000.0,India,False,False
XYZ Luxury,2026-03-31 00:00:00+00:00,INR,XYZ Luxury - magic checkout,2026-03-31 14:44:05+00:00,2026-03-31 14:44:06+00:00,2026-03-31 14:44:07+00:00,7057410000000.0,#3358,United States,USA,United States,California,Fresno,,8149440000000.0,Rida Choker & Jhumki Earrings,"3july-backup-dis, Bestseller_18sep, category_choker, category_necklace, desc addition, eoss_02jun, EOSS_jan26, hp_rts09may, occasion",Default Title,24150.0,24150.0,24150.0,1,0.0,0.0,1.0,,24150.0,1.0,,1.0,0.0,1,,First-time,9287980000000.0,United States,False,False
XYZ Luxury,2026-03-31 00:00:00+00:00,INR,XYZ Luxury - magic checkout,2026-03-31 15:38:44+00:00,2026-03-31 15:38:44+00:00,2026-04-01 07:12:37+00:00,7057670000000.0,#3359,India,India,India,Punjab,Ludhiana,"Magic, upi",9224230000000.0,Mandy Necklace Set,"category_choker, category_necklace, Clearance Sale, EOSS_jan26, sale-28",Default Title,13347.46,13347.46,15750.0,1,0.0,0.0,1.0,,13347.46,1.0,,1.0,0.0,1,,First-time,9291410000000.0,India,False,False
XYZ Luxury,2026-03-31 00:00:00+00:00,INR,XYZ Luxury - magic checkout,2026-03-31 17:42:51+00:00,2026-03-31 17:42:53+00:00,2026-04-01 11:16:50+00:00,7058270000000.0,#3360,India,India,India,Uttar Pradesh,Deoria,,8710430000000.0,Lahori Double Chain,"Bestseller_18sep, category_choker, category_necklace, desc addition, eoss_02jun, EOSS_jan26",Default Title,12840.1,12840.1,12840.1,1,0.0,0.0,1.0,,12840.1,1.0,,1.0,0.0,1,,First-time,9291770000000.0,India,False,False
XYZ Luxury,2026-04-01 00:00:00+00:00,INR,XYZ Luxury - magic checkout,2026-03-31 19:21:29+00:00,2026-03-31 19:21:29+00:00,2026-03-31 19:21:45+00:00,7058730000000.0,#3361,India,India,India,Uttar Pradesh,GAUTAM BUDDHA NAGAR,"Magic, upi",8252950000000.0,Virsa Hair Clips Pair,"Bestseller_18sep, desc addition, eoss_02jun, EOSS_jan26, hp_rts09may, occasion",Default Title,16100.0,16100.0,16100.0,1,0.0,0.0,2.0,,16100.0,,1.0,2.0,0.0,1,,Returning,8950460000000.0,India,False,False
XYZ Luxury,2026-04-01 00:00:00+00:00,INR,XYZ Luxury - magic checkout,2026-04-01 01:36:44+00:00,2026-04-01 01:36:44+00:00,2026-04-04 20:21:51+00:00,7060350000000.0,#3362,United States,USA,United States,California,Stockton,"Magic, wallet",9474300000000.0,rubina studs,"17f, category_earring, sale-28",Default Title,5250.0,5250.0,5250.0,1,0.0,0.0,1.0,,5250.0,1.0,,1.0,0.0,1,,First-time,9293600000000.0,United States,False,False
XYZ Luxury,2026-04-01 00:00:00+00:00,INR,XYZ Luxury - magic checkout,2026-04-01 03:31:14+00:00,2026-04-01 03:31:14+00:00,2026-04-01 06:48:19+00:00,7060840000000.0,#3363,India,India,India,Uttarakhand,Jwalapur,"card, Magic",9427520000000.0,Patiala Choker Set,"category_choker, sale-28",Default Title,15750.0,15750.0,15750.0,1,0.0,0.0,1.0,,15750.0,1.0,,1.0,0.0,1,,First-time,9293870000000.0,India,False,False
XYZ Luxury,2026-04-01 00:00:00+00:00,INR,Draft Orders,2026-04-01 10:57:37+00:00,2026-04-01 10:57:38+00:00,2026-04-02 09:37:41+00:00,7061780000000.0,#3364,United States,USA,United States,,,,9474300000000.0,rubina choker set,"17f, category_choker, category_necklace, sale-28",Default Title,9800.0,9800.0,9800.0,1,0.0,0.0,1.0,,9800.0,1.0,,1.0,0.0,1,,First-time,9294840000000.0,India,False,False
XYZ Luxury,2026-04-01 00:00:00+00:00,INR,XYZ Luxury - magic checkout,2026-04-01 11:39:31+00:00,2026-04-01 11:39:31+00:00,2026-04-01 12:13:12+00:00,7061860000000.0,#3365,India,India,India,Madhya Pradesh,Sagar,"card, Magic",9463350000000.0,Moni Studs,category_earring,Default Title,5042.37,5042.37,5950.0,1,0.0,0.0,1.0,,5042.37,1.0,,1.0,0.0,1,,First-time,8983660000000.0,India,False,False
XYZ Luxury,2026-04-01 00:00:00+00:00,INR,Draft Orders,2026-04-01 12:17:51+00:00,2026-04-01 12:17:51+00:00,2026-04-01 12:17:52+00:00,7061950000000.0,#3366,United States,USA,United States,Virginia,Manassas,,,,,,19500.0,19500.0,19500.0,1,0.0,0.0,3.0,,19500.0,1.0,,3.0,0.0,3,,First-time,9295000000000.0,United States,True,False
XYZ Luxury,2026-04-01 00:00:00+00:00,INR,XYZ Luxury - magic checkout,2026-04-01 12:39:40+00:00,2026-04-01 12:39:40+00:00,2026-04-01 12:39:56+00:00,7062010000000.0,#3367,India,India,India,Karnataka,Bengaluru,"card, Magic",8923250000000.0,Tania Payal Pair,"category_payal, eoss_02jun, EOSS_jan26, hp_rts09may",Default Title,14350.0,14350.0,14350.0,1,0.0,0.0,1.0,,14350.0,,1.0,1.0,0.0,1,,Returning,8910160000000.0,India,False,False
XYZ Luxury,2026-04-01 00:00:00+00:00,INR,XYZ Luxury - magic checkout,2026-04-01 12:48:38+00:00,2026-04-01 12:48:38+00:00,2026-04-02 07:54:51+00:00,7062030000000.0,#3368,India,India,India,Karnataka,Bengaluru,"card, Magic",9418090000000.0,Ruby Emerald Bangles Pair,"16ak, category_bangles, sale-28",02-Aug,6300.0,6300.0,6300.0,1,0.0,0.0,1.0,,6300.0,,1.0,1.0,0.0,1,,Returning,8910160000000.0,India,False,False
XYZ Luxury,2026-04-01 00:00:00+00:00,INR,XYZ Luxury - magic checkout,2026-04-01 15:19:17+00:00,2026-04-01 15:19:17+00:00,2026-04-01 15:19:33+00:00,7062610000000.0,#3369,India,India,India,Delhi,New Delhi,"Magic, upi",9224500000000.0,Waani Handpieces Pair,"category_hand pieces, Clearance Sale, EOSS_jan26",Default Title,10766.95,10766.95,12705.0,1,0.0,0.0,1.0,,10766.95,1.0,,1.0,0.0,1,,First-time,8757510000000.0,India,False,False
XYZ Luxury,2026-04-02 00:00:00+00:00,INR,XYZ Luxury - magic checkout,2026-04-01 20:17:52+00:00,2026-04-01 20:17:52+00:00,2026-04-03 08:15:24+00:00,7063780000000.0,#3370,India,India,India,Karnataka,Bengaluru,"card, Magic",9008510000000.0,Heer Choker Set,"3july-backup-dis, category_choker, eoss_02jun, EOSS_jan26",Default Title,31150.0,31150.0,31150.0,1,0.0,0.0,1.0,,31150.0,1.0,,1.0,0.0,1,,First-time,9166960000000.0,India,False,False
XYZ Luxury,2026-04-02 00:00:00+00:00,INR,XYZ Luxury - magic checkout,2026-04-01 21:38:13+00:00,2026-04-01 21:38:13+00:00,2026-04-02 07:01:51+00:00,7064070000000.0,#3371,India,India,India,Punjab,Patiala,"card, Magic",9478440000000.0,Rajinder Necklace Set,"20-02, category_necklace, sale-28",Default Title,15050.0,15050.0,15050.0,1,0.0,0.0,1.0,,15050.0,,1.0,1.0,0.0,1,,Returning,9087450000000.0,India,False,False
XYZ Luxury,2026-04-02 00:00:00+00:00,INR,XYZ Luxury - magic checkout,2026-04-02 04:47:12+00:00,2026-04-02 04:47:12+00:00,2026-04-02 04:47:28+00:00,7065560000000.0,#3372,United States,USA,United States,California,Sacramento,"card, Magic",9475740000000.0,Rabiah Mint Choker Set,"18-02, category_choker, category_necklace, sale-28",Default Title,19250.0,19250.0,19250.0,1,0.0,0.0,1.0,,19250.0,1.0,,1.0,0.0,1,,First-time,8201550000000.0,United States,False,False
XYZ Luxury,2026-04-02 00:00:00+00:00,INR,XYZ Luxury - magic checkout,2026-04-02 04:50:36+00:00,2026-04-02 04:50:36+00:00,2026-04-02 04:50:52+00:00,7065580000000.0,#3373,United States,USA,United States,California,Sacramento,"card, Magic",9475740000000.0,Rabiah Mint Choker Set,"18-02, category_choker, category_necklace, sale-28",Default Title,19250.0,19250.0,19250.0,1,0.0,0.0,1.0,,19250.0,,1.0,1.0,0.0,1,,Returning,8201550000000.0,United States,False,False
XYZ Luxury,2026-04-02 00:00:00+00:00,INR,Draft Orders,2026-04-02 08:33:46+00:00,2026-04-02 08:33:47+00:00,2026-04-03 05:44:46+00:00,7065990000000.0,#3374,India,India,India,,,,8149440000000.0,Rida Jhumki Earrings,"category_earring, desc addition, eoss_02jun, EOSS_jan26, hp_rts09may",Default Title,15050.0,15050.0,15050.0,1,0.0,0.0,1.0,,15050.0,1.0,,1.0,0.0,1,,First-time,9298160000000.0,India,False,False
XYZ Luxury,2026-04-02 00:00:00+00:00,INR,XYZ Luxury - magic checkout,2026-04-02 09:39:26+00:00,2026-04-02 09:39:26+00:00,2026-04-02 10:37:22+00:00,7066040000000.0,#3375,India,India,India,Delhi,South Delhi,"Magic, upi",9008490000000.0,Kinza Pearl Set,"3july-backup-dis, Bestseller_18sep, category_choker, category_necklace, eoss_02jun, EOSS_jan26",Default Title,13650.0,13650.0,13650.0,1,0.0,0.0,1.0,,13650.0,1.0,,1.0,0.0,1,,First-time,9298230000000.0,India,False,False
XYZ Luxury,2026-04-02 00:00:00+00:00,INR,XYZ Luxury - magic checkout,2026-04-02 11:16:07+00:00,2026-04-02 11:16:07+00:00,2026-04-04 21:12:27+00:00,7066160000000.0,#3376,Australia,Rest of the World,Australia,New South Wales,Menai,"Magic, wallet",9007130000000.0,Noora Tikka,"category_tikka, eoss_02jun, EOSS_jan26",Default Title,7969.5,7969.5,7969.5,1,0.0,0.0,1.0,,7969.5,,1.0,1.0,0.0,1,,Returning,8857370000000.0,Australia,False,False
XYZ Luxury,2026-04-02 00:00:00+00:00,INR,XYZ Luxury - magic checkout,2026-04-02 13:12:38+00:00,2026-04-02 13:12:38+00:00,2026-04-03 07:41:57+00:00,7066480000000.0,#3377,India,India,India,Maharashtra,Thane,"Additional Notes, Magic, upi",9111080000000.0,Rida Pearl Choker Set with Tikka,"Bestseller_18sep, category_choker, EOSS_jan26",Default Title,26250.0,26250.0,26250.0,1,0.0,0.0,1.0,,26250.0,1.0,,1.0,0.0,1,,First-time,9298660000000.0,India,False,False
XYZ Luxury,2026-04-02 00:00:00+00:00,INR,XYZ Luxury - magic checkout,2026-04-02 14:21:39+00:00,2026-04-02 14:21:39+00:00,2026-04-03 06:13:12+00:00,7066760000000.0,#3378,Canada,Rest of the World,Canada,British Columbia,Surrey,"card, Magic",9219720000000.0,Pardesi jhumar,EOSS_jan26,Default Title,13650.0,13650.0,13650.0,1,0.0,0.0,1.0,,13650.0,,1.0,1.0,0.0,1,,Returning,8351790000000.0,Canada,False,False
XYZ Luxury,2026-04-02 00:00:00+00:00,INR,XYZ Luxury - magic checkout,2026-04-02 15:14:41+00:00,2026-04-02 15:14:41+00:00,2026-04-02 15:14:56+00:00,7067000000000.0,#3379,India,India,India,Punjab,HOSHIARPUR,"Magic, upi",8252950000000.0,Virsa Hair Clips Pair,"Bestseller_18sep, desc addition, eoss_02jun, EOSS_jan26, hp_rts09may, occasion",Default Title,8050.0,8050.0,8050.0,1,0.0,0.0,1.0,,8050.0,1.0,,1.0,0.0,1,,First-time,9299140000000.0,India,False,False
XYZ Luxury,2026-04-02 00:00:00+00:00,INR,XYZ Luxury - magic checkout,2026-04-02 18:03:53+00:00,2026-04-02 18:03:53+00:00,2026-04-02 18:04:09+00:00,7067770000000.0,#3380,India,India,India,Delhi,DELHI,"card, Magic",9008420000000.0,Patiala Raani Haar Set,"category_rani, Clearance Sale, eoss_02jun, EOSS_jan26",Default Title,31150.0,31150.0,31150.0,1,0.0,0.0,1.0,,31150.0,1.0,,1.0,0.0,1,,First-time,9299790000000.0,India,False,False
XYZ Luxury,2026-04-02 00:00:00+00:00,INR,XYZ Luxury - magic checkout,2026-04-02 18:06:40+00:00,2026-04-02 18:06:40+00:00,2026-04-03 07:36:12+00:00,7067780000000.0,#3381,India,India,India,Haryana,GURGAON,"Magic, upi",8710430000000.0,Pippal Patti Waaliyaan,"Bestseller_18sep, category_earring, desc addition, eoss_02jun, EOSS_jan26, hp_rts09may",Default Title,5950.0,5950.0,5950.0,1,0.0,0.0,1.0,,5950.0,1.0,,1.0,0.0,1,,First-time,9169970000000.0,India,False,False
XYZ Luxury,2026-04-03 00:00:00+00:00,INR,XYZ Luxury - magic checkout,2026-04-02 22:31:09+00:00,2026-04-02 22:31:09+00:00,2026-04-02 22:31:25+00:00,7068910000000.0,#3382,United States,USA,United States,Maryland,ellicott city,"Magic, wallet",8652480000000.0,Virasat Choker Set,"Bestseller_18sep, category_choker, desc addition, eoss_02jun, EOSS_jan26",Default Title,24150.0,24150.0,24150.0,1,0.0,0.0,1.0,,24150.0,1.0,,1.0,0.0,1,,First-time,8166760000000.0,United States,False,False
XYZ Luxury,2026-04-03 00:00:00+00:00,INR,Draft Orders,2026-04-03 10:46:05+00:00,2026-04-03 10:46:05+00:00,2026-04-03 10:46:06+00:00,7071860000000.0,#3383,United States,USA,United States,New Jersey,Carteret,,,,,,9000.0,9000.0,11500.0,1,0.0,0.0,1.0,,9000.0,1.0,,1.0,0.0,2,,First-time,9303160000000.0,United States,True,False
XYZ Luxury,2026-04-03 00:00:00+00:00,INR,XYZ Luxury - magic checkout,2026-04-03 11:30:11+00:00,2026-04-03 11:30:11+00:00,2026-04-03 11:38:51+00:00,7072050000000.0,#3384,India,India,India,Karnataka,Karnataka,"card, Magic",9008490000000.0,Kinza Pearl Set,"3july-backup-dis, Bestseller_18sep, category_choker, category_necklace, eoss_02jun, EOSS_jan26",Default Title,13650.0,13650.0,13650.0,1,0.0,0.0,1.0,,13650.0,1.0,,1.0,0.0,1,,First-time,9303330000000.0,India,False,False
XYZ Luxury,2026-04-03 00:00:00+00:00,INR,XYZ Luxury - magic checkout,2026-04-03 11:51:21+00:00,2026-04-03 11:51:21+00:00,2026-04-04 05:27:25+00:00,7072150000000.0,#3385,India,India,India,Haryana,Gurgaon,"Magic, upi",9111060000000.0,Neha Choker Set,"category_choker, Clearance Sale, EOSS_jan26",Default Title,19250.0,19250.0,19250.0,1,0.0,0.0,1.0,,19250.0,,1.0,1.0,0.0,1,,Returning,8628960000000.0,India,False,False
XYZ Luxury,2026-04-03 00:00:00+00:00,INR,XYZ Luxury - magic checkout,2026-04-03 17:12:30+00:00,2026-04-03 17:12:30+00:00,2026-04-04 07:25:43+00:00,7074410000000.0,#3386,India,India,India,Karnataka,Bengaluru,"Magic, upi",8741190000000.0,Nura Hand Pieces Pair,"category_hand pieces, desc addition, eoss_02jun, EOSS_jan26",Default Title,22750.0,22750.0,22750.0,1,0.0,0.0,1.0,,22750.0,1.0,,1.0,0.0,1,,First-time,9267600000000.0,India,False,False
XYZ Luxury,2026-04-04 00:00:00+00:00,INR,Draft Orders,2026-04-04 10:07:10+00:00,2026-04-04 10:07:11+00:00,2026-04-07 18:44:01+00:00,7081150000000.0,#3387,United States,USA,United States,Ohio,Dublin,,,,,,24000.0,24000.0,24000.0,1,0.0,0.0,2.0,,24000.0,1.0,,2.0,0.0,2,,First-time,9309280000000.0,United States,True,False
XYZ Luxury,2026-04-05 00:00:00+00:00,INR,Draft Orders,2026-04-05 13:11:32+00:00,2026-04-05 13:11:32+00:00,2026-04-08 12:28:39+00:00,7092380000000.0,#3388,India,India,India,Haryana,Gurugram,,9008510000000.0,Heer Choker Set,"3july-backup-dis, category_choker, eoss_02jun, EOSS_jan26",Default Title,31150.0,31150.0,31150.0,1,0.0,0.0,1.0,,31150.0,1.0,,1.0,0.0,1,,First-time,9315860000000.0,India,False,False
XYZ Luxury,2026-04-06 00:00:00+00:00,INR,XYZ Luxury - magic checkout,2026-04-05 18:49:47+00:00,2026-04-05 18:49:47+00:00,2026-04-05 18:50:03+00:00,7094820000000.0,#3389,Canada,Rest of the World,Canada,Saskatchewan,Saskatoon,"card, Magic",9419450000000.0,Rahat Openable Bangles Pair,"16ak, category_bangles, sale-28",02-Aug,8750.0,8750.0,8750.0,1,0.0,0.0,1.0,,8750.0,,1.0,1.0,0.0,1,,Returning,9244720000000.0,Canada,False,False
XYZ Luxury,2026-04-06 00:00:00+00:00,INR,XYZ Luxury - magic checkout,2026-04-06 00:08:13+00:00,2026-04-06 00:08:13+00:00,2026-04-09 21:19:04+00:00,7097080000000.0,#3390,United Kingdom,Rest of the World,United Kingdom,England,Burnham,"card, Magic",8147790000000.0,Morni Tika,"category_tikka, desc addition, eoss_02jun, EOSS_jan26, hp_rts09may, occasion",Default Title,6650.0,6650.0,6650.0,1,0.0,0.0,1.0,,6650.0,,1.0,1.0,0.0,1,,Returning,9234390000000.0,United Kingdom,False,False
XYZ Luxury,2026-04-06 00:00:00+00:00,INR,XYZ Luxury - magic checkout,2026-04-06 04:58:25+00:00,2026-04-06 04:58:25+00:00,2026-04-06 06:07:29+00:00,7099190000000.0,#3391,India,India,India,Uttar Pradesh,Noida,"Magic, upi",9474310000000.0,panna choker set,"17f, category_choker, category_necklace, sale-28",Default Title,8750.0,8750.0,8750.0,1,0.0,0.0,1.0,,8750.0,1.0,,1.0,0.0,1,,First-time,9321360000000.0,India,False,False
XYZ Luxury,2026-04-06 00:00:00+00:00,INR,XYZ Luxury - magic checkout,2026-04-06 07:29:15+00:00,2026-04-06 07:29:15+00:00,2026-04-06 07:29:31+00:00,7100150000000.0,#3392,India,India,India,Assam,Silchar,"Magic, upi",8924000000000.0,Vasant Payal Pair,"category_payal, eoss_02jun, EOSS_jan26",Default Title,14350.0,14350.0,14350.0,1,0.0,0.0,1.0,,14350.0,1.0,,1.0,0.0,1,,First-time,9319480000000.0,India,False,False
XYZ Luxury,2026-04-06 00:00:00+00:00,INR,XYZ Luxury - magic checkout,2026-04-06 07:58:29+00:00,2026-04-06 07:58:29+00:00,2026-04-06 08:09:07+00:00,7100170000000.0,#3393,India,India,India,Uttar Pradesh,LUCKNOW,"Magic, upi",9430880000000.0,Sonam Jhumki Earrings,category_earring,Default Title,13650.0,13650.0,13650.0,1,0.0,0.0,1.0,,13650.0,,1.0,1.0,0.0,1,,Returning,8186810000000.0,India,False,False
XYZ Luxury,2026-04-06 00:00:00+00:00,INR,XYZ Luxury - magic checkout,2026-04-06 12:44:44+00:00,2026-04-06 12:44:44+00:00,2026-04-06 12:45:00+00:00,7100440000000.0,#3394,Australia,Rest of the World,Australia,Victoria,Clyde North,"card, Magic",9427550000000.0,Plain Nath,,Default Title,4900.0,4900.0,4900.0,1,0.0,0.0,1.0,,4900.0,1.0,,1.0,0.0,1,,First-time,9322570000000.0,Australia,False,False
XYZ Luxury,2026-04-06 00:00:00+00:00,INR,XYZ Luxury - magic checkout,2026-04-06 14:05:34+00:00,2026-04-06 14:05:34+00:00,2026-04-07 05:51:30+00:00,7100580000000.0,#3395,India,India,India,Gujarat,Khanpur,"Magic, upi",9008490000000.0,Kinza Pearl Set,"3july-backup-dis, Bestseller_18sep, category_choker, category_necklace, eoss_02jun, EOSS_jan26",Default Title,13650.0,13650.0,13650.0,1,0.0,0.0,1.0,,13650.0,1.0,,1.0,0.0,1,,First-time,9323160000000.0,India,False,False
XYZ Luxury,2026-04-06 00:00:00+00:00,INR,XYZ Luxury - magic checkout,2026-04-06 17:06:18+00:00,2026-04-06 17:06:18+00:00,2026-04-07 05:47:15+00:00,7100890000000.0,#3396,India,India,India,Haryana,fatidabad,"Magic, upi",8710430000000.0,Pippal Patti Waaliyaan,"Bestseller_18sep, category_earring, desc addition, eoss_02jun, EOSS_jan26, hp_rts09may",Default Title,5950.0,5950.0,5950.0,1,0.0,0.0,1.0,,5950.0,1.0,,1.0,0.0,1,,First-time,8758310000000.0,India,False,False
XYZ Luxury,2026-04-06 00:00:00+00:00,INR,XYZ Luxury - magic checkout,2026-04-06 18:15:15+00:00,2026-04-06 18:15:15+00:00,2026-04-07 05:41:15+00:00,7101000000000.0,#3397,India,India,India,Punjab,Mohali,"card, Magic",8710100000000.0,Surmayi Nath With Screw,"desc addition, eoss_02jun, EOSS_jan26",Default Title,4900.0,4900.0,4900.0,1,0.0,0.0,1.0,,4900.0,1.0,,1.0,0.0,1,,First-time,9323680000000.0,India,False,False
XYZ Luxury,2026-04-07 00:00:00+00:00,INR,XYZ Luxury - magic checkout,2026-04-06 20:15:24+00:00,2026-04-06 20:15:24+00:00,2026-04-10 16:46:06+00:00,7101190000000.0,#3398,United Kingdom,Rest of the World,United Kingdom,England,Slough,"card, Magic",9474300000000.0,rubina choker set,"17f, category_choker, category_necklace, sale-28",Default Title,9800.0,9800.0,9800.0,1,0.0,0.0,1.0,,9800.0,1.0,,1.0,0.0,1,,First-time,9323850000000.0,United Kingdom,False,False
XYZ Luxury,2026-04-07 00:00:00+00:00,INR,XYZ Luxury - magic checkout,2026-04-06 20:31:41+00:00,2026-04-06 20:31:41+00:00,2026-04-07 07:34:06+00:00,7101210000000.0,#3399,India,India,India,Punjab,Pathankot,"Magic, upi",8652480000000.0,Virasat Choker Set,"Bestseller_18sep, category_choker, desc addition, eoss_02jun, EOSS_jan26",Default Title,24150.0,24150.0,24150.0,1,0.0,0.0,1.0,,24150.0,1.0,,1.0,0.0,1,,First-time,9323870000000.0,India,False,False
XYZ Luxury,2026-04-07 00:00:00+00:00,INR,Draft Orders,2026-04-07 08:25:10+00:00,2026-04-07 08:25:11+00:00,2026-04-08 13:15:22+00:00,7102210000000.0,#3400,India,India,India,Karnataka,Bengaluru,,9111080000000.0,Rida Pearl Choker Set with Tikka,"Bestseller_18sep, category_choker, EOSS_jan26",Default Title,26250.0,26250.0,26250.0,1,0.0,0.0,1.0,,26250.0,,1.0,1.0,0.0,1,,Returning,8910160000000.0,India,False,False
XYZ Luxury,2026-04-07 00:00:00+00:00,INR,XYZ Luxury - magic checkout,2026-04-07 08:39:28+00:00,2026-04-07 08:39:28+00:00,2026-04-07 08:39:43+00:00,7102250000000.0,#3401,India,India,India,Maharashtra,pune,"Magic, upi",8252950000000.0,Virsa Hair Clips Pair,"Bestseller_18sep, desc addition, eoss_02jun, EOSS_jan26, hp_rts09may, occasion",Default Title,8050.0,8050.0,8050.0,1,0.0,0.0,1.0,,8050.0,1.0,,1.0,0.0,1,,First-time,8944250000000.0,India,False,False
XYZ Luxury,2026-04-07 00:00:00+00:00,INR,Draft Orders,2026-04-07 09:37:42+00:00,2026-04-07 09:37:42+00:00,2026-04-07 09:37:43+00:00,7102410000000.0,#3402,India,India,India,Maharashtra,Mumbai,,8182550000000.0,Aafreen Ruby Earrings,"category_earring, desc addition, eoss_02jun, EOSS_jan26, occasion",Default Title,13650.0,13650.0,13650.0,1,0.0,0.0,1.0,,13650.0,1.0,,1.0,0.0,1,,First-time,9325490000000.0,India,False,False
XYZ Luxury,2026-04-07 00:00:00+00:00,INR,XYZ Luxury - magic checkout,2026-04-07 16:11:31+00:00,2026-04-07 16:11:31+00:00,2026-04-08 06:01:31+00:00,7103790000000.0,#3403,India,India,India,Chandigarh,Chandigarh,"Magic, upi",8741480000000.0,Nazare Ring,"Bestseller_18sep, desc addition, eoss_02jun, EOSS_jan26, hp_rts09may",Default Title,4200.0,4200.0,4200.0,1,0.0,0.0,1.0,,4200.0,1.0,,1.0,0.0,1,,First-time,9326740000000.0,India,False,False
XYZ Luxury,2026-04-07 00:00:00+00:00,INR,XYZ Luxury - magic checkout,2026-04-07 16:40:11+00:00,2026-04-07 16:40:11+00:00,2026-04-08 06:21:24+00:00,7103910000000.0,#3404,India,India,India,Delhi,East Delhi,"Magic, upi",9474310000000.0,panna choker set,"17f, category_choker, category_necklace, sale-28",Default Title,8750.0,8750.0,8750.0,1,0.0,0.0,1.0,,8750.0,1.0,,1.0,0.0,1,,First-time,8974130000000.0,India,False,False
XYZ Luxury,2026-04-08 00:00:00+00:00,INR,XYZ Luxury - magic checkout,2026-04-07 22:07:41+00:00,2026-04-07 22:07:41+00:00,2026-04-11 18:27:31+00:00,7105130000000.0,#3405,United Kingdom,Rest of the World,United Kingdom,England,Halesowen,"Magic, wallet",8182010000000.0,Simran Kalire,"category_Kalire, Clearance Sale, eoss_02jun, EOSS_jan26, hide_sd",Default Title,7000.0,7000.0,7000.0,1,0.0,0.0,1.0,,7000.0,1.0,,1.0,0.0,1,,First-time,9327860000000.0,United Kingdom,False,False
XYZ Luxury,2026-04-08 00:00:00+00:00,INR,Draft Orders,2026-04-08 08:07:20+00:00,2026-04-08 08:07:20+00:00,2026-04-08 10:05:06+00:00,7107520000000.0,#3406,India,India,India,Punjab,Patiyala,,9475470000000.0,AD Studs,"18-02, category_earring, sale-28",Default Title,4200.0,4200.0,4200.0,1,0.0,0.0,1.0,,4200.0,1.0,,1.0,0.0,1,,First-time,9329950000000.0,India,False,False
XYZ Luxury,2026-04-08 00:00:00+00:00,INR,XYZ Luxury - magic checkout,2026-04-08 10:31:16+00:00,2026-04-08 10:31:16+00:00,2026-04-08 12:24:38+00:00,7107810000000.0,#3407,India,India,India,Uttarakhand,"Mukhani, Haldwani","Magic, upi",8149440000000.0,Chandni Pippal Patti Earrings & Tika,"category_earring tikka, desc addition, eoss_02jun, EOSS_jan26",Default Title,24150.0,24150.0,24150.0,1,0.0,0.0,1.0,,24150.0,,1.0,1.0,0.0,1,,Returning,8545350000000.0,India,False,False
XYZ Luxury,2026-04-08 00:00:00+00:00,INR,XYZ Luxury - magic checkout,2026-04-08 12:33:40+00:00,2026-04-08 12:33:40+00:00,2026-04-08 12:38:54+00:00,7108100000000.0,#3408,India,India,India,Haryana,Faridabad,"Magic, upi",8924020000000.0,Raunaq Antique Bangles,"3july-backup-dis, Bestseller_18sep, category_bangles, eoss_02jun, EOSS_jan26, hp_rts09may, sale-28, Silver Bangles",02-Apr,4418.4,4418.4,4418.4,1,0.0,0.0,1.0,,4418.4,1.0,,1.0,0.0,1,,First-time,9330640000000.0,India,False,False
XYZ Luxury,2026-04-08 00:00:00+00:00,INR,Draft Orders,2026-04-08 13:32:31+00:00,2026-04-08 13:32:31+00:00,2026-04-08 13:32:32+00:00,7108250000000.0,#3409,India,India,India,Haryana,Gurugram,,8916220000000.0,Abrar Jadau Kalgi,"Clearance Sale, eoss_02jun, EOSS_jan26",Default Title,21695.1,21695.1,21695.1,1,0.0,0.0,1.0,,21695.1,1.0,,1.0,0.0,1,,First-time,9330780000000.0,India,False,False
XYZ Luxury,2026-04-08 00:00:00+00:00,INR,XYZ Luxury - magic checkout,2026-04-08 13:44:55+00:00,2026-04-08 13:44:55+00:00,2026-04-11 09:56:55+00:00,7108290000000.0,#3410,Canada,Rest of the World,Canada,Ontario,Brampton,"card, Magic",9111060000000.0,MOti Mahal Jhumki Earrings,"Bestseller_18sep, category_earring, EOSS_jan26",Default Title,15050.0,15050.0,15050.0,1,0.0,0.0,1.0,,15050.0,1.0,,1.0,0.0,1,,First-time,9330680000000.0,Canada,False,False
XYZ Luxury,2026-04-08 00:00:00+00:00,INR,XYZ Luxury - magic checkout,2026-04-08 18:16:15+00:00,2026-04-08 18:16:15+00:00,2026-04-09 06:19:16+00:00,7109010000000.0,#3411,India,India,India,West Bengal,HOWRAH,"card, Magic",9219630000000.0,Gul Ring,EOSS_jan26,Default Title,4561.27,4561.27,5382.3,1,0.0,0.0,1.0,,4561.27,1.0,,1.0,0.0,1,,First-time,9331610000000.0,India,False,False
XYZ Luxury,2026-04-09 00:00:00+00:00,INR,XYZ Luxury - magic checkout,2026-04-09 03:59:08+00:00,2026-04-09 03:59:08+00:00,2026-04-12 03:35:58+00:00,7110060000000.0,#3412,Canada,Rest of the World,Canada,Alberta,Calgary,"card, Magic",8916270000000.0,Taaj Payal Pair,"Bestseller_18sep, category_payal, eoss_02jun, EOSS_jan26, hp_rts09may",Default Title,8412.6,8412.6,8412.6,1,0.0,0.0,1.0,,8412.6,1.0,,1.0,0.0,1,,First-time,9332720000000.0,Canada,False,False
XYZ Luxury,2026-04-09 00:00:00+00:00,INR,Draft Orders,2026-04-09 05:21:43+00:00,2026-04-09 05:21:43+00:00,2026-04-12 03:35:51+00:00,7110270000000.0,#3413,United States,USA,United States,Pennsylvania,Easton,,8924000000000.0,Veer Pippal Patti Kalgi,"eoss_02jun, EOSS_jan26",Default Title,15750.0,15750.0,15750.0,1,0.0,0.0,1.0,,15750.0,1.0,,1.0,0.0,1,,First-time,9329600000000.0,United States,False,False
XYZ Luxury,2026-04-09 00:00:00+00:00,INR,XYZ Luxury - magic checkout,2026-04-09 07:23:51+00:00,2026-04-09 07:23:51+00:00,2026-04-09 07:24:07+00:00,7110630000000.0,#3414,India,India,India,Maharashtra,Mumbai,"Magic, upi",8252950000000.0,Virsa Hair Clips Pair,"Bestseller_18sep, desc addition, eoss_02jun, EOSS_jan26, hp_rts09may, occasion",Default Title,8050.0,8050.0,8050.0,1,0.0,0.0,1.0,,8050.0,,1.0,1.0,0.0,1,,Returning,8737510000000.0,India,False,False
XYZ Luxury,2026-04-09 00:00:00+00:00,INR,XYZ Luxury - magic checkout,2026-04-09 09:21:10+00:00,2026-04-09 09:21:10+00:00,2026-04-12 03:35:39+00:00,7110740000000.0,#3415,United Kingdom,Rest of the World,United Kingdom,England,Halesowen,"Magic, wallet",9494210000000.0,Jannat Shell Pearl Chooda,category_chooda,02-Apr,13650.0,13650.0,13650.0,1,0.0,0.0,1.0,,13650.0,,1.0,1.0,0.0,1,,Returning,9327860000000.0,United Kingdom,False,False
XYZ Luxury,2026-04-09 00:00:00+00:00,INR,Draft Orders,2026-04-09 14:42:36+00:00,2026-04-09 14:42:38+00:00,2026-04-09 14:42:39+00:00,7111550000000.0,#3416,India,India,India,Telangana,Hyderabad,,,,,,4152.54,4152.54,4900.0,1,0.0,0.0,1.0,,4152.54,1.0,,1.0,0.0,2,android-app://com.google.android.gm/,First-time,9334360000000.0,India,True,False
XYZ Luxury,2026-04-09 00:00:00+00:00,INR,XYZ Luxury - magic checkout,2026-04-09 16:06:41+00:00,2026-04-09 16:06:41+00:00,2026-04-10 07:33:57+00:00,7111900000000.0,#3417,India,India,India,Punjab,Patiala,"Magic, upi",9224350000000.0,Naseeb Openable Bangles Pair,"category_bangles, Clearance Sale, EOSS_jan26",02-Apr,8156.78,8156.78,9625.0,1,0.0,0.0,1.0,,8156.78,,1.0,1.0,0.0,1,,Returning,8820190000000.0,India,False,False
XYZ Luxury,2026-04-10 00:00:00+00:00,INR,XYZ Luxury - magic checkout,2026-04-10 01:48:45+00:00,2026-04-10 01:48:45+00:00,2026-04-10 10:26:07+00:00,7114460000000.0,#3418,India,India,India,Haryana,Faridabad,"card, Magic",9478420000000.0,Reet Jadau Ruby Set,"category_choker, category_necklace",Default Title,15050.0,15050.0,15050.0,1,0.0,0.0,1.0,,15050.0,1.0,,1.0,0.0,1,,First-time,9337250000000.0,India,False,False
XYZ Luxury,2026-04-10 00:00:00+00:00,INR,XYZ Luxury - magic checkout,2026-04-10 02:22:22+00:00,2026-04-10 02:22:22+00:00,2026-04-10 02:22:40+00:00,7114640000000.0,#3419,Canada,Rest of the World,Canada,British Columbia,Surrey,"card, Magic",9463350000000.0,ghungroo studs,category_earring,Default Title,8050.0,8050.0,8050.0,1,0.0,0.0,1.0,,8050.0,1.0,,1.0,0.0,1,,First-time,9324160000000.0,Canada,False,False
XYZ Luxury,2026-04-10 00:00:00+00:00,INR,XYZ Luxury - magic checkout,2026-04-10 17:40:57+00:00,2026-04-10 17:40:57+00:00,2026-04-11 05:24:05+00:00,7117570000000.0,#3420,India,India,India,Uttarakhand,Dehradun,"Magic, upi",9419470000000.0,Garima Openable Bangles Pair,"16ak, category_bangles, sale-28",02-Jun,10150.0,10150.0,10150.0,1,0.0,0.0,1.0,,10150.0,,1.0,1.0,0.0,1,,Returning,8944560000000.0,India,False,False
XYZ Luxury,2026-04-11 00:00:00+00:00,INR,XYZ Luxury - magic checkout,2026-04-10 19:50:09+00:00,2026-04-10 19:50:09+00:00,2026-04-14 21:40:32+00:00,7118170000000.0,#3421,United States,USA,United States,California,Auburn,"card, Magic",9475740000000.0,Rabiah Mint Choker Set,"18-02, category_choker, category_necklace, sale-28",Default Title,19250.0,19250.0,19250.0,1,0.0,0.0,1.0,,19250.0,1.0,,1.0,0.0,1,,First-time,9340230000000.0,United States,False,False
XYZ Luxury,2026-04-11 00:00:00+00:00,INR,XYZ Luxury - magic checkout,2026-04-10 23:13:27+00:00,2026-04-10 23:13:27+00:00,2026-04-14 21:40:35+00:00,7119010000000.0,#3422,United States,USA,United States,California,Newhall,"card, Magic",9563350000000.0,Pink Shell Pearl Chooda,,02-Jun,7700.0,7700.0,7700.0,1,0.0,0.0,1.0,,7700.0,1.0,,1.0,0.0,1,,First-time,9305990000000.0,United States,False,False
XYZ Luxury,2026-04-11 00:00:00+00:00,INR,Draft Orders,2026-04-11 04:05:47+00:00,2026-04-11 04:05:47+00:00,2026-04-11 06:39:07+00:00,7120160000000.0,#3423,United States,USA,United States,Virginia,Manassas,,,,,,31500.0,31500.0,31500.0,1,0.0,0.0,2.0,,31500.0,,1.0,2.0,0.0,2,,Returning,9295000000000.0,United States,True,False
XYZ Luxury,2026-04-11 00:00:00+00:00,INR,Draft Orders,2026-04-11 07:49:54+00:00,2026-04-11 07:49:54+00:00,2026-04-11 07:51:04+00:00,7121050000000.0,#3424,India,India,India,Punjab,Amritsar,,9219580000000.0,Faridkot Earrings,"category_earring, EOSS_jan26",Default Title,9461.86,9461.86,11165.0,1,0.0,0.0,1.0,,9461.86,1.0,,1.0,0.0,1,,First-time,9342010000000.0,India,False,False
XYZ Luxury,2026-04-11 00:00:00+00:00,INR,XYZ Luxury - magic checkout,2026-04-11 10:06:52+00:00,2026-04-11 10:06:52+00:00,2026-04-14 21:37:31+00:00,7121610000000.0,#3425,Netherlands,Rest of the World,Netherlands,South Holland,Barendrecht,"Magic, wallet",8592080000000.0,Chand Hair Clips Pair,"Bestseller_18sep, desc addition, eoss_02jun, EOSS_jan26, occasion",Default Title,7000.0,7000.0,7000.0,1,0.0,0.0,1.0,,7000.0,1.0,,1.0,0.0,1,,First-time,9342350000000.0,Netherlands,False,False
XYZ Luxury,2026-04-11 00:00:00+00:00,INR,XYZ Luxury - magic checkout,2026-04-11 12:27:52+00:00,2026-04-11 12:27:52+00:00,2026-04-13 07:10:53+00:00,7122220000000.0,#3426,India,India,India,Rajasthan,Bhilwara,"Magic, upi",9111060000000.0,Reshma Studs,"category_earring, EOSS_jan26",Default Title,6930.0,6930.0,6930.0,1,0.0,0.0,1.0,,6930.0,1.0,,1.0,0.0,1,,First-time,9342730000000.0,India,False,False
XYZ Luxury,2026-04-12 00:00:00+00:00,INR,XYZ Luxury - magic checkout,2026-04-11 18:42:02+00:00,2026-04-11 18:42:02+00:00,2026-04-13 07:44:40+00:00,7124140000000.0,#3427,India,India,India,Maharashtra,MUMBAI,"Magic, upi",9008490000000.0,Kinza Pearl Set,"3july-backup-dis, Bestseller_18sep, category_choker, category_necklace, eoss_02jun, EOSS_jan26",Default Title,13650.0,13650.0,13650.0,1,0.0,0.0,1.0,,13650.0,1.0,,1.0,0.0,1,,First-time,9343780000000.0,India,False,False
XYZ Luxury,2026-04-12 00:00:00+00:00,INR,XYZ Luxury - magic checkout,2026-04-11 18:59:59+00:00,2026-04-11 18:59:59+00:00,2026-04-11 19:00:15+00:00,7124230000000.0,#3428,India,India,India,Haryana,Hisar,"card, Magic",9111060000000.0,Neha Choker Set,"category_choker, Clearance Sale, EOSS_jan26",Default Title,19250.0,19250.0,19250.0,1,0.0,0.0,1.0,,19250.0,1.0,,1.0,0.0,1,,First-time,9344120000000.0,India,False,False
XYZ Luxury,2026-04-12 00:00:00+00:00,INR,XYZ Luxury - magic checkout,2026-04-11 23:19:34+00:00,2026-04-11 23:19:34+00:00,2026-04-15 15:52:06+00:00,7125390000000.0,#3429,United States,USA,United States,Washington,Yakima,"Magic, wallet",9428130000000.0,Sargam tikka,category_tikka,Default Title,7000.0,7000.0,7000.0,1,0.0,0.0,1.0,,7000.0,1.0,,1.0,0.0,1,,First-time,9345000000000.0,United States,False,False
XYZ Luxury,2026-04-12 00:00:00+00:00,INR,XYZ Luxury - magic checkout,2026-04-12 04:38:08+00:00,2026-04-12 04:38:08+00:00,2026-04-13 08:06:38+00:00,7126760000000.0,#3430,India,India,India,Karnataka,BENGALURU,"Magic, upi",9472670000000.0,Pakiza Hair Clips Pair,category_hair clips,Default Title,8050.0,8050.0,8050.0,1,0.0,0.0,1.0,,8050.0,1.0,,1.0,0.0,1,,First-time,9345870000000.0,India,False,False
XYZ Luxury,2026-04-12 00:00:00+00:00,INR,XYZ Luxury - magic checkout,2026-04-12 15:50:08+00:00,2026-04-12 15:50:08+00:00,2026-04-15 15:49:04+00:00,7129680000000.0,#3431,United States,USA,United States,Maryland,Ellicott City,,8745340000000.0,Sutlej Hair Pins Pair,"Bestseller_18sep, desc addition, eoss_02jun, EOSS_jan26",Default Title,8050.0,8050.0,8050.0,1,0.0,0.0,1.0,,8050.0,1.0,,1.0,0.0,1,,First-time,9343250000000.0,United States,False,False
XYZ Luxury,2026-04-12 00:00:00+00:00,INR,XYZ Luxury - magic checkout,2026-04-12 16:13:24+00:00,2026-04-12 16:13:24+00:00,2026-04-14 07:45:07+00:00,7129800000000.0,#3432,India,India,India,Chandigarh,Chandigarh,"card, Magic",8652470000000.0,Morni Hair Clips Pair,"desc addition, eoss_02jun, EOSS_jan26, occasion",Default Title,6650.0,6650.0,6650.0,1,0.0,0.0,1.0,,6650.0,1.0,,1.0,0.0,1,,First-time,9347970000000.0,India,False,False
XYZ Luxury,2026-04-12 00:00:00+00:00,INR,XYZ Luxury - magic checkout,2026-04-12 17:35:59+00:00,2026-04-12 17:35:59+00:00,2026-04-15 19:50:12+00:00,7130210000000.0,#3433,United States,USA,United States,Oregon,Beaverton,"card, Magic",9478430000000.0,Ahlam Choker Set,category_choker,Default Title,13650.0,13650.0,13650.0,1,0.0,0.0,1.0,,13650.0,,1.0,1.0,0.0,1,,Returning,8367850000000.0,United States,False,False
XYZ Luxury,2026-04-12 00:00:00+00:00,INR,XYZ Luxury - magic checkout,2026-04-12 18:24:54+00:00,2026-04-12 18:24:54+00:00,2026-04-15 10:23:48+00:00,7130450000000.0,#3434,India,India,India,Punjab,Mohali,"card, Magic",9419420000000.0,Dholki Openable Bangles Pair,"16ak, category_bangles, sale-28",,8050.0,8050.0,8050.0,1,0.0,0.0,1.0,,8050.0,1.0,,1.0,0.0,1,,First-time,9348240000000.0,India,False,False
XYZ Luxury,2026-04-13 00:00:00+00:00,INR,XYZ Luxury - magic checkout,2026-04-13 02:19:11+00:00,2026-04-13 02:19:11+00:00,2026-04-13 06:56:21+00:00,7131730000000.0,#3435,India,India,India,Telangana,Hyderabad,"Magic, upi",9224500000000.0,Ghungroo Bangles Pair,"category_bangles, Clearance Sale, EOSS_jan26, sale-28",,3262.71,3262.71,3850.0,1,0.0,0.0,1.0,,3262.71,,1.0,1.0,0.0,1,,Returning,8475720000000.0,India,False,False
XYZ Luxury,2026-04-13 00:00:00+00:00,INR,Draft Orders,2026-04-13 07:05:25+00:00,2026-04-13 07:05:26+00:00,2026-04-13 07:08:36+00:00,7132070000000.0,#3436,United States,USA,United States,New York,Vestal,,8741270000000.0,Chand Necklace Set & Tikka,"category_necklace, desc addition, eoss_02jun, EOSS_jan26",Default Title,45150.0,45150.0,45150.0,1,0.0,0.0,1.0,,45150.0,1.0,,1.0,0.0,1,,First-time,9349820000000.0,United States,False,False
XYZ Luxury,2026-04-13 00:00:00+00:00,INR,XYZ Luxury - magic checkout,2026-04-13 07:07:57+00:00,2026-04-13 07:07:57+00:00,2026-04-13 07:08:15+00:00,7132080000000.0,#3437,India,India,India,Maharashtra,Mumbai,"Magic, upi",8916250000000.0,Baasir Navratan Kalgi,"eoss_02jun, EOSS_jan26",Default Title,17150.0,17150.0,17150.0,1,0.0,0.0,1.0,,17150.0,,1.0,1.0,0.0,1,,Returning,8809870000000.0,India,False,False
XYZ Luxury,2026-04-13 00:00:00+00:00,INR,Draft Orders,2026-04-13 10:53:27+00:00,2026-04-13 10:53:27+00:00,2026-04-13 11:47:16+00:00,7132270000000.0,#3438,India,India,India,Maharashtra,Mumbai,,8955980000000.0,Simran Necklace Earrings & Tikka,"Bestseller_18sep, category_choker, category_necklace, eoss_02jun, EOSS_jan26, hp_rts09may",Default Title,33250.0,33250.0,33250.0,1,0.0,0.0,1.0,,33250.0,1.0,,1.0,0.0,1,,First-time,9350120000000.0,India,False,False
XYZ Luxury,2026-04-13 00:00:00+00:00,INR,XYZ Luxury - magic checkout,2026-04-13 13:59:12+00:00,2026-04-13 13:59:12+00:00,2026-04-14 06:23:56+00:00,7132580000000.0,#3439,India,India,India,Maharashtra,Mumbai,"card, Magic",8916270000000.0,Taaj Payal Pair,"Bestseller_18sep, category_payal, eoss_02jun, EOSS_jan26, hp_rts09may",Default Title,8412.6,8412.6,8412.6,1,0.0,0.0,1.0,,8412.6,1.0,,1.0,0.0,1,,First-time,9350470000000.0,India,False,False
XYZ Luxury,2026-04-13 00:00:00+00:00,INR,XYZ Luxury - magic checkout,2026-04-13 17:18:53+00:00,2026-04-13 17:18:53+00:00,2026-04-15 13:15:39+00:00,7132980000000.0,#3440,United States,USA,United States,California,Tracy,"Additional Notes, card, Magic",9008490000000.0,Kinza Pearl Set,"3july-backup-dis, Bestseller_18sep, category_choker, category_necklace, eoss_02jun, EOSS_jan26",Default Title,13650.0,13650.0,13650.0,1,0.0,0.0,1.0,,13650.0,1.0,,1.0,0.0,1,,First-time,9350940000000.0,India,False,False
XYZ Luxury,2026-04-14 00:00:00+00:00,INR,XYZ Luxury - magic checkout,2026-04-13 20:53:37+00:00,2026-04-13 20:53:37+00:00,2026-04-17 19:59:34+00:00,7133340000000.0,#3441,United States,USA,United States,Colorado,Aurora,"card, Magic",9007760000000.0,Amina Pippal Patti Tikka,"3july-backup-dis, category_tikka, eoss_02jun, EOSS_jan26",Default Title,15050.0,15050.0,15050.0,1,0.0,0.0,1.0,,15050.0,,1.0,1.0,0.0,1,,Returning,8170990000000.0,United States,False,False
XYZ Luxury,2026-04-14 00:00:00+00:00,INR,XYZ Luxury - magic checkout,2026-04-14 00:34:18+00:00,2026-04-14 00:34:18+00:00,2026-04-17 20:00:49+00:00,7133600000000.0,#3442,United States,USA,United States,Illinois,Crystal Lake,"card, Magic",8147790000000.0,Morni Tika,"category_tikka, desc addition, eoss_02jun, EOSS_jan26, hp_rts09may, occasion",Default Title,6650.0,6650.0,6650.0,1,0.0,0.0,1.0,,6650.0,1.0,,1.0,0.0,1,,First-time,9351720000000.0,United States,False,False
XYZ Luxury,2026-04-14 00:00:00+00:00,INR,XYZ Luxury - magic checkout,2026-04-14 01:02:10+00:00,2026-04-14 01:02:10+00:00,2026-04-14 06:49:53+00:00,7133630000000.0,#3443,India,India,India,Punjab,Ludhiana,"card, Magic",9478440000000.0,Suhair Ruby Mint Set,"17-04, 20-02, category_necklace, sale-28",Default Title,10150.0,10150.0,10150.0,1,0.0,0.0,1.0,,10150.0,,1.0,1.0,0.0,1,,Returning,8923140000000.0,India,False,False
XYZ Luxury,2026-04-14 00:00:00+00:00,INR,Draft Orders,2026-04-14 04:56:07+00:00,2026-04-14 04:56:08+00:00,2026-04-14 06:52:33+00:00,7133950000000.0,#3444,United Kingdom,Rest of the World,United Kingdom,,,,9419470000000.0,Garima Openable Bangles Pair,"16ak, 17-04, category_bangles, sale-28",,10150.0,10150.0,10150.0,1,0.0,0.0,1.0,,10150.0,,1.0,1.0,0.0,1,,Returning,8284530000000.0,India,False,False
XYZ Luxury,2026-04-14 00:00:00+00:00,INR,XYZ Luxury - magic checkout,2026-04-14 05:13:31+00:00,2026-04-14 05:13:31+00:00,2026-04-17 19:59:20+00:00,7133970000000.0,#3445,Canada,Rest of the World,Canada,British Columbia,Mission,"card, Magic",8924020000000.0,Raunaq Antique Bangles,"17-04, 3july-backup-dis, Bestseller_18sep, category_bangles, eoss_02jun, EOSS_jan26, hp_rts09may, sale-28, Silver Bangles",,4418.4,4418.4,4418.4,1,0.0,0.0,1.0,,4418.4,,1.0,1.0,0.0,1,,Returning,8920830000000.0,Canada,False,False
XYZ Luxury,2026-04-14 00:00:00+00:00,INR,Draft Orders,2026-04-14 07:06:55+00:00,2026-04-14 07:06:55+00:00,2026-04-14 07:31:39+00:00,7134070000000.0,#3446,India,India,India,Punjab,Mohali,,8149440000000.0,Rida Choker & Jhumki Earrings,"3july-backup-dis, Bestseller_18sep, category_choker, category_necklace, desc addition, eoss_02jun, EOSS_jan26, hp_rts09may, occasion",Default Title,24150.0,24150.0,24150.0,1,0.0,0.0,1.0,,24150.0,1.0,,1.0,0.0,1,,First-time,9352240000000.0,India,False,False
XYZ Luxury,2026-04-14 00:00:00+00:00,INR,Draft Orders,2026-04-14 10:32:52+00:00,2026-04-14 10:32:53+00:00,2026-04-14 11:03:57+00:00,7134260000000.0,#3447,India,India,India,Karnataka,Mysuru,,9111080000000.0,Raji Necklace Set,"category_necklace, EOSS_jan26",Default Title,26250.0,26250.0,26250.0,1,0.0,0.0,1.0,,26250.0,1.0,,1.0,0.0,1,,First-time,9352510000000.0,India,False,False
XYZ Luxury,2026-04-14 00:00:00+00:00,INR,XYZ Luxury - magic checkout,2026-04-14 12:20:42+00:00,2026-04-14 12:20:42+00:00,2026-04-15 11:09:44+00:00,7134510000000.0,#3448,India,India,India,Karnataka,Bangalore,"card, Magic",9219720000000.0,Samaira Choker Set,"category_choker, category_necklace, EOSS_jan26",Default Title,38150.0,38150.0,38150.0,1,0.0,0.0,1.0,,38150.0,1.0,,1.0,0.0,1,,First-time,9352550000000.0,India,False,False
XYZ Luxury,2026-04-14 00:00:00+00:00,INR,XYZ Luxury - magic checkout,2026-04-14 12:24:12+00:00,2026-04-14 12:24:12+00:00,2026-04-15 10:53:19+00:00,7134520000000.0,#3449,India,India,India,Delhi,Delhi,"Magic, upi",8745340000000.0,Sutlej Hair Pins Pair,"Bestseller_18sep, desc addition, eoss_02jun, EOSS_jan26",Default Title,8050.0,8050.0,8050.0,1,0.0,0.0,1.0,,8050.0,1.0,,1.0,0.0,1,,First-time,9352810000000.0,India,False,False
XYZ Luxury,2026-04-14 00:00:00+00:00,INR,XYZ Luxury - magic checkout,2026-04-14 12:28:32+00:00,2026-04-14 12:28:32+00:00,2026-04-14 12:28:49+00:00,7134530000000.0,#3450,India,India,India,Maharashtra,KOLHAPUR,"card, Magic",8688410000000.0,Lajjo Choker Set,"Bestseller_18sep, category_choker, category_necklace, Clearance Sale, desc addition, eoss_02jun, EOSS_jan26, hp_rts09may",Default Title,17150.0,17150.0,17150.0,1,0.0,0.0,1.0,,17150.0,1.0,,1.0,0.0,1,,First-time,9352800000000.0,India,False,False
XYZ Luxury,2026-04-14 00:00:00+00:00,INR,XYZ Luxury - magic checkout,2026-04-14 13:30:58+00:00,2026-04-14 13:30:58+00:00,2026-04-15 11:26:34+00:00,7134820000000.0,#3451,India,India,India,Punjab,Patiala,"card, Magic",8903800000000.0,Mughul Side Hair Clip,"eoss_02jun, EOSS_jan26, hp_rts09may",Default Title,13300.0,13300.0,13300.0,1,0.0,0.0,2.0,,13300.0,1.0,,2.0,0.0,1,,First-time,9353040000000.0,India,False,False
XYZ Luxury,2026-04-14 00:00:00+00:00,INR,XYZ Luxury - magic checkout,2026-04-14 14:21:50+00:00,2026-04-14 14:21:50+00:00,2026-04-15 11:21:45+00:00,7135080000000.0,#3452,India,India,India,Punjab,LUDHIANA,"Magic, upi",8652460000000.0,Mehar Stud & Tikka,"Bestseller_18sep, category_earring tikka, desc addition, eoss_02jun, EOSS_jan26",Default Title,13650.0,13650.0,13650.0,1,0.0,0.0,1.0,,13650.0,1.0,,1.0,0.0,1,,First-time,9353310000000.0,India,False,False
XYZ Luxury,2026-04-14 00:00:00+00:00,INR,XYZ Luxury - magic checkout,2026-04-14 15:54:38+00:00,2026-04-14 15:54:38+00:00,2026-04-17 19:59:20+00:00,7135550000000.0,#3453,Canada,Rest of the World,Canada,British Columbia,Surrey,"card, Magic",9007780000000.0,Madhuri Tikka,"category_tikka, eoss_02jun, EOSS_jan26",Default Title,10150.0,10150.0,10150.0,1,0.0,0.0,1.0,,10150.0,,1.0,1.0,0.0,1,,Returning,8351790000000.0,Canada,False,False
XYZ Luxury,2026-04-15 00:00:00+00:00,INR,XYZ Luxury - magic checkout,2026-04-14 18:31:46+00:00,2026-04-14 18:31:46+00:00,2026-04-14 18:32:02+00:00,7136350000000.0,#3454,India,India,India,Haryana,Gurugram,"Magic, upi",9224250000000.0,Ishman Pearl Raani Haar Set,"category_necklace, category_rani, EOSS_jan26",Default Title,29364.41,29364.41,34650.0,1,0.0,0.0,1.0,,29364.41,1.0,,1.0,0.0,1,,First-time,9355360000000.0,India,False,False
XYZ Luxury,2026-04-15 00:00:00+00:00,INR,XYZ Luxury - magic checkout,2026-04-14 18:34:27+00:00,2026-04-14 18:34:27+00:00,2026-04-15 08:18:49+00:00,7136370000000.0,#3455,India,India,India,Haryana,Gurugram,"Magic, upi",9474300000000.0,rubina choker set,"17-04, 17f, category_choker, category_necklace, sale-28",Default Title,9800.0,9800.0,9800.0,1,0.0,0.0,1.0,,9800.0,,1.0,1.0,0.0,1,,Returning,9355360000000.0,India,False,False
XYZ Luxury,2026-04-15 00:00:00+00:00,INR,XYZ Luxury - magic checkout,2026-04-14 18:44:46+00:00,2026-04-14 18:44:46+00:00,2026-04-14 18:45:02+00:00,7136420000000.0,#3456,India,India,India,Haryana,Gurgaon,"Magic, upi",8182560000000.0,Faiz Bangles Pair,"category_bangles, desc addition, eoss_02jun, EOSS_jan26, occasion",02-Jun,17150.0,17150.0,17150.0,1,0.0,0.0,1.0,,17150.0,1.0,,1.0,0.0,1,,First-time,9355450000000.0,India,False,False
XYZ Luxury,2026-04-15 00:00:00+00:00,INR,Draft Orders,2026-04-15 05:15:18+00:00,2026-04-15 05:15:18+00:00,2026-04-15 11:00:11+00:00,7139340000000.0,#3457,India,India,India,Karnataka,Bengaluru,,8115610000000.0,Rida Choker Set with Tika,"3july-backup-dis, Bestseller_18sep, category_choker, category_necklace, desc addition, eoss_02jun, EOSS_jan26, hp_rts09may, occasion",Default Title,26250.0,26250.0,26250.0,1,0.0,0.0,1.0,,26250.0,,1.0,1.0,0.0,1,,Returning,8910160000000.0,India,False,False
XYZ Luxury,2026-04-15 00:00:00+00:00,INR,XYZ Luxury - magic checkout,2026-04-15 07:08:36+00:00,2026-04-15 07:08:36+00:00,2026-04-15 10:36:22+00:00,7139600000000.0,#3458,India,India,India,Punjab,Mandi Gobindgarh,"Magic, upi",8592080000000.0,Chand Hair Clips Pair,"Bestseller_18sep, desc addition, eoss_02jun, EOSS_jan26, occasion",Default Title,7000.0,7000.0,7000.0,1,0.0,0.0,1.0,,7000.0,1.0,,1.0,0.0,1,,First-time,9358340000000.0,India,False,False
XYZ Luxury,2026-04-15 00:00:00+00:00,INR,XYZ Luxury - magic checkout,2026-04-15 07:15:29+00:00,2026-04-15 07:15:29+00:00,2026-04-18 12:32:42+00:00,7139610000000.0,#3459,India,India,India,Uttar Pradesh,Noida,"Magic, upi",8913180000000.0,Daman Emerald Ring,"eoss_02jun, EOSS_jan26",Default Title,4200.0,4200.0,4200.0,1,0.0,0.0,1.0,,4200.0,,1.0,1.0,0.0,1,,Returning,9321360000000.0,India,False,False
XYZ Luxury,2026-04-15 00:00:00+00:00,INR,XYZ Luxury - magic checkout,2026-04-15 09:05:29+00:00,2026-04-15 09:05:29+00:00,2026-04-15 10:30:37+00:00,7139690000000.0,#3460,India,India,India,Maharashtra,Mumbai Subueban,"Magic, upi",8652470000000.0,Moti Mahal Studs,"Bestseller_18sep, category_earring, desc addition, eoss_02jun, EOSS_jan26",Default Title,5313.0,5313.0,5313.0,1,0.0,0.0,1.0,,5313.0,,1.0,1.0,0.0,1,,Returning,7678270000000.0,India,False,False
XYZ Luxury,2026-04-15 00:00:00+00:00,INR,Draft Orders,2026-04-15 10:44:35+00:00,2026-04-15 10:44:35+00:00,2026-04-15 12:04:59+00:00,7139800000000.0,#3461,United Kingdom,Rest of the World,United Kingdom,England,Hayes,,,,,,40000.0,40000.0,40000.0,1,0.0,0.0,1.0,,40000.0,1.0,,1.0,0.0,1,,First-time,9358610000000.0,United Kingdom,True,False
XYZ Luxury,2026-04-15 00:00:00+00:00,INR,Draft Orders,2026-04-15 12:53:35+00:00,2026-04-15 12:53:36+00:00,2026-04-18 21:22:23+00:00,7140120000000.0,#3462,Qatar,Middle East,Qatar,,Doha,,9419680000000.0,Monga Necklace Set & Tikka,category_necklace,Default Title,31150.0,31150.0,31150.0,1,0.0,0.0,1.0,,31150.0,1.0,,1.0,0.0,1,,First-time,9358930000000.0,Qatar,False,False
XYZ Luxury,2026-04-15 00:00:00+00:00,INR,XYZ Luxury - magic checkout,2026-04-15 13:37:24+00:00,2026-04-15 13:37:24+00:00,2026-04-16 06:18:55+00:00,7140310000000.0,#3463,India,India,India,Delhi,SOUTH EAST,"card, Magic",9008530000000.0,Shabnam Choker Set,"Bestseller_18sep, category_choker, eoss_02jun, EOSS_jan26",Default Title,15496.6,15496.6,15496.6,1,0.0,0.0,1.0,,15496.6,1.0,,1.0,0.0,1,,First-time,9359020000000.0,India,False,False
XYZ Luxury,2026-04-15 00:00:00+00:00,INR,Online Store,2026-04-15 17:37:30+00:00,2026-04-15 17:37:32+00:00,2026-04-16 05:27:24+00:00,7141440000000.0,#3464,India,India,India,Maharashtra,Thane West,,9567980000000.0,Madhuri Hasli Only,"16ap, 17-04",Default Title,10500.0,10500.0,10500.0,1,0.0,0.0,1.0,,10500.0,1.0,,1.0,0.0,1,Instagram,First-time,9359990000000.0,India,False,False
XYZ Luxury,2026-04-16 00:00:00+00:00,INR,XYZ Luxury - magic checkout,2026-04-15 19:42:28+00:00,2026-04-15 19:42:28+00:00,2026-04-19 10:11:42+00:00,7141990000000.0,#3465,Canada,Rest of the World,Canada,British Columbia,Surrey,"card, Magic",9478420000000.0,Zaina Studs,category_earring,Default Title,5313.0,5313.0,5313.0,1,0.0,0.0,1.0,,5313.0,1.0,,1.0,0.0,1,,First-time,9360400000000.0,Canada,False,False
XYZ Luxury,2026-04-16 00:00:00+00:00,INR,XYZ Luxury - magic checkout,2026-04-16 07:36:58+00:00,2026-04-16 07:36:58+00:00,2026-04-16 07:55:02+00:00,7144810000000.0,#3466,India,India,India,Delhi,New Delhi,"card, Magic",8768090000000.0,Raha Pearl Choker Set,"category_choker, desc addition, eoss_02jun, EOSS_jan26",Default Title,12950.0,12950.0,12950.0,1,0.0,0.0,1.0,,12950.0,1.0,,1.0,0.0,1,,First-time,9362360000000.0,India,False,False
XYZ Luxury,2026-04-16 00:00:00+00:00,INR,XYZ Luxury - magic checkout,2026-04-16 10:17:08+00:00,2026-04-16 10:17:08+00:00,2026-04-19 19:27:06+00:00,7144950000000.0,#3467,United Kingdom,Rest of the World,United Kingdom,England,Redbridge,"card, Magic",8091150000000.0,Panjab Toe Ring Pair,"category_toe, desc addition, eoss_02jun, EOSS_jan26, occasion",Default Title,4870.6,4870.6,4870.6,1,0.0,0.0,1.0,,4870.6,1.0,,1.0,0.0,1,,First-time,9356550000000.0,United Kingdom,False,False
XYZ Luxury,2026-04-16 00:00:00+00:00,INR,XYZ Luxury - magic checkout,2026-04-16 13:31:13+00:00,2026-04-16 13:31:13+00:00,2026-04-17 05:59:35+00:00,7145490000000.0,#3468,India,India,India,Punjab,Dhuri,"card, Magic",8592080000000.0,Chand Hair Clips Pair,"Bestseller_18sep, desc addition, eoss_02jun, EOSS_jan26, occasion",Default Title,7000.0,7000.0,7000.0,1,0.0,0.0,1.0,,7000.0,1.0,,1.0,0.0,1,,First-time,8712960000000.0,India,False,False
XYZ Luxury,2026-04-17 00:00:00+00:00,INR,XYZ Luxury - magic checkout,2026-04-17 02:57:05+00:00,2026-04-17 02:57:05+00:00,2026-04-18 09:28:24+00:00,7149950000000.0,#3469,India,India,India,Uttar Pradesh,Noida,"Magic, upi",9478440000000.0,Tasneem Necklace Set,"17-04, 20-02, category_choker, category_necklace, sale-28",Default Title,7000.0,7000.0,7000.0,1,0.0,0.0,1.0,,7000.0,,1.0,1.0,0.0,1,,Returning,8944620000000.0,India,False,False
XYZ Luxury,2026-04-17 00:00:00+00:00,INR,XYZ Luxury - magic checkout,2026-04-17 04:25:21+00:00,2026-04-17 04:25:21+00:00,2026-04-17 06:54:35+00:00,7150540000000.0,#3470,India,India,India,Telangana,Rudraram,"Magic, upi",8717950000000.0,Sohni Hair Clips Pair,"desc addition, eoss_02jun, EOSS_jan26, hp_rts09may",Default Title,9450.0,9450.0,9450.0,1,0.0,0.0,1.0,,9450.0,1.0,,1.0,0.0,1,,First-time,9365710000000.0,India,False,False
XYZ Luxury,2026-04-17 00:00:00+00:00,INR,Draft Orders,2026-04-17 06:00:43+00:00,2026-04-17 06:00:43+00:00,2026-04-20 19:08:01+00:00,7150910000000.0,#3471,Canada,Rest of the World,Canada,British Columbia,Surrey,,8717940000000.0,Chenab Hand Pieces Pair,"3july-backup-dis, category_hand pieces, desc addition, eoss_02jun, EOSS_jan26",Default Title,27650.0,27650.0,27650.0,1,0.0,0.0,1.0,,27650.0,1.0,,1.0,0.0,1,,First-time,9365930000000.0,Canada,False,False
XYZ Luxury,2026-04-17 00:00:00+00:00,INR,XYZ Luxury - magic checkout,2026-04-17 13:43:24+00:00,2026-04-17 13:43:24+00:00,2026-04-18 06:52:27+00:00,7151770000000.0,#3472,India,India,India,Uttar Pradesh,Ghaziabad,"Magic, upi",9478430000000.0,Areej Antique Pearl Set,"17-04, 20-02, category_necklace, sale-28",Default Title,3570.0,3570.0,3570.0,1,0.0,0.0,1.0,,3570.0,1.0,,1.0,0.0,1,,First-time,9366800000000.0,India,False,False
XYZ Luxury,2026-04-17 00:00:00+00:00,INR,XYZ Luxury - magic checkout,2026-04-17 16:43:57+00:00,2026-04-17 16:43:57+00:00,2026-04-18 08:09:13+00:00,7152600000000.0,#3473,India,India,India,Gujarat,RAJKOT,"card, Magic",9219630000000.0,Gul Ring,EOSS_jan26,Default Title,6516.100001,5864.490001,6920.1,1,0.0,0.0,1.0,,5864.490001,,1.0,1.0,651.61,1,,Returning,8860770000000.0,India,False,False
XYZ Luxury,2026-04-18 00:00:00+00:00,INR,XYZ Luxury - magic checkout,2026-04-18 03:12:09+00:00,2026-04-18 03:12:09+00:00,2026-04-21 20:18:01+00:00,7155250000000.0,#3474,United States,USA,United States,Texas,Roanoke,"card, Magic",9419680000000.0,Mishri Necklace Set,category_necklace,Default Title,29500.0,27155.37,27155.37,1,0.0,0.0,1.0,,27155.37,,1.0,1.0,2344.63,1,,Returning,7871100000000.0,United States,False,False
XYZ Luxury,2026-04-18 00:00:00+00:00,INR,XYZ Luxury - magic checkout,2026-04-18 05:48:52+00:00,2026-04-18 05:48:52+00:00,2026-04-18 06:42:04+00:00,7155900000000.0,#3475,India,India,India,Haryana,Panchkula,"card, Magic",9563990000000.0,Pippal Patti Waliyaan,sale-28,Default Title,4200.0,4200.0,4200.0,1,0.0,0.0,1.0,,4200.0,,1.0,1.0,0.0,1,,Returning,7951390000000.0,India,False,False
XYZ Luxury,2026-04-18 00:00:00+00:00,INR,XYZ Luxury - magic checkout,2026-04-18 16:09:05+00:00,2026-04-18 16:09:05+00:00,2026-04-18 16:09:21+00:00,7158450000000.0,#3476,India,India,India,Goa,North Goa,"Magic, upi",8091150000000.0,Panjab Payal Pair,"category_payal, desc addition, eoss_02jun, EOSS_jan26, occasion",Default Title,20873.0,18785.7,18785.7,1,0.0,0.0,1.0,,18785.7,1.0,,1.0,2087.3,1,,First-time,9371760000000.0,India,False,False
XYZ Luxury,2026-04-19 00:00:00+00:00,INR,XYZ Luxury - magic checkout,2026-04-18 20:46:03+00:00,2026-04-18 20:46:03+00:00,2026-04-22 19:11:48+00:00,7159800000000.0,#3477,United States,USA,United States,California,Fresno,"Magic, wallet",8741480000000.0,Jazeera Ring,"Bestseller_18sep, desc addition, eoss_02jun, EOSS_jan26",Default Title,7590.0,6831.0,6831.0,1,0.0,0.0,1.0,,6831.0,1.0,,1.0,759.0,1,,First-time,9372710000000.0,United States,False,False
XYZ Luxury,2026-04-19 00:00:00+00:00,INR,XYZ Luxury - magic checkout,2026-04-19 05:37:51+00:00,2026-04-19 05:37:51+00:00,2026-04-20 08:05:00+00:00,7162050000000.0,#3478,India,India,India,Haryana,GURGAON,"Magic, upi",8924020000000.0,Raunaq Antique Bangles,"17-04, 3july-backup-dis, Bestseller_18sep, category_bangles, eoss_02jun, EOSS_jan26, hp_rts09may, sale-28, Silver Bangles",02-Aug,4418.4,4418.4,4418.4,1,0.0,0.0,1.0,,4418.4,,1.0,1.0,0.0,1,,Returning,9169970000000.0,India,False,False
XYZ Luxury,2026-04-19 00:00:00+00:00,INR,XYZ Luxury - magic checkout,2026-04-19 09:06:41+00:00,2026-04-19 09:06:41+00:00,2026-04-20 07:44:23+00:00,7162850000000.0,#3479,India,India,India,Haryana,Gurgaon,"card, Magic",8924010000000.0,Ansari Gokhdu Bangles Pair,"17-04, 3july-backup-dis, Bestseller_18sep, category_bangles, eoss_02jun, EOSS_jan26, hp_rts09may, sale-28, Silver Bangles",02-Apr,7969.5,7969.5,7969.5,1,0.0,0.0,1.0,,7969.5,1.0,,1.0,0.0,1,,First-time,9374810000000.0,India,False,False
XYZ Luxury,2026-04-19 00:00:00+00:00,INR,Draft Orders,2026-04-19 09:13:47+00:00,2026-04-19 09:13:47+00:00,2026-04-20 07:27:50+00:00,7162880000000.0,#3480,India,India,India,,,,9427520000000.0,Malerkotla Raani Haar Set,"17-04, category_necklace, category_rani, sale-28",Default Title,20650.0,20650.0,20650.0,1,0.0,0.0,1.0,,20650.0,1.0,,1.0,0.0,1,,First-time,9374830000000.0,India,False,False
XYZ Luxury,2026-04-20 00:00:00+00:00,INR,XYZ Luxury - magic checkout,2026-04-20 05:45:34+00:00,2026-04-20 05:45:34+00:00,2026-04-20 07:21:08+00:00,7166490000000.0,#3481,India,India,India,Karnataka,BENGALURU URBAN,"Magic, upi",9567650000000.0,Triple Jhumki Earrings,"16ap, 17-04",Default Title,6300.0,6300.0,6300.0,1,0.0,0.0,1.0,,6300.0,1.0,,1.0,0.0,1,,First-time,9378080000000.0,India,False,False
XYZ Luxury,2026-04-20 00:00:00+00:00,INR,XYZ Luxury - magic checkout,2026-04-20 07:26:10+00:00,2026-04-20 07:26:10+00:00,2026-04-20 13:07:48+00:00,7166590000000.0,#3482,Canada,Rest of the World,Canada,British Columbia,Abbotsford,"card, Magic",8830400000000.0,Preet Kalire,"category_Kalire, eoss_02jun, EOSS_jan26, hide_sd",Default Title,19500.0,17550.0,17550.0,1,0.0,0.0,1.0,,17550.0,1.0,,1.0,1950.0,1,,First-time,9378260000000.0,Canada,False,False
XYZ Luxury,2026-04-20 00:00:00+00:00,INR,XYZ Luxury - magic checkout,2026-04-20 11:40:24+00:00,2026-04-20 11:40:24+00:00,2026-04-20 11:44:31+00:00,7166830000000.0,#3483,India,India,India,Uttar Pradesh,Gzb,"Magic, upi",8924020000000.0,Raunaq Antique Bangles,"17-04, 3july-backup-dis, Bestseller_18sep, category_bangles, eoss_02jun, EOSS_jan26, hp_rts09may, sale-28, Silver Bangles",,4418.4,4418.4,4418.4,1,0.0,0.0,1.0,,4418.4,1.0,,1.0,0.0,1,,First-time,9378780000000.0,India,False,False
XYZ Luxury,2026-04-20 00:00:00+00:00,INR,XYZ Luxury - magic checkout,2026-04-20 16:40:39+00:00,2026-04-20 16:40:39+00:00,2026-04-21 05:33:34+00:00,7167320000000.0,#3484,India,India,India,Himachal Pradesh,Una,"Magic, upi",9427520000000.0,Malerkotla Raani Haar Set,"17-04, category_necklace, category_rani, sale-28",Default Title,20650.0,20650.0,20650.0,1,0.0,0.0,1.0,,20650.0,1.0,,1.0,0.0,1,,First-time,9378050000000.0,India,False,False
XYZ Luxury,2026-04-21 00:00:00+00:00,INR,XYZ Luxury - magic checkout,2026-04-21 00:40:00+00:00,2026-04-21 00:40:00+00:00,2026-04-24 18:52:04+00:00,7168350000000.0,#3485,Canada,Rest of the World,Canada,Ontario,Brampton,"card, Magic",8088120000000.0,Panjab Hand Pieces pair,"category_hand pieces, desc addition, eoss_02jun, EOSS_jan26, occasion",Default Title,34500.0,31747.97,31747.97,1,0.0,0.0,1.0,,31747.97,,1.0,1.0,2752.03,1,,Returning,9009350000000.0,Canada,False,False
XYZ Luxury,2026-04-21 00:00:00+00:00,INR,XYZ Luxury - magic checkout,2026-04-21 09:19:02+00:00,2026-04-21 09:19:02+00:00,2026-04-21 09:19:18+00:00,7169200000000.0,#3486,Australia,Rest of the World,Australia,Queensland,North Lakes,"card, Magic",8923250000000.0,Tania Payal Pair,"category_payal, eoss_02jun, EOSS_jan26, hp_rts09may",Default Title,20500.0,18450.0,18450.0,1,0.0,0.0,1.0,,18450.0,1.0,,1.0,2050.0,1,,First-time,9384400000000.0,Australia,False,False
XYZ Luxury,2026-04-21 00:00:00+00:00,INR,Draft Orders,2026-04-21 17:16:53+00:00,2026-04-21 17:16:53+00:00,2026-04-21 17:16:54+00:00,7170490000000.0,#3487,India,India,India,Karnataka,Karnataka,,,,,,2100.0,2100.0,2100.0,1,0.0,0.0,1.0,,2100.0,,1.0,1.0,0.0,1,,Returning,9303330000000.0,India,True,False
XYZ Luxury,2026-04-22 00:00:00+00:00,INR,XYZ Luxury - magic checkout,2026-04-22 06:24:27+00:00,2026-04-22 06:24:27+00:00,2026-04-22 09:19:10+00:00,7171990000000.0,#3488,India,India,India,Delhi,West Delhi,"card, Magic",8924020000000.0,Surjit Rubby Kalgi,"eoss_02jun, EOSS_jan26",Default Title,27500.0,24750.0,24750.0,1,0.0,0.0,1.0,,24750.0,1.0,,1.0,2750.0,1,,First-time,9388300000000.0,India,False,False
XYZ Luxury,2026-04-22 00:00:00+00:00,INR,Draft Orders,2026-04-22 09:16:00+00:00,2026-04-22 09:16:01+00:00,2026-04-22 09:50:26+00:00,7172130000000.0,#3489,India,India,India,Punjab,Mohali,,9419640000000.0,Ghungroo Tikka,category_tikka,Default Title,16500.0,16500.0,16500.0,1,0.0,0.0,1.0,,16500.0,1.0,,1.0,0.0,1,,First-time,9387860000000.0,India,False,False
XYZ Luxury,2026-04-22 00:00:00+00:00,INR,XYZ Luxury - magic checkout,2026-04-22 13:57:31+00:00,2026-04-22 13:57:31+00:00,2026-04-23 05:49:15+00:00,7172640000000.0,#3490,India,India,India,Gujarat,rajkot,"Magic, upi",9008490000000.0,Kinza Pearl Set,"3july-backup-dis, Bestseller_18sep, category_choker, category_necklace, eoss_02jun, EOSS_jan26",Default Title,19500.0,17550.0,17550.0,1,0.0,0.0,1.0,,17550.0,1.0,,1.0,1950.0,1,,First-time,9389160000000.0,India,False,False
XYZ Luxury,2026-04-23 00:00:00+00:00,INR,XYZ Luxury - magic checkout,2026-04-23 18:26:23+00:00,2026-04-23 18:26:23+00:00,2026-04-24 06:30:26+00:00,7177700000000.0,#3491,India,India,India,Haryana,Hisar,"Magic, upi",9567630000000.0,Mona Bangles 4pc,"16ap, 17-04",02-Jun,3500.0,3500.0,3500.0,1,0.0,0.0,1.0,,3500.0,,1.0,1.0,0.0,1,,Returning,9225820000000.0,India,False,False
XYZ Luxury,2026-04-24 00:00:00+00:00,INR,XYZ Luxury - magic checkout,2026-04-24 01:27:14+00:00,2026-04-24 01:27:14+00:00,2026-04-24 06:17:18+00:00,7178730000000.0,#3492,India,India,India,Punjab,Khankot,"Magic, upi",9478430000000.0,Areej Antique Pearl Set,"17-04, 20-02, category_necklace, sale-28",Default Title,3570.0,3570.0,3570.0,1,0.0,0.0,1.0,,3570.0,1.0,,1.0,0.0,1,,First-time,9395310000000.0,India,False,False
XYZ Luxury,2026-04-24 00:00:00+00:00,INR,XYZ Luxury - magic checkout,2026-04-24 06:20:05+00:00,2026-04-24 06:20:05+00:00,2026-04-24 07:01:51+00:00,7179120000000.0,#3493,India,India,India,Maharashtra,pune,"card, Magic",8924010000000.0,Ansari Gokhdu Bangles Pair,"17-04, 3july-backup-dis, Bestseller_18sep, category_bangles, eoss_02jun, EOSS_jan26, hp_rts09may, sale-28, Silver Bangles",06-Feb,7969.5,7658.28,7658.28,1,0.0,0.0,1.0,,7658.28,,1.0,1.0,311.22,1,,Returning,7678270000000.0,India,False,False
XYZ Luxury,2026-04-24 00:00:00+00:00,INR,XYZ Luxury - magic checkout,2026-04-24 07:30:34+00:00,2026-04-24 07:30:34+00:00,2026-04-24 07:34:41+00:00,7179190000000.0,#3494,India,India,India,Uttar Pradesh,Greater noida,"Magic, upi",9567620000000.0,Rinkal Valiyaan,"16ap, 17-04",Default Title,4235.0,4235.0,4235.0,1,0.0,0.0,1.0,,4235.0,,1.0,1.0,0.0,1,,Returning,8782480000000.0,India,False,False
XYZ Luxury,2026-04-25 00:00:00+00:00,INR,Draft Orders,2026-04-25 06:25:42+00:00,2026-04-25 06:25:43+00:00,2026-04-27 14:05:00+00:00,7184050000000.0,#3495,United States,USA,United States,New Jersey,Morganville,,8652480000000.0,Virasat Choker Set,"Bestseller_18sep, category_choker, desc addition, eoss_02jun, EOSS_jan26",Default Title,34500.0,34500.0,34500.0,1,0.0,0.0,1.0,,34500.0,1.0,,1.0,0.0,1,,First-time,9396570000000.0,India,False,False
XYZ Luxury,2026-04-25 00:00:00+00:00,INR,Draft Orders,2026-04-25 08:37:38+00:00,2026-04-25 08:37:39+00:00,2026-04-25 09:36:20+00:00,7184590000000.0,#3496,India,India,India,Telangana,Hyderabad,,9570720000000.0,Nikko Waliyaan,,Default Title,2100.0,2100.0,2100.0,1,0.0,0.0,1.0,,2100.0,1.0,,1.0,0.0,1,,First-time,9401760000000.0,India,False,False
XYZ Luxury,2026-04-25 00:00:00+00:00,INR,Draft Orders,2026-04-25 08:44:36+00:00,2026-04-25 08:44:36+00:00,2026-04-27 07:28:17+00:00,7184620000000.0,#3497,India,India,India,Haryana,Faridabad,,9561820000000.0,Rangoli Hasli Only,,Default Title,10150.0,10150.0,10150.0,1,0.0,0.0,1.0,,10150.0,1.0,,1.0,0.0,1,,First-time,9401780000000.0,India,False,False
XYZ Luxury,2026-04-25 00:00:00+00:00,INR,XYZ Luxury - magic checkout,2026-04-25 09:57:47+00:00,2026-04-25 09:57:47+00:00,2026-04-25 10:39:04+00:00,7184920000000.0,#3498,India,India,India,Punjab,Ludhiana,"Magic, upi",9570720000000.0,Nikko Waliyaan,,Default Title,2100.0,2100.0,2100.0,1,0.0,0.0,1.0,,2100.0,1.0,,1.0,0.0,1,,First-time,9402040000000.0,India,False,False
XYZ Luxury,2026-04-27 00:00:00+00:00,INR,XYZ Luxury - magic checkout,2026-04-27 04:07:45+00:00,2026-04-27 04:07:45+00:00,2026-04-27 06:37:54+00:00,7194430000000.0,#3499,India,India,India,Haryana,Gurugram,"card, Magic",9475470000000.0,AD Studs,"17-04, 18-02, category_earring, sale-28",Default Title,4200.0,4200.0,4200.0,1,0.0,0.0,1.0,,4200.0,,1.0,1.0,0.0,1,,Returning,8990480000000.0,India,False,False
XYZ Luxury,2026-04-27 00:00:00+00:00,INR,XYZ Luxury - magic checkout,2026-04-27 04:46:49+00:00,2026-04-27 04:46:49+00:00,2026-04-27 06:31:42+00:00,7194530000000.0,#3500,India,India,India,Maharashtra,Pune,"card, Magic",9478430000000.0,Areej Antique Pearl Set,"17-04, 20-02, category_necklace, sale-28",Default Title,3570.0,3570.0,3570.0,1,0.0,0.0,1.0,,3570.0,1.0,,1.0,0.0,1,,First-time,9411650000000.0,India,False,False
XYZ Luxury,2026-04-27 00:00:00+00:00,INR,Draft Orders,2026-04-27 15:31:36+00:00,2026-04-27 15:31:36+00:00,2026-04-30 04:49:31+00:00,7195290000000.0,#3501,Norway,Rest of the World,Norway,,Lier,,,,,,17150.0,17150.0,19650.0,1,0.0,0.0,1.0,,17150.0,1.0,,1.0,0.0,2,,First-time,9403240000000.0,Norway,True,False
XYZ Luxury,2026-04-29 00:00:00+00:00,INR,XYZ Luxury - magic checkout,2026-04-28 20:02:16+00:00,2026-04-28 20:02:16+00:00,2026-04-28 20:02:34+00:00,7199120000000.0,#3502,United States,USA,United States,New York,Hicksville,"card, Magic",9568070000000.0,Zara Double Chain,"16ap, 17-04",Default Title,7000.0,6434.24,6434.24,1,0.0,0.0,1.0,,6434.24,1.0,,1.0,565.76,1,,First-time,9416730000000.0,United States,False,False
XYZ Luxury,2026-04-29 00:00:00+00:00,INR,XYZ Luxury - magic checkout,2026-04-29 15:52:51+00:00,2026-04-29 15:52:51+00:00,2026-04-30 05:54:55+00:00,7201290000000.0,#3503,India,India,India,Karnataka,Haralur,"Magic, upi",9008490000000.0,Kinza Pearl Set,"3july-backup-dis, Bestseller_18sep, category_choker, category_necklace, eoss_02jun, EOSS_jan26",Default Title,19500.0,17941.59,17941.59,1,0.0,0.0,1.0,,17941.59,1.0,,1.0,1558.41,1,,First-time,9419470000000.0,India,False,False
XYZ Luxury,2026-04-30 00:00:00+00:00,INR,Draft Orders,2026-04-30 06:07:27+00:00,2026-04-30 06:07:28+00:00,2026-04-30 06:07:29+00:00,7203950000000.0,#3504,United States,USA,United States,,,,8830400000000.0,Preet Kalire,"category_Kalire, eoss_02jun, EOSS_jan26, hide_sd",Default Title,19500.0,17550.0,17550.0,1,0.0,0.0,1.0,,17550.0,1.0,,1.0,1950.0,1,,First-time,9319580000000.0,India,False,False
XYZ Luxury,2026-04-30 00:00:00+00:00,INR,XYZ Luxury - magic checkout,2026-04-30 10:53:43+00:00,2026-04-30 10:53:43+00:00,2026-04-30 12:35:36+00:00,7204840000000.0,#3505,India,India,India,Karnataka,Bangaore,"card, Magic",9570000000000.0,Desi Jhumki Valiyaan,,Default Title,31500.0,28350.0,28350.0,1,0.0,0.0,1.0,,28350.0,1.0,,1.0,3150.0,1,,First-time,9423680000000.0,India,False,False
XYZ Luxury,2026-04-30 00:00:00+00:00,INR,Draft Orders,2026-04-30 12:36:35+00:00,2026-04-30 12:36:35+00:00,2026-04-30 12:40:06+00:00,7205430000000.0,#3506,India,India,India,Punjab,Ludhiana,QR_COD_Confirmed,,,,,20000.0,20000.0,20000.0,1,0.0,0.0,1.0,,20000.0,1.0,,1.0,0.0,1,,First-time,9424240000000.0,India,True,False
XYZ Luxury,2026-05-01 00:00:00+00:00,INR,XYZ Luxury - magic checkout,2026-04-30 18:58:03+00:00,2026-04-30 18:58:03+00:00,2026-05-01 05:55:43+00:00,7207590000000.0,#3507,India,India,India,West Bengal,Kolkata,"Magic, upi",8710430000000.0,Pippal Patti Waaliyaan,"Bestseller_18sep, category_earring, desc addition, eoss_02jun, EOSS_jan26, hp_rts09may",Default Title,8500.0,7650.0,7650.0,1,0.0,0.0,1.0,,7650.0,1.0,,1.0,850.0,1,,First-time,9425850000000.0,India,False,False
XYZ Luxury,2026-05-01 00:00:00+00:00,INR,XYZ Luxury - magic checkout,2026-04-30 20:42:24+00:00,2026-04-30 20:42:24+00:00,2026-05-01 06:05:57+00:00,7208070000000.0,#3508,India,India,India,Goa,Panaji,"Magic, upi",9418100000000.0,Rutba Openable Bangles Pair,"16ak, 17-04, category_bangles, sale-28",06-Feb,6300.0,6300.0,6300.0,1,0.0,0.0,1.0,,6300.0,1.0,,1.0,0.0,1,,First-time,9426360000000.0,India,False,False
XYZ Luxury,2026-05-01 00:00:00+00:00,INR,XYZ Luxury - magic checkout,2026-05-01 13:41:27+00:00,2026-05-01 13:41:27+00:00,2026-05-02 06:06:53+00:00,7210420000000.0,#3509,India,India,India,Uttar Pradesh,GAUTAM BUDDHA NAGAR,"Magic, paylater",9570740000000.0,Emreen Earrings,,Default Title,7000.0,7000.0,7000.0,1,0.0,0.0,1.0,,7000.0,1.0,,1.0,0.0,1,,First-time,9429060000000.0,India,False,False
XYZ Luxury,2026-05-02 00:00:00+00:00,INR,XYZ Luxury - magic checkout,2026-05-02 03:33:06+00:00,2026-05-02 03:33:06+00:00,2026-05-02 06:00:03+00:00,7214330000000.0,#3510,India,India,India,Chandigarh,Chandigarh,"Magic, upi",9478430000000.0,Areej Antique Pearl Set,"17-04, 20-02, category_necklace, sale-28",Default Title,3570.0,3570.0,3570.0,1,0.0,0.0,1.0,,3570.0,1.0,,1.0,0.0,1,,First-time,9432340000000.0,India,False,False
XYZ Luxury,2026-05-02 00:00:00+00:00,INR,XYZ Luxury - magic checkout,2026-05-02 08:16:09+00:00,2026-05-02 08:16:09+00:00,2026-05-02 10:49:58+00:00,7215550000000.0,#3511,India,India,India,Telangana,Hyderabad,"Magic, upi",9419420000000.0,Dholki Openable Bangles Pair,"16ak, 17-04, category_bangles, sale-28",08-Feb,8050.0,8050.0,8050.0,1,0.0,0.0,1.0,,8050.0,1.0,,1.0,0.0,1,,First-time,9433340000000.0,India,False,False
XYZ Luxury,2026-05-02 00:00:00+00:00,INR,Online Store,2026-05-02 13:11:43+00:00,2026-05-02 13:11:44+00:00,2026-05-02 13:11:46+00:00,7216820000000.0,#3512,United Arab Emirates,Middle East,United Arab Emirates,Dubai,Damac Hills 2,,8125380000000.0,Panjab Groom Kalgi,"desc addition, eoss_02jun, EOSS_jan26",Default Title,37318.0,33586.2,33586.2,1,0.0,0.0,1.0,,33586.2,1.0,,1.0,3731.8,1,direct,First-time,9434460000000.0,Australia,False,False
XYZ Luxury,2026-05-02 00:00:00+00:00,INR,XYZ Luxury - magic checkout,2026-05-02 15:48:46+00:00,2026-05-02 15:48:46+00:00,2026-05-02 16:01:18+00:00,7217600000000.0,#3513,United States,USA,United States,New York,Jamaica,"Magic, wallet",8768090000000.0,Dilruba Payal Pair,"category_payal, desc addition, eoss_02jun, EOSS_jan26, hp_rts09may",Default Title,24500.0,22050.0,22050.0,1,0.0,0.0,1.0,,22050.0,1.0,,1.0,2450.0,1,,First-time,9435130000000.0,United States,False,False
XYZ Luxury,2026-05-02 00:00:00+00:00,INR,XYZ Luxury - magic checkout,2026-05-02 16:35:47+00:00,2026-05-02 16:35:47+00:00,2026-05-05 09:50:47+00:00,7217840000000.0,#3514,Canada,Rest of the World,Canada,British Columbia,Surrey,"card, Magic",9478440000000.0,Ria Pearl Passa,"17-04, 20-02, category_Passa, sale-28",Default Title,8050.0,8050.0,8050.0,1,0.0,0.0,1.0,,8050.0,,1.0,1.0,0.0,1,,Returning,9360400000000.0,Canada,False,False
XYZ Luxury,2026-05-02 00:00:00+00:00,INR,XYZ Luxury - magic checkout,2026-05-02 18:07:10+00:00,2026-05-02 18:07:10+00:00,2026-05-02 18:07:27+00:00,7218310000000.0,#3515,India,India,India,Punjab,Patiala,"card, Magic",8717950000000.0,Sohni Hair Clips Pair,"desc addition, eoss_02jun, EOSS_jan26, hp_rts09may",Default Title,13500.0,12150.0,12150.0,1,0.0,0.0,1.0,,12150.0,1.0,,1.0,1350.0,1,,First-time,9435700000000.0,India,False,False
XYZ Luxury,2026-05-03 00:00:00+00:00,INR,XYZ Luxury - magic checkout,2026-05-02 19:18:47+00:00,2026-05-02 19:18:47+00:00,2026-05-02 19:19:03+00:00,7218650000000.0,#3516,India,India,India,Bihar,MADHEPURA,"Magic, upi",8710100000000.0,Surmayi Nath With Screw,"desc addition, eoss_02jun, EOSS_jan26",Default Title,7000.0,6300.0,6300.0,1,0.0,0.0,1.0,,6300.0,1.0,,1.0,700.0,1,,First-time,9435980000000.0,India,False,False
XYZ Luxury,2026-05-03 00:00:00+00:00,INR,Online Store,2026-05-03 01:49:31+00:00,2026-05-03 01:49:32+00:00,2026-05-03 01:49:34+00:00,7220360000000.0,#3517,United States,USA,United States,Maryland,Germantown,,9463350000000.0,ghungroo studs,category_earring,Default Title,11500.0,10350.0,10350.0,1,0.0,0.0,1.0,,10350.0,1.0,,1.0,1150.0,1,direct,First-time,9437360000000.0,United States,False,False
XYZ Luxury,2026-05-03 00:00:00+00:00,INR,XYZ Luxury - magic checkout,2026-05-03 13:44:56+00:00,2026-05-03 13:44:56+00:00,2026-05-06 21:09:56+00:00,7223460000000.0,#3518,United Kingdom,Rest of the World,United Kingdom,England,Derby,"card, Magic",9419560000000.0,Neeta Payal Pair,"16ak, 17-04, category_payal, sale-28",Default Title,5950.0,5950.0,5950.0,1,0.0,0.0,1.0,,5950.0,1.0,,1.0,0.0,1,,First-time,9439980000000.0,United Kingdom,False,False
XYZ Luxury,2026-05-04 00:00:00+00:00,INR,XYZ Luxury - magic checkout,2026-05-03 19:45:57+00:00,2026-05-03 19:45:57+00:00,2026-05-03 19:46:14+00:00,7225210000000.0,#3519,Canada,Rest of the World,Canada,Alberta,Edmonton,"card, Magic",8710110000000.0,Lahori Chain Set,"category_choker, category_necklace, desc addition, eoss_02jun, EOSS_jan26",Default Title,41500.0,37350.0,37350.0,1,0.0,0.0,1.0,,37350.0,,1.0,1.0,4150.0,1,,Returning,8438660000000.0,Canada,False,False
XYZ Luxury,2026-05-04 00:00:00+00:00,INR,XYZ Luxury - magic checkout,2026-05-04 15:50:33+00:00,2026-05-04 15:50:33+00:00,2026-05-05 09:46:03+00:00,7227580000000.0,#3520,India,India,India,Punjab,Mansa,"card, Magic",9567980000000.0,Madhuri Hasli Only,"16ap, 17-04",Default Title,10500.0,10500.0,10500.0,1,0.0,0.0,1.0,,10500.0,1.0,,1.0,0.0,1,,First-time,9444090000000.0,India,False,False
XYZ Luxury,2026-05-05 00:00:00+00:00,INR,XYZ Luxury - magic checkout,2026-05-05 04:59:53+00:00,2026-05-05 04:59:53+00:00,2026-05-05 07:22:21+00:00,7229220000000.0,#3521,India,India,India,Maharashtra,Mumbai,"Magic, upi",9219720000000.0,Pardesi jhumar,EOSS_jan26,Default Title,16525.42,14872.88,17550.0,1,0.0,0.0,1.0,,14872.88,1.0,,1.0,1652.54,1,,First-time,9446040000000.0,India,False,False
XYZ Luxury,2026-05-05 00:00:00+00:00,INR,Draft Orders,2026-05-05 06:43:38+00:00,2026-05-05 06:43:38+00:00,2026-05-05 08:58:49+00:00,7229370000000.0,#3522,India,India,India,Punjab,Punjab,,,,,,9000.0,9000.0,9000.0,1,0.0,0.0,1.0,,9000.0,1.0,,1.0,0.0,1,,First-time,9135330000000.0,India,True,False
XYZ Luxury,2026-05-05 00:00:00+00:00,INR,Draft Orders,2026-05-05 06:47:25+00:00,2026-05-05 06:47:26+00:00,2026-05-05 07:10:58+00:00,7229380000000.0,#3523,India,India,India,Maharashtra,Mumbai,,9574310000000.0,Ranjhana Choker Set,,,10150.0,10150.0,10150.0,1,0.0,0.0,1.0,,10150.0,1.0,,1.0,0.0,1,,First-time,9446270000000.0,India,False,False
XYZ Luxury,2026-05-05 00:00:00+00:00,INR,XYZ Luxury - magic checkout,2026-05-05 07:25:17+00:00,2026-05-05 07:25:17+00:00,2026-05-07 21:02:24+00:00,7229420000000.0,#3524,Australia,Rest of the World,Australia,Victoria,Vermont,"Magic, wallet",9475730000000.0,Gulbano Choker Set,"17-04, 18-02, category_choker, sale-28",Default Title,15050.0,15050.0,15050.0,1,0.0,0.0,1.0,,15050.0,1.0,,1.0,0.0,1,,First-time,9446330000000.0,Australia,False,False
XYZ Luxury,2026-05-05 00:00:00+00:00,INR,XYZ Luxury - magic checkout,2026-05-05 07:54:23+00:00,2026-05-05 07:54:23+00:00,2026-05-05 08:18:42+00:00,7229450000000.0,#3525,India,India,India,Punjab,Ludhiana,"card, Magic",9408490000000.0,Ruby Emerald Mala Set,"17-04, av-07jan26, category_choker, category_necklace, EOSS_jan26, sale-28",Default Title,7000.0,7000.0,7000.0,1,0.0,0.0,1.0,,7000.0,,1.0,1.0,0.0,1,,Returning,8564980000000.0,India,False,False
XYZ Luxury,2026-05-05 00:00:00+00:00,INR,XYZ Luxury - magic checkout,2026-05-05 08:18:06+00:00,2026-05-05 08:18:06+00:00,2026-05-05 08:20:51+00:00,7229480000000.0,#3526,India,India,India,Chandigarh,Chandigarh,"Magic, upi",9478430000000.0,Areej Antique Pearl Set,"17-04, 20-02, category_necklace, sale-28",Default Title,3570.0,3570.0,3570.0,1,0.0,0.0,1.0,,3570.0,1.0,,1.0,0.0,1,,First-time,9446650000000.0,India,False,False
XYZ Luxury,2026-05-05 00:00:00+00:00,INR,XYZ Luxury - magic checkout,2026-05-05 14:38:26+00:00,2026-05-05 14:38:26+00:00,2026-05-06 12:16:53+00:00,7230570000000.0,#3527,India,India,India,Uttar Pradesh,Noida,"Magic, upi",9419680000000.0,Panjabi Pippal patti earrings,category_earring,Default Title,14500.0,13050.0,13050.0,1,0.0,0.0,1.0,,13050.0,1.0,,1.0,1450.0,1,,First-time,9448410000000.0,India,False,False
XYZ Luxury,2026-05-06 00:00:00+00:00,INR,XYZ Luxury - magic checkout,2026-05-06 01:11:40+00:00,2026-05-06 01:11:40+00:00,2026-05-06 06:04:15+00:00,7232540000000.0,#3528,India,India,India,Karnataka,Bangalore,"Magic, paylater",9475470000000.0,Ruby Mint Jhumki Earrings,"17-04, 18-02, category_earring, sale-28",Default Title,6300.0,6300.0,6300.0,1,0.0,0.0,1.0,,6300.0,,1.0,1.0,0.0,1,,Returning,8986600000000.0,India,False,False
XYZ Luxury,2026-05-06 00:00:00+00:00,INR,XYZ Luxury - magic checkout,2026-05-06 01:59:57+00:00,2026-05-06 01:59:57+00:00,2026-05-06 07:39:39+00:00,7232600000000.0,#3529,India,India,India,Uttar Pradesh,VARANASI,"Magic, upi",9567630000000.0,Nayab Bangle 4pc,"16ap, 17-04",,3500.0,3500.0,3500.0,1,0.0,0.0,1.0,,3500.0,1.0,,1.0,0.0,1,,First-time,9450370000000.0,India,False,False
XYZ Luxury,2026-05-06 00:00:00+00:00,INR,XYZ Luxury - magic checkout,2026-05-06 03:36:57+00:00,2026-05-06 03:36:57+00:00,2026-05-06 07:45:07+00:00,7232730000000.0,#3530,India,India,India,Delhi,South Delhi,"Magic, upi",9568050000000.0,Raavi Pippal Patti Tikka,"16ap, 17-04",Default Title,6300.0,6300.0,6300.0,1,0.0,0.0,1.0,,6300.0,1.0,,1.0,0.0,1,,First-time,9450550000000.0,India,False,False
XYZ Luxury,2026-05-06 00:00:00+00:00,INR,XYZ Luxury - magic checkout,2026-05-06 16:03:26+00:00,2026-05-06 16:03:26+00:00,2026-05-07 10:30:42+00:00,7234570000000.0,#3531,India,India,India,Punjab,Patiala,"Additional Notes, card, Magic",9478430000000.0,Areej Antique Pearl Set,"17-04, 20-02, category_necklace, sale-28",Default Title,3570.0,3570.0,3570.0,1,0.0,0.0,1.0,,3570.0,1.0,,1.0,0.0,1,,First-time,9452690000000.0,India,False,False
XYZ Luxury,2026-05-06 00:00:00+00:00,INR,XYZ Luxury - magic checkout,2026-05-06 17:39:34+00:00,2026-05-06 17:39:34+00:00,2026-05-07 06:18:30+00:00,7235010000000.0,#3532,India,India,India,Punjab,Ludhiana,"Magic, upi",9475470000000.0,Paan Ring,,Default Title,4950.0,4455.0,4455.0,1,0.0,0.0,1.0,,4455.0,1.0,,1.0,495.0,1,,First-time,9453130000000.0,India,False,False
XYZ Luxury,2026-05-07 00:00:00+00:00,INR,XYZ Luxury - magic checkout,2026-05-07 04:49:43+00:00,2026-05-07 04:49:43+00:00,2026-05-07 04:50:00+00:00,7236610000000.0,#3533,India,India,India,Punjab,Pathankot,"card, Magic",9427520000000.0,Patiala Choker Set,"17-04, category_choker, sale-28",Default Title,15750.0,15750.0,15750.0,1,0.0,0.0,1.0,,15750.0,,1.0,1.0,0.0,1,,Returning,9290870000000.0,India,False,False
XYZ Luxury,2026-05-07 00:00:00+00:00,INR,XYZ Luxury - magic checkout,2026-05-07 13:05:12+00:00,2026-05-07 13:05:12+00:00,2026-05-07 13:14:06+00:00,7237480000000.0,#3534,India,India,India,Madhya Pradesh,Bhopal,"card, Magic",9111080000000.0,Raji Necklace Set,"category_necklace, EOSS_jan26",Default Title,37500.0,33750.0,33750.0,1,0.0,0.0,1.0,,33750.0,1.0,,1.0,3750.0,1,,First-time,9455850000000.0,India,False,False
XYZ Luxury,2026-05-07 00:00:00+00:00,INR,XYZ Luxury - magic checkout,2026-05-07 15:19:15+00:00,2026-05-07 15:19:15+00:00,2026-05-08 10:22:53+00:00,7238060000000.0,#3535,Canada,Rest of the World,Canada,Ontario,Sarnia,"card, Magic",8079750000000.0,Nanki Necklace & Earring,"category_choker, category_necklace, desc addition, eoss_02jun, EOSS_jan26, hp_rts09may, occasion",Default Title,29500.0,27483.19,27483.19,1,0.0,0.0,1.0,,27483.19,1.0,,1.0,2016.81,1,,First-time,9293770000000.0,India,False,False
XYZ Luxury,2026-05-08 00:00:00+00:00,INR,XYZ Luxury - magic checkout,2026-05-08 12:50:06+00:00,2026-05-08 12:50:06+00:00,2026-05-08 12:59:53+00:00,7240910000000.0,#3536,India,India,India,Maharashtra,Nagpur,"Magic, upi",9567600000000.0,Rinki Bangle Pair,"16ap, 17-04",02-Jun,5670.0,5670.0,5670.0,1,0.0,0.0,1.0,,5670.0,,1.0,1.0,0.0,1,,Returning,8776510000000.0,India,False,False
XYZ Luxury,2026-05-08 00:00:00+00:00,INR,XYZ Luxury - magic checkout,2026-05-08 17:20:24+00:00,2026-05-08 17:20:24+00:00,2026-05-09 06:13:06+00:00,7242290000000.0,#3537,United States,USA,United States,Ohio,Cleveland,"Magic, wallet",8079750000000.0,Nanki Tika,"category_tikka, desc addition, eoss_02jun, EOSS_jan26, hp_rts09may",Default Title,7590.0,6831.0,6831.0,1,0.0,0.0,1.0,,6831.0,,1.0,1.0,759.0,1,,Returning,8794980000000.0,United States,False,False
XYZ Luxury,2026-05-09 00:00:00+00:00,INR,XYZ Luxury - magic checkout,2026-05-08 20:40:55+00:00,2026-05-08 20:40:55+00:00,2026-05-12 20:27:57+00:00,7243190000000.0,#3538,United States,USA,United States,Indiana,Indianapolis,"card, Magic",9567630000000.0,Nayab Bangle 4pc,"16ap, 17-04",02-Jun,3500.0,3208.33,3208.33,1,0.0,0.0,1.0,,3208.33,1.0,,1.0,291.67,1,,First-time,9461580000000.0,United States,False,False
XYZ Luxury,2026-05-09 00:00:00+00:00,INR,XYZ Luxury - magic checkout,2026-05-09 02:28:41+00:00,2026-05-09 02:28:41+00:00,2026-05-09 11:39:39+00:00,7244550000000.0,#3539,India,India,India,Haryana,Faridabad,"Magic, upi",9478450000000.0,Basant Jhumki Earrings,"17-04, category_earring, sale-28",Default Title,8750.0,8750.0,8750.0,1,0.0,0.0,1.0,,8750.0,1.0,,1.0,0.0,1,,First-time,9219020000000.0,India,False,False
XYZ Luxury,2026-05-09 00:00:00+00:00,INR,XYZ Luxury - magic checkout,2026-05-09 12:47:10+00:00,2026-05-09 12:47:10+00:00,2026-05-09 12:47:26+00:00,7254190000000.0,#3540,United States,USA,United States,Indiana,Fort Wayne,"card, Magic",9474310000000.0,farida choker set,"17-04, 17f, category_choker, category_necklace, sale-28",Default Title,10150.0,9544.63,9544.63,1,0.0,0.0,1.0,,9544.63,1.0,,1.0,605.37,1,,First-time,9463230000000.0,United States,False,False
XYZ Luxury,2026-05-09 00:00:00+00:00,INR,XYZ Luxury - magic checkout,2026-05-09 13:09:51+00:00,2026-05-09 13:09:51+00:00,2026-05-09 13:10:06+00:00,7254290000000.0,#3541,United States,USA,United States,Ohio,Cleveland,"Magic, wallet",8924000000000.0,Veer Pippal Patti Kalgi,"eoss_02jun, EOSS_jan26",Default Title,22500.0,20250.0,20250.0,1,0.0,0.0,1.0,,20250.0,,1.0,1.0,2250.0,1,,Returning,8794980000000.0,United States,False,False
XYZ Luxury,2026-05-09 00:00:00+00:00,INR,XYZ Luxury - magic checkout,2026-05-09 17:32:53+00:00,2026-05-09 17:32:53+00:00,2026-05-12 07:11:24+00:00,7255560000000.0,#3542,India,India,India,Jammu and Kashmir,Jammu,"Magic, upi",8745340000000.0,Sutlej Hair Pins Pair,"Bestseller_18sep, desc addition, eoss_02jun, EOSS_jan26",Default Title,11500.0,10350.0,10350.0,1,0.0,0.0,1.0,,10350.0,1.0,,1.0,1150.0,1,,First-time,9466370000000.0,India,False,False
XYZ Luxury,2026-05-10 00:00:00+00:00,INR,XYZ Luxury - magic checkout,2026-05-09 20:38:36+00:00,2026-05-09 20:38:36+00:00,2026-05-13 08:58:03+00:00,7256440000000.0,#3543,United States,USA,United States,Indiana,Fort Wayne,"card, Magic",8913180000000.0,Moti Mahal Ring,"Bestseller_18sep, eoss_02jun, EOSS_jan26",Default Title,6000.0,5400.0,5400.0,1,0.0,0.0,1.0,,5400.0,,1.0,1.0,600.0,1,,Returning,9463230000000.0,United States,False,False
XYZ Luxury,2026-05-10 00:00:00+00:00,INR,XYZ Luxury - magic checkout,2026-05-10 04:08:10+00:00,2026-05-10 04:08:11+00:00,2026-05-10 04:08:13+00:00,7258260000000.0,#3544,United States,USA,United States,Ohio,Cincinnati,,9475380000000.0,ruby kundan jhumki earrings,"17-04, category_earring, sale-28",Default Title,5600.0,5600.0,5600.0,1,0.0,0.0,1.0,,5600.0,1.0,,1.0,0.0,1,,First-time,9048470000000.0,United States,False,False
XYZ Luxury,2026-05-11 00:00:00+00:00,INR,Draft Orders,2026-05-10 18:33:03+00:00,2026-05-10 18:33:03+00:00,2026-05-12 06:57:02+00:00,7261910000000.0,#3545,India,India,India,Uttar Pradesh,Moradabad,,9219720000000.0,Pardesi jhumar,EOSS_jan26,Default Title,16525.42,16525.42,19500.0,1,0.0,0.0,1.0,,16525.42,1.0,,1.0,0.0,1,,First-time,9471990000000.0,India,False,False
XYZ Luxury,2026-05-11 00:00:00+00:00,INR,XYZ Luxury - magic checkout,2026-05-10 22:26:24+00:00,2026-05-10 22:26:24+00:00,2026-05-10 22:26:40+00:00,7262650000000.0,#3546,India,India,India,Delhi,Fatehnagar,"card, Magic",8903800000000.0,Mughul Side Hair Clip,"eoss_02jun, EOSS_jan26, hp_rts09may",Default Title,9500.0,8550.0,8550.0,1,0.0,0.0,1.0,,8550.0,1.0,,1.0,950.0,1,,First-time,9472700000000.0,India,False,False
XYZ Luxury,2026-05-11 00:00:00+00:00,INR,XYZ Luxury - magic checkout,2026-05-11 12:05:42+00:00,2026-05-11 12:05:42+00:00,2026-05-14 18:56:40+00:00,7263760000000.0,#3547,Canada,Rest of the World,Canada,Ontario,KITCHENER,"card, Magic",9563990000000.0,Pippal Patti Waliyaan,sale-28,Default Title,4200.0,4200.0,4200.0,1,0.0,0.0,1.0,,4200.0,1.0,,1.0,0.0,1,,First-time,9474090000000.0,Canada,False,False
XYZ Luxury,2026-05-11 00:00:00+00:00,INR,XYZ Luxury - magic checkout,2026-05-11 12:11:53+00:00,2026-05-11 12:11:53+00:00,2026-05-13 11:59:56+00:00,7263780000000.0,#3548,India,India,India,Punjab,Patiala,"card, Magic",8652470000000.0,Moti Mahal Jhumki Earrings,"Bestseller_18sep, category_earring, desc addition, eoss_02jun, EOSS_jan26, hp_rts09may",Default Title,21500.0,19350.0,19350.0,1,0.0,0.0,1.0,,19350.0,1.0,,1.0,2150.0,1,,First-time,9230590000000.0,India,False,False
XYZ Luxury,2026-05-11 00:00:00+00:00,INR,XYZ Luxury - magic checkout,2026-05-11 17:16:18+00:00,2026-05-11 17:16:18+00:00,2026-05-12 06:33:28+00:00,7264430000000.0,#3549,India,India,India,Karnataka,Bengaluru,"card, Magic",9419530000000.0,Rukmani Payal Pair,"16ak, 17-04, category_payal, sale-28",Default Title,7000.0,7000.0,7000.0,1,0.0,0.0,1.0,,7000.0,1.0,,1.0,0.0,1,,First-time,9474700000000.0,India,False,False
XYZ Luxury,2026-05-12 00:00:00+00:00,INR,XYZ Luxury - magic checkout,2026-05-12 03:13:29+00:00,2026-05-12 03:13:29+00:00,2026-05-12 06:16:45+00:00,7265200000000.0,#3550,Canada,Rest of the World,Canada,Saskatchewan,Saskatoon,"card, Magic",9474310000000.0,panna choker set,"17-04, 17f, category_choker, category_necklace, sale-28",Default Title,8750.0,8750.0,8750.0,1,0.0,0.0,1.0,,8750.0,,1.0,1.0,0.0,1,,Returning,9244720000000.0,India,False,False
XYZ Luxury,2026-05-12 00:00:00+00:00,INR,XYZ Luxury - magic checkout,2026-05-12 07:42:09+00:00,2026-05-12 07:42:09+00:00,2026-05-12 08:05:33+00:00,7265540000000.0,#3551,India,India,India,Madhya Pradesh,Indore,"Magic, upi",9474300000000.0,rubina studs,"17-04, 17f, category_earring, sale-28",Default Title,5250.0,5250.0,5250.0,1,0.0,0.0,1.0,,5250.0,1.0,,1.0,0.0,1,,First-time,9476170000000.0,India,False,False
XYZ Luxury,2026-05-12 00:00:00+00:00,INR,XYZ Luxury - magic checkout,2026-05-12 07:43:43+00:00,2026-05-12 07:43:43+00:00,2026-05-13 07:53:44+00:00,7265540000000.0,#3552,India,India,India,Jammu and Kashmir,JAMMU,"Magic, upi",9474310000000.0,farida choker set,"17-04, 17f, category_choker, category_necklace, sale-28",Default Title,10150.0,10150.0,10150.0,1,0.0,0.0,1.0,,10150.0,,1.0,1.0,0.0,1,,Returning,8349000000000.0,India,False,False
XYZ Luxury,2026-05-12 00:00:00+00:00,INR,XYZ Luxury - magic checkout,2026-05-12 14:40:01+00:00,2026-05-12 14:40:01+00:00,2026-05-15 20:16:05+00:00,7266500000000.0,#3553,Canada,Rest of the World,Canada,Ontario,Caledon,"Magic, wallet",9008530000000.0,Moti Mahal Necklace Set,"category_necklace, eoss_02jun, EOSS_jan26",Default Title,39500.0,35550.0,35550.0,1,0.0,0.0,1.0,,35550.0,1.0,,1.0,3950.0,1,,First-time,9328650000000.0,Canada,False,False
XYZ Luxury,2026-05-13 00:00:00+00:00,INR,XYZ Luxury - magic checkout,2026-05-13 02:59:48+00:00,2026-05-13 02:59:49+00:00,2026-05-16 20:46:52+00:00,7268340000000.0,#3554,Canada,Rest of the World,Canada,Ontario,Woodbridge,,9426050000000.0,Jubli Kalire,"17-04, category_Kalire, sale-28",Default Title,13650.0,13650.0,13650.0,1,0.0,0.0,1.0,,13650.0,1.0,,1.0,0.0,1,,First-time,9474580000000.0,Canada,False,False
XYZ Luxury,2026-05-13 00:00:00+00:00,INR,XYZ Luxury - magic checkout,2026-05-13 07:28:03+00:00,2026-05-13 07:28:03+00:00,2026-05-16 20:47:05+00:00,7268690000000.0,#3555,United States,USA,United States,Oregon,Happy Valley,"card, Magic",8652470000000.0,Moti Mahal Choker Set,"Bestseller_18sep, category_choker, Clearance Sale, desc addition, eoss_02jun, EOSS_jan26, hp_rts09may",Default Title,19500.0,17550.0,17550.0,1,0.0,0.0,1.0,,17550.0,1.0,,1.0,1950.0,1,,First-time,9479640000000.0,United States,False,False
XYZ Luxury,2026-05-13 00:00:00+00:00,INR,XYZ Luxury - magic checkout,2026-05-13 16:24:50+00:00,2026-05-13 16:24:50+00:00,2026-05-14 05:24:24+00:00,7270230000000.0,#3556,India,India,India,Karnataka,Bengaluru,"Magic, upi",9567980000000.0,Madhuri Hasli Only,"16ap, 17-04",Default Title,10500.0,10500.0,10500.0,1,0.0,0.0,1.0,,10500.0,1.0,,1.0,0.0,1,,First-time,9481280000000.0,India,False,False
XYZ Luxury,2026-05-14 00:00:00+00:00,INR,XYZ Luxury - magic checkout,2026-05-14 04:14:22+00:00,2026-05-14 04:14:22+00:00,2026-05-17 22:14:33+00:00,7271720000000.0,#3557,United States,USA,United States,Texas,Corpus Christi,"Magic, wallet",9570030000000.0,Nimrat Tikka,,Default Title,8500.0,7650.0,7650.0,1,0.0,0.0,1.0,,7650.0,1.0,,1.0,850.0,1,,First-time,9482100000000.0,United States,False,False
XYZ Luxury,2026-05-14 00:00:00+00:00,INR,XYZ Luxury - magic checkout,2026-05-14 04:27:38+00:00,2026-05-14 04:27:38+00:00,2026-05-14 06:35:14+00:00,7271750000000.0,#3558,India,India,India,Punjab,Ludhiana,"card, Magic",9568100000000.0,Tina Jhumki Earrings,"16ap, 17-04",Default Title,4200.0,4200.0,4200.0,1,0.0,0.0,1.0,,4200.0,1.0,,1.0,0.0,1,,First-time,9483100000000.0,India,False,False
XYZ Luxury,2026-05-15 00:00:00+00:00,INR,XYZ Luxury - magic checkout,2026-05-15 00:12:16+00:00,2026-05-15 00:12:16+00:00,2026-05-15 00:12:33+00:00,7274850000000.0,#3559,United States,USA,United States,New York,New York,"card, Magic",9419580000000.0,Paro Payal Pair,"16ak, 17-04, category_payal, sale-28",Default Title,5950.0,5552.03,5552.03,1,0.0,0.0,1.0,,5552.03,1.0,,1.0,397.97,1,,First-time,9486830000000.0,United States,False,False
XYZ Luxury,2026-05-15 00:00:00+00:00,INR,XYZ Luxury - magic checkout,2026-05-15 06:48:32+00:00,2026-05-15 06:48:32+00:00,2026-05-15 10:22:46+00:00,7275390000000.0,#3560,India,India,India,Uttar Pradesh,Moradabad,"Magic, upi",9419640000000.0,Ghungroo Tikka,category_tikka,Default Title,16500.0,14850.0,14850.0,1,0.0,0.0,1.0,,14850.0,1.0,,1.0,1650.0,1,,First-time,9487510000000.0,India,False,False
XYZ Luxury,2026-05-15 00:00:00+00:00,INR,XYZ Luxury - magic checkout,2026-05-15 09:51:58+00:00,2026-05-15 09:51:58+00:00,2026-05-18 18:02:12+00:00,7275660000000.0,#3561,Singapore,Rest of the World,Singapore,District,Singapore,"Additional Notes, Magic, upi",9567630000000.0,Mona Bangles 4pc,"16ap, 17-04",02-Jun,3500.0,3500.0,3500.0,1,0.0,0.0,1.0,,3500.0,1.0,,1.0,0.0,1,,First-time,9487880000000.0,Singapore,False,False
XYZ Luxury,2026-05-15 00:00:00+00:00,INR,Draft Orders,2026-05-15 16:26:26+00:00,2026-05-15 16:26:27+00:00,2026-05-15 16:26:28+00:00,7277390000000.0,#3562,India,India,India,Jammu and Kashmir,Jammu,,,,,,18500.0,18500.0,18500.0,1,0.0,0.0,2.0,,18500.0,1.0,,2.0,0.0,2,,First-time,9451220000000.0,India,True,False
XYZ Luxury,2026-05-15 00:00:00+00:00,INR,Draft Orders,2026-05-15 16:34:55+00:00,2026-05-15 16:34:55+00:00,2026-05-18 04:47:32+00:00,7277460000000.0,#3563,India,India,India,Punjab,Patiala,,9224230000000.0,Kiran Necklace Set,"17-04, category_choker, category_necklace, Clearance Sale, EOSS_jan26, sale-28",Default Title,8601.69,8601.69,10150.0,1,0.0,0.0,1.0,,8601.69,1.0,,1.0,0.0,1,,First-time,8919970000000.0,India,False,False
XYZ Luxury,2026-05-15 00:00:00+00:00,INR,XYZ Luxury - magic checkout,2026-05-15 17:57:38+00:00,2026-05-15 17:57:38+00:00,2026-05-15 17:57:54+00:00,7277980000000.0,#3564,United Kingdom,Rest of the World,United Kingdom,England,Bolton,"card, Magic",9427520000000.0,Patiala Choker Set,"17-04, category_choker, sale-28",Default Title,15750.0,15750.0,15750.0,1,0.0,0.0,1.0,,15750.0,,1.0,1.0,0.0,1,,Returning,8746950000000.0,United Kingdom,False,False
XYZ Luxury,2026-05-16 00:00:00+00:00,INR,XYZ Luxury - magic checkout,2026-05-16 00:23:13+00:00,2026-05-16 00:23:13+00:00,2026-05-16 06:39:00+00:00,7279720000000.0,#3565,India,India,India,Punjab,Fatehgarh Sahib,"card, Magic",9567620000000.0,Rinkal Valiyaan,"16ap, 17-04",Default Title,4235.0,4235.0,4235.0,1,0.0,0.0,1.0,,4235.0,,1.0,1.0,0.0,1,,Returning,8158360000000.0,India,False,False
XYZ Luxury,2026-05-16 00:00:00+00:00,INR,XYZ Luxury - magic checkout,2026-05-16 03:55:03+00:00,2026-05-16 03:55:03+00:00,2026-05-16 07:00:15+00:00,7280530000000.0,#3566,India,India,India,Karnataka,Mysore,"card, Magic",8599800000000.0,Chand Jhumki Earrings,"category_earring, desc addition, eoss_02jun, EOSS_jan26, hp_rts09may, occasion",Default Title,24500.0,22050.0,22050.0,1,0.0,0.0,1.0,,22050.0,1.0,,1.0,2450.0,1,,First-time,9493030000000.0,India,False,False
XYZ Luxury,2026-05-16 00:00:00+00:00,INR,Draft Orders,2026-05-16 05:55:36+00:00,2026-05-16 05:55:36+00:00,2026-05-19 07:25:26+00:00,7281040000000.0,#3567,United Kingdom,Rest of the World,United Kingdom,England,West Bromwich,,,,,,49050.0,49050.0,51550.0,1,0.0,0.0,1.0,,49050.0,1.0,,1.0,0.0,2,,First-time,9493550000000.0,United Kingdom,True,False
XYZ Luxury,2026-05-16 00:00:00+00:00,INR,XYZ Luxury - magic checkout,2026-05-16 06:52:41+00:00,2026-05-16 06:52:41+00:00,2026-05-16 07:53:54+00:00,7281250000000.0,#3568,India,India,India,Telangana,Hyderabad,"Magic, upi",9408500000000.0,Zubli Mala Set,"17-04, av-07jan26, category_choker, category_necklace, EOSS_jan26, sale-28",Default Title,6650.0,6650.0,6650.0,1,0.0,0.0,1.0,,6650.0,1.0,,1.0,0.0,1,,First-time,9493850000000.0,India,False,False
XYZ Luxury,2026-05-16 00:00:00+00:00,INR,XYZ Luxury - magic checkout,2026-05-16 11:30:11+00:00,2026-05-16 11:30:11+00:00,2026-05-19 19:17:27+00:00,7282260000000.0,#3569,United States,USA,United States,Pennsylvania,Easton,"Magic, wallet",9570740000000.0,Emreen Earrings,,Default Title,14000.0,14000.0,14000.0,1,0.0,0.0,2.0,,14000.0,,1.0,2.0,0.0,1,,Returning,7983600000000.0,United States,False,False
XYZ Luxury,2026-05-19 00:00:00+00:00,INR,XYZ Luxury - magic checkout,2026-05-18 18:41:12+00:00,2026-05-18 18:41:12+00:00,2026-05-22 11:13:06+00:00,7293670000000.0,#3570,Canada,Rest of the World,Canada,Saskatchewan,Regina,"Magic, wallet",9568050000000.0,Raavi Pippal Patti Tikka,"16ap, 17-04",Default Title,6300.0,6300.0,6300.0,1,0.0,0.0,1.0,,6300.0,,1.0,1.0,0.0,1,,Returning,8319660000000.0,Canada,False,False
XYZ Luxury,2026-05-19 00:00:00+00:00,INR,XYZ Luxury - magic checkout,2026-05-19 05:27:37+00:00,2026-05-19 05:27:37+00:00,2026-05-22 10:13:07+00:00,7294750000000.0,#3571,Australia,Rest of the World,Australia,New South Wales,Sydney,"card, Magic",8917180000000.0,MadhuBala Bangles Pair,"17-04, 3july-backup-dis, Bestseller_18sep, category_bangles, eoss_02jun, EOSS_jan26, hp_rts09may, sale-28, Silver Bangles",06-Feb,7969.5,7969.5,7969.5,1,0.0,0.0,1.0,,7969.5,1.0,,1.0,0.0,1,,First-time,9509640000000.0,Australia,False,False
XYZ Luxury,2026-05-19 00:00:00+00:00,INR,XYZ Luxury - magic checkout,2026-05-19 14:13:54+00:00,2026-05-19 14:13:54+00:00,2026-05-20 05:44:20+00:00,7295950000000.0,#3572,India,India,India,Haryana,Gurugram,"card, Magic",8924010000000.0,Ansari Gokhdu Bangles Pair,"17-04, 3july-backup-dis, Bestseller_18sep, category_bangles, eoss_02jun, EOSS_jan26, hp_rts09may, sale-28, Silver Bangles",08-Feb,7969.5,7969.5,7969.5,1,0.0,0.0,1.0,,7969.5,1.0,,1.0,0.0,1,,First-time,9511530000000.0,India,False,False
XYZ Luxury,2026-05-20 00:00:00+00:00,INR,Draft Orders,2026-05-20 05:04:49+00:00,2026-05-20 05:04:50+00:00,2026-05-20 05:24:26+00:00,7299120000000.0,#3573,India,India,India,Punjab,Punjab,,8924020000000.0,Raunaq Antique Bangles,"17-04, 3july-backup-dis, Bestseller_18sep, category_bangles, eoss_02jun, EOSS_jan26, hp_rts09may, sale-28, Silver Bangles",04-Feb,4418.4,4418.4,4418.4,1,0.0,0.0,1.0,,4418.4,,1.0,1.0,0.0,1,,Returning,9135330000000.0,India,False,False
XYZ Luxury,2026-05-20 00:00:00+00:00,INR,XYZ Luxury - magic checkout,2026-05-20 18:02:18+00:00,2026-05-20 18:02:18+00:00,2026-05-21 05:11:47+00:00,7303920000000.0,#3574,India,India,India,Haryana,Gurgaon,"card, Magic",9478440000000.0,Ria Pearl Passa,"17-04, 20-02, category_Passa, sale-28",Default Title,8050.0,8050.0,8050.0,1,0.0,0.0,1.0,,8050.0,1.0,,1.0,0.0,1,,First-time,9088800000000.0,India,False,False
XYZ Luxury,2026-05-21 00:00:00+00:00,INR,XYZ Luxury - magic checkout,2026-05-21 06:11:55+00:00,2026-05-21 06:11:55+00:00,2026-05-21 06:12:13+00:00,7305910000000.0,#3575,United States,USA,United States,California,Riverside,"card, Magic",9008490000000.0,Jindaa’n Vaaliyaan,"category_earring, eoss_02jun, EOSS_jan26",Default Title,17500.0,15913.45,15913.45,1,0.0,0.0,1.0,,15913.45,1.0,,1.0,1586.55,1,,First-time,9522900000000.0,United States,False,False
XYZ Luxury,2026-05-21 00:00:00+00:00,INR,XYZ Luxury - magic checkout,2026-05-21 14:56:03+00:00,2026-05-21 14:56:03+00:00,2026-05-24 09:30:50+00:00,7307540000000.0,#3576,United Kingdom,Rest of the World,United Kingdom,England,Wolverhampton,"card, Magic",8592080000000.0,Chand Hair Clips Pair,"Bestseller_18sep, desc addition, eoss_02jun, EOSS_jan26, occasion",Default Title,10000.0,9000.0,9000.0,1,0.0,0.0,1.0,,9000.0,1.0,,1.0,1000.0,1,,First-time,9521400000000.0,United Kingdom,False,False
XYZ Luxury,2026-05-22 00:00:00+00:00,INR,XYZ Luxury - magic checkout,2026-05-21 22:57:59+00:00,2026-05-21 22:57:59+00:00,2026-05-25 22:09:42+00:00,7310420000000.0,#3577,United Kingdom,Rest of the World,United Kingdom,England,Wandsworth,"card, Magic",9427520000000.0,Malerkotla Raani Haar Set,"17-04, category_necklace, category_rani, sale-28",Default Title,20650.0,20650.0,20650.0,1,0.0,0.0,1.0,,20650.0,1.0,,1.0,0.0,1,,First-time,9167280000000.0,United Kingdom,False,False
XYZ Luxury,2026-05-23 00:00:00+00:00,INR,XYZ Luxury - magic checkout,2026-05-23 05:16:07+00:00,2026-05-23 05:16:07+00:00,2026-05-23 07:49:39+00:00,7317320000000.0,#3578,India,India,India,Punjab,Rupnagar,"card, Magic",8923250000000.0,Namar Atique Bangles,"17-04, 3july-backup-dis, Bestseller_18sep, category_bangles, eoss_02jun, EOSS_jan26, hp_rts09may, sale-28, Silver Bangles",04-Feb,7969.5,7969.5,7969.5,1,0.0,0.0,1.0,,7969.5,1.0,,1.0,0.0,1,,First-time,9534180000000.0,India,False,False
XYZ Luxury,2026-05-23 00:00:00+00:00,INR,XYZ Luxury - magic checkout,2026-05-23 15:31:34+00:00,2026-05-23 15:31:34+00:00,2026-05-26 22:27:45+00:00,7319610000000.0,#3579,United Kingdom,Rest of the World,United Kingdom,England,East grinstead,"card, Magic",9478020000000.0,Suhair Necklace Set,"17-04, 20-02, category_necklace, sale-28",Default Title,10150.0,10150.0,10150.0,1,0.0,0.0,1.0,,10150.0,1.0,,1.0,0.0,1,,First-time,9532050000000.0,United Kingdom,False,False
XYZ Luxury,2026-05-23 00:00:00+00:00,INR,Draft Orders,2026-05-23 17:19:00+00:00,2026-05-23 17:19:01+00:00,2026-05-25 06:00:00+00:00,7320100000000.0,#3580,India,India,India,Punjab,Punjab,,9473810000000.0,Rangoli Hasli set,"17-04, 17f, category_choker, category_necklace, sale-28",Default Title,15050.0,15050.0,15050.0,1,0.0,0.0,1.0,,15050.0,,1.0,1.0,0.0,1,,Returning,9135330000000.0,India,False,False
XYZ Luxury,2026-05-24 00:00:00+00:00,INR,XYZ Luxury - magic checkout,2026-05-24 09:35:59+00:00,2026-05-24 09:35:59+00:00,2026-05-25 12:11:41+00:00,7324090000000.0,#3581,India,India,India,Punjab,Abohar,"Magic, upi",9474390000000.0,panna studs,"17-04, 17f, category_earring, sale-28",Default Title,4900.0,4900.0,4900.0,1,0.0,0.0,1.0,,4900.0,1.0,,1.0,0.0,1,,First-time,9539910000000.0,India,False,False
XYZ Luxury,2026-05-25 00:00:00+00:00,INR,XYZ Luxury - magic checkout,2026-05-25 04:34:42+00:00,2026-05-25 04:34:42+00:00,2026-05-25 06:11:19+00:00,7329440000000.0,#3582,India,India,India,Uttar Pradesh,Noida,"Magic, upi",9567620000000.0,Morni Bangles Pair,"16ap, 17-04",,10500.0,10500.0,10500.0,1,0.0,0.0,1.0,,10500.0,,1.0,1.0,0.0,1,,Returning,8944620000000.0,India,False,False
XYZ Luxury,2026-05-25 00:00:00+00:00,INR,XYZ Luxury - magic checkout,2026-05-25 04:42:35+00:00,2026-05-25 04:42:35+00:00,2026-05-25 06:11:10+00:00,7329480000000.0,#3583,India,India,India,Uttar Pradesh,Noida,"Magic, upi",9567620000000.0,Morni Bangles Pair,"16ap, 17-04",,10500.0,10500.0,10500.0,1,0.0,0.0,1.0,,10500.0,,1.0,1.0,0.0,1,,Returning,8944620000000.0,India,False,False
XYZ Luxury,2026-05-25 00:00:00+00:00,INR,XYZ Luxury - magic checkout,2026-05-25 11:33:21+00:00,2026-05-25 11:33:21+00:00,2026-05-25 11:54:29+00:00,7331180000000.0,#3584,India,India,India,Punjab,Abohar,"Magic, upi",9474310000000.0,panna choker set,"17-04, 17f, category_choker, category_necklace, sale-28",Default Title,8750.0,8750.0,8750.0,1,0.0,0.0,1.0,,8750.0,,1.0,1.0,0.0,1,,Returning,9539910000000.0,India,False,False
XYZ Luxury,2026-05-25 00:00:00+00:00,INR,XYZ Luxury - magic checkout,2026-05-25 16:16:01+00:00,2026-05-25 16:16:01+00:00,2026-05-26 05:58:29+00:00,7332710000000.0,#3585,India,India,India,Karnataka,bengaluru,"Magic, upi",9419530000000.0,Rukmani Payal Pair,"16ak, 17-04, category_payal, sale-28",Default Title,7000.0,7000.0,7000.0,1,0.0,0.0,1.0,,7000.0,1.0,,1.0,0.0,1,,First-time,9548990000000.0,India,False,False
XYZ Luxury,2026-05-26 00:00:00+00:00,INR,Draft Orders,2026-05-26 05:34:27+00:00,2026-05-26 05:34:27+00:00,2026-05-29 08:05:19+00:00,7335900000000.0,#3586,Canada,Rest of the World,Canada,British Columbia,Surrey,,9474390000000.0,panna studs,"17-04, 17f, category_earring, sale-28",Default Title,4900.0,4900.0,4900.0,1,0.0,0.0,1.0,,4900.0,1.0,,1.0,0.0,1,,First-time,8404700000000.0,Canada,False,False
XYZ Luxury,2026-05-26 00:00:00+00:00,INR,Draft Orders,2026-05-26 06:28:15+00:00,2026-05-26 06:28:15+00:00,2026-05-27 05:20:22+00:00,7336060000000.0,#3587,India,India,India,Karnataka,Bengaluru,,9008490000000.0,Kinza Pearl Set,"3july-backup-dis, Bestseller_18sep, category_choker, category_necklace, eoss_02jun, EOSS_jan26",Default Title,19500.0,17550.0,17550.0,1,0.0,0.0,1.0,,17550.0,1.0,,1.0,1950.0,1,,First-time,9551650000000.0,India,False,False
XYZ Luxury,2026-05-26 00:00:00+00:00,INR,XYZ Luxury - magic checkout,2026-05-26 11:56:41+00:00,2026-05-26 11:56:41+00:00,2026-05-26 11:56:43+00:00,7337070000000.0,#3588,Australia,Rest of the World,Australia,New South Wales,Coonamble,"card, Magic",9224510000000.0,Maria Tikka,"category_tikka, EOSS_jan26",Default Title,14500.0,13127.01,13127.01,1,0.0,0.0,1.0,,13127.01,1.0,,1.0,1372.99,1,,First-time,9552500000000.0,Australia,False,False
XYZ Luxury,2026-05-26 00:00:00+00:00,INR,XYZ Luxury - magic checkout,2026-05-26 14:52:29+00:00,2026-05-26 14:52:29+00:00,2026-05-27 05:41:12+00:00,7337890000000.0,#3589,India,India,India,Haryana,Gurugram,"Magic, upi",9419610000000.0,Multi Antique Payal Pair,"16ak, 17-04, category_payal, sale-28",Default Title,4200.0,4200.0,4200.0,1,0.0,0.0,1.0,,4200.0,1.0,,1.0,0.0,1,,First-time,9553380000000.0,India,False,False
XYZ Luxury,2026-05-26 00:00:00+00:00,INR,Draft Orders,2026-05-26 16:25:36+00:00,2026-05-26 16:25:36+00:00,2026-05-27 03:56:45+00:00,7338300000000.0,#3590,United States,USA,United States,Minnesota,Farmington,,9569980000000.0,Noori Jhumki Earrings,17-04ak,Default Title,6300.0,6151.39,6151.39,1,0.0,0.0,1.0,,6151.39,1.0,,1.0,148.61,1,,First-time,9528600000000.0,United States,False,False
XYZ Luxury,2026-05-27 00:00:00+00:00,INR,XYZ Luxury - magic checkout,2026-05-27 14:45:53+00:00,2026-05-27 14:45:53+00:00,2026-05-28 06:26:24+00:00,7344550000000.0,#3591,India,India,India,Uttar Pradesh,Noida,"Magic, upi",9478430000000.0,Areej Antique Pearl Set,"17-04, 20-02, category_necklace, sale-28",Default Title,3366.0,3366.0,3366.0,1,0.0,0.0,1.0,,3366.0,,1.0,1.0,0.0,1,,Returning,8944620000000.0,India,False,False
XYZ Luxury,2026-05-27 00:00:00+00:00,INR,XYZ Luxury - magic checkout,2026-05-27 16:06:46+00:00,2026-05-27 16:06:46+00:00,2026-05-27 16:06:47+00:00,7345050000000.0,#3592,Canada,Rest of the World,Canada,Alberta,Edmonton,"card, Magic",9007770000000.0,Roohina Tikka,"category_tikka, eoss_02jun, EOSS_jan26",Default Title,10436.58,10436.58,10436.58,1,0.0,0.0,1.0,,10436.58,,1.0,1.0,0.0,1,,Returning,8438660000000.0,Canada,False,False
XYZ Luxury,2026-05-27 00:00:00+00:00,INR,Draft Orders,2026-05-27 16:42:16+00:00,2026-05-27 16:42:17+00:00,2026-05-27 16:50:02+00:00,7345270000000.0,#3593,,Rest of the World,,,,,,,,,51350.0,51350.0,51350.0,1,0.0,0.0,2.0,,51350.0,1.0,,2.0,0.0,2,,First-time,,,True,True
XYZ Luxury,2026-05-27 00:00:00+00:00,INR,Draft Orders,2026-05-27 17:22:23+00:00,2026-05-27 17:22:24+00:00,2026-05-27 17:23:32+00:00,7345520000000.0,#3594,India,India,India,Uttarakhand,Haridwar,,9561820000000.0,Rangoli Hasli Only,,Default Title,9570.0,9570.0,9570.0,1,0.0,0.0,1.0,,9570.0,1.0,,1.0,0.0,1,,First-time,9560670000000.0,India,False,False
XYZ Luxury,2026-05-27 00:00:00+00:00,INR,Draft Orders,2026-05-27 17:47:20+00:00,2026-05-27 17:47:21+00:00,2026-05-28 06:29:45+00:00,7345670000000.0,#3595,India,India,India,Maharashtra,Mumbai,,9008490000000.0,Kinza Pearl Set,"3july-backup-dis, Bestseller_18sep, category_choker, category_necklace, eoss_02jun, EOSS_jan26",Default Title,12870.0,12870.0,12870.0,1,0.0,0.0,1.0,,12870.0,1.0,,1.0,0.0,1,,First-time,9560810000000.0,India,False,False
XYZ Luxury,2026-05-27 00:00:00+00:00,INR,XYZ Luxury - magic checkout,2026-05-27 18:08:04+00:00,2026-05-27 18:08:04+00:00,2026-05-27 18:08:09+00:00,7345790000000.0,#3596,United Kingdom,Rest of the World,United Kingdom,England,London,"card, Magic",9478450000000.0,Basant Jhumki Earrings,"17-04, category_earring, sale-28",Default Title,8250.0,8250.0,8250.0,1,0.0,0.0,1.0,,8250.0,1.0,,1.0,0.0,1,,First-time,9560910000000.0,United Kingdom,False,False
XYZ Luxury,2026-05-28 00:00:00+00:00,INR,XYZ Luxury - magic checkout,2026-05-27 19:00:29+00:00,2026-05-27 19:00:29+00:00,2026-05-27 19:00:30+00:00,7346100000000.0,#3597,United States,USA,United States,California,Gilroy,"card, Magic",9427550000000.0,Moti Nath,,Default Title,3960.0,3960.0,3960.0,1,0.0,0.0,1.0,,3960.0,1.0,,1.0,0.0,1,,First-time,9561150000000.0,United States,False,False
XYZ Luxury,2026-05-28 00:00:00+00:00,INR,XYZ Luxury - magic checkout,2026-05-27 19:03:24+00:00,2026-05-27 19:03:24+00:00,2026-05-27 19:03:26+00:00,7346110000000.0,#3598,United States,USA,United States,California,El Cerrito,"Magic, wallet",9463340000000.0,Aisha choker only,category_choker,Default Title,18177.97,18177.97,21450.0,1,0.0,0.0,1.0,,18177.97,1.0,,1.0,0.0,1,,First-time,9561170000000.0,India,False,False
XYZ Luxury,2026-05-28 00:00:00+00:00,INR,XYZ Luxury - magic checkout,2026-05-27 19:08:06+00:00,2026-05-27 19:08:06+00:00,2026-05-28 05:53:06+00:00,7346140000000.0,#3599,Canada,Rest of the World,Canada,British Columbia,Surrey,"card, Magic",8903800000000.0,Mughul Side Hair Clip,"eoss_02jun, EOSS_jan26, hp_rts09may",Default Title,6270.0,6270.0,6270.0,1,0.0,0.0,1.0,,6270.0,,1.0,1.0,0.0,1,,Returning,8564980000000.0,Canada,False,False
XYZ Luxury,2026-05-28 00:00:00+00:00,INR,XYZ Luxury - magic checkout,2026-05-27 20:32:50+00:00,2026-05-27 20:32:50+00:00,2026-05-27 20:32:52+00:00,7346630000000.0,#3600,Canada,Rest of the World,Canada,British Columbia,Delta,"card, Magic",9475740000000.0,Mehar Earrings,"17-04, 18-02, category_earring, sale-28",Default Title,8250.0,8250.0,8250.0,1,0.0,0.0,1.0,,8250.0,1.0,,1.0,0.0,1,,First-time,9550310000000.0,Canada,False,False
XYZ Luxury,2026-05-28 00:00:00+00:00,INR,Online Store,2026-05-27 23:22:20+00:00,2026-05-27 23:22:22+00:00,2026-05-27 23:22:23+00:00,7347290000000.0,#3601,Canada,Rest of the World,Canada,British Columbia,Delta,,8149440000000.0,Rida Choker & Jhumki Earrings,"3july-backup-dis, Bestseller_18sep, category_choker, category_necklace, desc addition, eoss_02jun, EOSS_jan26, hp_rts09may, occasion",Default Title,22770.0,22770.0,22770.0,1,0.0,0.0,1.0,,22770.0,1.0,,1.0,0.0,1,Growify,First-time,9562150000000.0,Canada,False,False
XYZ Luxury,2026-05-28 00:00:00+00:00,INR,XYZ Luxury - magic checkout,2026-05-28 02:10:28+00:00,2026-05-28 02:10:28+00:00,2026-05-28 02:10:30+00:00,7347840000000.0,#3602,India,India,India,Karnataka,Bengaluru,"card, Magic",9008490000000.0,Kinza Pearl Set,"3july-backup-dis, Bestseller_18sep, category_choker, category_necklace, eoss_02jun, EOSS_jan26",Default Title,12870.0,12870.0,12870.0,1,0.0,0.0,1.0,,12870.0,1.0,,1.0,0.0,1,,First-time,9528580000000.0,India,False,False
XYZ Luxury,2026-05-28 00:00:00+00:00,INR,XYZ Luxury - magic checkout,2026-05-28 03:14:06+00:00,2026-05-28 03:14:06+00:00,2026-05-28 03:14:08+00:00,7348050000000.0,#3603,United States,USA,United States,Illinois,Naperville,"card, Magic",9008490000000.0,Kinza Pearl Set,"3july-backup-dis, Bestseller_18sep, category_choker, category_necklace, eoss_02jun, EOSS_jan26",Default Title,12870.0,12870.0,12870.0,1,0.0,0.0,1.0,,12870.0,1.0,,1.0,0.0,1,,First-time,9562860000000.0,United States,False,False
XYZ Luxury,2026-05-28 00:00:00+00:00,INR,XYZ Luxury - magic checkout,2026-05-28 03:37:44+00:00,2026-05-28 03:37:44+00:00,2026-05-28 06:11:33+00:00,7348130000000.0,#3604,India,India,India,Haryana,GURGAON,"Magic, upi",9008490000000.0,Kinza Pearl Set,"3july-backup-dis, Bestseller_18sep, category_choker, category_necklace, eoss_02jun, EOSS_jan26",Default Title,12870.0,12870.0,12870.0,1,0.0,0.0,1.0,,12870.0,1.0,,1.0,0.0,1,,First-time,9562920000000.0,India,False,False
XYZ Luxury,2026-05-28 00:00:00+00:00,INR,XYZ Luxury - magic checkout,2026-05-28 05:17:03+00:00,2026-05-28 05:17:03+00:00,2026-05-28 05:17:05+00:00,7348580000000.0,#3605,India,India,India,Karnataka,Bengaluru,"Magic, upi",8924020000000.0,Raunaq Antique Bangles,"17-04, 3july-backup-dis, Bestseller_18sep, category_bangles, eoss_02jun, EOSS_jan26, hp_rts09may, sale-28, Silver Bangles",,4165.92,4165.92,4165.92,1,0.0,0.0,1.0,,4165.92,1.0,,1.0,0.0,1,,First-time,9563250000000.0,India,False,False
XYZ Luxury,2026-05-28 00:00:00+00:00,INR,XYZ Luxury - magic checkout,2026-05-28 06:53:02+00:00,2026-05-28 06:53:02+00:00,2026-05-28 07:18:24+00:00,7348900000000.0,#3606,India,India,India,Maharashtra,Mumbai,"card, Magic",8923250000000.0,Namar Atique Bangles,"17-04, 3july-backup-dis, Bestseller_18sep, category_bangles, eoss_02jun, EOSS_jan26, hp_rts09may, sale-28, Silver Bangles",02-Jun,7514.1,7514.1,7514.1,1,0.0,0.0,1.0,,7514.1,1.0,,1.0,0.0,1,,First-time,9549100000000.0,India,False,False
XYZ Luxury,2026-05-28 00:00:00+00:00,INR,XYZ Luxury - magic checkout,2026-05-28 07:26:13+00:00,2026-05-28 07:26:13+00:00,2026-05-28 07:33:17+00:00,7349010000000.0,#3607,India,India,India,Uttar Pradesh,Kanpur Nagar,"Magic, upi",8709390000000.0,Rabnoor Waliyaan,"Bestseller_18sep, category_earring, desc addition, eoss_02jun, EOSS_jan26",Default Title,7590.0,7590.0,7590.0,1,0.0,0.0,1.0,,7590.0,1.0,,1.0,0.0,1,,First-time,9563670000000.0,India,False,False
XYZ Luxury,2026-05-28 00:00:00+00:00,INR,XYZ Luxury - magic checkout,2026-05-28 08:10:43+00:00,2026-05-28 08:10:43+00:00,2026-05-28 08:10:45+00:00,7349150000000.0,#3608,Canada,Rest of the World,Canada,Alberta,ROCKY VIEW COUNTY,"card, Magic",8710430000000.0,Lahori Double Chain,"Bestseller_18sep, category_choker, category_necklace, desc addition, eoss_02jun, EOSS_jan26",Default Title,12106.38,12106.38,12106.38,1,0.0,0.0,1.0,,12106.38,1.0,,1.0,0.0,1,,First-time,9563810000000.0,Canada,False,False
XYZ Luxury,2026-05-28 00:00:00+00:00,INR,XYZ Luxury - magic checkout,2026-05-28 10:40:10+00:00,2026-05-28 10:40:10+00:00,2026-05-28 10:40:13+00:00,7349690000000.0,#3609,India,India,India,Punjab,Abohar,"Magic, upi",9478430000000.0,Inaya Ruby Earrings,"17-04, 20-02, category_earring, sale-28",Default Title,6600.0,6600.0,6600.0,1,0.0,0.0,1.0,,6600.0,,1.0,1.0,0.0,1,,Returning,9539910000000.0,India,False,False
XYZ Luxury,2026-05-28 00:00:00+00:00,INR,XYZ Luxury - magic checkout,2026-05-28 10:49:07+00:00,2026-05-28 10:49:07+00:00,2026-05-28 10:49:08+00:00,7349730000000.0,#3610,India,India,India,Tamil Nadu,Chennai,"Magic, upi",9418090000000.0,Ruby Emerald Bangles Pair,"16ak, 17-04, category_bangles, sale-28",02-Jun,5940.0,5940.0,5940.0,1,0.0,0.0,1.0,,5940.0,1.0,,1.0,0.0,1,,First-time,9564370000000.0,India,False,False
XYZ Luxury,2026-05-28 00:00:00+00:00,INR,Draft Orders,2026-05-28 12:02:36+00:00,2026-05-28 12:02:36+00:00,2026-05-28 12:07:54+00:00,7350120000000.0,#3611,India,India,India,Punjab,,,8709330000000.0,Aisha Antique Choker Set,"3july-backup-dis, Bestseller_18sep, category_choker, category_necklace, Clearance Sale, desc addition, eoss_02jun, EOSS_jan26, hp_rts09may",Default Title,32670.0,32670.0,32670.0,1,0.0,0.0,1.0,,32670.0,1.0,,1.0,0.0,1,,First-time,9564730000000.0,India,False,False
XYZ Luxury,2026-05-28 00:00:00+00:00,INR,Draft Orders,2026-05-28 12:09:11+00:00,2026-05-28 12:09:11+00:00,2026-05-28 12:09:12+00:00,7350160000000.0,#3612,Canada,Rest of the World,Canada,British Columbia,Surrey,,,,,,10560.0,10560.0,10560.0,1,0.0,0.0,1.0,,10560.0,,1.0,1.0,0.0,1,,Returning,8564980000000.0,Canada,True,False
XYZ Luxury,2026-05-28 00:00:00+00:00,INR,XYZ Luxury - magic checkout,2026-05-28 14:13:13+00:00,2026-05-28 14:13:13+00:00,2026-05-28 14:13:15+00:00,7350930000000.0,#3613,India,India,India,Assam,Kamrup Metropolitan,"Magic, upi",9418100000000.0,Rutba Openable Bangles Pair,"16ak, 17-04, category_bangles, sale-28",02-Apr,5940.0,5940.0,5940.0,1,0.0,0.0,1.0,,5940.0,1.0,,1.0,0.0,1,,First-time,9565510000000.0,India,False,False
XYZ Luxury,2026-05-28 00:00:00+00:00,INR,XYZ Luxury - magic checkout,2026-05-28 14:27:08+00:00,2026-05-28 14:27:08+00:00,2026-05-28 14:29:47+00:00,7351020000000.0,#3614,India,India,India,Delhi,South West Delhi,"card, Magic",9567600000000.0,Amreen Bangles Pair,,02-Jun,3960.0,3960.0,3960.0,1,0.0,0.0,1.0,,3960.0,1.0,,1.0,0.0,1,,First-time,9565450000000.0,India,False,False
XYZ Luxury,2026-05-28 00:00:00+00:00,INR,XYZ Luxury - magic checkout,2026-05-28 15:03:41+00:00,2026-05-28 15:03:41+00:00,2026-05-28 15:03:43+00:00,7351230000000.0,#3615,India,India,India,Punjab,JALANDHAR,"GSTIN, Magic, upi",8652480000000.0,Naseeb Necklace Set,"category_choker, category_necklace, desc addition, eoss_02jun, EOSS_jan26",Default Title,22770.0,22770.0,22770.0,1,0.0,0.0,1.0,,22770.0,,1.0,1.0,0.0,1,,Returning,9040720000000.0,India,False,False
XYZ Luxury,2026-05-28 00:00:00+00:00,INR,XYZ Luxury - magic checkout,2026-05-28 15:24:06+00:00,2026-05-28 15:24:06+00:00,2026-05-28 15:31:58+00:00,7351340000000.0,#3616,Canada,Rest of the World,Canada,Quebec,Laval,"card, Magic",8710110000000.0,Lahori Chain Set,"category_choker, category_necklace, desc addition, eoss_02jun, EOSS_jan26",Default Title,27390.0,27390.0,27390.0,1,0.0,0.0,1.0,,27390.0,1.0,,1.0,0.0,1,,First-time,9562300000000.0,Canada,False,False
XYZ Luxury,2026-05-28 00:00:00+00:00,INR,XYZ Luxury - magic checkout,2026-05-28 15:40:31+00:00,2026-05-28 15:40:31+00:00,2026-05-28 15:40:32+00:00,7351430000000.0,#3617,India,India,India,Punjab,Mohali,"card, Magic",9008420000000.0,Nabha Pippal Patti Tikka,"category_tikka, eoss_02jun, EOSS_jan26",Default Title,8250.0,8250.0,8250.0,1,0.0,0.0,1.0,,8250.0,1.0,,1.0,0.0,1,,First-time,9565950000000.0,India,False,False
XYZ Luxury,2026-05-28 00:00:00+00:00,INR,XYZ Luxury - magic checkout,2026-05-28 15:57:26+00:00,2026-05-28 15:57:26+00:00,2026-05-28 15:57:27+00:00,7351530000000.0,#3618,India,India,India,Jharkhand,Giridh,"card, Magic",8768060000000.0,Moga HandPieces Pair,"category_hand pieces, desc addition, eoss_02jun, EOSS_jan26",Default Title,19470.0,19470.0,19470.0,1,0.0,0.0,1.0,,19470.0,,1.0,1.0,0.0,1,,Returning,8998950000000.0,India,False,False
XYZ Luxury,2026-05-28 00:00:00+00:00,INR,XYZ Luxury - magic checkout,2026-05-28 17:15:26+00:00,2026-05-28 17:15:26+00:00,2026-05-28 17:15:28+00:00,7351990000000.0,#3619,India,India,India,Himachal Pradesh,Kangra,"card, Magic",9219650000000.0,Pakeezah Choker Set,"category_choker, category_necklace, Clearance Sale, EOSS_jan26",Default Title,15073.73,15073.73,17787.0,1,0.0,0.0,1.0,,15073.73,,1.0,1.0,0.0,1,,Returning,8668280000000.0,India,False,False
XYZ Luxury,2026-05-28 00:00:00+00:00,INR,XYZ Luxury - magic checkout,2026-05-28 17:24:26+00:00,2026-05-28 17:24:26+00:00,2026-05-28 17:24:28+00:00,7352040000000.0,#3620,India,India,India,Delhi,South West Delhi,"Magic, upi",9478430000000.0,Areej Antique Pearl Set,"17-04, 20-02, category_necklace, sale-28",Default Title,3366.0,3366.0,3366.0,1,0.0,0.0,1.0,,3366.0,1.0,,1.0,0.0,1,,First-time,9566440000000.0,India,False,False
XYZ Luxury,2026-05-28 00:00:00+00:00,INR,XYZ Luxury - magic checkout,2026-05-28 17:42:54+00:00,2026-05-28 17:42:54+00:00,2026-05-28 17:42:56+00:00,7352130000000.0,#3621,India,India,India,Uttar Pradesh,Meerut,"card, Magic",9570740000000.0,Emreen Earrings,,Default Title,6600.0,6600.0,6600.0,1,0.0,0.0,1.0,,6600.0,1.0,,1.0,0.0,1,,First-time,9566520000000.0,India,False,False
XYZ Luxury,2026-05-28 00:00:00+00:00,INR,XYZ Luxury - magic checkout,2026-05-28 17:47:19+00:00,2026-05-28 17:47:19+00:00,2026-05-28 17:47:20+00:00,7352160000000.0,#3622,Canada,Rest of the World,Canada,Alberta,Calgary,"Magic, wallet",8717950000000.0,Dil HandPieces Pair,"category_hand pieces, desc addition, eoss_02jun, EOSS_jan26",Default Title,31350.0,31350.0,31350.0,1,0.0,0.0,1.0,,31350.0,,1.0,1.0,0.0,1,,Returning,8494070000000.0,Canada,False,False
XYZ Luxury,2026-05-28 00:00:00+00:00,INR,XYZ Luxury - magic checkout,2026-05-28 17:53:38+00:00,2026-05-28 17:53:38+00:00,2026-05-28 17:53:39+00:00,7352190000000.0,#3623,India,India,India,Delhi,South Delhi,"Magic, upi",9111040000000.0,Reshma Dori Set,"category_choker, category_necklace, EOSS_jan26",Default Title,13530.0,13530.0,13530.0,1,0.0,0.0,1.0,,13530.0,1.0,,1.0,0.0,1,,First-time,9559360000000.0,India,False,False
XYZ Luxury,2026-05-29 00:00:00+00:00,INR,XYZ Luxury - magic checkout,2026-05-28 18:45:12+00:00,2026-05-28 18:45:12+00:00,2026-05-28 18:45:14+00:00,7352470000000.0,#3624,United Kingdom,Rest of the World,United Kingdom,England,Nelson,"card, Magic",9475740000000.0,Moti Mint Tikka,"17-04, 18-02, category_tikka, sale-28",Default Title,5280.0,5280.0,5280.0,1,0.0,0.0,1.0,,5280.0,1.0,,1.0,0.0,1,,First-time,9566800000000.0,United Kingdom,False,False
XYZ Luxury,2026-05-29 00:00:00+00:00,INR,XYZ Luxury - magic checkout,2026-05-28 19:57:32+00:00,2026-05-28 19:57:32+00:00,2026-05-28 19:57:34+00:00,7352830000000.0,#3625,India,India,India,Uttar Pradesh,Gautam Buddha Nagar,"card, Magic",9419640000000.0,Ghungroo Tikka,category_tikka,Default Title,10890.0,10890.0,10890.0,1,0.0,0.0,1.0,,10890.0,1.0,,1.0,0.0,1,,First-time,7880120000000.0,India,False,False
XYZ Luxury,2026-05-29 00:00:00+00:00,INR,XYZ Luxury - magic checkout,2026-05-28 23:37:17+00:00,2026-05-28 23:37:17+00:00,2026-05-28 23:37:19+00:00,7353940000000.0,#3626,United Kingdom,Rest of the World,United Kingdom,England,Wolverhampton,"card, Magic",9478430000000.0,Areej Antique Pearl Set,"17-04, 20-02, category_necklace, sale-28",Default Title,3366.0,3366.0,3366.0,1,0.0,0.0,1.0,,3366.0,,1.0,1.0,0.0,1,,Returning,9521400000000.0,United Kingdom,False,False
XYZ Luxury,2026-05-29 00:00:00+00:00,INR,XYZ Luxury - magic checkout,2026-05-29 00:03:25+00:00,2026-05-29 00:03:25+00:00,2026-06-01 11:47:35+00:00,7354040000000.0,#3627,India,India,India,Maharashtra,Mumbai,"card, Magic",9463370000000.0,Barmi Studs,category_earring,Default Title,3915.25,3915.25,4620.0,1,0.0,0.0,1.0,,3915.25,,1.0,1.0,0.0,1,,Returning,8335420000000.0,India,False,False
XYZ Luxury,2026-05-29 00:00:00+00:00,INR,XYZ Luxury - magic checkout,2026-05-29 02:59:23+00:00,2026-05-29 02:59:23+00:00,2026-06-01 11:27:39+00:00,7354730000000.0,#3628,Canada,Rest of the World,Canada,Ontario,Brampton,"card, Magic",9224500000000.0,Mannat HandPieces Pair,"category_hand pieces, Clearance Sale, EOSS_jan26",Default Title,10527.0,10527.0,10527.0,1,0.0,0.0,1.0,,10527.0,1.0,,1.0,0.0,1,,First-time,9568720000000.0,Canada,False,False
XYZ Luxury,2026-05-29 00:00:00+00:00,INR,XYZ Luxury - magic checkout,2026-05-29 05:27:37+00:00,2026-05-29 05:27:37+00:00,2026-06-01 11:34:55+00:00,7355380000000.0,#3629,Canada,Rest of the World,Canada,British Columbia,Surrey,"card, Magic",8710100000000.0,Dil Hair Clips Pair,"desc addition, eoss_02jun, EOSS_jan26, hp_rts09may",Default Title,9570.0,9570.0,9570.0,1,0.0,0.0,1.0,,9570.0,,1.0,1.0,0.0,1,,Returning,8119470000000.0,Canada,False,False
XYZ Luxury,2026-05-29 00:00:00+00:00,INR,Draft Orders,2026-05-29 06:10:19+00:00,2026-05-29 06:10:19+00:00,2026-06-01 11:24:31+00:00,7355540000000.0,#3630,India,India,India,Uttarakhand,Dehradun,,9007130000000.0,Sara Tikka,"category_tikka, eoss_02jun, EOSS_jan26",Default Title,5940.0,5940.0,5940.0,1,0.0,0.0,1.0,,5940.0,1.0,,1.0,0.0,1,,First-time,9569420000000.0,India,False,False
XYZ Luxury,2026-05-29 00:00:00+00:00,INR,Draft Orders,2026-05-29 06:18:59+00:00,2026-05-29 06:19:00+00:00,2026-06-01 10:50:11+00:00,7355570000000.0,#3631,India,India,India,Odisha,Sundargarh,,,,,,12870.0,12870.0,12870.0,1,0.0,0.0,1.0,,12870.0,1.0,,1.0,0.0,1,,First-time,9316700000000.0,India,True,False
XYZ Luxury,2026-05-29 00:00:00+00:00,INR,XYZ Luxury - magic checkout,2026-05-29 08:02:39+00:00,2026-05-29 08:02:39+00:00,2026-06-01 07:42:28+00:00,7355940000000.0,#3632,United Kingdom,Rest of the World,United Kingdom,England,Wolverhampton,"Magic, wallet",9111080000000.0,Rida Pearl Choker Set with Tikka,"Bestseller_18sep, category_choker, EOSS_jan26",Default Title,24750.0,24750.0,24750.0,1,0.0,0.0,1.0,,24750.0,1.0,,1.0,0.0,1,,First-time,8371910000000.0,United Kingdom,False,False
XYZ Luxury,2026-05-29 00:00:00+00:00,INR,XYZ Luxury - magic checkout,2026-05-29 08:08:45+00:00,2026-05-29 08:08:45+00:00,2026-06-01 11:41:32+00:00,7355970000000.0,#3633,India,India,India,Punjab,Abohar,"Magic, upi",8079750000000.0,Morni Hair Clips Pair,"desc addition, eoss_02jun, EOSS_jan26, occasion",Default Title,5940.0,5940.0,5940.0,1,0.0,0.0,1.0,,5940.0,,1.0,1.0,0.0,1,,Returning,9539910000000.0,India,False,False
XYZ Luxury,2026-05-29 00:00:00+00:00,INR,XYZ Luxury - magic checkout,2026-05-29 08:24:25+00:00,2026-05-29 08:24:25+00:00,2026-05-29 08:24:27+00:00,7356030000000.0,#3634,India,India,India,Punjab,Hoshiarpur,"Magic, upi",8745340000000.0,Sutlej Hair Pins Pair,"Bestseller_18sep, desc addition, eoss_02jun, EOSS_jan26",Default Title,7590.0,7590.0,7590.0,1,0.0,0.0,1.0,,7590.0,1.0,,1.0,0.0,1,,First-time,9569890000000.0,India,False,False
XYZ Luxury,2026-05-29 00:00:00+00:00,INR,XYZ Luxury - magic checkout,2026-05-29 08:31:36+00:00,2026-05-29 08:31:36+00:00,2026-05-29 08:31:38+00:00,7356060000000.0,#3635,United Kingdom,Rest of the World,United Kingdom,England,Hersham,"card, Magic",8768070000000.0,Gulpari Sheeshphul,"desc addition, eoss_02jun, EOSS_jan26, hp_rts09may",Default Title,21417.0,21417.0,21417.0,1,0.0,0.0,1.0,,21417.0,1.0,,1.0,0.0,1,,First-time,9569870000000.0,United Kingdom,False,False
XYZ Luxury,2026-05-29 00:00:00+00:00,INR,Draft Orders,2026-05-29 08:52:25+00:00,2026-05-29 08:52:25+00:00,2026-06-01 07:31:04+00:00,7356140000000.0,#3636,India,India,India,Rajasthan,Ramganj Mandi,,9008490000000.0,Kinza Pearl Set,"3july-backup-dis, Bestseller_18sep, category_choker, category_necklace, eoss_02jun, EOSS_jan26",Default Title,12870.0,12870.0,12870.0,1,0.0,0.0,1.0,,12870.0,1.0,,1.0,0.0,1,,First-time,9569810000000.0,India,False,False
XYZ Luxury,2026-05-29 00:00:00+00:00,INR,XYZ Luxury - magic checkout,2026-05-29 09:15:05+00:00,2026-05-29 09:15:05+00:00,2026-06-01 11:53:20+00:00,7356240000000.0,#3637,India,India,India,Punjab,Ropar,"Magic, upi",9563990000000.0,Pippal Patti Waliyaan,sale-28,Default Title,3960.0,3960.0,3960.0,1,0.0,0.0,1.0,,3960.0,1.0,,1.0,0.0,1,,First-time,9563450000000.0,India,False,False
XYZ Luxury,2026-05-29 00:00:00+00:00,INR,XYZ Luxury - magic checkout,2026-05-29 11:34:58+00:00,2026-05-29 11:34:58+00:00,2026-05-29 11:35:00+00:00,7356980000000.0,#3638,India,India,India,Maharashtra,Mumbai,"card, Magic",9008490000000.0,Kinza Pearl Set,"3july-backup-dis, Bestseller_18sep, category_choker, category_necklace, eoss_02jun, EOSS_jan26",Default Title,12870.0,12870.0,12870.0,1,0.0,0.0,1.0,,12870.0,1.0,,1.0,0.0,1,,First-time,9570760000000.0,India,False,False
XYZ Luxury,2026-05-29 00:00:00+00:00,INR,XYZ Luxury - magic checkout,2026-05-29 12:39:39+00:00,2026-05-29 12:39:39+00:00,2026-05-29 12:39:41+00:00,7357530000000.0,#3639,India,India,India,Delhi,North Delhi,"Magic, upi",8709390000000.0,Rabnoor Waliyaan,"Bestseller_18sep, category_earring, desc addition, eoss_02jun, EOSS_jan26",Default Title,7590.0,7590.0,7590.0,1,0.0,0.0,1.0,,7590.0,,1.0,1.0,0.0,1,,Returning,9352810000000.0,India,False,False
XYZ Luxury,2026-05-29 00:00:00+00:00,INR,XYZ Luxury - magic checkout,2026-05-29 13:11:58+00:00,2026-05-29 13:11:58+00:00,2026-06-01 12:05:01+00:00,7357840000000.0,#3640,United Kingdom,Rest of the World,United Kingdom,England,Feltham,"Magic, wallet",8592080000000.0,Chand Hair Clips Pair,"Bestseller_18sep, desc addition, eoss_02jun, EOSS_jan26, occasion",Default Title,6600.0,6600.0,6600.0,1,0.0,0.0,1.0,,6600.0,1.0,,1.0,0.0,1,,First-time,9571640000000.0,United Kingdom,False,False
XYZ Luxury,2026-05-29 00:00:00+00:00,INR,XYZ Luxury - magic checkout,2026-05-29 15:02:20+00:00,2026-05-29 15:02:20+00:00,2026-05-29 15:02:22+00:00,7358800000000.0,#3641,India,India,India,Punjab,Jalandhar,"card, Magic",9620400000000.0,Pippal Patti Hair Clip,,Default Title,8000.0,8000.0,8000.0,1,0.0,0.0,1.0,,8000.0,1.0,,1.0,0.0,1,,First-time,9572520000000.0,India,False,False
XYZ Luxury,2026-05-29 00:00:00+00:00,INR,XYZ Luxury - magic checkout,2026-05-29 16:24:10+00:00,2026-05-29 16:24:10+00:00,2026-05-29 16:24:12+00:00,7359390000000.0,#3642,India,India,India,Haryana,Karnal,"Magic, upi",9478430000000.0,Areej Antique Pearl Set,"17-04, 20-02, category_necklace, sale-28",Default Title,3366.0,3366.0,3366.0,1,0.0,0.0,1.0,,3366.0,,1.0,1.0,0.0,1,,Returning,8963280000000.0,India,False,False
XYZ Luxury,2026-05-29 00:00:00+00:00,INR,XYZ Luxury - magic checkout,2026-05-29 16:30:32+00:00,2026-05-29 16:30:32+00:00,2026-05-29 16:30:33+00:00,7359440000000.0,#3643,Canada,Rest of the World,Canada,British Columbia,Vancouver,"card, Magic",9111010000000.0,Sonia Studs,"category_earring, EOSS_jan26",Default Title,5844.3,5844.3,5844.3,1,0.0,0.0,1.0,,5844.3,,1.0,1.0,0.0,1,,Returning,9145360000000.0,Canada,False,False
XYZ Luxury,2026-05-29 00:00:00+00:00,INR,XYZ Luxury - magic checkout,2026-05-29 18:04:15+00:00,2026-05-29 18:04:15+00:00,2026-05-29 18:04:16+00:00,7360040000000.0,#3644,United States,USA,United States,New York,East Elmhurst,"card, Magic",8115610000000.0,Rida Choker Set with Tika,"3july-backup-dis, Bestseller_18sep, category_choker, category_necklace, desc addition, eoss_02jun, EOSS_jan26, hp_rts09may, occasion",Default Title,24750.0,24750.0,24750.0,1,0.0,0.0,1.0,,24750.0,1.0,,1.0,0.0,1,,First-time,9297670000000.0,United States,False,False
XYZ Luxury,2026-05-30 00:00:00+00:00,INR,XYZ Luxury - magic checkout,2026-05-30 00:42:47+00:00,2026-05-30 00:42:47+00:00,2026-05-30 00:42:49+00:00,7362690000000.0,#3645,India,India,India,Rajasthan,UDAIPUR,"Magic, upi",9111030000000.0,Jaazmine Pippal Patti Studs,"category_earring, EOSS_jan26",Default Title,6600.0,6600.0,6600.0,1,0.0,0.0,1.0,,6600.0,1.0,,1.0,0.0,1,,First-time,9576040000000.0,India,False,False
XYZ Luxury,2026-05-30 00:00:00+00:00,INR,Online Store,2026-05-30 02:03:31+00:00,2026-05-30 02:03:32+00:00,2026-05-30 02:03:34+00:00,7363320000000.0,#3646,India,India,India,Delhi,New Delhi,,9111060000000.0,Reshma Studs,"category_earring, EOSS_jan26",Default Title,6534.0,6534.0,6534.0,1,0.0,0.0,1.0,,6534.0,1.0,,1.0,0.0,1,direct,First-time,9576620000000.0,India,False,False
XYZ Luxury,2026-05-30 00:00:00+00:00,INR,XYZ Luxury - magic checkout,2026-05-30 05:59:35+00:00,2026-05-30 05:59:35+00:00,2026-06-01 11:22:10+00:00,7365270000000.0,#3647,India,India,India,Madhya Pradesh,Bhopal,"Magic, upi",9224500000000.0,Mannat HandPieces Pair,"category_hand pieces, Clearance Sale, EOSS_jan26",Default Title,8921.19,8921.19,10527.0,1,0.0,0.0,1.0,,8921.19,1.0,,1.0,0.0,1,,First-time,8878580000000.0,India,False,False
XYZ Luxury,2026-05-30 00:00:00+00:00,INR,XYZ Luxury - magic checkout,2026-05-30 10:01:28+00:00,2026-05-30 10:01:28+00:00,2026-05-30 10:11:01+00:00,7367350000000.0,#3648,India,India,India,Punjab,Muktsar,"card, Magic",9612420000000.0,Nabha Bridal Set,,Default Title,65010.0,65010.0,65010.0,1,0.0,0.0,1.0,,65010.0,1.0,,1.0,0.0,1,,First-time,9582030000000.0,India,False,False
XYZ Luxury,2026-05-30 00:00:00+00:00,INR,XYZ Luxury - magic checkout,2026-05-30 10:33:15+00:00,2026-05-30 10:33:15+00:00,2026-05-30 10:34:15+00:00,7367670000000.0,#3649,India,India,India,Chhattisgarh,Surguja,"Magic, upi",9478430000000.0,Areej Antique Pearl Set,"17-04, 20-02, category_necklace, sale-28",Default Title,3366.0,3366.0,3366.0,1,0.0,0.0,1.0,,3366.0,1.0,,1.0,0.0,1,,First-time,9582720000000.0,India,False,False
XYZ Luxury,2026-05-30 00:00:00+00:00,INR,Draft Orders,2026-05-30 14:22:20+00:00,2026-05-30 14:22:21+00:00,2026-06-02 10:24:09+00:00,7370650000000.0,#3650,India,India,India,Chandigarh,Chandigarh,,8745340000000.0,Sutlej Hair Pins Pair,"Bestseller_18sep, desc addition, eoss_02jun, EOSS_jan26",Default Title,7590.0,7590.0,7590.0,1,0.0,0.0,1.0,,7590.0,1.0,,1.0,0.0,1,,First-time,9559090000000.0,India,False,False
XYZ Luxury,2026-05-30 00:00:00+00:00,INR,XYZ Luxury - magic checkout,2026-05-30 16:32:48+00:00,2026-05-30 16:32:48+00:00,2026-05-30 16:32:50+00:00,7372070000000.0,#3651,India,India,India,Haryana,GURGAON,"Magic, upi",9008490000000.0,Kinza Pearl Set,"3july-backup-dis, Bestseller_18sep, category_choker, category_necklace, eoss_02jun, EOSS_jan26",Default Title,12870.0,12870.0,12870.0,1,0.0,0.0,1.0,,12870.0,,1.0,1.0,0.0,1,,Returning,9562920000000.0,India,False,False
XYZ Luxury,2026-05-30 00:00:00+00:00,INR,XYZ Luxury - magic checkout,2026-05-30 16:58:25+00:00,2026-05-30 16:58:25+00:00,2026-05-31 04:34:16+00:00,7372290000000.0,#3652,India,India,India,Delhi,Delhi,"card, Magic",9615690000000.0,Meenu Choker Set,,Default Title,9240.0,9240.0,9240.0,1,0.0,0.0,1.0,,9240.0,1.0,,1.0,0.0,1,,First-time,9583470000000.0,India,False,False
XYZ Luxury,2026-05-31 00:00:00+00:00,INR,XYZ Luxury - magic checkout,2026-05-30 18:56:57+00:00,2026-05-30 18:56:57+00:00,2026-06-02 11:02:26+00:00,7373160000000.0,#3653,India,India,India,Jammu and Kashmir,Budgam,"Magic, upi",8916270000000.0,Taaj Payal Pair,"Bestseller_18sep, category_payal, eoss_02jun, EOSS_jan26, hp_rts09may",Default Title,7931.88,7931.88,7931.88,1,0.0,0.0,1.0,,7931.88,,1.0,1.0,0.0,1,,Returning,8631780000000.0,India,False,False
XYZ Luxury,2026-05-31 00:00:00+00:00,INR,XYZ Luxury - magic checkout,2026-05-30 20:15:35+00:00,2026-05-30 20:15:35+00:00,2026-05-30 20:15:36+00:00,7373690000000.0,#3654,United Kingdom,Rest of the World,United Kingdom,England,Richings Park,"card, Magic",8177130000000.0,Morni Choker Set,"category_choker, desc addition, eoss_02jun, EOSS_jan26, occasion",Default Title,20790.0,20790.0,20790.0,1,0.0,0.0,1.0,,20790.0,1.0,,1.0,0.0,1,,First-time,9588580000000.0,United Kingdom,False,False
XYZ Luxury,2026-05-31 00:00:00+00:00,INR,XYZ Luxury - magic checkout,2026-05-30 20:17:14+00:00,2026-05-30 20:17:14+00:00,2026-06-02 08:13:00+00:00,7373700000000.0,#3655,India,India,India,Karnataka,Bengaluru,"Magic, wallet",9567640000000.0,Dil Bangle Pair,"16ap, 17-04",02-Aug,3960.0,3960.0,3960.0,1,0.0,0.0,1.0,,3960.0,1.0,,1.0,0.0,1,,First-time,9588550000000.0,India,False,False
XYZ Luxury,2026-05-31 00:00:00+00:00,INR,XYZ Luxury - magic checkout,2026-05-30 20:44:41+00:00,2026-05-30 20:44:41+00:00,2026-05-31 03:35:12+00:00,7373890000000.0,#3656,United States,USA,United States,California,Tracy,"card, Magic",9478440000000.0,Suhair Ruby Mint Set,"17-04, 20-02, category_necklace, sale-28",Default Title,9570.0,9570.0,9570.0,1,0.0,0.0,1.0,,9570.0,1.0,,1.0,0.0,1,,First-time,9580190000000.0,United States,False,False
XYZ Luxury,2026-05-31 00:00:00+00:00,INR,XYZ Luxury - magic checkout,2026-05-31 01:01:33+00:00,2026-05-31 01:01:33+00:00,2026-05-31 01:01:34+00:00,7376500000000.0,#3657,Canada,Rest of the World,Canada,British Columbia,Vancouver,"card, Magic",9007770000000.0,Roohina Tikka,"category_tikka, eoss_02jun, EOSS_jan26",Default Title,10436.58,10436.58,10436.58,1,0.0,0.0,1.0,,10436.58,1.0,,1.0,0.0,1,,First-time,8170650000000.0,Canada,False,False
XYZ Luxury,2026-05-31 00:00:00+00:00,INR,XYZ Luxury - magic checkout,2026-05-31 02:27:11+00:00,2026-05-31 02:27:11+00:00,2026-05-31 02:27:12+00:00,7377370000000.0,#3658,India,India,India,Uttar Pradesh,Varanasi,"Magic, upi",9601160000000.0,Pippal Patti Choker Set,,Golden,7590.0,7590.0,7590.0,1,0.0,0.0,1.0,,7590.0,1.0,,1.0,0.0,1,,First-time,9582390000000.0,India,False,False
XYZ Luxury,2026-05-31 00:00:00+00:00,INR,XYZ Luxury - magic checkout,2026-05-31 02:35:51+00:00,2026-05-31 02:35:51+00:00,2026-05-31 02:35:53+00:00,7377420000000.0,#3659,United States,USA,United States,California,San Diego,"Magic, wallet",8830400000000.0,Preet Kalire,"category_Kalire, eoss_02jun, EOSS_jan26, hide_sd",Default Title,12870.0,12870.0,12870.0,1,0.0,0.0,1.0,,12870.0,1.0,,1.0,0.0,1,,First-time,9592170000000.0,United States,False,False
XYZ Luxury,2026-05-31 00:00:00+00:00,INR,XYZ Luxury - magic checkout,2026-05-31 02:59:13+00:00,2026-05-31 02:59:13+00:00,2026-06-03 08:03:09+00:00,7377570000000.0,#3660,United States,USA,United States,New York,Bellerose,"card, Magic",9478430000000.0,Areej Antique Pearl Set,"17-04, 20-02, category_necklace, sale-28",Default Title,3366.0,3366.0,3366.0,1,0.0,0.0,1.0,,3366.0,1.0,,1.0,0.0,1,,First-time,9592070000000.0,United States,False,False
XYZ Luxury,2026-05-31 00:00:00+00:00,INR,Draft Orders,2026-05-31 04:30:19+00:00,2026-05-31 04:30:20+00:00,2026-06-03 08:02:29+00:00,7379030000000.0,#3661,United States,USA,United States,California,Fairfield,,8115610000000.0,Rida Choker Set with Tika,"3july-backup-dis, Bestseller_18sep, category_choker, category_necklace, desc addition, eoss_02jun, EOSS_jan26, hp_rts09may, occasion",Default Title,24750.0,24750.0,24750.0,1,0.0,0.0,1.0,,24750.0,1.0,,1.0,0.0,1,,First-time,9593700000000.0,United States,False,False
XYZ Luxury,2026-05-31 00:00:00+00:00,INR,XYZ Luxury - magic checkout,2026-05-31 04:58:52+00:00,2026-05-31 04:58:52+00:00,2026-05-31 11:04:25+00:00,7379910000000.0,#3662,India,India,India,Odisha,Khorda,"Magic, upi",8182550000000.0,Rabia Jhumki Earrings,"category_earring, desc addition, eoss_02jun, EOSS_jan26, occasion",Default Title,12870.0,12870.0,12870.0,1,0.0,0.0,1.0,,12870.0,1.0,,1.0,0.0,1,,First-time,9594670000000.0,India,False,False
XYZ Luxury,2026-05-31 00:00:00+00:00,INR,Draft Orders,2026-05-31 05:55:13+00:00,2026-05-31 05:55:14+00:00,2026-06-03 12:38:50+00:00,7381680000000.0,#3663,India,India,India,Gujarat,Ahmedabad,,8688410000000.0,Lajjo Choker Set,"Bestseller_18sep, category_choker, category_necklace, Clearance Sale, desc addition, eoss_02jun, EOSS_jan26, hp_rts09may",Default Title,16170.0,16170.0,16170.0,1,0.0,0.0,1.0,,16170.0,1.0,,1.0,0.0,1,,First-time,9596570000000.0,India,False,False
XYZ Luxury,2026-05-31 00:00:00+00:00,INR,XYZ Luxury - magic checkout,2026-05-31 06:14:04+00:00,2026-05-31 06:14:04+00:00,2026-05-31 06:14:06+00:00,7382070000000.0,#3664,India,India,India,Haryana,Jagadhri,"Magic, upi",9475470000000.0,Jannat Earrings,"17-04, 18-02, category_earring, sale-28",Default Title,3915.25,3915.25,4620.0,1,0.0,0.0,1.0,,3915.25,1.0,,1.0,0.0,1,,First-time,9589060000000.0,India,False,False
XYZ Luxury,2026-05-31 00:00:00+00:00,INR,XYZ Luxury - magic checkout,2026-05-31 14:18:29+00:00,2026-05-31 14:18:29+00:00,2026-06-02 07:23:45+00:00,7391370000000.0,#3665,United States,USA,United States,North Carolina,High Point,"card, Magic",8916270000000.0,Taaj Payal Pair,"Bestseller_18sep, category_payal, eoss_02jun, EOSS_jan26, hp_rts09may",Default Title,7931.88,7931.88,7931.88,1,0.0,0.0,1.0,,7931.88,1.0,,1.0,0.0,1,,First-time,9593770000000.0,United States,False,False
XYZ Luxury,2026-05-31 00:00:00+00:00,INR,XYZ Luxury - magic checkout,2026-05-31 15:12:32+00:00,2026-05-31 15:12:32+00:00,2026-05-31 15:12:34+00:00,7391770000000.0,#3666,India,India,India,Uttarakhand,dehradun,"card, Magic",9008490000000.0,Kinza Pearl Set,"3july-backup-dis, Bestseller_18sep, category_choker, category_necklace, eoss_02jun, EOSS_jan26",Default Title,12870.0,12870.0,12870.0,1,0.0,0.0,1.0,,12870.0,1.0,,1.0,0.0,1,,First-time,9607450000000.0,India,False,False
XYZ Luxury,2026-06-01 00:00:00+00:00,INR,XYZ Luxury - magic checkout,2026-06-01 04:43:50+00:00,2026-06-01 04:43:50+00:00,2026-06-04 15:25:31+00:00,7396120000000.0,#3667,United States,USA,United States,Colorado,Aurora,"card, Magic",9611600000000.0,Noora Passa,,Default Title,18150.0,18150.0,18150.0,1,0.0,0.0,1.0,,18150.0,1.0,,1.0,0.0,1,,First-time,9611130000000.0,United States,False,False
XYZ Luxury,2026-06-01 00:00:00+00:00,INR,XYZ Luxury - magic checkout,2026-06-01 07:25:46+00:00,2026-06-01 07:25:46+00:00,2026-06-01 07:25:48+00:00,7396860000000.0,#3668,India,India,India,Punjab,Zirakpur,"card, Magic",9008530000000.0,Moti Mahal Necklace Set,"category_necklace, eoss_02jun, EOSS_jan26",Default Title,26070.0,26070.0,26070.0,1,0.0,0.0,1.0,,26070.0,1.0,,1.0,0.0,1,,First-time,8866780000000.0,India,False,False
XYZ Luxury,2026-06-01 00:00:00+00:00,INR,XYZ Luxury - magic checkout,2026-06-01 09:42:17+00:00,2026-06-01 09:42:17+00:00,2026-06-03 12:25:39+00:00,7397280000000.0,#3669,India,India,India,Telangana,Hyderabad,"Magic, upi",8252950000000.0,Virsa Hair Clips Pair,"Bestseller_18sep, desc addition, eoss_02jun, EOSS_jan26, hp_rts09may, occasion",Default Title,7590.0,7590.0,7590.0,1,0.0,0.0,1.0,,7590.0,1.0,,1.0,0.0,1,,First-time,9612080000000.0,India,False,False
XYZ Luxury,2026-06-01 00:00:00+00:00,INR,Draft Orders,2026-06-01 09:51:33+00:00,2026-06-01 09:51:33+00:00,2026-06-01 09:51:34+00:00,7397300000000.0,#3670,India,India,India,Punjab,Tanda,,8079750000000.0,"Nanki Necklace, Earing & Tikka","desc addition, eoss_02jun, EOSS_jan26, occasion",Default Title,22770.0,22770.0,22770.0,1,0.0,0.0,1.0,,22770.0,1.0,,1.0,0.0,1,,First-time,9612080000000.0,India,False,False
XYZ Luxury,2026-06-01 00:00:00+00:00,INR,XYZ Luxury - magic checkout,2026-06-01 11:17:33+00:00,2026-06-01 11:17:33+00:00,2026-06-03 12:17:55+00:00,7397460000000.0,#3671,India,India,India,Uttarakhand,Nainital,"Magic, upi",9474390000000.0,zaina pippal patti set,"17-04, 17f, category_necklace, sale-28",Default Title,14190.0,14190.0,14190.0,1,0.0,0.0,1.0,,14190.0,1.0,,1.0,0.0,1,,First-time,9612540000000.0,India,False,False
XYZ Luxury,2026-06-01 00:00:00+00:00,INR,XYZ Luxury - magic checkout,2026-06-01 11:41:22+00:00,2026-06-01 11:41:22+00:00,2026-06-01 11:41:23+00:00,7397510000000.0,#3672,India,India,India,Karnataka,Bengaluru,"Magic, upi",9008490000000.0,Kinza Pearl Set,"3july-backup-dis, Bestseller_18sep, category_choker, category_necklace, eoss_02jun, EOSS_jan26",Default Title,12870.0,12870.0,12870.0,1,0.0,0.0,1.0,,12870.0,1.0,,1.0,0.0,1,,First-time,9612610000000.0,India,False,False
XYZ Luxury,2026-06-01 00:00:00+00:00,INR,Draft Orders,2026-06-01 12:40:09+00:00,2026-06-01 12:40:09+00:00,2026-06-01 12:40:10+00:00,7397640000000.0,#3673,India,India,India,Punjab,Zirakpur,,8147790000000.0,Virasat Choker Set,"category_choker, category_necklace, desc addition, eoss_02jun, EOSS_jan26, hp_rts09may, occasion",Default Title,22770.0,22770.0,22770.0,1,0.0,0.0,1.0,,22770.0,1.0,,1.0,0.0,1,,First-time,9612800000000.0,India,False,False
XYZ Luxury,2026-06-01 00:00:00+00:00,INR,XYZ Luxury - magic checkout,2026-06-01 14:31:14+00:00,2026-06-01 14:31:14+00:00,2026-06-03 13:01:15+00:00,7397940000000.0,#3674,United Kingdom,Rest of the World,United Kingdom,England,Basildon,"card, Magic",9478430000000.0,Areej Antique Pearl Set,"17-04, 20-02, category_necklace, sale-28",Default Title,3366.0,3366.0,3366.0,1,0.0,0.0,1.0,,3366.0,1.0,,1.0,0.0,1,,First-time,9613340000000.0,United Kingdom,False,False
XYZ Luxury,2026-06-02 00:00:00+00:00,INR,XYZ Luxury - magic checkout,2026-06-01 18:34:38+00:00,2026-06-01 18:34:38+00:00,2026-06-01 18:34:40+00:00,7398580000000.0,#3675,India,India,India,West Bengal,Asansol,"Magic, upi",9111030000000.0,Jaazmine Pippal Patti Studs,"category_earring, EOSS_jan26",Default Title,6600.0,6600.0,6600.0,1,0.0,0.0,1.0,,6600.0,1.0,,1.0,0.0,1,,First-time,9614210000000.0,India,False,False
XYZ Luxury,2026-06-02 00:00:00+00:00,INR,XYZ Luxury - magic checkout,2026-06-01 19:36:07+00:00,2026-06-01 19:36:07+00:00,2026-06-01 19:36:08+00:00,7398730000000.0,#3676,United Kingdom,Rest of the World,United Kingdom,England,Essex,"card, Magic",8147790000000.0,Virasat Choker Set,"category_choker, category_necklace, desc addition, eoss_02jun, EOSS_jan26, hp_rts09may, occasion",Default Title,22770.0,22770.0,22770.0,1,0.0,0.0,1.0,,22770.0,,1.0,1.0,0.0,1,,Returning,8214640000000.0,United Kingdom,False,False
XYZ Luxury,2026-06-02 00:00:00+00:00,INR,XYZ Luxury - magic checkout,2026-06-02 00:30:11+00:00,2026-06-02 00:30:11+00:00,2026-06-02 00:30:13+00:00,7399500000000.0,#3677,Canada,Rest of the World,Canada,Ontario,Brampton,"Magic, wallet",9472670000000.0,Ghungroo Vaaliyaan,category_earring,Default Title,4950.0,4950.0,4950.0,1,0.0,0.0,1.0,,4950.0,,1.0,1.0,0.0,1,,Returning,8917240000000.0,Canada,False,False
XYZ Luxury,2026-06-02 00:00:00+00:00,INR,XYZ Luxury - magic checkout,2026-06-02 00:59:51+00:00,2026-06-02 00:59:51+00:00,2026-06-02 00:59:53+00:00,7399570000000.0,#3678,Canada,Rest of the World,Canada,British Columbia,Surrey,"card, Magic",9007770000000.0,Roohina Tikka,"category_tikka, eoss_02jun, EOSS_jan26",Default Title,10436.58,10436.58,10436.58,1,0.0,0.0,1.0,,10436.58,,1.0,1.0,0.0,1,,Returning,9132430000000.0,Canada,False,False
XYZ Luxury,2026-06-02 00:00:00+00:00,INR,XYZ Luxury - magic checkout,2026-06-02 02:44:26+00:00,2026-06-02 02:44:26+00:00,2026-06-05 11:48:30+00:00,7399830000000.0,#3679,India,India,India,Uttar Pradesh,Meerut,"Magic, upi",8710430000000.0,Pippal Patti Waaliyaan,"Bestseller_18sep, category_earring, desc addition, eoss_02jun, EOSS_jan26, hp_rts09may",Default Title,5610.0,5610.0,5610.0,1,0.0,0.0,1.0,,5610.0,1.0,,1.0,0.0,1,,First-time,9615520000000.0,India,False,False
XYZ Luxury,2026-06-02 00:00:00+00:00,INR,XYZ Luxury - magic checkout,2026-06-02 03:12:14+00:00,2026-06-02 03:12:14+00:00,2026-06-02 06:15:45+00:00,7399900000000.0,#3680,India,India,India,Karnataka,BANGALORE,"Magic, upi",8745340000000.0,Sutlej Hair Pins Pair,"Bestseller_18sep, desc addition, eoss_02jun, EOSS_jan26",Default Title,7590.0,7590.0,7590.0,1,0.0,0.0,1.0,,7590.0,1.0,,1.0,0.0,1,,First-time,9615590000000.0,India,False,False
XYZ Luxury,2026-06-02 00:00:00+00:00,INR,XYZ Luxury - magic checkout,2026-06-02 05:35:33+00:00,2026-06-02 05:35:33+00:00,2026-06-02 05:39:21+00:00,7400310000000.0,#3681,India,India,India,Uttar Pradesh,Kanpur Nagar,"card, Magic",8177130000000.0,Morni Choker Set,"category_choker, desc addition, eoss_02jun, EOSS_jan26, occasion",Default Title,20790.0,20790.0,20790.0,1,0.0,0.0,1.0,,20790.0,1.0,,1.0,0.0,1,,First-time,9615220000000.0,India,False,False
XYZ Luxury,2026-06-02 00:00:00+00:00,INR,XYZ Luxury - magic checkout,2026-06-02 09:55:24+00:00,2026-06-02 09:55:24+00:00,2026-06-02 13:16:37+00:00,7400950000000.0,#3682,India,India,India,Punjab,Mansa,"Magic, upi",8592080000000.0,Chand Hair Clips Pair,"Bestseller_18sep, desc addition, eoss_02jun, EOSS_jan26, occasion",Default Title,6600.0,6600.0,6600.0,1,0.0,0.0,1.0,,6600.0,,1.0,1.0,0.0,1,,Returning,9444090000000.0,India,False,False
XYZ Luxury,2026-06-02 00:00:00+00:00,INR,XYZ Luxury - magic checkout,2026-06-02 12:35:55+00:00,2026-06-02 12:35:55+00:00,2026-06-05 21:46:37+00:00,7401290000000.0,#3683,United Kingdom,Rest of the World,United Kingdom,England,Southwark,"card, Magic",9419530000000.0,Rukmani Payal Pair,"16ak, 17-04, category_payal, sale-28",Default Title,6600.0,6600.0,6600.0,1,0.0,0.0,1.0,,6600.0,1.0,,1.0,0.0,1,,First-time,9617390000000.0,United Kingdom,False,False
XYZ Luxury,2026-06-02 00:00:00+00:00,INR,Draft Orders,2026-06-02 13:28:22+00:00,2026-06-02 13:28:22+00:00,2026-06-04 11:05:01+00:00,7401460000000.0,#3684,,Rest of the World,,,,,,,,,700.0,700.0,700.0,1,0.0,0.0,1.0,,700.0,1.0,,1.0,0.0,1,,First-time,,,True,True
XYZ Luxury,2026-06-02 00:00:00+00:00,INR,Draft Orders,2026-06-02 13:44:54+00:00,2026-06-02 13:44:55+00:00,2026-06-05 07:50:37+00:00,7401520000000.0,#3685,Canada,Rest of the World,Canada,Ontario,Brampton,,9008490000000.0,Kinza Pearl Set,"3july-backup-dis, Bestseller_18sep, category_choker, category_necklace, eoss_02jun, EOSS_jan26",Default Title,12870.0,12870.0,12870.0,1,0.0,0.0,1.0,,12870.0,1.0,,1.0,0.0,1,,First-time,9617650000000.0,Canada,False,False
XYZ Luxury,2026-06-02 00:00:00+00:00,INR,XYZ Luxury - magic checkout,2026-06-02 15:42:27+00:00,2026-06-02 15:42:27+00:00,2026-06-04 07:25:29+00:00,7401950000000.0,#3686,India,India,India,Punjab,Ludhiana,"Magic, upi",8924030000000.0,Antique Gold Ruby Jade Studs,"3july-backup-dis, category_earring, eoss_02jun, EOSS_jan26",Default Title,7514.1,7514.1,7514.1,1,0.0,0.0,1.0,,7514.1,1.0,,1.0,0.0,1,,First-time,9618090000000.0,India,False,False
XYZ Luxury,2026-06-02 00:00:00+00:00,INR,XYZ Luxury - magic checkout,2026-06-02 17:16:03+00:00,2026-06-02 17:16:03+00:00,2026-06-02 17:16:05+00:00,7402280000000.0,#3687,United States,USA,United States,Maryland,Frederick,"Magic, wallet",8916270000000.0,Taaj Payal Pair,"Bestseller_18sep, category_payal, eoss_02jun, EOSS_jan26, hp_rts09may",Default Title,7931.88,7931.88,7931.88,1,0.0,0.0,1.0,,7931.88,,1.0,1.0,0.0,1,,Returning,8649990000000.0,United States,False,False
XYZ Luxury,2026-06-03 00:00:00+00:00,INR,XYZ Luxury - magic checkout,2026-06-02 22:00:27+00:00,2026-06-02 22:00:27+00:00,2026-06-03 06:50:24+00:00,7403120000000.0,#3688,India,India,India,Haryana,Faridabad,"card, Magic",9478430000000.0,Areej Antique Pearl Set,"17-04, 20-02, category_necklace, sale-28",Default Title,3366.0,3366.0,3366.0,1,0.0,0.0,1.0,,3366.0,1.0,,1.0,0.0,1,,First-time,9619040000000.0,India,False,False
XYZ Luxury,2026-06-03 00:00:00+00:00,INR,XYZ Luxury - magic checkout,2026-06-03 03:35:40+00:00,2026-06-03 03:35:40+00:00,2026-06-04 08:13:34+00:00,7403560000000.0,#3689,India,India,India,Delhi,New Delhi,"Magic, upi",9474310000000.0,farida choker set,"17-04, 17f, category_choker, category_necklace, sale-28",Default Title,9570.0,9570.0,9570.0,1,0.0,0.0,1.0,,9570.0,1.0,,1.0,0.0,1,,First-time,9619480000000.0,India,False,False
XYZ Luxury,2026-06-03 00:00:00+00:00,INR,XYZ Luxury - magic checkout,2026-06-03 05:36:33+00:00,2026-06-03 05:36:33+00:00,2026-06-04 06:03:07+00:00,7403840000000.0,#3690,United States,USA,United States,California,La Canada Flintridge,"card, Magic",8652470000000.0,Shabnam Choker Set,"category_choker, desc addition, eoss_02jun, EOSS_jan26, hp_rts09may",Default Title,14611.08,14611.08,14611.08,1,0.0,0.0,1.0,,14611.08,1.0,,1.0,0.0,1,,First-time,9619540000000.0,India,False,False
XYZ Luxury,2026-06-03 00:00:00+00:00,INR,Draft Orders,2026-06-03 07:45:10+00:00,2026-06-03 07:45:10+00:00,2026-06-05 09:44:48+00:00,7404080000000.0,#3691,India,India,India,Haryana,Taraori,,8079750000000.0,Morni Hair Clips Pair,"desc addition, eoss_02jun, EOSS_jan26, occasion",Default Title,5940.0,5940.0,5940.0,1,0.0,0.0,1.0,,5940.0,1.0,,1.0,0.0,1,,First-time,9620140000000.0,India,False,False
XYZ Luxury,2026-06-03 00:00:00+00:00,INR,XYZ Luxury - magic checkout,2026-06-03 15:34:15+00:00,2026-06-03 15:34:15+00:00,2026-06-04 07:11:31+00:00,7404970000000.0,#3692,India,India,India,Punjab,zirakpur,"Magic, upi",9473830000000.0,Patiala Hasli Set,"17-04, 17f, category_choker, category_necklace, sale-28",Default Title,14190.0,14190.0,14190.0,1,0.0,0.0,1.0,,14190.0,,1.0,1.0,0.0,1,,Returning,7985000000000.0,India,False,False
XYZ Luxury,2026-06-04 00:00:00+00:00,INR,XYZ Luxury - magic checkout,2026-06-03 18:49:05+00:00,2026-06-03 18:49:05+00:00,2026-06-03 18:49:07+00:00,7405640000000.0,#3693,Canada,Rest of the World,Canada,British Columbia,Delta,"card, Magic",8652470000000.0,Moti Mahal Jhumki Earrings,"Bestseller_18sep, category_earring, desc addition, eoss_02jun, EOSS_jan26, hp_rts09may",Default Title,14190.0,14190.0,14190.0,1,0.0,0.0,1.0,,14190.0,1.0,,1.0,0.0,1,,First-time,9621450000000.0,Canada,False,False
XYZ Luxury,2026-06-04 00:00:00+00:00,INR,XYZ Luxury - magic checkout,2026-06-03 22:40:15+00:00,2026-06-03 22:40:15+00:00,2026-06-03 22:40:17+00:00,7406130000000.0,#3694,India,India,India,Maharashtra,Mumbai,"Additional Notes, Magic, upi",8741470000000.0,Laila Hair Clips Pair,"desc addition, eoss_02jun, EOSS_jan26",Default Title,9570.0,9570.0,9570.0,1,0.0,0.0,1.0,,9570.0,,1.0,1.0,0.0,1,,Returning,8979210000000.0,India,False,False
XYZ Luxury,2026-06-04 00:00:00+00:00,INR,XYZ Luxury - magic checkout,2026-06-04 00:24:11+00:00,2026-06-04 00:24:11+00:00,2026-06-04 00:24:13+00:00,7406260000000.0,#3695,Canada,Rest of the World,Canada,British Columbia,Abbotsford,"card, Magic",9008470000000.0,Rimsha Pippal Patti Set,"category_choker, category_necklace, Clearance Sale, eoss_02jun, EOSS_jan26",Default Title,20455.38,20455.38,20455.38,1,0.0,0.0,1.0,,20455.38,1.0,,1.0,0.0,1,,First-time,9621940000000.0,Canada,False,False
XYZ Luxury,2026-06-04 00:00:00+00:00,INR,XYZ Luxury - magic checkout,2026-06-04 01:53:57+00:00,2026-06-04 01:53:57+00:00,2026-06-07 03:16:10+00:00,7406370000000.0,#3696,United States,USA,United States,Delaware,Bear,"card, Magic",9570740000000.0,Emreen Earrings,,Default Title,6600.0,6600.0,6600.0,1,0.0,0.0,1.0,,6600.0,1.0,,1.0,0.0,1,,First-time,9622060000000.0,United States,False,False
XYZ Luxury,2026-06-04 00:00:00+00:00,INR,Draft Orders,2026-06-04 14:05:21+00:00,2026-06-04 14:05:21+00:00,2026-06-04 14:05:22+00:00,7407820000000.0,#3697,India,India,India,Delhi,New Delhi,,9478450000000.0,Basant Jhumki Earrings,"17-04, category_earring, sale-28",Default Title,8250.0,8250.0,8250.0,1,0.0,0.0,1.0,,8250.0,1.0,,1.0,0.0,1,,First-time,9618770000000.0,India,False,False
XYZ Luxury,2026-06-04 00:00:00+00:00,INR,XYZ Luxury - magic checkout,2026-06-04 14:10:54+00:00,2026-06-04 14:10:54+00:00,2026-06-06 04:49:02+00:00,7407850000000.0,#3698,India,India,India,Punjab,Gurdaspur,"Magic, upi",8709330000000.0,Aisha Antique Choker Set,"3july-backup-dis, Bestseller_18sep, category_choker, category_necklace, Clearance Sale, desc addition, eoss_02jun, EOSS_jan26, hp_rts09may",Default Title,32670.0,32670.0,32670.0,1,0.0,0.0,1.0,,32670.0,1.0,,1.0,0.0,1,,First-time,9623530000000.0,India,False,False
XYZ Luxury,2026-06-04 00:00:00+00:00,INR,Draft Orders,2026-06-04 14:19:03+00:00,2026-06-04 14:19:04+00:00,2026-06-04 14:19:05+00:00,7407890000000.0,#3699,Canada,Rest of the World,Canada,Ontario,Etobicoke,,9567620000000.0,Rabia Jhumki,"16ap, 17-04",Default Title,8250.0,8250.0,8250.0,1,0.0,0.0,1.0,,8250.0,1.0,,1.0,0.0,1,,First-time,9579840000000.0,Canada,False,False
XYZ Luxury,2026-06-04 00:00:00+00:00,INR,XYZ Luxury - magic checkout,2026-06-04 15:21:40+00:00,2026-06-04 15:21:40+00:00,2026-06-05 11:10:13+00:00,7408180000000.0,#3700,India,India,India,Himachal Pradesh,Bilaspur,"Magic, upi",9478430000000.0,Areej Antique Pearl Set,"17-04, 20-02, category_necklace, sale-28",Default Title,3366.0,3366.0,3366.0,1,0.0,0.0,1.0,,3366.0,1.0,,1.0,0.0,1,,First-time,9623820000000.0,India,False,False
XYZ Luxury,2026-06-04 00:00:00+00:00,INR,XYZ Luxury - magic checkout,2026-06-04 15:35:30+00:00,2026-06-04 15:35:30+00:00,2026-06-05 12:06:54+00:00,7408230000000.0,#3701,Canada,Rest of the World,Canada,Quebec,Pierrefonds,"Magic, wallet",9478430000000.0,Areej Antique Pearl Set,"17-04, 20-02, category_necklace, sale-28",Default Title,3366.0,3366.0,3366.0,1,0.0,0.0,1.0,,3366.0,1.0,,1.0,0.0,1,,First-time,9623860000000.0,Canada,False,False
XYZ Luxury,2026-06-04 00:00:00+00:00,INR,Draft Orders,2026-06-04 15:48:11+00:00,2026-06-04 15:48:11+00:00,2026-06-04 15:48:12+00:00,7408290000000.0,#3702,Canada,Rest of the World,Canada,Ontario,Caledon Village,,9463350000000.0,Agya studs,category_earring,Default Title,5610.0,5610.0,5610.0,1,0.0,0.0,1.0,,5610.0,1.0,,1.0,0.0,1,,First-time,9623910000000.0,Canada,False,False
XYZ Luxury,2026-06-04 00:00:00+00:00,INR,XYZ Luxury - magic checkout,2026-06-04 16:22:21+00:00,2026-06-04 16:22:21+00:00,2026-06-04 16:22:23+00:00,7408450000000.0,#3703,India,India,India,Karnataka,BANGALORE,"Magic, upi",8172620000000.0,Ria Choker Set,"category_choker, desc addition, eoss_02jun, EOSS_jan26, occasion",Default Title,14190.0,14190.0,14190.0,1,0.0,0.0,1.0,,14190.0,1.0,,1.0,0.0,1,,First-time,9500490000000.0,India,False,False
XYZ Luxury,2026-06-04 00:00:00+00:00,INR,Draft Orders,2026-06-04 17:15:26+00:00,2026-06-04 17:15:26+00:00,2026-06-05 05:54:24+00:00,7408700000000.0,#3704,India,India,India,Punjab,Kala Bakra,,9478440000000.0,Sukhan Choker Set,"17-04, 20-02, category_choker, sale-28",Default Title,14190.0,14190.0,14190.0,1,0.0,0.0,1.0,,14190.0,1.0,,1.0,0.0,1,,First-time,9567940000000.0,India,False,False
XYZ Luxury,2026-06-04 00:00:00+00:00,INR,XYZ Luxury - magic checkout,2026-06-04 17:34:45+00:00,2026-06-04 17:34:45+00:00,2026-06-06 09:34:46+00:00,7409110000000.0,#3705,United States,USA,United States,Indiana,Indianapolis,"card, Magic",9567630000000.0,Nayab Bangle 4pc,"16ap, 17-04",02-Jun,3300.0,3300.0,3300.0,1,0.0,0.0,1.0,,3300.0,,1.0,1.0,0.0,1,,Returning,9461580000000.0,United States,False,False
XYZ Luxury,2026-06-05 00:00:00+00:00,INR,XYZ Luxury - magic checkout,2026-06-05 02:34:05+00:00,2026-06-05 02:34:05+00:00,2026-06-05 02:34:08+00:00,7410560000000.0,#3706,Australia,Rest of the World,Australia,Western Australia,Leda,"card, Magic",9008480000000.0,Moti Mahal Lottan,"category_earring, eoss_02jun, EOSS_jan26",Default Title,7514.1,7514.1,7514.1,1,0.0,0.0,1.0,,7514.1,1.0,,1.0,0.0,1,,First-time,8358080000000.0,Australia,False,False
XYZ Luxury,2026-06-05 00:00:00+00:00,INR,XYZ Luxury - magic checkout,2026-06-05 03:34:05+00:00,2026-06-05 03:34:05+00:00,2026-06-05 06:25:49+00:00,7410650000000.0,#3707,India,India,India,Uttar Pradesh,mathura,"Magic, upi",9475730000000.0,Zeenat Pippal Patti Choker Set,"17-04, 18-02, category_choker, sale-28",Default Title,8910.0,8910.0,8910.0,1,0.0,0.0,1.0,,8910.0,,1.0,1.0,0.0,1,,Returning,9213560000000.0,India,False,False
XYZ Luxury,2026-06-05 00:00:00+00:00,INR,Draft Orders,2026-06-05 03:36:34+00:00,2026-06-05 03:36:34+00:00,2026-06-05 11:04:01+00:00,7410660000000.0,#3708,India,India,India,Uttarakhand,Herbertpur,,9219650000000.0,Pakeezah Choker Set,"category_choker, category_necklace, Clearance Sale, EOSS_jan26",Default Title,17787.0,17787.0,17787.0,1,0.0,0.0,1.0,,17787.0,1.0,,1.0,0.0,1,,First-time,9626000000000.0,India,False,False
XYZ Luxury,2026-06-05 00:00:00+00:00,INR,XYZ Luxury - magic checkout,2026-06-05 13:01:54+00:00,2026-06-05 13:01:54+00:00,2026-06-06 07:38:49+00:00,7411650000000.0,#3709,India,India,India,Uttar Pradesh,Aligarh,"Magic, upi",8903800000000.0,Mughul Side Hair Clip,"eoss_02jun, EOSS_jan26, hp_rts09may",Default Title,6270.0,6270.0,6270.0,1,0.0,0.0,1.0,,6270.0,1.0,,1.0,0.0,1,,First-time,9626910000000.0,India,False,False
XYZ Luxury,2026-06-05 00:00:00+00:00,INR,XYZ Luxury - magic checkout,2026-06-05 16:28:42+00:00,2026-06-05 16:28:42+00:00,2026-06-05 16:28:43+00:00,7412480000000.0,#3710,India,India,India,Himachal Pradesh,Chota shimla,"card, Magic",9008490000000.0,Kinza Pearl Set,"3july-backup-dis, Bestseller_18sep, category_choker, category_necklace, eoss_02jun, EOSS_jan26",Default Title,12870.0,12870.0,12870.0,1,0.0,0.0,1.0,,12870.0,1.0,,1.0,0.0,1,,First-time,9621300000000.0,India,False,False
XYZ Luxury,2026-06-05 00:00:00+00:00,INR,XYZ Luxury - magic checkout,2026-06-05 16:58:25+00:00,2026-06-05 16:58:25+00:00,2026-06-05 16:58:27+00:00,7412600000000.0,#3711,India,India,India,Uttar Pradesh,Gautam Buddha Nagar,"Magic, upi",9472670000000.0,Ghungroo Vaaliyaan,category_earring,Default Title,4950.0,4950.0,4950.0,1,0.0,0.0,1.0,,4950.0,1.0,,1.0,0.0,1,,First-time,9418460000000.0,India,False,False
XYZ Luxury,2026-06-05 00:00:00+00:00,INR,XYZ Luxury - magic checkout,2026-06-05 17:04:56+00:00,2026-06-05 17:04:56+00:00,2026-06-06 07:31:21+00:00,7412630000000.0,#3712,United States,USA,United States,Washington,Bellingham,"card, Magic",9224500000000.0,Ghungroo Bangles Pair,"17-04, category_bangles, Clearance Sale, EOSS_jan26, sale-28",02-Aug,3630.0,3630.0,3630.0,1,0.0,0.0,1.0,,3630.0,1.0,,1.0,0.0,1,,First-time,9627830000000.0,United States,False,False
XYZ Luxury,2026-06-05 00:00:00+00:00,INR,Draft Orders,2026-06-05 17:10:19+00:00,2026-06-05 17:10:19+00:00,2026-06-05 17:10:20+00:00,7412650000000.0,#3713,India,India,India,Kerala,Kochi,,,,,,9900.0,8910.0,8910.0,1,0.0,0.0,1.0,,8910.0,1.0,,1.0,990.0,1,,First-time,8583990000000.0,India,True,False
XYZ Luxury,2026-06-06 00:00:00+00:00,INR,XYZ Luxury - magic checkout,2026-06-05 18:42:06+00:00,2026-06-05 18:42:06+00:00,2026-06-05 18:42:08+00:00,7413040000000.0,#3714,Canada,Rest of the World,Canada,Ontario,Mississauga,"card, Magic",9008490000000.0,Kinza Pearl Set,"3july-backup-dis, Bestseller_18sep, category_choker, category_necklace, eoss_02jun, EOSS_jan26",Default Title,12870.0,12870.0,12870.0,1,0.0,0.0,1.0,,12870.0,1.0,,1.0,0.0,1,,First-time,9628140000000.0,Canada,False,False
XYZ Luxury,2026-06-06 00:00:00+00:00,INR,XYZ Luxury - magic checkout,2026-06-06 01:01:27+00:00,2026-06-06 01:01:27+00:00,2026-06-06 01:01:28+00:00,7414330000000.0,#3715,India,India,India,Haryana,Naraingarh,"card, Magic",9475470000000.0,Ghungroo Payal Pair,category_payal,Default Title,12870.0,12870.0,12870.0,1,0.0,0.0,1.0,,12870.0,1.0,,1.0,0.0,1,,First-time,9372170000000.0,India,False,False
XYZ Luxury,2026-06-06 00:00:00+00:00,INR,XYZ Luxury - magic checkout,2026-06-06 02:52:18+00:00,2026-06-06 02:52:18+00:00,2026-06-06 02:52:20+00:00,7414670000000.0,#3716,United States,USA,United States,Illinois,Chicago,"card, Magic",8688410000000.0,Lajjo Choker Set,"Bestseller_18sep, category_choker, category_necklace, Clearance Sale, desc addition, eoss_02jun, EOSS_jan26, hp_rts09may",Default Title,16170.0,16170.0,16170.0,1,0.0,0.0,1.0,,16170.0,1.0,,1.0,0.0,1,,First-time,9629040000000.0,United States,False,False
XYZ Luxury,2026-06-06 00:00:00+00:00,INR,XYZ Luxury - magic checkout,2026-06-06 03:11:49+00:00,2026-06-06 03:11:49+00:00,2026-06-06 03:11:51+00:00,7414730000000.0,#3717,United States,USA,United States,Maryland,Baltimore,"card, Magic",9419680000000.0,Payal Choker Set,category_choker,Default Title,19470.0,19470.0,19470.0,1,0.0,0.0,1.0,,19470.0,1.0,,1.0,0.0,1,,First-time,9629500000000.0,United States,False,False
XYZ Luxury,2026-06-06 00:00:00+00:00,INR,XYZ Luxury - magic checkout,2026-06-06 03:13:03+00:00,2026-06-06 03:13:03+00:00,2026-06-06 03:13:05+00:00,7414740000000.0,#3718,India,India,India,Chandigarh,Chandigarh,"Magic, upi",9008490000000.0,Kinza Pearl Set,"3july-backup-dis, Bestseller_18sep, category_choker, category_necklace, eoss_02jun, EOSS_jan26",Default Title,12870.0,12870.0,12870.0,1,0.0,0.0,1.0,,12870.0,1.0,,1.0,0.0,1,,First-time,9629500000000.0,India,False,False
XYZ Luxury,2026-06-06 00:00:00+00:00,INR,XYZ Luxury - magic checkout,2026-06-06 06:18:56+00:00,2026-06-06 06:18:56+00:00,2026-06-09 08:05:18+00:00,7415380000000.0,#3719,India,India,India,Telangana,Nalagandla,"Magic, upi",8182560000000.0,Moti Mahal Ring,"desc addition, eoss_02jun, EOSS_jan26, hp_rts09may",Default Title,3960.0,3960.0,3960.0,1,0.0,0.0,1.0,,3960.0,1.0,,1.0,0.0,1,,First-time,8382000000000.0,India,False,False
XYZ Luxury,2026-06-06 00:00:00+00:00,INR,XYZ Luxury - magic checkout,2026-06-06 06:27:54+00:00,2026-06-06 06:27:54+00:00,2026-06-06 17:42:11+00:00,7415410000000.0,#3720,Canada,Rest of the World,Canada,Ontario,Markham,"Magic, wallet",9463350000000.0,sona studs,category_earring,Default Title,3300.0,3300.0,3300.0,1,0.0,0.0,1.0,,3300.0,,1.0,1.0,0.0,1,,Returning,8372910000000.0,Canada,False,False
XYZ Luxury,2026-06-06 00:00:00+00:00,INR,XYZ Luxury - magic checkout,2026-06-06 06:52:21+00:00,2026-06-06 06:52:21+00:00,2026-06-06 06:55:58+00:00,7415480000000.0,#3721,Australia,Rest of the World,Australia,Queensland,Darra,"Magic, wallet",9463340000000.0,Aisha choker only,category_choker,Default Title,21450.0,21450.0,21450.0,1,0.0,0.0,1.0,,21450.0,1.0,,1.0,0.0,1,,First-time,9630100000000.0,Australia,False,False
XYZ Luxury,2026-06-06 00:00:00+00:00,INR,XYZ Luxury - magic checkout,2026-06-06 07:04:45+00:00,2026-06-06 07:04:45+00:00,2026-06-06 08:19:34+00:00,7415520000000.0,#3722,India,India,India,Punjab,Mohali,"Magic, upi",8924020000000.0,Raunaq Antique Bangles,"17-04, 3july-backup-dis, Bestseller_18sep, category_bangles, eoss_02jun, EOSS_jan26, hp_rts09may, sale-28, Silver Bangles",02-Jun,4165.92,4165.92,4165.92,1,0.0,0.0,1.0,,4165.92,1.0,,1.0,0.0,1,,First-time,9630120000000.0,India,False,False
XYZ Luxury,2026-06-06 00:00:00+00:00,INR,Draft Orders,2026-06-06 07:38:48+00:00,2026-06-06 07:38:49+00:00,2026-06-06 07:56:32+00:00,7415630000000.0,#3723,India,India,India,Punjab,Mohali,QR_COD_Confirmed,9567630000000.0,Punjabi Bangle Pair,"16ap, 17-04",02-Jun,6600.0,6600.0,6600.0,1,0.0,0.0,1.0,,6600.0,1.0,,1.0,0.0,1,,First-time,9630220000000.0,India,False,False
XYZ Luxury,2026-06-06 00:00:00+00:00,INR,XYZ Luxury - magic checkout,2026-06-06 07:59:10+00:00,2026-06-06 07:59:10+00:00,2026-06-06 08:12:48+00:00,7415690000000.0,#3724,India,India,India,Chandigarh,Chandigarh,"Magic, upi",9567630000000.0,Punjabi Bangle Pair,"16ap, 17-04",02-Apr,6600.0,6600.0,6600.0,1,0.0,0.0,1.0,,6600.0,1.0,,1.0,0.0,1,,First-time,9630280000000.0,India,False,False
XYZ Luxury,2026-06-06 00:00:00+00:00,INR,XYZ Luxury - magic checkout,2026-06-06 08:29:18+00:00,2026-06-06 08:29:18+00:00,2026-06-06 08:29:19+00:00,7415780000000.0,#3725,India,India,India,Maharashtra,Mumbai,"Magic, upi",8955980000000.0,Simran Necklace Earrings & Tikka,"Bestseller_18sep, category_choker, category_necklace, eoss_02jun, EOSS_jan26, hp_rts09may",Default Title,31350.0,31350.0,31350.0,1,0.0,0.0,1.0,,31350.0,1.0,,1.0,0.0,1,,First-time,8297860000000.0,India,False,False
XYZ Luxury,2026-06-06 00:00:00+00:00,INR,XYZ Luxury - magic checkout,2026-06-06 10:34:03+00:00,2026-06-06 10:34:03+00:00,2026-06-09 07:49:33+00:00,7416180000000.0,#3726,India,India,India,Punjab,Gurdaspur,"Magic, upi",8916270000000.0,Taaj Payal Pair,"Bestseller_18sep, category_payal, eoss_02jun, EOSS_jan26, hp_rts09may",Default Title,7931.88,7931.88,7931.88,1,0.0,0.0,1.0,,7931.88,1.0,,1.0,0.0,1,,First-time,9630720000000.0,India,False,False
XYZ Luxury,2026-06-06 00:00:00+00:00,INR,XYZ Luxury - magic checkout,2026-06-06 13:38:45+00:00,2026-06-06 13:38:45+00:00,2026-06-06 13:38:47+00:00,7416760000000.0,#3727,India,India,India,Haryana,Faridabad,"Magic, upi",9463370000000.0,Barmi Studs,category_earring,Default Title,3915.25,3915.25,4620.0,1,0.0,0.0,1.0,,3915.25,1.0,,1.0,0.0,1,,First-time,9347760000000.0,India,False,False
XYZ Luxury,2026-06-06 00:00:00+00:00,INR,XYZ Luxury - magic checkout,2026-06-06 13:44:43+00:00,2026-06-06 13:44:43+00:00,2026-06-06 13:44:45+00:00,7416780000000.0,#3728,India,India,India,Uttarakhand,Dehradun,"Magic, upi",9463350000000.0,Agya studs,category_earring,Default Title,4754.24,4754.24,5610.0,1,0.0,0.0,1.0,,4754.24,,1.0,1.0,0.0,1,,Returning,8889200000000.0,India,False,False
XYZ Luxury,2026-06-06 00:00:00+00:00,INR,XYZ Luxury - magic checkout,2026-06-06 14:34:50+00:00,2026-06-06 14:34:50+00:00,2026-06-06 14:34:52+00:00,7416970000000.0,#3729,India,India,India,Delhi,New Delhi,"Magic, upi",8710430000000.0,Pippal Patti Waaliyaan,"Bestseller_18sep, category_earring, desc addition, eoss_02jun, EOSS_jan26, hp_rts09may",Default Title,5610.0,5610.0,5610.0,1,0.0,0.0,1.0,,5610.0,1.0,,1.0,0.0,1,,First-time,9631490000000.0,India,False,False
XYZ Luxury,2026-06-06 00:00:00+00:00,INR,XYZ Luxury - magic checkout,2026-06-06 14:47:13+00:00,2026-06-06 14:47:13+00:00,2026-06-06 14:47:15+00:00,7417020000000.0,#3730,India,India,India,Uttar Pradesh,AGRA,"Magic, upi",9474390000000.0,panna studs,"17-04, 17f, category_earring, sale-28",Default Title,4620.0,4620.0,4620.0,1,0.0,0.0,1.0,,4620.0,1.0,,1.0,0.0,1,,First-time,9631530000000.0,India,False,False
XYZ Luxury,2026-06-06 00:00:00+00:00,INR,XYZ Luxury - magic checkout,2026-06-06 16:23:44+00:00,2026-06-06 16:23:44+00:00,2026-06-06 17:42:55+00:00,7417410000000.0,#3731,United States,USA,United States,Illinois,Oak Forest,"card, Magic",9111060000000.0,Neha Choker Set,"category_choker, Clearance Sale, EOSS_jan26",Default Title,18150.0,18150.0,18150.0,1,0.0,0.0,1.0,,18150.0,1.0,,1.0,0.0,1,,First-time,9631840000000.0,United States,False,False
XYZ Luxury,2026-06-06 00:00:00+00:00,INR,XYZ Luxury - magic checkout,2026-06-06 17:55:54+00:00,2026-06-06 17:55:54+00:00,2026-06-09 15:02:00+00:00,7417770000000.0,#3732,United Kingdom,Rest of the World,United Kingdom,England,Wolverhampton,"card, Magic",9426050000000.0,Jubli Kalire,"17-04, category_Kalire, sale-28",Default Title,12870.0,12870.0,12870.0,1,0.0,0.0,1.0,,12870.0,1.0,,1.0,0.0,1,,First-time,9631990000000.0,United Kingdom,False,False
XYZ Luxury,2026-06-07 00:00:00+00:00,INR,XYZ Luxury - magic checkout,2026-06-06 21:33:40+00:00,2026-06-06 21:33:40+00:00,2026-06-06 21:33:42+00:00,7418600000000.0,#3733,Canada,Rest of the World,Canada,Manitoba,Winnipeg,"card, Magic",9474390000000.0,panna studs,"17-04, 17f, category_earring, sale-28",Default Title,4620.0,4620.0,4620.0,1,0.0,0.0,1.0,,4620.0,1.0,,1.0,0.0,1,,First-time,9632730000000.0,Canada,False,False
XYZ Luxury,2026-06-07 00:00:00+00:00,INR,XYZ Luxury - magic checkout,2026-06-06 22:36:48+00:00,2026-06-06 22:36:48+00:00,2026-06-06 22:36:50+00:00,7418820000000.0,#3734,United States,USA,United States,New York,Forest Hills,"card, Magic",9008500000000.0,Sehrish Navratn Set,"category_necklace, eoss_02jun, EOSS_jan26",Default Title,26070.0,26070.0,26070.0,1,0.0,0.0,1.0,,26070.0,,1.0,1.0,0.0,1,,Returning,8338500000000.0,United States,False,False
XYZ Luxury,2026-06-07 00:00:00+00:00,INR,XYZ Luxury - magic checkout,2026-06-07 02:37:50+00:00,2026-06-07 02:37:50+00:00,2026-06-09 07:41:49+00:00,7419600000000.0,#3735,India,India,India,Punjab,Jalandhar,"card, Magic",9474310000000.0,panna choker set,"17-04, 17f, category_choker, category_necklace, sale-28",Default Title,8250.0,8250.0,8250.0,1,0.0,0.0,1.0,,8250.0,1.0,,1.0,0.0,1,,First-time,8982820000000.0,India,False,False
XYZ Luxury,2026-06-07 00:00:00+00:00,INR,Draft Orders,2026-06-07 06:05:35+00:00,2026-06-07 06:05:36+00:00,2026-06-07 06:05:37+00:00,7420340000000.0,#3736,India,India,India,Delhi,New Delhi,,9612420000000.0,Sangror Bridal Set,,Default Title,57750.0,57750.0,57750.0,1,0.0,0.0,1.0,,57750.0,,1.0,1.0,0.0,1,,Returning,9618770000000.0,India,False,False
XYZ Luxury,2026-06-07 00:00:00+00:00,INR,XYZ Luxury - magic checkout,2026-06-07 06:17:06+00:00,2026-06-07 06:17:06+00:00,2026-06-09 07:38:24+00:00,7420380000000.0,#3737,India,India,India,Punjab,JALANDHAR,"Magic, upi",8741480000000.0,Nazare Ring,"Bestseller_18sep, desc addition, eoss_02jun, EOSS_jan26, hp_rts09may",Default Title,3960.0,3960.0,3960.0,1,0.0,0.0,1.0,,3960.0,1.0,,1.0,0.0,1,,First-time,9634140000000.0,India,False,False
XYZ Luxury,2026-06-07 00:00:00+00:00,INR,XYZ Luxury - magic checkout,2026-06-07 06:42:56+00:00,2026-06-07 06:42:56+00:00,2026-06-09 06:06:04+00:00,7420460000000.0,#3738,India,India,India,Tripura,West Tripura,"Magic, upi",9478440000000.0,Suhair Ruby Mint Set,"17-04, 20-02, category_necklace, sale-28",Default Title,9570.0,9570.0,9570.0,1,0.0,0.0,1.0,,9570.0,1.0,,1.0,0.0,1,,First-time,9632530000000.0,India,False,False
XYZ Luxury,2026-06-07 00:00:00+00:00,INR,XYZ Luxury - magic checkout,2026-06-07 09:08:17+00:00,2026-06-07 09:08:17+00:00,2026-06-09 10:54:54+00:00,7420930000000.0,#3739,India,India,India,Tamil Nadu,Kangayam,"Magic, upi",9419570000000.0,Silver Oxidised Payal Pair,"17-04, category_payal, sale-28",Default Title,3960.0,3960.0,3960.0,1,0.0,0.0,1.0,,3960.0,1.0,,1.0,0.0,1,,First-time,9634600000000.0,India,False,False
XYZ Luxury,2026-06-07 00:00:00+00:00,INR,Draft Orders,2026-06-07 17:19:00+00:00,2026-06-07 17:19:00+00:00,2026-06-08 17:16:31+00:00,7422480000000.0,#3740,United States,USA,United States,Indiana,Fishers,,8182560000000.0,Moti Mahal Ring,"desc addition, eoss_02jun, EOSS_jan26, hp_rts09may",Default Title,3960.0,3960.0,3960.0,1,0.0,0.0,1.0,,3960.0,1.0,,1.0,0.0,1,,First-time,9635890000000.0,United States,False,False
XYZ Luxury,2026-06-08 00:00:00+00:00,INR,XYZ Luxury - magic checkout,2026-06-07 20:45:26+00:00,2026-06-07 20:45:26+00:00,2026-06-11 15:20:52+00:00,7422970000000.0,#3741,United States,USA,United States,Georgia,Lawrenceville,"Additional Notes, card, Magic",8592080000000.0,Chand Hair Clips Pair,"Bestseller_18sep, desc addition, eoss_02jun, EOSS_jan26, occasion",Default Title,6600.0,6600.0,6600.0,1,0.0,0.0,1.0,,6600.0,1.0,,1.0,0.0,1,,First-time,9636190000000.0,United States,False,False
XYZ Luxury,2026-06-08 00:00:00+00:00,INR,XYZ Luxury - magic checkout,2026-06-08 02:35:48+00:00,2026-06-08 02:35:48+00:00,2026-06-10 10:19:20+00:00,7423460000000.0,#3742,India,India,India,Punjab,Ludhiana,"Magic, upi",9620410000000.0,Chand golden Hair Clip,,Default Title,8000.0,8000.0,8000.0,1,0.0,0.0,1.0,,8000.0,1.0,,1.0,0.0,1,,First-time,9636870000000.0,India,False,False
XYZ Luxury,2026-06-08 00:00:00+00:00,INR,XYZ Luxury - magic checkout,2026-06-08 06:37:06+00:00,2026-06-08 06:37:06+00:00,2026-06-09 05:57:45+00:00,7423830000000.0,#3743,India,India,India,Jammu and Kashmir,Jammu,"Magic, upi",9419570000000.0,Oxidised Silver Payal PAir,"17-04, category_payal, sale-28",Default Title,5610.0,5610.0,5610.0,1,0.0,0.0,1.0,,5610.0,1.0,,1.0,0.0,1,,First-time,9637180000000.0,India,False,False
XYZ Luxury,2026-06-08 00:00:00+00:00,INR,XYZ Luxury - magic checkout,2026-06-08 07:19:13+00:00,2026-06-08 07:19:13+00:00,2026-06-08 07:19:15+00:00,7423870000000.0,#3744,India,India,India,Uttar Pradesh,Sonbhadra,"card, Magic",9419500000000.0,Chameli Payal Pair,"16ak, 17-04, category_payal, sale-28",Default Title,5610.0,5610.0,5610.0,1,0.0,0.0,1.0,,5610.0,1.0,,1.0,0.0,1,,First-time,9595040000000.0,India,False,False
XYZ Luxury,2026-06-08 00:00:00+00:00,INR,Draft Orders,2026-06-08 07:32:52+00:00,2026-06-08 07:32:53+00:00,2026-06-08 07:33:20+00:00,7423880000000.0,#3745,Australia,Rest of the World,Australia,Victoria,Bundoora,,9008490000000.0,Kinza Pearl Set,"3july-backup-dis, Bestseller_18sep, category_choker, category_necklace, eoss_02jun, EOSS_jan26",Default Title,12870.0,12870.0,12870.0,1,0.0,0.0,1.0,,12870.0,1.0,,1.0,0.0,1,,First-time,8904660000000.0,Australia,False,False
XYZ Luxury,2026-06-08 00:00:00+00:00,INR,XYZ Luxury - magic checkout,2026-06-08 08:26:49+00:00,2026-06-08 08:26:49+00:00,2026-06-08 08:26:51+00:00,7423940000000.0,#3746,India,India,India,Maharashtra,mumbai,"card, Magic",8768090000000.0,Gulzar Groom Sehra,"desc addition, eoss_02jun, EOSS_jan26",Default Title,29370.0,29370.0,29370.0,1,0.0,0.0,1.0,,29370.0,1.0,,1.0,0.0,1,,First-time,9598270000000.0,India,False,False
XYZ Luxury,2026-06-08 00:00:00+00:00,INR,XYZ Luxury - magic checkout,2026-06-08 09:58:03+00:00,2026-06-08 09:58:03+00:00,2026-06-08 09:58:05+00:00,7424140000000.0,#3747,India,India,India,Karnataka,Bengaluru,"card, Magic",8652470000000.0,Mahira Jhumki Earrings,"category_earring, desc addition, eoss_02jun, EOSS_jan26",Default Title,12210.0,12210.0,12210.0,1,0.0,0.0,1.0,,12210.0,1.0,,1.0,0.0,1,,First-time,9636980000000.0,India,False,False
XYZ Luxury,2026-06-08 00:00:00+00:00,INR,XYZ Luxury - magic checkout,2026-06-08 13:34:00+00:00,2026-06-08 13:34:00+00:00,2026-06-10 04:50:47+00:00,7425210000000.0,#3748,India,India,India,Delhi,Central Delhi,"card, Magic",9111080000000.0,Balbeer Necklace Set,"category_necklace, EOSS_jan26",Default Title,20455.38,20455.38,20455.38,1,0.0,0.0,1.0,,20455.38,,1.0,1.0,0.0,1,,Returning,7678270000000.0,India,False,False
XYZ Luxury,2026-06-08 00:00:00+00:00,INR,XYZ Luxury - magic checkout,2026-06-08 14:15:52+00:00,2026-06-08 14:15:52+00:00,2026-06-10 10:59:26+00:00,7425520000000.0,#3749,India,India,India,Rajasthan,JODHPUR,"Magic, upi",9474300000000.0,rubina choker set,"17-04, 17f, category_choker, category_necklace, sale-28",Default Title,9240.0,9240.0,9240.0,1,0.0,0.0,1.0,,9240.0,1.0,,1.0,0.0,1,,First-time,8671640000000.0,India,False,False
XYZ Luxury,2026-06-09 00:00:00+00:00,INR,Draft Orders,2026-06-09 09:02:11+00:00,2026-06-09 09:02:12+00:00,2026-06-10 10:36:59+00:00,7427570000000.0,#3750,India,India,India,Haryana,Gurugram,,8592080000000.0,Chand Hair Clips Pair,"Bestseller_18sep, desc addition, eoss_02jun, EOSS_jan26, occasion",Default Title,6600.0,6600.0,6600.0,1,0.0,0.0,1.0,,6600.0,1.0,,1.0,0.0,1,,First-time,9641110000000.0,India,False,False
XYZ Luxury,2026-06-09 00:00:00+00:00,INR,Draft Orders,2026-06-09 12:39:11+00:00,2026-06-09 12:39:12+00:00,2026-06-10 07:02:26+00:00,7427950000000.0,#3751,India,India,India,Karnataka,BENGALURU URBAN,,,,,,3270.0,3270.0,3270.0,1,0.0,0.0,1.0,,3270.0,,1.0,1.0,0.0,1,,Returning,9378080000000.0,India,True,False
XYZ Luxury,2026-06-09 00:00:00+00:00,INR,XYZ Luxury - magic checkout,2026-06-09 13:02:05+00:00,2026-06-09 13:02:05+00:00,2026-06-09 13:02:08+00:00,7428060000000.0,#3752,India,India,India,Madhya Pradesh,Indore,"Magic, upi",9612420000000.0,Nabha Nath,,Default Title,9788.14,9788.14,11550.0,1,0.0,0.0,1.0,,9788.14,1.0,,1.0,0.0,1,,First-time,9641570000000.0,India,False,False
XYZ Luxury,2026-06-09 00:00:00+00:00,INR,XYZ Luxury - magic checkout,2026-06-09 13:07:01+00:00,2026-06-09 13:07:01+00:00,2026-06-10 06:18:35+00:00,7428080000000.0,#3753,India,India,India,Haryana,panchkula,"card, Magic",8252950000000.0,Virsa Hair Clips Pair,"Bestseller_18sep, desc addition, eoss_02jun, EOSS_jan26, hp_rts09may, occasion",Default Title,7590.0,7590.0,7590.0,1,0.0,0.0,1.0,,7590.0,1.0,,1.0,0.0,1,,First-time,9611240000000.0,India,False,False
XYZ Luxury,2026-06-09 00:00:00+00:00,INR,XYZ Luxury - magic checkout,2026-06-09 13:32:25+00:00,2026-06-09 13:32:25+00:00,2026-06-09 13:32:26+00:00,7428150000000.0,#3754,India,India,India,Karnataka,Bangalore,"card, Magic",9111080000000.0,Bani Jhumki Earrings,"category_earring, EOSS_jan26",Default Title,7590.0,7590.0,7590.0,1,0.0,0.0,1.0,,7590.0,1.0,,1.0,0.0,1,,First-time,9627090000000.0,India,False,False
XYZ Luxury,2026-06-09 00:00:00+00:00,INR,XYZ Luxury - magic checkout,2026-06-09 14:13:44+00:00,2026-06-09 14:13:44+00:00,2026-06-11 07:59:30+00:00,7428300000000.0,#3755,India,India,India,Punjab,Mohali,"Magic, upi",9463360000000.0,jade thappa studs,category_earring,Default Title,5033.9,5033.9,5940.0,1,0.0,0.0,1.0,,5033.9,,1.0,1.0,0.0,1,,Returning,9194500000000.0,India,False,False
XYZ Luxury,2026-06-09 00:00:00+00:00,INR,XYZ Luxury - magic checkout,2026-06-09 16:50:06+00:00,2026-06-09 16:50:06+00:00,2026-06-11 08:53:10+00:00,7428870000000.0,#3756,United States,USA,United States,Indiana,Greenwood,"Magic, wallet",9563350000000.0,Pink Shell Pearl Chooda,,02-Apr,7260.0,7260.0,7260.0,1,0.0,0.0,1.0,,7260.0,1.0,,1.0,0.0,1,,First-time,9642380000000.0,United States,False,False
XYZ Luxury,2026-06-09 00:00:00+00:00,INR,XYZ Luxury - magic checkout,2026-06-09 17:32:30+00:00,2026-06-09 17:32:30+00:00,2026-06-12 21:35:49+00:00,7429030000000.0,#3757,United States,USA,United States,Indiana,Fort Wayne,"card, Magic",9475470000000.0,Firdaus Jhumki Earrings,"17-04, 18-02, category_earring, sale-28",Default Title,6600.0,6600.0,6600.0,1,0.0,0.0,1.0,,6600.0,,1.0,1.0,0.0,1,,Returning,9463230000000.0,United States,False,False
XYZ Luxury,2026-06-10 00:00:00+00:00,INR,XYZ Luxury - magic checkout,2026-06-10 02:57:33+00:00,2026-06-10 02:57:33+00:00,2026-06-10 02:57:35+00:00,7430220000000.0,#3758,United States,USA,United States,California,El Dorado Hills,"card, Magic",8745340000000.0,Sutlej Hair Pins Pair,"Bestseller_18sep, desc addition, eoss_02jun, EOSS_jan26",Default Title,7590.0,7590.0,7590.0,1,0.0,0.0,1.0,,7590.0,1.0,,1.0,0.0,1,,First-time,9643730000000.0,United States,False,False
XYZ Luxury,2026-06-10 00:00:00+00:00,INR,Draft Orders,2026-06-10 05:55:41+00:00,2026-06-10 05:55:42+00:00,2026-06-10 06:04:40+00:00,7430540000000.0,#3759,United States,USA,United States,Washington,Bellevue,,,,,,4500.0,4500.0,4500.0,1,0.0,0.0,1.0,,4500.0,,1.0,1.0,0.0,1,,Returning,9319580000000.0,United States,True,False
XYZ Luxury,2026-06-10 00:00:00+00:00,INR,XYZ Luxury - magic checkout,2026-06-10 06:45:26+00:00,2026-06-10 06:45:26+00:00,2026-06-10 18:20:25+00:00,7430610000000.0,#3760,India,India,India,Delhi,Delhi,"Magic, upi",9563990000000.0,Pippal Patti Waliyaan,sale-28,Default Title,3960.0,3960.0,3960.0,1,0.0,0.0,1.0,,3960.0,1.0,,1.0,0.0,1,,First-time,9644040000000.0,India,False,False
XYZ Luxury,2026-06-10 00:00:00+00:00,INR,XYZ Luxury - magic checkout,2026-06-10 11:08:49+00:00,2026-06-10 11:08:49+00:00,2026-06-11 07:50:37+00:00,7430910000000.0,#3761,India,India,India,Madhya Pradesh,Betul,"Magic, paylater",9570030000000.0,Nimrat Jhumki Earrings,,Default Title,14190.0,14190.0,14190.0,1,0.0,0.0,1.0,,14190.0,1.0,,1.0,0.0,1,,First-time,9644070000000.0,India,False,False
XYZ Luxury,2026-06-10 00:00:00+00:00,INR,XYZ Luxury - magic checkout,2026-06-10 12:09:35+00:00,2026-06-10 12:09:35+00:00,2026-06-12 08:03:55+00:00,7431020000000.0,#3762,United States,USA,United States,New Jersey,Monroe Township,"card, Magic",9111060000000.0,Neha Choker Set,"category_choker, Clearance Sale, EOSS_jan26",Default Title,18150.0,18150.0,18150.0,1,0.0,0.0,1.0,,18150.0,1.0,,1.0,0.0,1,,First-time,9644470000000.0,United States,False,False
XYZ Luxury,2026-06-10 00:00:00+00:00,INR,XYZ Luxury - magic checkout,2026-06-10 12:57:16+00:00,2026-06-10 12:57:16+00:00,2026-06-10 12:57:18+00:00,7431130000000.0,#3763,India,India,India,Punjab,Jalandhar,"card, Magic",9620400000000.0,Chand Ruby Hair Clip,,Default Title,8000.0,8000.0,8000.0,1,0.0,0.0,1.0,,8000.0,1.0,,1.0,0.0,1,,First-time,9644580000000.0,India,False,False
XYZ Luxury,2026-06-10 00:00:00+00:00,INR,XYZ Luxury - magic checkout,2026-06-10 14:43:26+00:00,2026-06-10 14:43:27+00:00,2026-06-10 14:43:28+00:00,7431520000000.0,#3764,India,India,India,Uttar Pradesh,Varanasi,,9219580000000.0,Farzana Earrings,"category_earring, EOSS_jan26",Default Title,8921.19,8921.19,10527.0,1,0.0,0.0,1.0,,8921.19,,1.0,1.0,0.0,1,,Returning,9582390000000.0,India,False,False
XYZ Luxury,2026-06-10 00:00:00+00:00,INR,XYZ Luxury - magic checkout,2026-06-10 15:23:41+00:00,2026-06-10 15:23:41+00:00,2026-06-11 07:46:46+00:00,7431680000000.0,#3765,India,India,India,Himachal Pradesh,Kangra,"card, Magic",9478430000000.0,Ahlam Studs,category_earring,Default Title,5009.4,5009.4,5009.4,1,0.0,0.0,1.0,,5009.4,,1.0,1.0,0.0,1,,Returning,8668280000000.0,India,False,False
XYZ Luxury,2026-06-10 00:00:00+00:00,INR,XYZ Luxury - magic checkout,2026-06-10 15:39:55+00:00,2026-06-10 15:39:55+00:00,2026-06-11 06:08:16+00:00,7431720000000.0,#3766,India,India,India,Haryana,Kurukshetra,"Magic, upi",9463370000000.0,Barmi Studs,category_earring,Default Title,3915.25,3915.25,4620.0,1,0.0,0.0,1.0,,3915.25,1.0,,1.0,0.0,1,,First-time,9640870000000.0,India,False,False
XYZ Luxury,2026-06-10 00:00:00+00:00,INR,Draft Orders,2026-06-10 18:01:11+00:00,2026-06-10 18:01:11+00:00,2026-06-11 05:49:32+00:00,7432250000000.0,#3767,India,India,India,Delhi,New Delhi,,9008490000000.0,Jindaa’n Vaaliyaan,"category_earring, eoss_02jun, EOSS_jan26",Default Title,11550.0,11550.0,11550.0,1,0.0,0.0,1.0,,11550.0,1.0,,1.0,0.0,1,,First-time,9645630000000.0,India,False,False
XYZ Luxury,2026-06-10 00:00:00+00:00,INR,Draft Orders,2026-06-10 18:16:15+00:00,2026-06-10 18:16:15+00:00,2026-06-11 10:53:28+00:00,7432290000000.0,#3768,India,India,India,Maharashtra,Mumbai,QR_COD_Confirmed,9111080000000.0,Raji Necklace Set,"category_necklace, EOSS_jan26",Default Title,24750.0,24750.0,24750.0,1,0.0,0.0,1.0,,24750.0,1.0,,1.0,0.0,1,,First-time,9645680000000.0,India,False,False
XYZ Luxury,2026-06-11 00:00:00+00:00,INR,XYZ Luxury - magic checkout,2026-06-10 19:00:26+00:00,2026-06-10 19:00:26+00:00,2026-06-11 17:01:37+00:00,7432410000000.0,#3769,India,India,India,Chandigarh,mohali,"Magic, wallet",9614370000000.0,Suhair Necklace Set,,Default Title,9570.0,9570.0,9570.0,1,0.0,0.0,1.0,,9570.0,,1.0,1.0,0.0,1,,Returning,8335780000000.0,India,False,False
XYZ Luxury,2026-06-11 00:00:00+00:00,INR,XYZ Luxury - magic checkout,2026-06-11 00:43:54+00:00,2026-06-11 00:43:54+00:00,2026-06-14 03:29:33+00:00,7433030000000.0,#3770,Canada,Rest of the World,Canada,British Columbia,Surrey,"card, Magic",9478440000000.0,Tasneem Necklace Set,"17-04, 20-02, category_choker, category_necklace, sale-28",Default Title,6600.0,6600.0,6600.0,1,0.0,0.0,1.0,,6600.0,1.0,,1.0,0.0,1,,First-time,9557990000000.0,Canada,False,False
XYZ Luxury,2026-06-11 00:00:00+00:00,INR,XYZ Luxury - magic checkout,2026-06-11 01:08:12+00:00,2026-06-11 01:08:12+00:00,2026-06-14 03:29:37+00:00,7433060000000.0,#3771,Canada,Rest of the World,Canada,Ontario,Markham,"Magic, upi",8914210000000.0,Moti Mahal Bangles,"3july-backup-dis, Bestseller_18sep, category_bangles, eoss_02jun, EOSS_jan26, hp_rts09may, Silver Bangles",02-Apr,4174.5,4174.5,4174.5,1,0.0,0.0,1.0,,4174.5,1.0,,1.0,0.0,1,,First-time,9636820000000.0,Canada,False,False
XYZ Luxury,2026-06-11 00:00:00+00:00,INR,XYZ Luxury - magic checkout,2026-06-11 07:42:13+00:00,2026-06-11 07:42:13+00:00,2026-06-11 13:02:06+00:00,7433650000000.0,#3772,India,India,India,Punjab,JALANDHAR,"Magic, upi",8652470000000.0,Shabnam Choker Set,"category_choker, desc addition, eoss_02jun, EOSS_jan26, hp_rts09may",Default Title,14611.08,14611.08,14611.08,1,0.0,0.0,1.0,,14611.08,1.0,,1.0,0.0,1,,First-time,9647050000000.0,India,False,False
XYZ Luxury,2026-06-11 00:00:00+00:00,INR,XYZ Luxury - magic checkout,2026-06-11 12:08:16+00:00,2026-06-11 12:08:16+00:00,2026-06-11 12:08:18+00:00,7434160000000.0,#3773,United States,USA,United States,New Jersey,Burlington,"card, Magic",9224500000000.0,Waani Handpieces Pair,"category_hand pieces, Clearance Sale, EOSS_jan26",Default Title,23958.0,23958.0,23958.0,1,0.0,0.0,2.0,,23958.0,1.0,,2.0,0.0,1,,First-time,9647580000000.0,United States,False,False
XYZ Luxury,2026-06-11 00:00:00+00:00,INR,XYZ Luxury - magic checkout,2026-06-11 13:47:23+00:00,2026-06-11 13:47:23+00:00,2026-06-12 07:49:06+00:00,7434550000000.0,#3774,India,India,India,Haryana,Hisar,"card, Magic",9569980000000.0,Noori Jhumki Earrings,17-04ak,Default Title,5940.0,5940.0,5940.0,1,0.0,0.0,1.0,,5940.0,1.0,,1.0,0.0,1,,First-time,9647810000000.0,India,False,False
XYZ Luxury,2026-06-11 00:00:00+00:00,INR,XYZ Luxury - magic checkout,2026-06-11 14:15:54+00:00,2026-06-11 14:15:54+00:00,2026-06-12 09:52:14+00:00,7434670000000.0,#3775,India,India,India,Karnataka,BANGALORE,"card, Magic",8924030000000.0,Antique Gold Studs,"3july-backup-dis, category_earring, eoss_02jun, EOSS_jan26",Default Title,5009.4,5009.4,5009.4,1,0.0,0.0,1.0,,5009.4,,1.0,1.0,0.0,1,,Returning,9647810000000.0,India,False,False
XYZ Luxury,2026-06-11 00:00:00+00:00,INR,XYZ Luxury - magic checkout,2026-06-11 15:09:14+00:00,2026-06-11 15:09:14+00:00,2026-06-12 08:20:00+00:00,7434900000000.0,#3776,India,India,India,West Bengal,Howrah,"card, Magic",8252950000000.0,Virsa Hair Clips Pair,"Bestseller_18sep, desc addition, eoss_02jun, EOSS_jan26, hp_rts09may, occasion",Default Title,7590.0,7590.0,7590.0,1,0.0,0.0,1.0,,7590.0,1.0,,1.0,0.0,1,,First-time,9648240000000.0,India,False,False
XYZ Luxury,2026-06-12 00:00:00+00:00,INR,XYZ Luxury - magic checkout,2026-06-12 02:27:58+00:00,2026-06-12 02:27:58+00:00,2026-06-12 07:40:12+00:00,7436600000000.0,#3777,India,India,India,Maharashtra,Pune,"card, Magic",9561820000000.0,Rangoli Hasli Only,,Default Title,9570.0,9570.0,9570.0,1,0.0,0.0,1.0,,9570.0,1.0,,1.0,0.0,1,,First-time,9647040000000.0,India,False,False
XYZ Luxury,2026-06-12 00:00:00+00:00,INR,XYZ Luxury - magic checkout,2026-06-12 02:46:56+00:00,2026-06-12 02:46:56+00:00,2026-06-12 02:46:58+00:00,7436620000000.0,#3778,India,India,India,Uttar Pradesh,Noida,"card, Magic",9570710000000.0,Rabab Pippal Patti Set,,Default Title,21780.0,21780.0,21780.0,1,0.0,0.0,1.0,,21780.0,,1.0,1.0,0.0,1,,Returning,9619540000000.0,India,False,False
XYZ Luxury,2026-06-12 00:00:00+00:00,INR,XYZ Luxury - magic checkout,2026-06-12 03:21:48+00:00,2026-06-12 03:21:48+00:00,2026-06-12 03:21:51+00:00,7436680000000.0,#3779,United States,USA,United States,Maryland,Germantown,"card, Magic",8115610000000.0,Rida Choker Set with Tika,"3july-backup-dis, Bestseller_18sep, category_choker, category_necklace, desc addition, eoss_02jun, EOSS_jan26, hp_rts09may, occasion",Default Title,24750.0,24750.0,24750.0,1,0.0,0.0,1.0,,24750.0,1.0,,1.0,0.0,1,,First-time,9649740000000.0,United States,False,False
XYZ Luxury,2026-06-12 00:00:00+00:00,INR,XYZ Luxury - magic checkout,2026-06-12 04:28:57+00:00,2026-06-12 04:28:57+00:00,2026-06-13 12:36:09+00:00,7436810000000.0,#3780,Australia,Rest of the World,Australia,Victoria,Cranbourne North,"Magic, wallet",9627600000000.0,Rinki Bracelet,10june..,Default Title,1800.0,1800.0,1800.0,1,0.0,0.0,1.0,,1800.0,1.0,,1.0,0.0,1,,First-time,9640890000000.0,Australia,False,False
XYZ Luxury,2026-06-12 00:00:00+00:00,INR,XYZ Luxury - magic checkout,2026-06-12 06:12:12+00:00,2026-06-12 06:12:12+00:00,2026-06-12 06:39:48+00:00,7436980000000.0,#3781,India,India,India,Punjab,GURDASPUR,"Magic, upi",9627590000000.0,Sita Bracelet,10june..,Default Title,1800.0,1800.0,1800.0,1,0.0,0.0,1.0,,1800.0,1.0,,1.0,0.0,1,,First-time,9649970000000.0,India,False,False
XYZ Luxury,2026-06-12 00:00:00+00:00,INR,XYZ Luxury - magic checkout,2026-06-12 07:47:01+00:00,2026-06-12 07:47:01+00:00,2026-06-12 09:18:56+00:00,7437100000000.0,#3782,India,India,India,Madhya Pradesh,"Indore Area, India","Magic, upi",8745340000000.0,Sutlej Hair Pins Pair,"Bestseller_18sep, desc addition, eoss_02jun, EOSS_jan26",Default Title,7590.0,7590.0,7590.0,1,0.0,0.0,1.0,,7590.0,1.0,,1.0,0.0,1,,First-time,9650090000000.0,India,False,False
XYZ Luxury,2026-06-12 00:00:00+00:00,INR,XYZ Luxury - magic checkout,2026-06-12 10:01:53+00:00,2026-06-12 10:01:53+00:00,2026-06-12 10:01:55+00:00,7437260000000.0,#3783,India,India,India,Punjab,Rupnagar,"Magic, upi",9472680000000.0,Saleem Choker Set with Tikka,"category_choker, category_necklace",Default Title,39270.0,39270.0,39270.0,1,0.0,0.0,1.0,,39270.0,1.0,,1.0,0.0,1,,First-time,9650260000000.0,India,False,False
XYZ Luxury,2026-06-12 00:00:00+00:00,INR,XYZ Luxury - magic checkout,2026-06-12 12:59:44+00:00,2026-06-12 12:59:44+00:00,2026-06-13 11:58:30+00:00,7437680000000.0,#3784,India,India,India,Delhi,South West Delhi,"Magic, upi",9631280000000.0,Chinu Waliyaan,10june..,Default Title,1800.0,1800.0,1800.0,1,0.0,0.0,1.0,,1800.0,,1.0,1.0,0.0,1,,Returning,9565450000000.0,India,False,False
XYZ Luxury,2026-06-12 00:00:00+00:00,INR,XYZ Luxury - magic checkout,2026-06-12 16:47:35+00:00,2026-06-12 16:47:35+00:00,2026-06-12 16:47:37+00:00,7438660000000.0,#3785,United States,USA,United States,California,Fresno,"card, Magic",9478430000000.0,Ahlam Studs,category_earring,Default Title,5009.4,5009.4,5009.4,1,0.0,0.0,1.0,,5009.4,1.0,,1.0,0.0,1,,First-time,9646190000000.0,United States,False,False
XYZ Luxury,2026-06-13 00:00:00+00:00,INR,XYZ Luxury - magic checkout,2026-06-12 19:36:05+00:00,2026-06-12 19:36:05+00:00,2026-06-16 08:25:13+00:00,7439200000000.0,#3786,India,India,India,Punjab,Sangrur,"Magic, wallet",8924020000000.0,Sabina Bangles Set,"17-04, 3july-backup-dis, Bestseller_18sep, category_bangles, eoss_02jun, EOSS_jan26, hp_rts09may, sale-28, Silver Bangles",02-Aug,8331.84,8331.84,8331.84,1,0.0,0.0,2.0,,8331.84,1.0,,2.0,0.0,1,,First-time,9652260000000.0,India,False,False
XYZ Luxury,2026-06-13 00:00:00+00:00,INR,XYZ Luxury - magic checkout,2026-06-13 04:24:25+00:00,2026-06-13 04:24:25+00:00,2026-06-13 12:54:23+00:00,7440710000000.0,#3787,India,India,India,Delhi,South West Delhi,"Magic, upi",9418090000000.0,Rosy Antique Bangles 4pc,"17-04, category_bangles, sale-28",02-Apr,3960.0,3960.0,3960.0,1,0.0,0.0,1.0,,3960.0,1.0,,1.0,0.0,1,,First-time,9653540000000.0,India,False,False
XYZ Luxury,2026-06-13 00:00:00+00:00,INR,XYZ Luxury - magic checkout,2026-06-13 06:11:35+00:00,2026-06-13 06:11:35+00:00,2026-06-16 13:01:23+00:00,7441030000000.0,#3788,India,India,India,Kerala,Kochi,"Magic, upi",9570020000000.0,Hira Mahal Earrings,,Default Title,12870.0,12870.0,12870.0,1,0.0,0.0,1.0,,12870.0,1.0,,1.0,0.0,1,,First-time,9653760000000.0,India,False,False
XYZ Luxury,2026-06-13 00:00:00+00:00,INR,Draft Orders,2026-06-13 06:17:01+00:00,2026-06-13 06:17:01+00:00,2026-06-13 06:17:02+00:00,7441040000000.0,#3789,United States,USA,United States,New York,N Bellmore,,9428130000000.0,Deepa Tikka,category_tikka,Default Title,4620.0,4620.0,4620.0,1,0.0,0.0,1.0,,4620.0,1.0,,1.0,0.0,1,,First-time,9653770000000.0,United States,False,False
XYZ Luxury,2026-06-13 00:00:00+00:00,INR,XYZ Luxury - magic checkout,2026-06-13 10:04:27+00:00,2026-06-13 10:04:27+00:00,2026-06-13 11:48:59+00:00,7441640000000.0,#3791,India,India,India,Uttar Pradesh,Noida,"Magic, upi",9567980000000.0,Madhuri Hasli Only,"16ap, 17-04",Default Title,9900.0,9900.0,9900.0,1,0.0,0.0,1.0,,9900.0,1.0,,1.0,0.0,1,,First-time,9654250000000.0,India,False,False
XYZ Luxury,2026-06-13 00:00:00+00:00,INR,XYZ Luxury - magic checkout,2026-06-13 10:03:41+00:00,2026-06-13 10:03:41+00:00,2026-06-13 12:54:09+00:00,7441640000000.0,#3790,India,India,India,Delhi,South West Delhi,"Magic, upi",8924020000000.0,Sarab Antique Bangles Pair,"category_bangles, eoss_02jun, EOSS_jan26",02-Apr,18785.58,18785.58,18785.58,1,0.0,0.0,1.0,,18785.58,,1.0,1.0,0.0,1,,Returning,9653540000000.0,India,False,False
XYZ Luxury,2026-06-13 00:00:00+00:00,INR,XYZ Luxury - magic checkout,2026-06-13 13:48:21+00:00,2026-06-13 13:48:21+00:00,2026-06-16 07:58:08+00:00,7442380000000.0,#3792,India,India,India,Gujarat,Vadodara,"card, Magic",8914210000000.0,Moti Mahal Bangles,"3july-backup-dis, Bestseller_18sep, category_bangles, eoss_02jun, EOSS_jan26, hp_rts09may, Silver Bangles",02-Jun,8349.0,8349.0,8349.0,1,0.0,0.0,2.0,,8349.0,,1.0,2.0,0.0,1,,Returning,8854080000000.0,India,False,False
XYZ Luxury,2026-06-13 00:00:00+00:00,INR,XYZ Luxury - magic checkout,2026-06-13 14:52:40+00:00,2026-06-13 14:52:40+00:00,2026-06-13 14:57:41+00:00,7442620000000.0,#3793,India,India,India,Tamil Nadu,Ranipet,"Magic, upi",9008490000000.0,Kinza Pearl Set,"3july-backup-dis, Bestseller_18sep, category_choker, category_necklace, eoss_02jun, EOSS_jan26",Default Title,12870.0,12870.0,12870.0,1,0.0,0.0,1.0,,12870.0,,1.0,1.0,0.0,1,,Returning,8583990000000.0,India,False,False
XYZ Luxury,2026-06-13 00:00:00+00:00,INR,XYZ Luxury - magic checkout,2026-06-13 15:43:20+00:00,2026-06-13 15:43:20+00:00,2026-06-13 15:43:22+00:00,7442830000000.0,#3794,India,India,India,Kerala,Alwaye,"Magic, upi",8713970000000.0,Panjab Matha Patti,"desc addition, eoss_02jun, EOSS_jan26, hp_rts09may",Default Title,12870.0,12870.0,12870.0,1,0.0,0.0,1.0,,12870.0,,1.0,1.0,0.0,1,,Returning,8583990000000.0,India,False,False
XYZ Luxury,2026-06-13 00:00:00+00:00,INR,XYZ Luxury - magic checkout,2026-06-13 16:01:43+00:00,2026-06-13 16:01:43+00:00,2026-06-13 17:21:35+00:00,7442900000000.0,#3795,India,India,India,Delhi,South West Delhi,"Magic, upi",9008490000000.0,Kinza Pearl Set,"3july-backup-dis, Bestseller_18sep, category_choker, category_necklace, eoss_02jun, EOSS_jan26",Default Title,12870.0,12870.0,12870.0,1,0.0,0.0,1.0,,12870.0,,1.0,1.0,0.0,1,,Returning,9653540000000.0,India,False,False
XYZ Luxury,2026-06-14 00:00:00+00:00,INR,XYZ Luxury - magic checkout,2026-06-13 18:43:12+00:00,2026-06-13 18:43:12+00:00,2026-06-13 18:43:14+00:00,7443540000000.0,#3796,India,India,India,Karnataka,Bengaluru,"Magic, upi",9463350000000.0,simi studs,category_earring,Default Title,3355.94,3355.94,3960.0,1,0.0,0.0,1.0,,3355.94,1.0,,1.0,0.0,1,,First-time,9655730000000.0,India,False,False
XYZ Luxury,2026-06-14 00:00:00+00:00,INR,XYZ Luxury - magic checkout,2026-06-13 20:38:06+00:00,2026-06-13 20:38:06+00:00,2026-06-16 08:03:36+00:00,7443950000000.0,#3797,India,India,India,Haryana,Gurgaon,"Magic, upi",9567630000000.0,Nayab Bangle 4pc,"16ap, 17-04",02-Aug,3300.0,3300.0,3300.0,1,0.0,0.0,1.0,,3300.0,1.0,,1.0,0.0,1,,First-time,9656000000000.0,India,False,False
XYZ Luxury,2026-06-14 00:00:00+00:00,INR,XYZ Luxury - magic checkout,2026-06-13 23:24:47+00:00,2026-06-13 23:24:47+00:00,2026-06-13 23:24:48+00:00,7444490000000.0,#3798,Australia,Rest of the World,Australia,Queensland,New Beith,"Magic, upi",9627590000000.0,Heena Chain,10june..,Default Title,1800.0,1800.0,1800.0,1,0.0,0.0,1.0,,1800.0,1.0,,1.0,0.0,1,,First-time,9656380000000.0,Australia,False,False
XYZ Luxury,2026-06-14 00:00:00+00:00,INR,XYZ Luxury - magic checkout,2026-06-14 01:51:44+00:00,2026-06-14 01:51:44+00:00,2026-06-16 08:07:56+00:00,7444950000000.0,#3799,India,India,India,Delhi,South West Delhi,"Magic, upi",8924020000000.0,Raunaq Antique Bangles,"17-04, 3july-backup-dis, Bestseller_18sep, category_bangles, eoss_02jun, EOSS_jan26, hp_rts09may, sale-28, Silver Bangles",02-Apr,4165.92,4165.92,4165.92,1,0.0,0.0,1.0,,4165.92,,1.0,1.0,0.0,1,,Returning,9653540000000.0,India,False,False
XYZ Luxury,2026-06-14 00:00:00+00:00,INR,Draft Orders,2026-06-14 06:48:32+00:00,2026-06-14 06:48:32+00:00,2026-06-16 09:56:03+00:00,7446010000000.0,#3800,India,India,India,Punjab,Ludhiana,,8115610000000.0,Rida Choker Set with Tika,"3july-backup-dis, Bestseller_18sep, category_choker, category_necklace, desc addition, eoss_02jun, EOSS_jan26, hp_rts09may, occasion",Default Title,24750.0,24750.0,24750.0,1,0.0,0.0,1.0,,24750.0,1.0,,1.0,0.0,1,,First-time,9657460000000.0,India,False,False
XYZ Luxury,2026-06-14 00:00:00+00:00,INR,XYZ Luxury - magic checkout,2026-06-14 10:10:55+00:00,2026-06-14 10:10:55+00:00,2026-06-16 12:12:09+00:00,7447160000000.0,#3801,India,India,India,Uttar Pradesh,Ghaziabad,"Magic, upi",9472680000000.0,Dil Hair Clips Pair,category_hair clips,Default Title,9570.0,9570.0,9570.0,1,0.0,0.0,1.0,,9570.0,1.0,,1.0,0.0,1,,First-time,9658460000000.0,India,False,False
XYZ Luxury,2026-06-14 00:00:00+00:00,INR,XYZ Luxury - magic checkout,2026-06-14 11:24:51+00:00,2026-06-14 11:24:51+00:00,2026-06-16 10:04:13+00:00,7447520000000.0,#3802,India,India,India,Maharashtra,Pune,"Magic, upi",9474390000000.0,panna studs,"17-04, 17f, category_earring, sale-28",Default Title,4620.0,4620.0,4620.0,1,0.0,0.0,1.0,,4620.0,1.0,,1.0,0.0,1,,First-time,8642230000000.0,India,False,False
XYZ Luxury,2026-06-14 00:00:00+00:00,INR,XYZ Luxury - magic checkout,2026-06-14 15:41:27+00:00,2026-06-14 15:41:27+00:00,2026-06-14 15:41:29+00:00,7448800000000.0,#3803,India,India,India,Tamil Nadu,Tiruvallur,"card, Magic",9419680000000.0,Savi Jhumki Earrings,category_earring,Default Title,9900.0,9900.0,9900.0,1,0.0,0.0,1.0,,9900.0,1.0,,1.0,0.0,1,,First-time,9659800000000.0,India,False,False
XYZ Luxury,2026-06-14 00:00:00+00:00,INR,XYZ Luxury - magic checkout,2026-06-14 16:25:37+00:00,2026-06-14 16:25:37+00:00,2026-06-16 08:31:58+00:00,7448980000000.0,#3804,India,India,India,Maharashtra,Pune City,"Additional Notes, Magic, upi",8652470000000.0,Moti Mahal Studs,"Bestseller_18sep, category_earring, desc addition, eoss_02jun, EOSS_jan26",Default Title,5009.4,5009.4,5009.4,1,0.0,0.0,1.0,,5009.4,1.0,,1.0,0.0,1,,First-time,8987450000000.0,India,False,False
XYZ Luxury,2026-06-15 00:00:00+00:00,INR,XYZ Luxury - magic checkout,2026-06-14 18:38:17+00:00,2026-06-14 18:38:17+00:00,2026-06-18 07:28:26+00:00,7449530000000.0,#3805,United States,USA,United States,Ohio,Liberty township,"card, Magic",9475470000000.0,Madhur Jhumki Earrings,"17-04, 18-02, category_earring, sale-28",Default Title,5940.0,5940.0,5940.0,1,0.0,0.0,1.0,,5940.0,1.0,,1.0,0.0,1,,First-time,9660290000000.0,United States,False,False
XYZ Luxury,2026-06-15 00:00:00+00:00,INR,Draft Orders,2026-06-14 20:50:33+00:00,2026-06-14 20:50:33+00:00,2026-06-16 11:57:29+00:00,7450020000000.0,#3806,India,India,India,Karnataka,Bengaluru,,9111080000000.0,Rida Pearl Choker Set with Tikka,"Bestseller_18sep, category_choker, EOSS_jan26",Default Title,24750.0,24750.0,24750.0,1,0.0,0.0,1.0,,24750.0,1.0,,1.0,0.0,1,,First-time,9660610000000.0,India,False,False
XYZ Luxury,2026-06-15 00:00:00+00:00,INR,XYZ Luxury - magic checkout,2026-06-14 22:33:23+00:00,2026-06-14 22:33:23+00:00,2026-06-16 07:49:18+00:00,7450160000000.0,#3807,India,India,India,Rajasthan,JAIPUR,"Magic, upi",9631280000000.0,Veena Choker Set,10june..,Default Title,6000.0,6000.0,6000.0,1,0.0,0.0,1.0,,6000.0,1.0,,1.0,0.0,1,,First-time,9660760000000.0,India,False,False
XYZ Luxury,2026-06-15 00:00:00+00:00,INR,XYZ Luxury - magic checkout,2026-06-14 23:02:11+00:00,2026-06-14 23:02:11+00:00,2026-06-14 23:02:13+00:00,7450190000000.0,#3808,Canada,Rest of the World,Canada,Saskatchewan,Saskatoon,"card, Magic",9639670000000.0,Jassi Stud,,Default Title,2400.0,2400.0,2400.0,1,0.0,0.0,1.0,,2400.0,,1.0,1.0,0.0,1,,Returning,9244720000000.0,Canada,False,False
XYZ Luxury,2026-06-15 00:00:00+00:00,INR,XYZ Luxury - magic checkout,2026-06-15 01:56:14+00:00,2026-06-15 01:56:14+00:00,2026-06-15 01:56:16+00:00,7450730000000.0,#3809,Canada,Rest of the World,Canada,British Columbia,Burnaby,"Magic, wallet",9570740000000.0,Emreen Earrings,,Default Title,6600.0,6600.0,6600.0,1,0.0,0.0,1.0,,6600.0,,1.0,1.0,0.0,1,,Returning,8694510000000.0,Canada,False,False
XYZ Luxury,2026-06-15 00:00:00+00:00,INR,XYZ Luxury - magic checkout,2026-06-15 02:56:33+00:00,2026-06-15 02:56:33+00:00,2026-06-15 02:56:34+00:00,7450810000000.0,#3810,India,India,India,Tamil Nadu,Coimbatore,"Magic, upi",9007770000000.0,Shanza Kundan Tikka,"category_tikka, eoss_02jun, EOSS_jan26",Default Title,10890.0,10890.0,10890.0,1,0.0,0.0,1.0,,10890.0,,1.0,1.0,0.0,1,,Returning,9160590000000.0,India,False,False
XYZ Luxury,2026-06-15 00:00:00+00:00,INR,XYZ Luxury - magic checkout,2026-06-15 03:06:27+00:00,2026-06-15 03:06:27+00:00,2026-06-16 07:35:33+00:00,7450830000000.0,#3811,India,India,India,Jammu and Kashmir,RAJAURI,"Magic, upi",9627590000000.0,Rennu Chain,10june..,Default Title,1800.0,1800.0,1800.0,1,0.0,0.0,1.0,,1800.0,1.0,,1.0,0.0,1,,First-time,9661430000000.0,India,False,False
XYZ Luxury,2026-06-15 00:00:00+00:00,INR,XYZ Luxury - magic checkout,2026-06-15 03:09:11+00:00,2026-06-15 03:09:11+00:00,2026-06-15 03:09:13+00:00,7450830000000.0,#3812,United States,USA,United States,Ohio,Streetsboro,"Additional Notes, card, Magic",9570030000000.0,Nimrat Tikka,,Default Title,5610.0,5610.0,5610.0,1,0.0,0.0,1.0,,5610.0,1.0,,1.0,0.0,1,,First-time,9661440000000.0,United States,False,False
XYZ Luxury,2026-06-15 00:00:00+00:00,INR,Draft Orders,2026-06-15 05:46:47+00:00,2026-06-15 05:46:48+00:00,2026-06-16 07:28:29+00:00,7451110000000.0,#3813,India,India,India,Delhi,New Delhi,,9627580000000.0,Minni Chain,10june..,Default Title,2400.0,2400.0,2400.0,1,0.0,0.0,1.0,,2400.0,1.0,,1.0,0.0,1,,First-time,8313660000000.0,India,False,False
XYZ Luxury,2026-06-15 00:00:00+00:00,INR,XYZ Luxury - magic checkout,2026-06-15 06:38:10+00:00,2026-06-15 06:38:10+00:00,2026-06-16 09:39:09+00:00,7451170000000.0,#3814,India,India,India,Kerala,Ernakulam,"card, Magic",8745340000000.0,Sutlej Hair Pins Pair,"Bestseller_18sep, desc addition, eoss_02jun, EOSS_jan26",Default Title,7590.0,7590.0,7590.0,1,0.0,0.0,1.0,,7590.0,,1.0,1.0,0.0,1,,Returning,8583990000000.0,India,False,False
XYZ Luxury,2026-06-15 00:00:00+00:00,INR,Draft Orders,2026-06-15 06:44:23+00:00,2026-06-15 06:44:24+00:00,2026-06-15 06:44:25+00:00,7451180000000.0,#3815,United States,USA,United States,California,Roseville,,9563990000000.0,Rimpi Shell Pearl Chooda,,02-Jun,8580.0,8580.0,8580.0,1,0.0,0.0,1.0,,8580.0,1.0,,1.0,0.0,1,,First-time,9653780000000.0,United States,False,False
XYZ Luxury,2026-06-15 00:00:00+00:00,INR,XYZ Luxury - magic checkout,2026-06-15 07:54:31+00:00,2026-06-15 07:54:31+00:00,2026-06-15 07:54:33+00:00,7451260000000.0,#3816,India,India,India,Haryana,Gurugram,"Magic, upi",8149440000000.0,Sahiba Antique Openable Bangles,"category_bangles, desc addition, eoss_02jun, EOSS_jan26",02-Jun,19470.0,19470.0,19470.0,1,0.0,0.0,1.0,,19470.0,,1.0,1.0,0.0,1,,Returning,9355360000000.0,India,False,False
XYZ Luxury,2026-06-15 00:00:00+00:00,INR,XYZ Luxury - magic checkout,2026-06-15 08:03:21+00:00,2026-06-15 08:03:21+00:00,2026-06-16 07:24:07+00:00,7451270000000.0,#3817,India,India,India,Delhi,SOUTH,"Magic, upi",9631280000000.0,Gini Waliyaan,10june..,Default Title,1800.0,1800.0,1800.0,1,0.0,0.0,1.0,,1800.0,1.0,,1.0,0.0,1,,First-time,9661760000000.0,India,False,False
XYZ Luxury,2026-06-15 00:00:00+00:00,INR,XYZ Luxury - magic checkout,2026-06-15 08:18:25+00:00,2026-06-15 08:18:25+00:00,2026-06-15 08:18:26+00:00,7451290000000.0,#3818,India,India,India,Punjab,Jalandhar,"Magic, upi",8147790000000.0,Virasat Choker Set,"category_choker, category_necklace, desc addition, eoss_02jun, EOSS_jan26, hp_rts09may, occasion",Default Title,22770.0,22770.0,22770.0,1,0.0,0.0,1.0,,22770.0,1.0,,1.0,0.0,1,,First-time,9661790000000.0,India,False,False
XYZ Luxury,2026-06-15 00:00:00+00:00,INR,XYZ Luxury - magic checkout,2026-06-15 09:02:35+00:00,2026-06-15 09:02:35+00:00,2026-06-16 07:21:28+00:00,7451330000000.0,#3819,India,India,India,Karnataka,Bengaluru,"Magic, upi",9631280000000.0,Gini Waliyaan,10june..,Default Title,1800.0,1800.0,1800.0,1,0.0,0.0,1.0,,1800.0,,1.0,1.0,0.0,1,,Returning,9612610000000.0,India,False,False
XYZ Luxury,2026-06-15 00:00:00+00:00,INR,XYZ Luxury - magic checkout,2026-06-15 09:36:38+00:00,2026-06-15 09:36:38+00:00,2026-06-16 07:16:42+00:00,7451370000000.0,#3820,India,India,India,Uttar Pradesh,Gautam Buddha Nagar,"Additional Notes, Magic, upi",9627590000000.0,Geeta Chain,10june..,Default Title,2400.0,2400.0,2400.0,1,0.0,0.0,1.0,,2400.0,,1.0,1.0,0.0,1,,Returning,8782480000000.0,India,False,False
XYZ Luxury,2026-06-15 00:00:00+00:00,INR,XYZ Luxury - magic checkout,2026-06-15 09:43:07+00:00,2026-06-15 09:43:07+00:00,2026-06-16 07:08:15+00:00,7451380000000.0,#3821,India,India,India,Jammu and Kashmir,Doda,"Magic, upi",9631280000000.0,Noor Waliyaan,10june..,Default Title,1920.0,1920.0,1920.0,1,0.0,0.0,1.0,,1920.0,1.0,,1.0,0.0,1,,First-time,9661870000000.0,India,False,False
XYZ Luxury,2026-06-15 00:00:00+00:00,INR,XYZ Luxury - magic checkout,2026-06-15 12:42:26+00:00,2026-06-15 12:42:26+00:00,2026-06-15 12:42:29+00:00,7451690000000.0,#3822,India,India,India,Karnataka,Bengaluru,"Magic, upi",9463350000000.0,Agya studs,category_earring,Default Title,4754.24,4754.24,5610.0,1,0.0,0.0,1.0,,4754.24,1.0,,1.0,0.0,1,,First-time,9662170000000.0,India,False,False
XYZ Luxury,2026-06-15 00:00:00+00:00,INR,XYZ Luxury - magic checkout,2026-06-15 13:04:58+00:00,2026-06-15 13:04:58+00:00,2026-06-16 07:05:05+00:00,7451800000000.0,#3823,India,India,India,Haryana,Gurugram,"Magic, upi",9627610000000.0,RITU Bracelet.,10june..,Default Title,1800.0,1800.0,1800.0,1,0.0,0.0,1.0,,1800.0,,1.0,1.0,0.0,1,,Returning,8698980000000.0,India,False,False
XYZ Luxury,2026-06-15 00:00:00+00:00,INR,XYZ Luxury - magic checkout,2026-06-15 15:27:22+00:00,2026-06-15 15:27:22+00:00,2026-06-15 15:27:24+00:00,7452080000000.0,#3824,United States,USA,United States,Colorado,Broomfield,"Magic, upi",9008490000000.0,Kinza Pearl Set,"3july-backup-dis, Bestseller_18sep, category_choker, category_necklace, eoss_02jun, EOSS_jan26",Default Title,12870.0,12870.0,12870.0,1,0.0,0.0,1.0,,12870.0,1.0,,1.0,0.0,1,,First-time,9662350000000.0,United States,False,False
XYZ Luxury,2026-06-15 00:00:00+00:00,INR,XYZ Luxury - magic checkout,2026-06-15 15:56:17+00:00,2026-06-15 15:56:17+00:00,2026-06-16 06:56:28+00:00,7452130000000.0,#3825,India,India,India,Maharashtra,Mira Bhayandar,"Magic, upi",9631270000000.0,Reena Waliyaan,10june..,Default Title,2400.0,2400.0,2400.0,1,0.0,0.0,1.0,,2400.0,1.0,,1.0,0.0,1,,First-time,9661920000000.0,India,False,False
XYZ Luxury,2026-06-15 00:00:00+00:00,INR,XYZ Luxury - magic checkout,2026-06-15 15:59:21+00:00,2026-06-15 15:59:21+00:00,2026-06-15 15:59:22+00:00,7452140000000.0,#3826,India,India,India,Madhya Pradesh,Bhopal,"Additional Notes, card, GSTIN, Magic",9111080000000.0,Pippal Patti Necklace Set,"category_necklace, EOSS_jan26",Default Title,16170.0,16170.0,16170.0,1,0.0,0.0,1.0,,16170.0,1.0,,1.0,0.0,1,,First-time,9662490000000.0,India,False,False
XYZ Luxury,2026-06-15 00:00:00+00:00,INR,XYZ Luxury - magic checkout,2026-06-15 16:09:04+00:00,2026-06-15 16:09:04+00:00,2026-06-16 06:51:01+00:00,7452160000000.0,#3827,India,India,India,Telangana,Hyderabad,"Magic, upi",9627590000000.0,Geeta Chain,10june..,Default Title,2400.0,2400.0,2400.0,1,0.0,0.0,1.0,,2400.0,1.0,,1.0,0.0,1,,First-time,9662570000000.0,India,False,False
XYZ Luxury,2026-06-15 00:00:00+00:00,INR,XYZ Luxury - magic checkout,2026-06-15 17:28:36+00:00,2026-06-15 17:28:36+00:00,2026-06-18 07:28:30+00:00,7452360000000.0,#3828,Australia,Rest of the World,Australia,Victoria,Donvale,"card, Magic",8924030000000.0,Antique Gold Ruby Jade Studs,"3july-backup-dis, category_earring, eoss_02jun, EOSS_jan26",Default Title,7514.1,7514.1,7514.1,1,0.0,0.0,1.0,,7514.1,1.0,,1.0,0.0,1,,First-time,9662720000000.0,Canada,False,False
XYZ Luxury,2026-06-16 00:00:00+00:00,INR,XYZ Luxury - magic checkout,2026-06-15 19:42:39+00:00,2026-06-15 19:42:39+00:00,2026-06-19 21:28:46+00:00,7452650000000.0,#3829,Canada,Rest of the World,Canada,British Columbia,Abbotsford,"card, Magic",9567630000000.0,Mona Bangles 4pc,"16ap, 17-04",02-Aug,6600.0,6600.0,6600.0,1,0.0,0.0,2.0,,6600.0,,1.0,2.0,0.0,1,,Returning,8406540000000.0,Canada,False,False
XYZ Luxury,2026-06-16 00:00:00+00:00,INR,XYZ Luxury - magic checkout,2026-06-16 04:07:20+00:00,2026-06-16 04:07:20+00:00,2026-06-16 04:07:22+00:00,7453340000000.0,#3830,United States,USA,United States,Indiana,Granger,"card, Magic",8745340000000.0,Sutlej Hair Pins Pair,"Bestseller_18sep, desc addition, eoss_02jun, EOSS_jan26",Default Title,7590.0,7590.0,7590.0,1,0.0,0.0,1.0,,7590.0,1.0,,1.0,0.0,1,,First-time,9661410000000.0,United States,False,False
XYZ Luxury,2026-06-16 00:00:00+00:00,INR,Draft Orders,2026-06-16 07:22:57+00:00,2026-06-16 07:22:57+00:00,2026-06-18 07:12:25+00:00,7453650000000.0,#3831,Australia,Rest of the World,Australia,,,,9419680000000.0,Jaya Choker Set,"category_choker, category_necklace",Default Title,32670.0,32670.0,32670.0,1,0.0,0.0,1.0,,32670.0,1.0,,1.0,0.0,1,,First-time,9663940000000.0,India,False,False
XYZ Luxury,2026-06-16 00:00:00+00:00,INR,Draft Orders,2026-06-16 08:21:23+00:00,2026-06-16 08:21:23+00:00,2026-06-16 08:21:24+00:00,7453720000000.0,#3832,India,India,India,Jammu and Kashmir,Srinagar,,9224250000000.0,Ishman Pearl Raani Haar Set,"category_necklace, category_rani, EOSS_jan26",Default Title,27686.44,27686.44,32670.0,1,0.0,0.0,1.0,,27686.44,1.0,,1.0,0.0,1,,First-time,9653730000000.0,India,False,False
XYZ Luxury,2026-06-16 00:00:00+00:00,INR,XYZ Luxury - magic checkout,2026-06-16 10:18:00+00:00,2026-06-16 10:18:00+00:00,2026-06-16 13:57:52+00:00,7453860000000.0,#3833,India,India,India,Maharashtra,MUMBAI,"Magic, upi",9631280000000.0,Veena Choker Set,hp_rts09may,Default Title,6000.0,6000.0,6000.0,1,0.0,0.0,1.0,,6000.0,1.0,,1.0,0.0,1,,First-time,9664130000000.0,India,False,False
XYZ Luxury,2026-06-16 00:00:00+00:00,INR,Draft Orders,2026-06-16 11:07:41+00:00,2026-06-16 11:07:41+00:00,2026-06-19 16:02:02+00:00,7453930000000.0,#3834,United Kingdom,Rest of the World,United Kingdom,England,Wokingham,,9224500000000.0,Waani Handpieces Pair,"category_hand pieces, Clearance Sale, EOSS_jan26",Default Title,11979.0,11979.0,11979.0,1,0.0,0.0,1.0,,11979.0,1.0,,1.0,0.0,1,,First-time,9664220000000.0,United Kingdom,False,False
XYZ Luxury,2026-06-16 00:00:00+00:00,INR,XYZ Luxury - magic checkout,2026-06-16 12:22:11+00:00,2026-06-16 12:22:11+00:00,2026-06-17 10:25:55+00:00,7454050000000.0,#3835,India,India,India,West Bengal,Kolkata,"Magic, upi",9631280000000.0,lavi Necklace Set,hp_rts09may,Default Title,7000.0,7000.0,7000.0,1,0.0,0.0,1.0,,7000.0,1.0,,1.0,0.0,1,,First-time,9664340000000.0,India,False,False
XYZ Luxury,2026-06-16 00:00:00+00:00,INR,XYZ Luxury - magic checkout,2026-06-16 13:31:26+00:00,2026-06-16 13:31:26+00:00,2026-06-16 13:31:28+00:00,7454250000000.0,#3836,India,India,India,Maharashtra,Mumbai,"Magic, upi",8713970000000.0,Panjab Matha Patti,"desc addition, eoss_02jun, EOSS_jan26, hp_rts09may",Default Title,12870.0,12870.0,12870.0,1,0.0,0.0,1.0,,12870.0,,1.0,1.0,0.0,1,,Returning,8297860000000.0,India,False,False
XYZ Luxury,2026-06-17 00:00:00+00:00,INR,XYZ Luxury - magic checkout,2026-06-16 23:03:41+00:00,2026-06-16 23:03:41+00:00,2026-06-16 23:03:43+00:00,7457590000000.0,#3837,United States,USA,United States,Texas,Austin,"card, Magic",9631280000000.0,Veena Choker Set,hp_rts09may,Default Title,6000.0,6000.0,6000.0,1,0.0,0.0,1.0,,6000.0,,1.0,1.0,0.0,1,,Returning,8356920000000.0,United States,False,False
XYZ Luxury,2026-06-17 00:00:00+00:00,INR,XYZ Luxury - magic checkout,2026-06-17 02:45:41+00:00,2026-06-17 02:45:41+00:00,2026-06-17 02:45:45+00:00,7457910000000.0,#3838,Canada,Rest of the World,Canada,British Columbia,Delta,"card, Magic",8914210000000.0,Moti Mahal Bangles,"3july-backup-dis, Bestseller_18sep, category_bangles, eoss_02jun, EOSS_jan26, hp_rts09may, Silver Bangles",02-Aug,4174.5,4174.5,4174.5,1,0.0,0.0,1.0,,4174.5,,1.0,1.0,0.0,1,,Returning,9621450000000.0,Canada,False,False
XYZ Luxury,2026-06-17 00:00:00+00:00,INR,XYZ Luxury - magic checkout,2026-06-17 06:43:14+00:00,2026-06-17 06:43:14+00:00,2026-06-17 10:18:03+00:00,7458300000000.0,#3839,India,India,India,Haryana,Faridabad,"Magic, upi",9627600000000.0,Rinki Bracelet,10june..,Default Title,1800.0,1800.0,1800.0,1,0.0,0.0,1.0,,1800.0,1.0,,1.0,0.0,1,,First-time,9668370000000.0,India,False,False
XYZ Luxury,2026-06-17 00:00:00+00:00,INR,XYZ Luxury - magic checkout,2026-06-17 11:34:11+00:00,2026-06-17 11:34:11+00:00,2026-06-20 07:59:56+00:00,7458640000000.0,#3840,Australia,Rest of the World,Australia,Victoria,Bangholme,"Magic, wallet",8147790000000.0,Virasat Choker Set,"category_choker, category_necklace, desc addition, eoss_02jun, EOSS_jan26, hp_rts09may, occasion",Default Title,22770.0,22770.0,22770.0,1,0.0,0.0,1.0,,22770.0,1.0,,1.0,0.0,1,,First-time,9668690000000.0,Australia,False,False
XYZ Luxury,2026-06-17 00:00:00+00:00,INR,XYZ Luxury - magic checkout,2026-06-17 11:56:49+00:00,2026-06-17 11:56:49+00:00,2026-06-20 20:19:26+00:00,7458670000000.0,#3841,Canada,Rest of the World,Canada,Ontario,Oakville,"card, Magic",8688410000000.0,Lajjo Choker Set,"Bestseller_18sep, category_choker, category_necklace, Clearance Sale, desc addition, eoss_02jun, EOSS_jan26, hp_rts09may",Default Title,16170.0,16170.0,16170.0,1,0.0,0.0,1.0,,16170.0,1.0,,1.0,0.0,1,,First-time,9664800000000.0,Canada,False,False
XYZ Luxury,2026-06-17 00:00:00+00:00,INR,XYZ Luxury - magic checkout,2026-06-17 12:54:30+00:00,2026-06-17 12:54:30+00:00,2026-06-17 12:54:32+00:00,7458750000000.0,#3842,India,India,India,West Bengal,Kalimpong Khasmahal,"Magic, upi",9110990000000.0,Sobia Choker Set,"category_choker, Clearance Sale, EOSS_jan26",Default Title,14190.0,14190.0,14190.0,1,0.0,0.0,1.0,,14190.0,1.0,,1.0,0.0,1,,First-time,9668680000000.0,India,False,False
XYZ Luxury,2026-06-17 00:00:00+00:00,INR,Draft Orders,2026-06-17 13:59:53+00:00,2026-06-17 13:59:54+00:00,2026-06-20 08:02:39+00:00,7458900000000.0,#3843,Canada,Rest of the World,Canada,Ontario,Caledon,,9567650000000.0,Rida Choker Pippal Patti Set,,Default Title,24750.0,24750.0,24750.0,1,0.0,0.0,1.0,,24750.0,1.0,,1.0,0.0,1,,First-time,9148930000000.0,Canada,False,False
XYZ Luxury,2026-06-17 00:00:00+00:00,INR,Draft Orders,2026-06-17 14:47:08+00:00,2026-06-17 14:47:08+00:00,2026-06-20 18:37:10+00:00,7459000000000.0,#3844,United States,USA,United States,New Jersey,Dayton,,8652470000000.0,Naani Earrings,"category_earring, desc addition, eoss_02jun, EOSS_jan26, occasion",Default Title,9570.0,9570.0,9570.0,1,0.0,0.0,1.0,,9570.0,1.0,,1.0,0.0,1,,First-time,9668870000000.0,United States,False,False
XYZ Luxury,2026-06-18 00:00:00+00:00,INR,XYZ Luxury - magic checkout,2026-06-17 20:39:47+00:00,2026-06-17 20:39:47+00:00,2026-06-17 20:39:49+00:00,7460240000000.0,#3845,Canada,Rest of the World,Canada,British Columbia,Abbotsford,"card, Magic",9008490000000.0,Kinza Pearl Set,"3july-backup-dis, Bestseller_18sep, category_choker, category_necklace, eoss_02jun, EOSS_jan26",Default Title,12870.0,12870.0,12870.0,1,0.0,0.0,1.0,,12870.0,1.0,,1.0,0.0,1,,First-time,9560370000000.0,Canada,False,False
XYZ Luxury,2026-06-18 00:00:00+00:00,INR,XYZ Luxury - magic checkout,2026-06-18 03:32:52+00:00,2026-06-18 03:32:52+00:00,2026-06-21 15:07:34+00:00,7460790000000.0,#3846,Australia,Rest of the World,Australia,Victoria,Lalor,"card, Magic",9567630000000.0,Kavita Bangle Pair,"16ap, 17-04",02-Jun,5280.0,5280.0,5280.0,1,0.0,0.0,1.0,,5280.0,1.0,,1.0,0.0,1,,First-time,9627880000000.0,Australia,False,False
XYZ Luxury,2026-06-18 00:00:00+00:00,INR,XYZ Luxury - magic checkout,2026-06-18 05:59:44+00:00,2026-06-18 05:59:44+00:00,2026-06-21 03:12:11+00:00,7461020000000.0,#3847,United States,USA,United States,Illinois,Elmhurst,"card, Magic",9567630000000.0,Punjabi Bangle Pair,"16ap, 17-04",02-Apr,6600.0,6600.0,6600.0,1,0.0,0.0,1.0,,6600.0,1.0,,1.0,0.0,1,,First-time,9672700000000.0,United States,False,False
XYZ Luxury,2026-06-18 00:00:00+00:00,INR,XYZ Luxury - magic checkout,2026-06-18 08:09:05+00:00,2026-06-18 08:09:05+00:00,2026-06-18 08:09:07+00:00,7461200000000.0,#3848,India,India,India,Delhi,Delhi,"card, Magic",9419610000000.0,Multi Antique Payal Pair,"16ak, 17-04, category_payal, sale-28",Default Title,3960.0,3960.0,3960.0,1,0.0,0.0,1.0,,3960.0,1.0,,1.0,0.0,1,,First-time,6891340000000.0,India,False,False
XYZ Luxury,2026-06-18 00:00:00+00:00,INR,XYZ Luxury - magic checkout,2026-06-18 12:04:14+00:00,2026-06-18 12:04:14+00:00,2026-06-18 12:04:16+00:00,7461510000000.0,#3849,United Kingdom,Rest of the World,United Kingdom,England,Birmingham,"card, Magic",8652470000000.0,Naseeb Tikka,"category_tikka, desc addition, eoss_02jun, EOSS_jan26, hp_rts09may",Default Title,5940.0,5940.0,5940.0,1,0.0,0.0,1.0,,5940.0,1.0,,1.0,0.0,1,,First-time,9654910000000.0,United Kingdom,False,False
XYZ Luxury,2026-06-18 00:00:00+00:00,INR,XYZ Luxury - magic checkout,2026-06-18 12:38:05+00:00,2026-06-18 12:38:05+00:00,2026-06-18 13:10:25+00:00,7461560000000.0,#3850,Australia,Rest of the World,Australia,Victoria,Wheelers Hill,"card, Magic",8147790000000.0,Virasat Choker Set,"category_choker, category_necklace, desc addition, eoss_02jun, EOSS_jan26, hp_rts09may, occasion",Default Title,22770.0,22770.0,22770.0,1,0.0,0.0,1.0,,22770.0,1.0,,1.0,0.0,1,,First-time,9668680000000.0,Australia,False,False
XYZ Luxury,2026-06-18 00:00:00+00:00,INR,Draft Orders,2026-06-18 13:13:56+00:00,2026-06-18 13:13:56+00:00,2026-06-18 13:13:57+00:00,7461620000000.0,#3851,India,India,India,Haryana,kurukshtera,,9474310000000.0,farida choker set,"17-04, 17f, category_choker, category_necklace, sale-28",Default Title,9570.0,9570.0,9570.0,1,0.0,0.0,1.0,,9570.0,1.0,,1.0,0.0,1,,First-time,9673860000000.0,India,False,False
XYZ Luxury,2026-06-18 00:00:00+00:00,INR,Draft Orders,2026-06-18 14:22:21+00:00,2026-06-18 14:22:21+00:00,2026-06-18 14:22:22+00:00,7461740000000.0,#3852,India,India,India,Uttar Pradesh,Aligarh,,8079750000000.0,Nanki Necklace & Earring,"category_choker, category_necklace, desc addition, eoss_02jun, EOSS_jan26, hp_rts09may, occasion",Default Title,19470.0,19470.0,19470.0,1,0.0,0.0,1.0,,19470.0,1.0,,1.0,0.0,1,,First-time,9674020000000.0,India,False,False
XYZ Luxury,2026-06-18 00:00:00+00:00,INR,XYZ Luxury - magic checkout,2026-06-18 15:36:35+00:00,2026-06-18 15:36:35+00:00,2026-06-18 15:36:37+00:00,7461900000000.0,#3853,India,India,India,Uttar Pradesh,Noida,"Magic, upi",9627600000000.0,Kajal Bracelet,10june..,Default Title,1800.0,1800.0,1800.0,1,0.0,0.0,1.0,,1800.0,,1.0,1.0,0.0,1,,Returning,8978580000000.0,India,False,False
XYZ Luxury,2026-06-18 00:00:00+00:00,INR,Draft Orders,2026-06-18 15:55:27+00:00,2026-06-18 15:55:27+00:00,2026-06-21 03:12:02+00:00,7462130000000.0,#3854,Canada,Rest of the World,Canada,Ontario,Brampton,,9111060000000.0,Moti Mahal Necklace Set,"category_necklace, EOSS_jan26",Default Title,39600.0,39600.0,39600.0,1,0.0,0.0,1.0,,39600.0,1.0,,1.0,0.0,1,,First-time,9574930000000.0,Canada,False,False
XYZ Luxury,2026-06-18 00:00:00+00:00,INR,XYZ Luxury - magic checkout,2026-06-18 17:13:27+00:00,2026-06-18 17:13:27+00:00,2026-06-18 17:32:05+00:00,7462330000000.0,#3855,India,India,India,Delhi,Delhi,"Magic, upi",8924020000000.0,Sabina Bangles Set,"17-04, 3july-backup-dis, Bestseller_18sep, category_bangles, eoss_02jun, EOSS_jan26, hp_rts09may, sale-28, Silver Bangles",02-Aug,4165.92,4165.92,4165.92,1,0.0,0.0,1.0,,4165.92,1.0,,1.0,0.0,1,,First-time,9674680000000.0,India,False,False
XYZ Luxury,2026-06-19 00:00:00+00:00,INR,XYZ Luxury - magic checkout,2026-06-18 18:37:00+00:00,2026-06-18 18:37:00+00:00,2026-06-19 10:38:10+00:00,7462520000000.0,#3856,Australia,Rest of the World,Australia,Victoria,Melbourne,"card, Magic",9631270000000.0,Reena Waliyaan,hp_rts09may,Default Title,2400.0,2400.0,2400.0,1,0.0,0.0,1.0,,2400.0,1.0,,1.0,0.0,1,,First-time,9674790000000.0,Australia,False,False
XYZ Luxury,2026-06-19 00:00:00+00:00,INR,XYZ Luxury - magic checkout,2026-06-19 03:45:19+00:00,2026-06-19 03:45:19+00:00,2026-06-19 03:45:21+00:00,7463410000000.0,#3857,United States,USA,United States,Colorado,Lakewood,"Magic, wallet",8147790000000.0,Virasat Choker Set,"category_choker, category_necklace, desc addition, eoss_02jun, EOSS_jan26, hp_rts09may, occasion",Default Title,22770.0,22770.0,22770.0,1,0.0,0.0,1.0,,22770.0,,1.0,1.0,0.0,1,,Returning,8799890000000.0,United States,False,False
XYZ Luxury,2026-06-19 00:00:00+00:00,INR,XYZ Luxury - magic checkout,2026-06-19 04:54:33+00:00,2026-06-19 04:54:33+00:00,2026-06-19 10:30:01+00:00,7463570000000.0,#3858,India,India,India,Punjab,Patiala,"Magic, upi",8903800000000.0,Mughul Side Hair Clip,"eoss_02jun, EOSS_jan26, hp_rts09may",Default Title,6270.0,6270.0,6270.0,1,0.0,0.0,1.0,,6270.0,1.0,,1.0,0.0,1,,First-time,9675580000000.0,India,False,False
XYZ Luxury,2026-06-19 00:00:00+00:00,INR,XYZ Luxury - magic checkout,2026-06-19 06:41:59+00:00,2026-06-19 06:41:59+00:00,2026-06-19 08:22:06+00:00,7463710000000.0,#3859,India,India,India,Haryana,Gurgaon,"card, Magic",9224250000000.0,Ishman Pearl Raani Haar Set,"category_necklace, category_rani, EOSS_jan26",Default Title,27686.44,27686.44,32670.0,1,0.0,0.0,1.0,,27686.44,,1.0,1.0,0.0,1,,Returning,8628960000000.0,India,False,False
XYZ Luxury,2026-06-19 00:00:00+00:00,INR,Draft Orders,2026-06-19 08:21:44+00:00,2026-06-19 08:21:45+00:00,2026-06-19 08:21:46+00:00,7463830000000.0,#3860,India,India,India,Haryana,Gurgaon,,8177130000000.0,Basant Raani Haar Set with Tikka,"category_rani, desc addition, eoss_02jun, EOSS_jan26, occasion",Default Title,27390.0,27390.0,27390.0,1,0.0,0.0,1.0,,27390.0,,1.0,1.0,0.0,1,,Returning,8628960000000.0,India,False,False
XYZ Luxury,2026-06-19 00:00:00+00:00,INR,XYZ Luxury - magic checkout,2026-06-19 14:59:37+00:00,2026-06-19 14:59:37+00:00,2026-06-19 14:59:39+00:00,7464380000000.0,#3861,India,India,India,Telangana,Hyderabad,"card, Magic",9627590000000.0,Rennu Chain,hp_rts09may,Default Title,1800.0,1800.0,1800.0,1,0.0,0.0,1.0,,1800.0,,1.0,1.0,0.0,1,,Returning,8327710000000.0,India,False,False
XYZ Luxury,2026-06-19 00:00:00+00:00,INR,XYZ Luxury - magic checkout,2026-06-19 15:28:49+00:00,2026-06-19 15:28:49+00:00,2026-06-19 15:28:50+00:00,7464440000000.0,#3862,Canada,Rest of the World,Canada,British Columbia,Surrey,"card, Magic",9611600000000.0,Noora Passa,,Default Title,18150.0,18150.0,18150.0,1,0.0,0.0,1.0,,18150.0,1.0,,1.0,0.0,1,,First-time,8858690000000.0,Canada,False,False
XYZ Luxury,2026-06-19 00:00:00+00:00,INR,XYZ Luxury - magic checkout,2026-06-19 15:52:28+00:00,2026-06-19 15:52:28+00:00,2026-06-19 15:52:30+00:00,7464500000000.0,#3863,Canada,Rest of the World,Canada,Ontario,Tottenham,"card, Magic",9639670000000.0,Rimpi Waliyaan,hp_rts09may,Default Title,3600.0,3600.0,3600.0,1,0.0,0.0,1.0,,3600.0,1.0,,1.0,0.0,1,,First-time,9676540000000.0,Canada,False,False
XYZ Luxury,2026-06-19 00:00:00+00:00,INR,XYZ Luxury - magic checkout,2026-06-19 16:53:48+00:00,2026-06-19 16:53:48+00:00,2026-06-19 16:53:50+00:00,7464650000000.0,#3864,India,India,India,Uttar Pradesh,Mathura,"Magic, upi",9631280000000.0,lavi Necklace Set,hp_rts09may,Default Title,7000.0,7000.0,7000.0,1,0.0,0.0,1.0,,7000.0,,1.0,1.0,0.0,1,,Returning,9213560000000.0,India,False,False
XYZ Luxury,2026-06-20 00:00:00+00:00,INR,XYZ Luxury - magic checkout,2026-06-19 20:06:11+00:00,2026-06-19 20:06:11+00:00,2026-06-19 20:06:13+00:00,7465100000000.0,#3865,India,India,India,Punjab,Faridkot,"card, Magic",9474390000000.0,panna studs,"17-04, 17f, 22j, category_earring, sale-28",Default Title,4620.0,4620.0,4620.0,1,0.0,0.0,1.0,,4620.0,1.0,,1.0,0.0,1,,First-time,9676950000000.0,India,False,False
XYZ Luxury,2026-06-20 00:00:00+00:00,INR,XYZ Luxury - magic checkout,2026-06-19 22:53:47+00:00,2026-06-19 22:53:47+00:00,2026-06-19 22:53:49+00:00,7465430000000.0,#3866,United States,USA,United States,California,Atwater,"card, Magic",9643180000000.0,Pakiza Jadau Set,hp_rts09may,Default Title,6600.0,6600.0,6600.0,1,0.0,0.0,1.0,,6600.0,1.0,,1.0,0.0,1,,First-time,9664510000000.0,United States,False,False
XYZ Luxury,2026-06-20 00:00:00+00:00,INR,XYZ Luxury - magic checkout,2026-06-20 05:37:13+00:00,2026-06-20 05:37:13+00:00,2026-06-20 05:37:15+00:00,7466170000000.0,#3867,Canada,Rest of the World,Canada,British Columbia,Vancouver,"card, Magic",9627590000000.0,Rita Chain,10june..,Default Title,2400.0,2400.0,2400.0,1,0.0,0.0,1.0,,2400.0,,1.0,1.0,0.0,1,,Returning,9145360000000.0,Canada,False,False
XYZ Luxury,2026-06-20 00:00:00+00:00,INR,XYZ Luxury - magic checkout,2026-06-20 07:34:36+00:00,2026-06-20 07:34:36+00:00,2026-06-20 07:34:38+00:00,7466350000000.0,#3869,India,India,India,Uttar Pradesh,SAHARANPUR,"Magic, upi",9639670000000.0,Rimpi Waliyaan,hp_rts09may,Default Title,3600.0,3600.0,3600.0,1,0.0,0.0,1.0,,3600.0,,1.0,1.0,0.0,1,,Returning,8731970000000.0,India,False,False
XYZ Luxury,2026-06-20 00:00:00+00:00,INR,Draft Orders,2026-06-20 07:34:04+00:00,2026-06-20 07:34:04+00:00,2026-06-20 07:34:27+00:00,7466350000000.0,#3868,India,India,India,Haryana,Faridabad,,8768090000000.0,Raha Pearl Choker Set,"category_choker, desc addition, eoss_02jun, EOSS_jan26",Default Title,12210.0,12210.0,12210.0,1,0.0,0.0,1.0,,12210.0,1.0,,1.0,0.0,1,,First-time,9677840000000.0,India,False,False
XYZ Luxury,2026-06-20 00:00:00+00:00,INR,XYZ Luxury - magic checkout,2026-06-20 08:29:46+00:00,2026-06-20 08:29:46+00:00,2026-06-20 09:45:56+00:00,7466440000000.0,#3870,India,India,India,Maharashtra,MUMBAI,"card, Magic",8913180000000.0,Daman Emerald Ring,"eoss_02jun, EOSS_jan26",Default Title,3960.0,3960.0,3960.0,1,0.0,0.0,1.0,,3960.0,,1.0,1.0,0.0,1,,Returning,9664130000000.0,India,False,False
XYZ Luxury,2026-06-20 00:00:00+00:00,INR,XYZ Luxury - magic checkout,2026-06-20 10:06:09+00:00,2026-06-20 10:06:09+00:00,2026-06-20 10:06:11+00:00,7466590000000.0,#3871,United Kingdom,Rest of the World,United Kingdom,England,Bolton,"card, Magic",9643180000000.0,Rukmani Jadau Set,hp_rts09may,Default Title,6600.0,6600.0,6600.0,1,0.0,0.0,1.0,,6600.0,,1.0,1.0,0.0,1,,Returning,8746950000000.0,United Kingdom,False,False
XYZ Luxury,2026-06-20 00:00:00+00:00,INR,XYZ Luxury - magic checkout,2026-06-20 10:23:03+00:00,2026-06-20 10:23:03+00:00,2026-06-20 10:23:05+00:00,7466620000000.0,#3872,India,India,India,Himachal Pradesh,Shimla,"Magic, upi",9613240000000.0,Pippal Patti Choker Set,hp_rts09may,Mint,10890.0,10890.0,10890.0,1,0.0,0.0,1.0,,10890.0,1.0,,1.0,0.0,1,,First-time,9675280000000.0,India,False,False
XYZ Luxury,2026-06-20 00:00:00+00:00,INR,XYZ Luxury - magic checkout,2026-06-20 10:31:23+00:00,2026-06-20 10:31:23+00:00,2026-06-20 10:31:25+00:00,7466630000000.0,#3873,India,India,India,Delhi,South Delhi,"Magic, upi",9631280000000.0,Chinu Waliyaan,hp_rts09may,Default Title,1800.0,1800.0,1800.0,1,0.0,0.0,1.0,,1800.0,1.0,,1.0,0.0,1,,First-time,9678050000000.0,India,False,False
XYZ Luxury,2026-06-20 00:00:00+00:00,INR,XYZ Luxury - magic checkout,2026-06-20 12:18:19+00:00,2026-06-20 12:18:19+00:00,2026-06-22 07:19:14+00:00,7466830000000.0,#3874,India,India,India,Punjab,Tarn taran,"Magic, upi",9474310000000.0,iffat choker set,"17-04, 17f, 22j, sale-28",Default Title,9240.0,9240.0,9240.0,1,0.0,0.0,1.0,,9240.0,1.0,,1.0,0.0,1,,First-time,9678210000000.0,India,False,False
XYZ Luxury,2026-06-20 00:00:00+00:00,INR,XYZ Luxury - magic checkout,2026-06-20 13:02:25+00:00,2026-06-20 13:02:25+00:00,2026-06-22 07:33:54+00:00,7466930000000.0,#3875,India,India,India,Uttar Pradesh,Kanpur,"Magic, upi",9639670000000.0,Jassi Stud,"22j, 22ju, hp_rts09may",Default Title,2400.0,2400.0,2400.0,1,0.0,0.0,1.0,,2400.0,1.0,,1.0,0.0,1,,First-time,9397380000000.0,India,False,False
XYZ Luxury,2026-06-20 00:00:00+00:00,INR,XYZ Luxury - magic checkout,2026-06-20 13:50:35+00:00,2026-06-20 13:50:35+00:00,2026-06-22 08:02:23+00:00,7467040000000.0,#3876,India,India,India,Himachal Pradesh,Reckong Peo,"card, Magic",9639670000000.0,Rimpi Waliyaan,hp_rts09may,Default Title,3600.0,3600.0,3600.0,1,0.0,0.0,1.0,,3600.0,1.0,,1.0,0.0,1,,First-time,9678360000000.0,India,False,False
XYZ Luxury,2026-06-20 00:00:00+00:00,INR,XYZ Luxury - magic checkout,2026-06-20 16:05:39+00:00,2026-06-20 16:05:39+00:00,2026-06-20 16:05:41+00:00,7467440000000.0,#3877,Canada,Rest of the World,Canada,Alberta,Edmonton,"card, Magic",8924030000000.0,Antique Gold Studs,"3july-backup-dis, category_earring, eoss_02jun, EOSS_jan26",Default Title,5009.4,5009.4,5009.4,1,0.0,0.0,1.0,,5009.4,1.0,,1.0,0.0,1,,First-time,9662930000000.0,Canada,False,False
XYZ Luxury,2026-06-20 00:00:00+00:00,INR,XYZ Luxury - magic checkout,2026-06-20 17:26:24+00:00,2026-06-20 17:26:26+00:00,2026-06-20 17:26:27+00:00,7467700000000.0,#3878,United Kingdom,Rest of the World,United Kingdom,England,Derby,,9585540000000.0,Golden Ghungroo Passa,,Default Title,13530.0,13530.0,13530.0,1,0.0,0.0,1.0,,13530.0,1.0,,1.0,0.0,1,,First-time,9614620000000.0,United Kingdom,False,False
XYZ Luxury,2026-06-21 00:00:00+00:00,INR,XYZ Luxury - magic checkout,2026-06-21 00:52:27+00:00,2026-06-21 00:52:27+00:00,2026-06-24 11:42:32+00:00,7468880000000.0,#3879,Canada,Rest of the World,Canada,British Columbia,Delta,"card, Magic",9473640000000.0,Ruby mala set,"category_choker, category_necklace",Default Title,14190.0,14190.0,14190.0,1,0.0,0.0,1.0,,14190.0,,1.0,1.0,0.0,1,,Returning,9621450000000.0,Canada,False,False
XYZ Luxury,2026-06-21 00:00:00+00:00,INR,XYZ Luxury - magic checkout,2026-06-21 01:57:43+00:00,2026-06-21 01:57:43+00:00,2026-06-22 07:54:54+00:00,7469020000000.0,#3880,India,India,India,Haryana,Gurgaon,"Magic, upi",9563990000000.0,Pippal Patti Waliyaan,"22j, sale-28",Default Title,3960.0,3960.0,3960.0,1,0.0,0.0,1.0,,3960.0,1.0,,1.0,0.0,1,,First-time,9673240000000.0,India,False,False
XYZ Luxury,2026-06-21 00:00:00+00:00,INR,XYZ Luxury - magic checkout,2026-06-21 02:24:50+00:00,2026-06-21 02:24:50+00:00,2026-06-21 02:24:52+00:00,7469080000000.0,#3881,India,India,India,Maharashtra,Mumbai,"card, Magic",9008490000000.0,Kinza Pearl Set,"3july-backup-dis, Bestseller_18sep, category_choker, category_necklace, eoss_02jun, EOSS_jan26",Default Title,12870.0,12870.0,12870.0,1,0.0,0.0,1.0,,12870.0,1.0,,1.0,0.0,1,,First-time,9679430000000.0,India,False,False
XYZ Luxury,2026-06-21 00:00:00+00:00,INR,XYZ Luxury - magic checkout,2026-06-21 03:20:16+00:00,2026-06-21 03:20:16+00:00,2026-06-22 07:38:07+00:00,7469210000000.0,#3882,India,India,India,Goa,North Goa,"card, Magic",9418100000000.0,Rutba Openable Bangles Pair,"16ak, 17-04, 22j, category_bangles, sale-28",02-Aug,5940.0,5940.0,5940.0,1,0.0,0.0,1.0,,5940.0,1.0,,1.0,0.0,1,,First-time,9679850000000.0,India,False,False
XYZ Luxury,2026-06-21 00:00:00+00:00,INR,XYZ Luxury - magic checkout,2026-06-21 04:31:43+00:00,2026-06-21 04:31:43+00:00,2026-06-21 04:31:44+00:00,7469390000000.0,#3883,United States,USA,United States,New Jersey,Logan Township,"Magic, wallet",8710100000000.0,Dil Hair Clips Pair,"desc addition, eoss_02jun, EOSS_jan26, hp_rts09may",Default Title,9570.0,9570.0,9570.0,1,0.0,0.0,1.0,,9570.0,1.0,,1.0,0.0,1,,First-time,9679960000000.0,United States,False,False
XYZ Luxury,2026-06-21 00:00:00+00:00,INR,XYZ Luxury - magic checkout,2026-06-21 04:53:43+00:00,2026-06-21 04:53:43+00:00,2026-06-21 04:53:45+00:00,7469460000000.0,#3884,United States,USA,United States,New York,Bay Shore,"Additional Notes, Magic, wallet",9008490000000.0,Kinza Pearl Set,"3july-backup-dis, Bestseller_18sep, category_choker, category_necklace, eoss_02jun, EOSS_jan26",Default Title,12870.0,12870.0,12870.0,1,0.0,0.0,1.0,,12870.0,1.0,,1.0,0.0,1,,First-time,9679930000000.0,United States,False,False
XYZ Luxury,2026-06-21 00:00:00+00:00,INR,XYZ Luxury - magic checkout,2026-06-21 10:00:51+00:00,2026-06-21 10:00:51+00:00,2026-06-22 06:26:29+00:00,7469990000000.0,#3885,India,India,India,Punjab,Mohali,"Magic, wallet",8592080000000.0,Chand Hair Clips Pair,"Bestseller_18sep, desc addition, eoss_02jun, EOSS_jan26, occasion",Default Title,6600.0,6600.0,6600.0,1,0.0,0.0,1.0,,6600.0,1.0,,1.0,0.0,1,,First-time,9680420000000.0,India,False,False
XYZ Luxury,2026-06-21 00:00:00+00:00,INR,XYZ Luxury - magic checkout,2026-06-21 13:41:42+00:00,2026-06-21 13:41:42+00:00,2026-06-23 07:38:05+00:00,7470270000000.0,#3886,India,India,India,Punjab,Rupnagar,"card, Magic",9224500000000.0,DAISHA RAANI HAAR SET,"category_necklace, category_rani, EOSS_jan26",Default Title,30455.08,30455.08,35937.0,1,0.0,0.0,1.0,,30455.08,1.0,,1.0,0.0,1,,First-time,9649820000000.0,India,False,False
XYZ Luxury,2026-06-21 00:00:00+00:00,INR,Draft Orders,2026-06-21 14:25:06+00:00,2026-06-21 14:25:07+00:00,2026-06-22 06:45:44+00:00,7470340000000.0,#3887,India,India,India,Delhi,New Delhi,,8710430000000.0,Pippal Patti Waaliyaan,"Bestseller_18sep, category_earring, desc addition, eoss_02jun, EOSS_jan26, hp_rts09may",Default Title,5610.0,5610.0,5610.0,1,0.0,0.0,1.0,,5610.0,1.0,,1.0,0.0,1,,First-time,9680750000000.0,India,False,False
XYZ Luxury,2026-06-22 00:00:00+00:00,INR,XYZ Luxury - magic checkout,2026-06-21 18:44:30+00:00,2026-06-21 18:44:30+00:00,2026-06-21 18:44:32+00:00,7470900000000.0,#3888,Canada,Rest of the World,Canada,British Columbia,Abbotsford,"card, Magic",8710430000000.0,Pippal Patti Waaliyaan,"Bestseller_18sep, category_earring, desc addition, eoss_02jun, EOSS_jan26, hp_rts09may",Default Title,5610.0,5610.0,5610.0,1,0.0,0.0,1.0,,5610.0,1.0,,1.0,0.0,1,,First-time,9681240000000.0,Canada,False,False
XYZ Luxury,2026-06-22 00:00:00+00:00,INR,XYZ Luxury - magic checkout,2026-06-22 02:03:47+00:00,2026-06-22 02:03:47+00:00,2026-06-22 06:56:44+00:00,7471540000000.0,#3889,India,India,India,Delhi,NORTH WEST,"Magic, upi",9475470000000.0,Jannat Earrings,"17-04, 18-02, 22j, category_earring, sale-28",Default Title,3915.25,3915.25,4620.0,1,0.0,0.0,1.0,,3915.25,1.0,,1.0,0.0,1,,First-time,9675410000000.0,India,False,False
XYZ Luxury,2026-06-22 00:00:00+00:00,INR,XYZ Luxury - magic checkout,2026-06-22 02:28:18+00:00,2026-06-22 02:28:18+00:00,2026-06-22 02:28:20+00:00,7471570000000.0,#3890,United States,USA,United States,Ohio,Streetsboro,"card, Magic",9474310000000.0,panna choker set,"17-04, 17f, 22j, category_choker, category_necklace, sale-28",Default Title,8250.0,8250.0,8250.0,1,0.0,0.0,1.0,,8250.0,,1.0,1.0,0.0,1,,Returning,9661440000000.0,United States,False,False
XYZ Luxury,2026-06-22 00:00:00+00:00,INR,XYZ Luxury - magic checkout,2026-06-22 07:32:40+00:00,2026-06-22 07:32:40+00:00,2026-06-22 07:32:42+00:00,7471990000000.0,#3891,India,India,India,Uttar Pradesh,Ghaziabad,"Magic, upi",8923250000000.0,Namar Atique Bangles,"17-04, 22j, 3july-backup-dis, Bestseller_18sep, category_bangles, eoss_02jun, EOSS_jan26, hp_rts09may, sale-28, Silver Bangles",02-Apr,7514.1,7514.1,7514.1,1,0.0,0.0,1.0,,7514.1,1.0,,1.0,0.0,1,,First-time,9682180000000.0,India,False,False
XYZ Luxury,2026-06-22 00:00:00+00:00,INR,XYZ Luxury - magic checkout,2026-06-22 08:02:45+00:00,2026-06-22 08:02:45+00:00,2026-06-22 12:04:16+00:00,7472020000000.0,#3892,India,India,India,Punjab,Zirakpur,"Magic, upi",9627610000000.0,RITU Bracelet.,"24akk, hp_rts09may",Default Title,1800.0,1800.0,1800.0,1,0.0,0.0,1.0,,1800.0,1.0,,1.0,0.0,1,,First-time,9682110000000.0,India,False,False
XYZ Luxury,2026-06-22 00:00:00+00:00,INR,Draft Orders,2026-06-22 09:22:32+00:00,2026-06-22 09:22:32+00:00,2026-06-22 11:50:12+00:00,7472100000000.0,#3893,India,India,India,Punjab,Mohali,,9463350000000.0,simi studs,category_earring,Default Title,3355.93,3355.93,3960.0,1,0.0,0.0,1.0,,3355.93,,1.0,1.0,0.0,1,,Returning,9630220000000.0,India,False,False
XYZ Luxury,2026-06-22 00:00:00+00:00,INR,XYZ Luxury - magic checkout,2026-06-22 11:03:38+00:00,2026-06-22 11:03:38+00:00,2026-06-22 11:03:40+00:00,7472200000000.0,#3894,India,India,India,Tamil Nadu,Kanchipuram,"Magic, upi",9224240000000.0,Gyan Jhumki Earrings,"category_earring, EOSS_jan26",Default Title,7075.42,7075.42,8349.0,1,0.0,0.0,1.0,,7075.42,1.0,,1.0,0.0,1,,First-time,9682390000000.0,India,False,False
XYZ Luxury,2026-06-22 00:00:00+00:00,INR,XYZ Luxury - magic checkout,2026-06-22 11:40:47+00:00,2026-06-22 11:40:47+00:00,2026-06-22 11:57:26+00:00,7472240000000.0,#3895,India,India,India,Karnataka,Bengaluru,"card, Magic",9627610000000.0,RITU Bracelet.,"24akk, hp_rts09may",Default Title,1800.0,1800.0,1800.0,1,0.0,0.0,1.0,,1800.0,1.0,,1.0,0.0,1,,First-time,9682440000000.0,India,False,False
XYZ Luxury,2026-06-22 00:00:00+00:00,INR,XYZ Luxury - magic checkout,2026-06-22 12:12:25+00:00,2026-06-22 12:12:25+00:00,2026-06-22 12:55:20+00:00,7472300000000.0,#3896,India,India,India,Karnataka,Bengaluru,"Magic, upi",8741480000000.0,Nazare Ring,"Bestseller_18sep, desc addition, eoss_02jun, EOSS_jan26, hp_rts09may",Default Title,3960.0,3960.0,3960.0,1,0.0,0.0,1.0,,3960.0,1.0,,1.0,0.0,1,,First-time,9682490000000.0,India,False,False
XYZ Luxury,2026-06-22 00:00:00+00:00,INR,Draft Orders,2026-06-22 13:04:07+00:00,2026-06-22 13:04:08+00:00,2026-06-22 13:14:33+00:00,7472400000000.0,#3897,India,India,India,Gujarat,Vadodara,,9475470000000.0,Jannat Earrings,"17-04, 18-02, 22j, category_earring, sale-28",Default Title,3915.25,3915.25,4620.0,1,0.0,0.0,1.0,,3915.25,1.0,,1.0,0.0,1,,First-time,9682590000000.0,India,False,False
XYZ Luxury,2026-06-22 00:00:00+00:00,INR,XYZ Luxury - magic checkout,2026-06-22 13:26:18+00:00,2026-06-22 13:26:18+00:00,2026-06-23 05:49:08+00:00,7472450000000.0,#3898,India,India,India,Punjab,Ludhiana,"Magic, upi",9475470000000.0,Ruksana Openable Bangles Pair,"17-04, 18-02, 22j, category_bangles, sale-28",02-Jun,5940.0,5940.0,5940.0,1,0.0,0.0,1.0,,5940.0,1.0,,1.0,0.0,1,,First-time,9682630000000.0,India,False,False
XYZ Luxury,2026-06-22 00:00:00+00:00,INR,XYZ Luxury - magic checkout,2026-06-22 13:55:54+00:00,2026-06-22 13:55:54+00:00,2026-06-23 06:07:49+00:00,7472510000000.0,#3899,India,India,India,Maharashtra,Mumbai,"Magic, upi",9639670000000.0,Niko Waliyaan,"24akk, hp_rts09may",Default Title,1800.0,1800.0,1800.0,1,0.0,0.0,1.0,,1800.0,1.0,,1.0,0.0,1,,First-time,9682730000000.0,India,False,False
XYZ Luxury,2026-06-22 00:00:00+00:00,INR,XYZ Luxury - magic checkout,2026-06-22 14:09:12+00:00,2026-06-22 14:09:12+00:00,2026-06-22 14:09:14+00:00,7472540000000.0,#3900,United States,USA,United States,New York,Jamaica,"card, Magic",9463350000000.0,ghungroo studs,category_earring,Default Title,7590.0,7590.0,7590.0,1,0.0,0.0,1.0,,7590.0,1.0,,1.0,0.0,1,,First-time,9682740000000.0,United States,False,False
XYZ Luxury,2026-06-22 00:00:00+00:00,INR,XYZ Luxury - magic checkout,2026-06-22 14:15:36+00:00,2026-06-22 14:15:36+00:00,2026-06-23 06:14:40+00:00,7472550000000.0,#3901,India,India,India,Maharashtra,MUMBAI,"Magic, upi",9224500000000.0,Ghungroo Bangles Pair,"17-04, 22j, category_bangles, Clearance Sale, EOSS_jan26, sale-28",02-Jun,2563.56,2563.56,3025.0,1,0.0,0.0,1.0,,2563.56,1.0,,1.0,0.0,1,,First-time,9682760000000.0,India,False,False
XYZ Luxury,2026-06-22 00:00:00+00:00,INR,XYZ Luxury - magic checkout,2026-06-22 15:05:40+00:00,2026-06-22 15:05:40+00:00,2026-06-22 15:05:41+00:00,7472640000000.0,#3902,Australia,Rest of the World,Australia,Victoria,Botanic Ridge,"Additional Notes, card, Magic",9463350000000.0,Agya studs,category_earring,Default Title,5610.0,5610.0,5610.0,1,0.0,0.0,1.0,,5610.0,1.0,,1.0,0.0,1,,First-time,9682870000000.0,Australia,False,False
XYZ Luxury,2026-06-22 00:00:00+00:00,INR,XYZ Luxury - magic checkout,2026-06-22 15:43:02+00:00,2026-06-22 15:43:02+00:00,2026-06-23 06:22:41+00:00,7472710000000.0,#3903,India,India,India,Maharashtra,Pune,"Magic, upi",9478430000000.0,Areej Antique Pearl Set,"17-04, 20-02, 22j, category_necklace, sale-28",Default Title,2805.0,2805.0,2805.0,1,0.0,0.0,1.0,,2805.0,1.0,,1.0,0.0,1,,First-time,9682930000000.0,India,False,False
XYZ Luxury,2026-06-22 00:00:00+00:00,INR,XYZ Luxury - magic checkout,2026-06-22 17:04:18+00:00,2026-06-22 17:04:18+00:00,2026-06-22 17:04:20+00:00,7472870000000.0,#3904,United States,USA,United States,Texas,Frisco,"card, Magic",8741480000000.0,Jazeera Ring,"Bestseller_18sep, desc addition, eoss_02jun, EOSS_jan26",Default Title,5009.4,5009.4,5009.4,1,0.0,0.0,1.0,,5009.4,1.0,,1.0,0.0,1,,First-time,9683010000000.0,United States,False,False
XYZ Luxury,2026-06-23 00:00:00+00:00,INR,XYZ Luxury - magic checkout,2026-06-22 20:59:14+00:00,2026-06-22 20:59:14+00:00,2026-06-23 06:30:42+00:00,7473320000000.0,#3905,India,India,India,Karnataka,Doddanagamangala Village,"card, Magic",8652470000000.0,Moti Mahal Choker Set,"Bestseller_18sep, category_choker, Clearance Sale, desc addition, eoss_02jun, EOSS_jan26, hp_rts09may",Default Title,12870.0,12870.0,12870.0,1,0.0,0.0,1.0,,12870.0,,1.0,1.0,0.0,1,,Returning,8304200000000.0,India,False,False
XYZ Luxury,2026-06-23 00:00:00+00:00,INR,XYZ Luxury - magic checkout,2026-06-22 21:51:19+00:00,2026-06-22 21:51:21+00:00,2026-06-22 21:51:23+00:00,7473400000000.0,#3906,United States,USA,United States,California,San Jose,,8252950000000.0,Virsa Hair Clips Pair,"Bestseller_18sep, desc addition, eoss_02jun, EOSS_jan26, hp_rts09may, occasion",Default Title,7590.0,7590.0,7590.0,1,0.0,0.0,1.0,,7590.0,1.0,,1.0,0.0,1,direct,First-time,9679260000000.0,India,False,False
XYZ Luxury,2026-06-23 00:00:00+00:00,INR,XYZ Luxury - magic checkout,2026-06-23 01:31:53+00:00,2026-06-23 01:31:53+00:00,2026-06-26 21:13:39+00:00,7473660000000.0,#3907,United States,USA,United States,Kentucky,Elizabethtown,"card, Magic",9007780000000.0,Madhuri Tikka,"category_tikka, eoss_02jun, EOSS_jan26",Default Title,9570.0,9570.0,9570.0,1,0.0,0.0,1.0,,9570.0,1.0,,1.0,0.0,1,,First-time,9683750000000.0,United States,False,False
XYZ Luxury,2026-06-23 00:00:00+00:00,INR,XYZ Luxury - magic checkout,2026-06-23 03:28:05+00:00,2026-06-23 03:28:05+00:00,2026-06-23 07:15:39+00:00,7473790000000.0,#3908,India,India,India,Delhi,East Delhi,"card, Magic",8924020000000.0,Sabina Bangles Set,"17-04, 22j, 3july-backup-dis, Bestseller_18sep, category_bangles, eoss_02jun, EOSS_jan26, hp_rts09may, sale-28, Silver Bangles",02-Apr,3471.6,3471.6,3471.6,1,0.0,0.0,1.0,,3471.6,1.0,,1.0,0.0,1,,First-time,9683900000000.0,India,False,False
XYZ Luxury,2026-06-23 00:00:00+00:00,INR,XYZ Luxury - magic checkout,2026-06-23 05:04:52+00:00,2026-06-23 05:04:52+00:00,2026-06-23 07:22:49+00:00,7473970000000.0,#3909,India,India,India,Andhra Pradesh,Kovvur,"Magic, upi",9475470000000.0,AD Montana Studs,"17-04, 18-02, 22j, category_earring, sale-28",Default Title,3300.0,3300.0,3300.0,1,0.0,0.0,1.0,,3300.0,1.0,,1.0,0.0,1,,First-time,9684010000000.0,India,False,False
XYZ Luxury,2026-06-23 00:00:00+00:00,INR,Draft Orders,2026-06-23 05:09:10+00:00,2026-06-23 05:09:10+00:00,2026-06-23 05:09:11+00:00,7473980000000.0,#3910,United Kingdom,Rest of the World,United Kingdom,England,London,,,,,,65010.0,65010.0,67510.0,1,0.0,0.0,1.0,,65010.0,1.0,,1.0,0.0,2,,First-time,9684010000000.0,United Kingdom,True,False
XYZ Luxury,2026-06-23 00:00:00+00:00,INR,XYZ Luxury - magic checkout,2026-06-23 07:04:15+00:00,2026-06-23 07:04:15+00:00,2026-06-24 06:43:41+00:00,7474110000000.0,#3911,India,India,India,Tamil Nadu,Chennai,"Magic, upi",8592080000000.0,Chand Hair Clips Pair,"Bestseller_18sep, desc addition, eoss_02jun, EOSS_jan26, occasion",Default Title,6600.0,6600.0,6600.0,1,0.0,0.0,1.0,,6600.0,1.0,,1.0,0.0,1,,First-time,9684130000000.0,India,False,False
XYZ Luxury,2026-06-23 00:00:00+00:00,INR,XYZ Luxury - magic checkout,2026-06-23 07:11:55+00:00,2026-06-23 07:11:55+00:00,2026-06-23 13:03:32+00:00,7474120000000.0,#3912,India,India,India,Chandigarh,Chandigarh,"Magic, upi",9408490000000.0,Ruby Emerald Mala Set,"17-04, 22j, av-07jan26, category_choker, category_necklace, EOSS_jan26, sale-28",Default Title,5500.0,5500.0,5500.0,1,0.0,0.0,1.0,,5500.0,1.0,,1.0,0.0,1,,First-time,9684130000000.0,India,False,False
XYZ Luxury,2026-06-23 00:00:00+00:00,INR,XYZ Luxury - magic checkout,2026-06-23 07:14:49+00:00,2026-06-23 07:14:49+00:00,2026-06-23 07:47:43+00:00,7474120000000.0,#3913,India,India,India,Delhi,New Delhi,"Magic, upi",9570740000000.0,Emreen Earrings,24akk,Default Title,6600.0,6600.0,6600.0,1,0.0,0.0,1.0,,6600.0,1.0,,1.0,0.0,1,,First-time,9684140000000.0,India,False,False
XYZ Luxury,2026-06-23 00:00:00+00:00,INR,XYZ Luxury - magic checkout,2026-06-23 07:48:37+00:00,2026-06-23 07:48:37+00:00,2026-06-24 06:49:46+00:00,7474150000000.0,#3914,India,India,India,Punjab,Firozpur,"card, Magic",9478430000000.0,Areej Antique Pearl Set,"17-04, 20-02, 22j, category_necklace, sale-28",Default Title,2805.0,2805.0,2805.0,1,0.0,0.0,1.0,,2805.0,1.0,,1.0,0.0,1,,First-time,9684170000000.0,India,False,False
XYZ Luxury,2026-06-23 00:00:00+00:00,INR,XYZ Luxury - magic checkout,2026-06-23 08:26:59+00:00,2026-06-23 08:26:59+00:00,2026-06-24 07:49:50+00:00,7474180000000.0,#3915,India,India,India,Maharashtra,Mumbai,"Magic, upi",9478430000000.0,Areej Antique Pearl Set,"17-04, 20-02, 22j, category_necklace, sale-28",Default Title,2805.0,2805.0,2805.0,1,0.0,0.0,1.0,,2805.0,1.0,,1.0,0.0,1,,First-time,9684200000000.0,India,False,False
XYZ Luxury,2026-06-23 00:00:00+00:00,INR,XYZ Luxury - magic checkout,2026-06-23 08:42:55+00:00,2026-06-23 08:42:55+00:00,2026-06-24 08:12:50+00:00,7474190000000.0,#3916,India,India,India,Karnataka,Bengaluru,"Magic, upi",9631280000000.0,lavi Necklace Set,"24akk, hp_rts09may",Default Title,7000.0,7000.0,7000.0,1,0.0,0.0,1.0,,7000.0,1.0,,1.0,0.0,1,,First-time,9684210000000.0,India,False,False
XYZ Luxury,2026-06-23 00:00:00+00:00,INR,XYZ Luxury - magic checkout,2026-06-23 11:02:42+00:00,2026-06-23 11:02:42+00:00,2026-06-23 11:30:35+00:00,7474340000000.0,#3917,Australia,Rest of the World,Australia,New South Wales,Dulwich Hill,"Magic, wallet",8709330000000.0,Aisha Antique Choker Set,"3july-backup-dis, Bestseller_18sep, category_choker, category_necklace, Clearance Sale, desc addition, eoss_02jun, EOSS_jan26, hp_rts09may",Default Title,32670.0,32670.0,32670.0,1,0.0,0.0,1.0,,32670.0,1.0,,1.0,0.0,1,,First-time,9684350000000.0,Australia,False,False
XYZ Luxury,2026-06-23 00:00:00+00:00,INR,XYZ Luxury - magic checkout,2026-06-23 14:38:04+00:00,2026-06-23 14:38:04+00:00,2026-06-24 08:06:08+00:00,7474660000000.0,#3919,India,India,India,Maharashtra,Pune,"card, Magic",9639670000000.0,Dimpal Tikka,"22j, 22ju, hp_rts09may",Default Title,3000.0,3000.0,3000.0,1,0.0,0.0,1.0,,3000.0,1.0,,1.0,0.0,1,,First-time,9684650000000.0,India,False,False
XYZ Luxury,2026-06-23 00:00:00+00:00,INR,XYZ Luxury - magic checkout,2026-06-23 14:36:31+00:00,2026-06-23 14:36:31+00:00,2026-06-24 08:58:25+00:00,7474660000000.0,#3918,India,India,India,Punjab,Batala,"card, Magic",9601160000000.0,Pippal Patti Choker Set,24akk,Golden,7590.0,7590.0,7590.0,1,0.0,0.0,1.0,,7590.0,1.0,,1.0,0.0,1,,First-time,9684640000000.0,India,False,False
XYZ Luxury,2026-06-23 00:00:00+00:00,INR,XYZ Luxury - magic checkout,2026-06-23 14:51:12+00:00,2026-06-23 14:51:12+00:00,2026-06-24 07:33:29+00:00,7474680000000.0,#3920,India,India,India,Punjab,Patiala,"Magic, upi",9478430000000.0,Areej Antique Pearl Set,"17-04, 20-02, 22j, category_necklace, sale-28",Default Title,2805.0,2805.0,2805.0,1,0.0,0.0,1.0,,2805.0,,1.0,1.0,0.0,1,,Returning,8154200000000.0,India,False,False
XYZ Luxury,2026-06-23 00:00:00+00:00,INR,XYZ Luxury - magic checkout,2026-06-23 16:18:03+00:00,2026-06-23 16:18:05+00:00,2026-06-23 16:18:06+00:00,7474850000000.0,#3921,Canada,Rest of the World,Canada,Alberta,Edmonton,,8916240000000.0,Haafiz Antique Bangles 4pc,"17-04, 22j, 3july-backup-dis, Bestseller_18sep, category_bangles, eoss_02jun, EOSS_jan26, hp_rts09may, sale-28, Silver Bangles",02-Aug,3471.6,3471.6,3471.6,1,0.0,0.0,1.0,,3471.6,1.0,,1.0,0.0,1,QuickReply.ai,First-time,8379270000000.0,Canada,False,False
XYZ Luxury,2026-06-23 00:00:00+00:00,INR,XYZ Luxury - magic checkout,2026-06-23 17:02:11+00:00,2026-06-23 17:02:11+00:00,2026-06-23 17:02:14+00:00,7474940000000.0,#3922,India,India,India,Delhi,DELHI,"Magic, upi",9408510000000.0,Mughul Necklace Set,"17-04, 22j, av-07jan26, category_choker, category_necklace, EOSS_jan26, sale-28",Default Title,7425.0,7425.0,7425.0,1,0.0,0.0,1.0,,7425.0,1.0,,1.0,0.0,1,,First-time,9684870000000.0,India,False,False
XYZ Luxury,2026-06-23 00:00:00+00:00,INR,XYZ Luxury - magic checkout,2026-06-23 17:35:59+00:00,2026-06-23 17:35:59+00:00,2026-06-24 07:15:19+00:00,7475010000000.0,#3923,India,India,India,Punjab,Patiala,"card, Magic",9475730000000.0,Gulbano Choker Set,"17-04, 18-02, 22j, category_choker, sale-28",Default Title,11825.0,11825.0,11825.0,1,0.0,0.0,1.0,,11825.0,1.0,,1.0,0.0,1,,First-time,9684930000000.0,India,False,False
XYZ Luxury,2026-06-23 00:00:00+00:00,INR,XYZ Luxury - magic checkout,2026-06-23 17:47:16+00:00,2026-06-23 17:47:16+00:00,2026-06-24 07:09:52+00:00,7475030000000.0,#3924,India,India,India,Maharashtra,Mumbai,"card, Magic",8745340000000.0,Sutlej Hair Pins Pair,"Bestseller_18sep, desc addition, eoss_02jun, EOSS_jan26",Default Title,7590.0,7590.0,7590.0,1,0.0,0.0,1.0,,7590.0,1.0,,1.0,0.0,1,,First-time,9684940000000.0,India,False,False
XYZ Luxury,2026-06-24 00:00:00+00:00,INR,XYZ Luxury - magic checkout,2026-06-24 01:23:53+00:00,2026-06-24 01:23:53+00:00,2026-06-24 13:17:56+00:00,7475670000000.0,#3925,India,India,India,Punjab,Patiala,"card, Magic",9475730000000.0,Malika Ruby Mint Necklace Set,"17-04, 18-02, 22j, category_necklace, sale-28",Default Title,10725.0,10725.0,10725.0,1,0.0,0.0,1.0,,10725.0,1.0,,1.0,0.0,1,,First-time,9685810000000.0,India,False,False
XYZ Luxury,2026-06-24 00:00:00+00:00,INR,XYZ Luxury - magic checkout,2026-06-24 01:32:46+00:00,2026-06-24 01:32:46+00:00,2026-06-24 01:32:48+00:00,7475680000000.0,#3926,United States,USA,United States,California,San Jose,"card, Magic",9111040000000.0,Reshma Dori Set,"category_choker, category_necklace, EOSS_jan26",Default Title,13530.0,13530.0,13530.0,1,0.0,0.0,1.0,,13530.0,1.0,,1.0,0.0,1,,First-time,9668080000000.0,United States,False,False
XYZ Luxury,2026-06-24 00:00:00+00:00,INR,XYZ Luxury - magic checkout,2026-06-24 02:54:25+00:00,2026-06-24 02:54:25+00:00,2026-06-27 21:51:23+00:00,7475780000000.0,#3927,United States,USA,United States,Maryland,Rockville,"card, Magic",8652480000000.0,Naseeb Necklace Set,"category_choker, category_necklace, desc addition, eoss_02jun, EOSS_jan26",Default Title,22770.0,22770.0,22770.0,1,0.0,0.0,1.0,,22770.0,1.0,,1.0,0.0,1,,First-time,9685930000000.0,United States,False,False
XYZ Luxury,2026-06-24 00:00:00+00:00,INR,XYZ Luxury - magic checkout,2026-06-24 05:06:32+00:00,2026-06-24 05:06:32+00:00,2026-06-24 05:06:34+00:00,7476000000000.0,#3928,India,India,India,Punjab,Faridkot,"Magic, upi",8131660000000.0,Multan Choker Set,"category_choker, desc addition, eoss_02jun, EOSS_jan26, occasion",Default Title,14850.0,14850.0,14850.0,1,0.0,0.0,1.0,,14850.0,1.0,,1.0,0.0,1,,First-time,9686070000000.0,India,False,False
XYZ Luxury,2026-06-24 00:00:00+00:00,INR,XYZ Luxury - magic checkout,2026-06-24 06:10:53+00:00,2026-06-24 06:10:53+00:00,2026-06-24 09:57:40+00:00,7476080000000.0,#3929,India,India,India,Karnataka,BENGALURU,"card, Magic",9570740000000.0,Emreen Earrings,24akk,Default Title,6600.0,6600.0,6600.0,1,0.0,0.0,1.0,,6600.0,,1.0,1.0,0.0,1,,Returning,8136290000000.0,India,False,False
XYZ Luxury,2026-06-24 00:00:00+00:00,INR,Draft Orders,2026-06-24 06:18:56+00:00,2026-06-24 06:18:56+00:00,2026-06-24 09:52:35+00:00,7476090000000.0,#3930,India,India,India,Maharashtra,Mumbai,,9627610000000.0,RITU Bracelet.,"24akk, hp_rts09may",Default Title,1800.0,1800.0,1800.0,1,0.0,0.0,1.0,,1800.0,1.0,,1.0,0.0,1,,First-time,9686160000000.0,India,False,False
XYZ Luxury,2026-06-24 00:00:00+00:00,INR,Draft Orders,2026-06-24 06:23:20+00:00,2026-06-24 06:23:21+00:00,2026-06-27 21:02:06+00:00,7476090000000.0,#3931,Canada,Rest of the World,Canada,British Columbia,Surrey,,8916270000000.0,Taaj Payal Pair,"Bestseller_18sep, category_payal, eoss_02jun, EOSS_jan26, hp_rts09may",Default Title,7931.88,7931.88,7931.88,1,0.0,0.0,1.0,,7931.88,1.0,,1.0,0.0,1,,First-time,9683610000000.0,Canada,False,False
XYZ Luxury,2026-06-24 00:00:00+00:00,INR,XYZ Luxury - magic checkout,2026-06-24 08:39:30+00:00,2026-06-24 08:39:30+00:00,2026-06-24 11:22:24+00:00,7476220000000.0,#3932,India,India,India,Maharashtra,Raigarh MH,"card, Magic",8709330000000.0,Aisha Antique Choker Set,"3july-backup-dis, Bestseller_18sep, category_choker, category_necklace, Clearance Sale, desc addition, eoss_02jun, EOSS_jan26, hp_rts09may",Default Title,32670.0,32670.0,32670.0,1,0.0,0.0,1.0,,32670.0,1.0,,1.0,0.0,1,,First-time,9682260000000.0,India,False,False
XYZ Luxury,2026-06-24 00:00:00+00:00,INR,XYZ Luxury - magic checkout,2026-06-24 11:56:17+00:00,2026-06-24 11:56:17+00:00,2026-06-24 11:56:19+00:00,7476390000000.0,#3933,India,India,India,Delhi,NORTH WEST,"Magic, upi",9627610000000.0,RITU Bracelet.,"24akk, hp_rts09may",Default Title,1500.0,1500.0,1500.0,1,0.0,0.0,1.0,,1500.0,,1.0,1.0,0.0,1,,Returning,9675410000000.0,India,False,False
XYZ Luxury,2026-06-24 00:00:00+00:00,INR,Online Store,2026-06-24 12:44:38+00:00,2026-06-24 12:44:40+00:00,2026-06-24 12:44:41+00:00,7476450000000.0,#3934,Australia,Rest of the World,Australia,New South Wales,GABLES,,9008490000000.0,Kinza Pearl Set,"3july-backup-dis, Bestseller_18sep, category_choker, category_necklace, eoss_02jun, EOSS_jan26",Default Title,12870.0,12870.0,12870.0,1,0.0,0.0,1.0,,12870.0,1.0,,1.0,0.0,1,meta_Paid,First-time,9686520000000.0,Australia,False,False
XYZ Luxury,2026-06-24 00:00:00+00:00,INR,XYZ Luxury - magic checkout,2026-06-24 13:51:59+00:00,2026-06-24 13:51:59+00:00,2026-06-24 13:52:01+00:00,7476570000000.0,#3935,India,India,India,Andhra Pradesh,Nellore,"Magic, upi",9008500000000.0,Sehrish Navratn Set,"bride_t, category_necklace, eoss_02jun, EOSS_jan26",Default Title,26070.0,26070.0,26070.0,1,0.0,0.0,1.0,,26070.0,1.0,,1.0,0.0,1,,First-time,9686660000000.0,India,False,False
XYZ Luxury,2026-06-24 00:00:00+00:00,INR,XYZ Luxury - magic checkout,2026-06-24 14:20:56+00:00,2026-06-24 14:20:56+00:00,2026-06-27 07:36:27+00:00,7476630000000.0,#3936,Australia,Rest of the World,Australia,New South Wales,Harris Park,"card, Magic",9418100000000.0,Phagwara Openable Bangles Pair,"16ak, 17-04, 22j, category_bangles, sale-28",02-Aug,5500.0,5500.0,5500.0,1,0.0,0.0,1.0,,5500.0,1.0,,1.0,0.0,1,,First-time,9675700000000.0,Australia,False,False
XYZ Luxury,2026-06-24 00:00:00+00:00,INR,XYZ Luxury - magic checkout,2026-06-24 17:09:01+00:00,2026-06-24 17:09:01+00:00,2026-06-26 13:13:53+00:00,7477030000000.0,#3938,India,India,India,Karnataka,Bengaluru,"Magic, upi",9631270000000.0,Reena Waliyaan,"24akk, hp_rts09may",Default Title,2000.0,2000.0,2000.0,1,0.0,0.0,1.0,,2000.0,1.0,,1.0,0.0,1,,First-time,9687130000000.0,India,False,False
XYZ Luxury,2026-06-24 00:00:00+00:00,INR,XYZ Luxury - magic checkout,2026-06-24 17:08:22+00:00,2026-06-24 17:08:22+00:00,2026-06-24 17:08:24+00:00,7477030000000.0,#3937,India,India,India,Bihar,Patna,"Magic, upi",9463350000000.0,simi studs,category_earring,Default Title,3355.93,3355.93,3960.0,1,0.0,0.0,1.0,,3355.93,,1.0,1.0,0.0,1,,Returning,9419470000000.0,India,False,False
XYZ Luxury,2026-06-24 00:00:00+00:00,INR,XYZ Luxury - magic checkout,2026-06-24 18:20:32+00:00,2026-06-24 18:20:32+00:00,2026-06-26 12:01:49+00:00,7477210000000.0,#3939,India,India,India,Karnataka,BANGALORE,"Magic, upi",9631270000000.0,Reena Waliyaan,"24akk, hp_rts09may",Default Title,2000.0,2000.0,2000.0,1,0.0,0.0,1.0,,2000.0,1.0,,1.0,0.0,1,,First-time,9678910000000.0,India,False,False
XYZ Luxury,2026-06-25 00:00:00+00:00,INR,XYZ Luxury - magic checkout,2026-06-24 18:41:18+00:00,2026-06-24 18:41:18+00:00,2026-06-26 11:51:08+00:00,7477270000000.0,#3940,India,India,India,Maharashtra,Mumbai,"Magic, upi",9567630000000.0,Nayab Bangle 4pc,"16ap, 17-04, 24akk",02-Apr,2750.0,2750.0,2750.0,1,0.0,0.0,1.0,,2750.0,1.0,,1.0,0.0,1,,First-time,9092060000000.0,India,False,False
XYZ Luxury,2026-06-25 00:00:00+00:00,INR,XYZ Luxury - magic checkout,2026-06-24 19:56:10+00:00,2026-06-24 19:56:10+00:00,2026-06-24 19:56:11+00:00,7477450000000.0,#3941,India,India,India,Karnataka,Manglore,"Magic, upi",8592080000000.0,Chand Hair Clips Pair,"Bestseller_18sep, desc addition, eoss_02jun, EOSS_jan26, occasion",Default Title,6600.0,6600.0,6600.0,1,0.0,0.0,1.0,,6600.0,1.0,,1.0,0.0,1,,First-time,9653540000000.0,India,False,False
XYZ Luxury,2026-06-25 00:00:00+00:00,INR,XYZ Luxury - magic checkout,2026-06-24 23:33:58+00:00,2026-06-24 23:33:58+00:00,2026-06-24 23:34:00+00:00,7477720000000.0,#3942,Canada,Rest of the World,Canada,Ontario,Brampton,"card, Magic",9627590000000.0,Geeta Chain,"24akk, hp_rts09may",Default Title,2000.0,2000.0,2000.0,1,0.0,0.0,1.0,,2000.0,1.0,,1.0,0.0,1,,First-time,9687730000000.0,Canada,False,False
XYZ Luxury,2026-06-25 00:00:00+00:00,INR,XYZ Luxury - magic checkout,2026-06-25 01:33:09+00:00,2026-06-25 01:33:09+00:00,2026-06-25 02:33:31+00:00,7477860000000.0,#3943,Canada,Rest of the World,Canada,Ontario,ORLÉANS,"card, Magic",8079750000000.0,Nanki Necklace & Earring,"bride_t, category_choker, category_necklace, desc addition, eoss_02jun, EOSS_jan26, hp_rts09may, occasion",Default Title,19470.0,19470.0,19470.0,1,0.0,0.0,1.0,,19470.0,1.0,,1.0,0.0,1,,First-time,9687860000000.0,Canada,False,False
XYZ Luxury,2026-06-25 00:00:00+00:00,INR,XYZ Luxury - magic checkout,2026-06-25 03:05:49+00:00,2026-06-25 03:05:49+00:00,2026-06-26 12:15:25+00:00,7477970000000.0,#3944,India,India,India,Delhi,South West Delhi,"Magic, upi",9627570000000.0,Golden Chain,"24akk, hp_rts09may",Default Title,2000.0,2000.0,2000.0,1,0.0,0.0,1.0,,2000.0,,1.0,1.0,0.0,1,,Returning,9565450000000.0,India,False,False
XYZ Luxury,2026-06-25 00:00:00+00:00,INR,XYZ Luxury - magic checkout,2026-06-25 04:43:57+00:00,2026-06-25 04:43:57+00:00,2026-06-25 04:43:59+00:00,7478150000000.0,#3945,Australia,Rest of the World,Australia,Western Australia,Brentwood,"Magic, wallet",8745340000000.0,Sutlej Hair Pins Pair,"Bestseller_18sep, desc addition, eoss_02jun, EOSS_jan26",Default Title,7590.0,7590.0,7590.0,1,0.0,0.0,1.0,,7590.0,1.0,,1.0,0.0,1,,First-time,9688090000000.0,Australia,False,False
XYZ Luxury,2026-06-25 00:00:00+00:00,INR,XYZ Luxury - magic checkout,2026-06-25 04:56:30+00:00,2026-06-25 04:56:30+00:00,2026-06-25 04:56:32+00:00,7478170000000.0,#3946,India,India,India,Punjab,Ludhiana,"card, Magic",8913180000000.0,Moti Mahal Ring,"Bestseller_18sep, eoss_02jun, EOSS_jan26",Default Title,3960.0,3960.0,3960.0,1,0.0,0.0,1.0,,3960.0,1.0,,1.0,0.0,1,,First-time,9688020000000.0,India,False,False
XYZ Luxury,2026-06-25 00:00:00+00:00,INR,XYZ Luxury - magic checkout,2026-06-25 05:49:48+00:00,2026-06-25 05:49:48+00:00,2026-06-27 07:18:09+00:00,7478230000000.0,#3947,India,India,India,Telangana,Rangareddy,"Magic, upi",9639670000000.0,Niko Waliyaan,"24akk, hp_rts09may",Default Title,1500.0,1500.0,1500.0,1,0.0,0.0,1.0,,1500.0,1.0,,1.0,0.0,1,,First-time,9688150000000.0,India,False,False
XYZ Luxury,2026-06-25 00:00:00+00:00,INR,XYZ Luxury - magic checkout,2026-06-25 06:43:34+00:00,2026-06-25 06:43:34+00:00,2026-06-25 06:43:36+00:00,7478300000000.0,#3948,India,India,India,Punjab,Ludhiana,"card, Magic",9478440000000.0,Simran Pearl Tikka,"17-04, 20-02, 22j, category_tikka, sale-28",Default Title,5500.0,5500.0,5500.0,1,0.0,0.0,1.0,,5500.0,1.0,,1.0,0.0,1,,First-time,9688200000000.0,India,False,False
XYZ Luxury,2026-06-25 00:00:00+00:00,INR,XYZ Luxury - magic checkout,2026-06-25 07:21:59+00:00,2026-06-25 07:21:59+00:00,2026-06-26 12:06:53+00:00,7478340000000.0,#3949,India,India,India,Uttar Pradesh,SAHARANPUR,"Magic, upi",9639670000000.0,Dimpal Tikka,"22j, 22ju, hp_rts09may",Default Title,3000.0,3000.0,3000.0,1,0.0,0.0,1.0,,3000.0,,1.0,1.0,0.0,1,,Returning,8731970000000.0,India,False,False
XYZ Luxury,2026-06-25 00:00:00+00:00,INR,XYZ Luxury - magic checkout,2026-06-25 07:49:35+00:00,2026-06-25 07:49:35+00:00,2026-06-25 07:49:36+00:00,7478380000000.0,#3950,India,India,India,Punjab,Faridkot,"Magic, upi",9567620000000.0,Morni Bangles Pair,"16ap, 17-04, 24akk",02-Apr,8250.0,8250.0,8250.0,1,0.0,0.0,1.0,,8250.0,,1.0,1.0,0.0,1,,Returning,8232000000000.0,India,False,False
XYZ Luxury,2026-06-25 00:00:00+00:00,INR,XYZ Luxury - magic checkout,2026-06-25 07:56:01+00:00,2026-06-25 07:56:01+00:00,2026-06-25 07:56:03+00:00,7478380000000.0,#3951,Canada,Rest of the World,Canada,Alberta,Calgary,"Magic, wallet",8091150000000.0,Panjab Payal Pair,"bride_t, category_payal, desc addition, eoss_02jun, EOSS_jan26, occasion",Default Title,13776.18,13776.18,13776.18,1,0.0,0.0,1.0,,13776.18,1.0,,1.0,0.0,1,,First-time,9688270000000.0,Canada,False,False
XYZ Luxury,2026-06-25 00:00:00+00:00,INR,XYZ Luxury - magic checkout,2026-06-25 09:03:30+00:00,2026-06-25 09:03:31+00:00,2026-06-25 09:03:33+00:00,7478460000000.0,#3952,Australia,Rest of the World,Australia,Victoria,Deanside,,9463380000000.0,parul earrings,category_earring,Default Title,8250.0,8250.0,8250.0,1,0.0,0.0,1.0,,8250.0,,1.0,1.0,0.0,1,QuickReply.ai,Returning,8087300000000.0,Australia,False,False
XYZ Luxury,2026-06-25 00:00:00+00:00,INR,XYZ Luxury - magic checkout,2026-06-25 09:20:21+00:00,2026-06-25 09:20:21+00:00,2026-06-25 10:23:59+00:00,7478480000000.0,#3953,India,India,India,Haryana,Gurgaon,"card, Magic",9475470000000.0,Jannat Earrings,"17-04, 18-02, 22j, category_earring, sale-28",Default Title,3262.71,3262.71,3850.0,1,0.0,0.0,1.0,,3262.71,1.0,,1.0,0.0,1,,First-time,8781820000000.0,India,False,False
XYZ Luxury,2026-06-25 00:00:00+00:00,INR,XYZ Luxury - magic checkout,2026-06-25 10:58:13+00:00,2026-06-25 10:58:13+00:00,2026-06-27 07:09:16+00:00,7478600000000.0,#3954,India,India,India,West Bengal,East Midnapore,"card, Magic",9567990000000.0,Heema Earrings,"16ap, 17-04, 24akk",Default Title,4125.0,4125.0,4125.0,1,0.0,0.0,1.0,,4125.0,1.0,,1.0,0.0,1,,First-time,9003790000000.0,India,False,False
XYZ Luxury,2026-06-25 00:00:00+00:00,INR,Draft Orders,2026-06-25 15:57:47+00:00,2026-06-25 15:57:48+00:00,2026-06-25 17:35:36+00:00,7479090000000.0,#3955,India,India,India,Punjab,Ludhiana,,9474390000000.0,panna studs,"17-04, 17f, 22j, category_earring, sale-28",Default Title,3850.0,3850.0,3850.0,1,0.0,0.0,1.0,,3850.0,,1.0,1.0,0.0,1,,Returning,9657460000000.0,India,False,False
XYZ Luxury,2026-06-25 00:00:00+00:00,INR,Draft Orders,2026-06-25 17:28:01+00:00,2026-06-25 17:28:02+00:00,2026-06-26 13:12:03+00:00,7479300000000.0,#3956,India,India,India,Uttarakhand,Dehradun,,9567620000000.0,Morni Bangles Pair,"16ap, 17-04, 24akk",02-Aug,8250.0,8250.0,8250.0,1,0.0,0.0,1.0,,8250.0,,1.0,1.0,0.0,1,,Returning,8230350000000.0,India,False,False
XYZ Luxury,2026-06-25 00:00:00+00:00,INR,XYZ Luxury - magic checkout,2026-06-25 17:38:01+00:00,2026-06-25 17:38:01+00:00,2026-06-26 11:45:27+00:00,7479330000000.0,#3957,India,India,India,Uttar Pradesh,GHAZIABAD,"Magic, upi",9567630000000.0,Nayab Bangle 4pc,"16ap, 17-04, 24akk",02-Jun,2750.0,2750.0,2750.0,1,0.0,0.0,1.0,,2750.0,1.0,,1.0,0.0,1,,First-time,9689100000000.0,India,False,False
XYZ Luxury,2026-06-26 00:00:00+00:00,INR,XYZ Luxury - magic checkout,2026-06-25 20:02:09+00:00,2026-06-25 20:02:09+00:00,2026-06-25 20:02:10+00:00,7479620000000.0,#3958,India,India,India,Uttar Pradesh,Allahabad,"card, Magic",9474310000000.0,panna choker set,"17-04, 17f, 22j, category_choker, category_necklace, sale-28",Default Title,6875.0,6875.0,6875.0,1,0.0,0.0,1.0,,6875.0,1.0,,1.0,0.0,1,,First-time,9689380000000.0,India,False,False
XYZ Luxury,2026-06-26 00:00:00+00:00,INR,XYZ Luxury - magic checkout,2026-06-25 20:18:57+00:00,2026-06-25 20:18:57+00:00,2026-06-25 20:18:59+00:00,7479650000000.0,#3959,United States,USA,United States,California,Roseville,"Magic, wallet",8654730000000.0,Zara Antique Choker Set,"category_choker, Clearance Sale, desc addition, eoss_02jun, EOSS_jan26, hp_rts09may",Default Title,19470.0,19470.0,19470.0,1,0.0,0.0,1.0,,19470.0,,1.0,1.0,0.0,1,,Returning,8428210000000.0,United States,False,False
XYZ Luxury,2026-06-26 00:00:00+00:00,INR,XYZ Luxury - magic checkout,2026-06-25 22:56:20+00:00,2026-06-25 22:56:20+00:00,2026-06-25 22:56:23+00:00,7479850000000.0,#3960,United States,USA,United States,California,Clovis,"Magic, wallet",9419420000000.0,Al-razi Openable Bangles Pair,"16ak, 17-04, 22j, category_bangles, sale-28",02-Apr,5500.0,5500.0,5500.0,1,0.0,0.0,1.0,,5500.0,1.0,,1.0,0.0,1,,First-time,9689570000000.0,United States,False,False
XYZ Luxury,2026-06-26 00:00:00+00:00,INR,XYZ Luxury - magic checkout,2026-06-25 23:18:39+00:00,2026-06-25 23:18:39+00:00,2026-06-26 12:59:41+00:00,7479880000000.0,#3961,India,India,India,Assam,Sonitpur,"Magic, upi",9631280000000.0,Rose Studs,"24akk, hp_rts09may",Default Title,1750.0,1750.0,1750.0,1,0.0,0.0,1.0,,1750.0,1.0,,1.0,0.0,1,,First-time,9689600000000.0,India,False,False
XYZ Luxury,2026-06-26 00:00:00+00:00,INR,XYZ Luxury - magic checkout,2026-06-26 01:15:21+00:00,2026-06-26 01:15:21+00:00,2026-06-26 12:36:49+00:00,7480020000000.0,#3962,India,India,India,Haryana,Faridabad,"Magic, upi",9627590000000.0,Rita Chain,"10june.., 24akk",Default Title,2000.0,2000.0,2000.0,1,0.0,0.0,1.0,,2000.0,1.0,,1.0,0.0,1,,First-time,9689730000000.0,India,False,False
XYZ Luxury,2026-06-26 00:00:00+00:00,INR,XYZ Luxury - magic checkout,2026-06-26 02:43:01+00:00,2026-06-26 02:43:01+00:00,2026-06-26 11:37:34+00:00,7480120000000.0,#3963,India,India,India,Punjab,Chandighar,"Magic, upi",9563990000000.0,Pippal Patti Waliyaan,"22j, sale-28",Default Title,3300.0,3300.0,3300.0,1,0.0,0.0,1.0,,3300.0,,1.0,1.0,0.0,1,,Returning,7879170000000.0,India,False,False
XYZ Luxury,2026-06-26 00:00:00+00:00,INR,XYZ Luxury - magic checkout,2026-06-26 03:45:55+00:00,2026-06-26 03:45:55+00:00,2026-06-26 11:08:44+00:00,7480200000000.0,#3964,India,India,India,Haryana,Gurugram,"Additional Notes, Magic, upi",9639670000000.0,Moto Waliyaan,"22j, 22ju, hp_rts09may",Default Title,1500.0,1500.0,1500.0,1,0.0,0.0,1.0,,1500.0,,1.0,1.0,0.0,1,,Returning,8290280000000.0,India,False,False
XYZ Luxury,2026-06-26 00:00:00+00:00,INR,XYZ Luxury - magic checkout,2026-06-26 04:24:05+00:00,2026-06-26 04:24:05+00:00,2026-06-26 11:27:23+00:00,7480270000000.0,#3965,India,India,India,Punjab,Amritsar,"Additional Notes, Magic, upi",9639670000000.0,Ennni Waliyaan,"24akk, hp_rts09may",Default Title,1500.0,1500.0,1500.0,1,0.0,0.0,1.0,,1500.0,1.0,,1.0,0.0,1,,First-time,9689960000000.0,India,False,False
XYZ Luxury,2026-06-26 00:00:00+00:00,INR,XYZ Luxury - magic checkout,2026-06-26 04:47:45+00:00,2026-06-26 04:47:45+00:00,2026-06-26 11:13:43+00:00,7480320000000.0,#3966,India,India,India,Chandigarh,CHANDIGARH,"card, Magic",8710430000000.0,Pippal Patti Waaliyaan,"Bestseller_18sep, category_earring, desc addition, eoss_02jun, EOSS_jan26, hp_rts09may",Default Title,5610.0,5610.0,5610.0,1,0.0,0.0,1.0,,5610.0,1.0,,1.0,0.0,1,,First-time,9689950000000.0,India,False,False
XYZ Luxury,2026-06-26 00:00:00+00:00,INR,XYZ Luxury - magic checkout,2026-06-26 05:47:11+00:00,2026-06-26 05:47:11+00:00,2026-06-26 05:47:13+00:00,7480410000000.0,#3967,United States,USA,United States,Washington,Auburn,"card, Magic",9563990000000.0,Pippal Patti Waliyaan,"22j, sale-28",Default Title,3300.0,3300.0,3300.0,1,0.0,0.0,1.0,,3300.0,1.0,,1.0,0.0,1,,First-time,8976500000000.0,United States,False,False
XYZ Luxury,2026-06-26 00:00:00+00:00,INR,XYZ Luxury - magic checkout,2026-06-26 05:58:02+00:00,2026-06-26 05:58:02+00:00,2026-06-26 05:58:03+00:00,7480420000000.0,#3969,Canada,Rest of the World,Canada,British Columbia,Surrey,"card, Magic",9478440000000.0,Ria Pearl Passa,"17-04, 20-02, 22j, category_Passa, sale-28",Default Title,6325.0,6325.0,6325.0,1,0.0,0.0,1.0,,6325.0,1.0,,1.0,0.0,1,,First-time,9687840000000.0,Canada,False,False
XYZ Luxury,2026-06-26 00:00:00+00:00,INR,XYZ Luxury - magic checkout,2026-06-26 05:57:16+00:00,2026-06-26 05:57:16+00:00,2026-06-26 05:57:17+00:00,7480420000000.0,#3968,India,India,India,Delhi,NEW DELHI,"Magic, razorpay_partial_cod, upi",9219580000000.0,Farzana Earrings,"category_earring, EOSS_jan26",Default Title,8921.19,8921.19,10527.0,1,0.0,0.0,1.0,,8921.19,1.0,,1.0,0.0,1,,First-time,9186640000000.0,India,False,False
XYZ Luxury,2026-06-26 00:00:00+00:00,INR,XYZ Luxury - magic checkout,2026-06-26 07:43:22+00:00,2026-06-26 07:43:22+00:00,2026-06-26 07:43:24+00:00,7480540000000.0,#3970,India,India,India,Punjab,Muktsar,"Magic, upi",9475740000000.0,Moti Mint Tikka,"17-04, 18-02, 22j, category_tikka, sale-28",Default Title,4400.0,4400.0,4400.0,1,0.0,0.0,1.0,,4400.0,1.0,,1.0,0.0,1,,First-time,9479520000000.0,India,False,False
XYZ Luxury,2026-06-26 00:00:00+00:00,INR,Draft Orders,2026-06-26 09:06:16+00:00,2026-06-26 09:06:16+00:00,2026-06-26 10:44:18+00:00,7480620000000.0,#3971,India,India,India,Assam,Duliajan,,8741480000000.0,Nazare Ring,"Bestseller_18sep, desc addition, eoss_02jun, EOSS_jan26, hp_rts09may",Default Title,3960.0,3960.0,3960.0,1,0.0,0.0,1.0,,3960.0,1.0,,1.0,0.0,1,,First-time,9690240000000.0,India,False,False
XYZ Luxury,2026-06-26 00:00:00+00:00,INR,Draft Orders,2026-06-26 09:59:46+00:00,2026-06-26 09:59:46+00:00,2026-06-26 10:25:13+00:00,7480680000000.0,#3972,India,India,India,Haryana,Gurgaon,,8654730000000.0,Naseeb Earrings,"Bestseller_18sep, category_earring, desc addition, eoss_02jun, EOSS_jan26, hp_rts09may",Default Title,8910.0,8910.0,8910.0,1,0.0,0.0,1.0,,8910.0,1.0,,1.0,0.0,1,,First-time,9690260000000.0,India,False,False
XYZ Luxury,2026-06-26 00:00:00+00:00,INR,XYZ Luxury - magic checkout,2026-06-26 11:26:08+00:00,2026-06-26 11:26:08+00:00,2026-06-26 11:26:10+00:00,7480790000000.0,#3973,India,India,India,Uttar Pradesh,Gautam Buddha Nagar,"Magic, razorpay_partial_cod, upi",8079760000000.0,Nanki Ring,"desc addition, eoss_02jun, EOSS_jan26",Default Title,3339.6,3339.6,3339.6,1,0.0,0.0,1.0,,3339.6,,1.0,1.0,0.0,1,,Returning,8782480000000.0,India,False,False
XYZ Luxury,2026-06-26 00:00:00+00:00,INR,XYZ Luxury - magic checkout,2026-06-26 12:05:50+00:00,2026-06-26 12:05:50+00:00,2026-06-26 12:05:51+00:00,7480850000000.0,#3974,India,India,India,Telangana,Hyderabad,"card, Magic",9008490000000.0,Kinza Pearl Set,"3july-backup-dis, Bestseller_18sep, category_choker, category_necklace, eoss_02jun, EOSS_jan26",Default Title,12870.0,12870.0,12870.0,1,0.0,0.0,1.0,,12870.0,1.0,,1.0,0.0,1,,First-time,8824890000000.0,India,False,False
XYZ Luxury,2026-06-26 00:00:00+00:00,INR,XYZ Luxury - magic checkout,2026-06-26 12:14:06+00:00,2026-06-26 12:14:06+00:00,2026-06-26 13:08:14+00:00,7480860000000.0,#3975,India,India,India,Uttar Pradesh,Gautam Buddha Nagar,"Magic, razorpay_partial_cod, upi",9639670000000.0,Heer Waliyaan,"22j, 22ju, hp_rts09may",Default Title,1500.0,1500.0,1500.0,1,0.0,0.0,1.0,,1500.0,1.0,,1.0,0.0,1,,First-time,9690460000000.0,India,False,False
XYZ Luxury,2026-06-26 00:00:00+00:00,INR,XYZ Luxury - magic checkout,2026-06-26 12:45:20+00:00,2026-06-26 12:45:20+00:00,2026-06-26 12:45:22+00:00,7480910000000.0,#3976,India,India,India,Haryana,Gurugram,"Magic, upi",9111020000000.0,Gulbano Choker Set,"category_choker, category_necklace, EOSS_jan26",Default Title,15609.0,15609.0,15609.0,1,0.0,0.0,1.0,,15609.0,,1.0,1.0,0.0,1,,Returning,9315860000000.0,India,False,False
XYZ Luxury,2026-06-26 00:00:00+00:00,INR,XYZ Luxury - magic checkout,2026-06-26 13:49:44+00:00,2026-06-26 13:49:44+00:00,2026-06-27 07:00:30+00:00,7481030000000.0,#3977,India,India,India,Uttar Pradesh,Saharanour,"Magic, upi",9627590000000.0,Rennu Chain,"24akk, hp_rts09may",Default Title,1500.0,1500.0,1500.0,1,0.0,0.0,1.0,,1500.0,1.0,,1.0,0.0,1,,First-time,9690600000000.0,India,False,False
XYZ Luxury,2026-06-26 00:00:00+00:00,INR,XYZ Luxury - magic checkout,2026-06-26 14:50:09+00:00,2026-06-26 14:50:09+00:00,2026-06-27 06:53:20+00:00,7481150000000.0,#3978,India,India,India,Punjab,Sangrur,"card, Magic",9475470000000.0,Jannat Earrings,"17-04, 18-02, 22j, category_earring, sale-28",Default Title,3262.71,3262.71,3850.0,1,0.0,0.0,1.0,,3262.71,1.0,,1.0,0.0,1,,First-time,9143900000000.0,India,False,False
XYZ Luxury,2026-06-26 00:00:00+00:00,INR,XYZ Luxury - magic checkout,2026-06-26 15:31:36+00:00,2026-06-26 15:31:36+00:00,2026-06-27 06:31:01+00:00,7481240000000.0,#3979,India,India,India,West Bengal,Siliguri,"Magic, razorpay_partial_cod, upi",9627590000000.0,Rennu Chain,"24akk, hp_rts09may",Default Title,1500.0,1500.0,1500.0,1,0.0,0.0,1.0,,1500.0,1.0,,1.0,0.0,1,,First-time,9690750000000.0,India,False,False
XYZ Luxury,2026-06-26 00:00:00+00:00,INR,XYZ Luxury - magic checkout,2026-06-26 16:42:13+00:00,2026-06-26 16:42:13+00:00,2026-06-27 06:44:34+00:00,7481390000000.0,#3981,India,India,India,Maharashtra,Mumbai Subueban,"Magic, upi",9567630000000.0,Sona Jhumki Earrings,"16ap, 17-04, 24akk",Default Title,2750.0,2750.0,2750.0,1,0.0,0.0,1.0,,2750.0,1.0,,1.0,0.0,1,,First-time,9690860000000.0,India,False,False
XYZ Luxury,2026-06-26 00:00:00+00:00,INR,XYZ Luxury - magic checkout,2026-06-26 16:42:01+00:00,2026-06-26 16:42:01+00:00,2026-06-27 06:11:21+00:00,7481390000000.0,#3980,India,India,India,Karnataka,Bengaluru,"Magic, upi",9567990000000.0,Minni Jhumki Earrings,"16ap, 17-04, 24akk",Default Title,3850.0,3850.0,3850.0,1,0.0,0.0,1.0,,3850.0,1.0,,1.0,0.0,1,,First-time,9690860000000.0,India,False,False
XYZ Luxury,2026-06-26 00:00:00+00:00,INR,XYZ Luxury - magic checkout,2026-06-26 17:28:00+00:00,2026-06-26 17:28:00+00:00,2026-06-26 17:28:03+00:00,7481490000000.0,#3982,India,India,India,Haryana,Gurugram,"Magic, razorpay_partial_cod, upi",9631270000000.0,Ravi Necklace,"24akk, hp_rts09may",Default Title,3000.0,3000.0,3000.0,1,0.0,0.0,1.0,,3000.0,1.0,,1.0,0.0,1,,First-time,9690930000000.0,India,False,False
XYZ Luxury,2026-06-27 00:00:00+00:00,INR,XYZ Luxury - magic checkout,2026-06-27 02:54:36+00:00,2026-06-27 02:54:36+00:00,2026-06-27 02:54:38+00:00,7482590000000.0,#3983,India,India,India,Maharashtra,Mumbai,"card, Magic",9567990000000.0,Minni Jhumki Earrings,"16ap, 17-04, 24akk",Default Title,3850.0,3850.0,3850.0,1,0.0,0.0,1.0,,3850.0,1.0,,1.0,0.0,1,,First-time,8354680000000.0,India,False,False
XYZ Luxury,2026-06-27 00:00:00+00:00,INR,XYZ Luxury - magic checkout,2026-06-27 03:03:19+00:00,2026-06-27 03:03:19+00:00,2026-06-27 03:03:21+00:00,7482610000000.0,#3984,United States,USA,United States,Oregon,Lebanon,"card, Magic",9601160000000.0,Pippal Patti Choker Set,24akk,Golden,6325.0,6325.0,6325.0,1,0.0,0.0,1.0,,6325.0,1.0,,1.0,0.0,1,,First-time,9691670000000.0,United States,False,False
XYZ Luxury,2026-06-27 00:00:00+00:00,INR,XYZ Luxury - magic checkout,2026-06-27 03:58:58+00:00,2026-06-27 03:58:58+00:00,2026-06-27 05:32:39+00:00,7482690000000.0,#3985,India,India,India,Kerala,Thiruvananthapuram,"Magic, upi",9631270000000.0,Iyan Waliyaan,"24akk, hp_rts09may",Default Title,1500.0,1500.0,1500.0,1,0.0,0.0,1.0,,1500.0,1.0,,1.0,0.0,1,,First-time,9691740000000.0,India,False,False
XYZ Luxury,2026-06-27 00:00:00+00:00,INR,XYZ Luxury - magic checkout,2026-06-27 04:47:22+00:00,2026-06-27 04:47:22+00:00,2026-06-27 04:47:25+00:00,7482810000000.0,#3986,United Arab Emirates,Middle East,United Arab Emirates,Dubai,Al Jaddaf,"Magic, wallet",9419420000000.0,Dholki Openable Bangles Pair,"16ak, 17-04, 22j, category_bangles, sale-28",02-Jun,6325.0,6325.0,6325.0,1,0.0,0.0,1.0,,6325.0,1.0,,1.0,0.0,1,,First-time,9691800000000.0,United Arab Emirates,False,False
XYZ Luxury,2026-06-27 00:00:00+00:00,INR,XYZ Luxury - magic checkout,2026-06-27 05:29:58+00:00,2026-06-27 05:29:58+00:00,2026-06-27 05:30:00+00:00,7482890000000.0,#3987,United States,USA,United States,Washington,Ridgefield,"card, Magic",9478020000000.0,Suhair Necklace Set,"17-04, 20-02, 22j, category_necklace, sale-28",Default Title,7975.0,7975.0,7975.0,1,0.0,0.0,1.0,,7975.0,1.0,,1.0,0.0,1,,First-time,8313930000000.0,United States,False,False
XYZ Luxury,2026-06-27 00:00:00+00:00,INR,XYZ Luxury - magic checkout,2026-06-27 07:58:40+00:00,2026-06-27 07:58:40+00:00,2026-06-30 08:13:54+00:00,7483080000000.0,#3988,India,India,India,Uttar Pradesh,Kanpur Nagar,"Magic, upi",8741480000000.0,Nazare Ring,"Bestseller_18sep, desc addition, eoss_02jun, EOSS_jan26, hp_rts09may",Default Title,3960.0,3960.0,3960.0,1,0.0,0.0,1.0,,3960.0,1.0,,1.0,0.0,1,,First-time,8514820000000.0,India,False,False
XYZ Luxury,2026-06-27 00:00:00+00:00,INR,XYZ Luxury - magic checkout,2026-06-27 09:28:55+00:00,2026-06-27 09:28:55+00:00,2026-06-30 08:18:55+00:00,7483190000000.0,#3989,India,India,India,Maharashtra,Nashik,"Magic, upi",9639670000000.0,Niko Waliyaan,"24akk, hp_rts09may",Default Title,1500.0,1500.0,1500.0,1,0.0,0.0,1.0,,1500.0,1.0,,1.0,0.0,1,,First-time,9692080000000.0,India,False,False
XYZ Luxury,2026-06-27 00:00:00+00:00,INR,XYZ Luxury - magic checkout,2026-06-27 09:57:24+00:00,2026-06-27 09:57:24+00:00,2026-06-27 09:57:25+00:00,7483230000000.0,#3990,India,India,India,Uttar Pradesh,SAHARANPUR,"Additional Notes, Magic, razorpay_partial_cod, upi",9110980000000.0,Rani Studs,"category_earring, EOSS_jan26",Default Title,7260.0,7260.0,7260.0,1,0.0,0.0,1.0,,7260.0,,1.0,1.0,0.0,1,,Returning,8731970000000.0,India,False,False
XYZ Luxury,2026-06-27 00:00:00+00:00,INR,XYZ Luxury - magic checkout,2026-06-27 10:26:33+00:00,2026-06-27 10:26:33+00:00,2026-06-30 08:28:17+00:00,7483270000000.0,#3991,India,India,India,Rajasthan,Sri ganganagar,"card, Magic, razorpay_partial_cod",9615680000000.0,Mint Necklace Set,24akk,Default Title,13750.0,13750.0,13750.0,1,0.0,0.0,1.0,,13750.0,1.0,,1.0,0.0,1,,First-time,9692130000000.0,India,False,False
XYZ Luxury,2026-06-27 00:00:00+00:00,INR,XYZ Luxury - magic checkout,2026-06-27 11:12:35+00:00,2026-06-27 11:12:35+00:00,2026-06-27 11:12:37+00:00,7483340000000.0,#3992,India,India,India,Delhi,North East Delhi,"Magic, upi",8709420000000.0,Saroor Hand Pieces Pair,"category_hand pieces, Clearance Sale, desc addition, eoss_02jun, EOSS_jan26",Default Title,13776.18,13776.18,13776.18,1,0.0,0.0,1.0,,13776.18,1.0,,1.0,0.0,1,,First-time,9691980000000.0,India,False,False
XYZ Luxury,2026-06-27 00:00:00+00:00,INR,XYZ Luxury - magic checkout,2026-06-27 12:48:02+00:00,2026-06-27 12:48:02+00:00,2026-06-27 12:48:04+00:00,7483500000000.0,#3993,United Kingdom,Rest of the World,United Kingdom,England,Lewisham,"Magic, wallet",9111060000000.0,Neha Choker Set,"category_choker, Clearance Sale, EOSS_jan26",Default Title,18150.0,18150.0,18150.0,1,0.0,0.0,1.0,,18150.0,1.0,,1.0,0.0,1,,First-time,9692150000000.0,United Kingdom,False,False
XYZ Luxury,2026-06-27 00:00:00+00:00,INR,XYZ Luxury - magic checkout,2026-06-27 12:59:52+00:00,2026-06-27 12:59:52+00:00,2026-06-27 12:59:53+00:00,7483520000000.0,#3995,United States,USA,United States,California,Fresno,"Magic, wallet",9478420000000.0,Zaina Choker Set,category_choker,Default Title,12870.0,12870.0,12870.0,1,0.0,0.0,1.0,,12870.0,1.0,,1.0,0.0,1,,First-time,8167810000000.0,United States,False,False
XYZ Luxury,2026-06-27 00:00:00+00:00,INR,XYZ Luxury - magic checkout,2026-06-27 12:57:56+00:00,2026-06-27 12:57:56+00:00,2026-06-30 09:41:48+00:00,7483520000000.0,#3994,India,India,India,Punjab,Mohali,"Magic, upi",8149440000000.0,Rida Choker & Jhumki Earrings,"3july-backup-dis, Bestseller_18sep, category_choker, category_necklace, desc addition, eoss_02jun, EOSS_jan26, hp_rts09may, occasion",Default Title,22770.0,22770.0,22770.0,1,0.0,0.0,1.0,,22770.0,1.0,,1.0,0.0,1,,First-time,8540080000000.0,India,False,False
XYZ Luxury,2026-06-27 00:00:00+00:00,INR,XYZ Luxury - magic checkout,2026-06-27 13:02:32+00:00,2026-06-27 13:02:32+00:00,2026-06-30 09:53:07+00:00,7483530000000.0,#3996,India,India,India,Punjab,Mohali,"Magic, upi",9478440000000.0,Suhair Ruby Mint Set,"17-04, 20-02, 22j, category_necklace, sale-28",Default Title,7975.0,7975.0,7975.0,1,0.0,0.0,1.0,,7975.0,,1.0,1.0,0.0,1,,Returning,8540080000000.0,India,False,False
XYZ Luxury,2026-06-27 00:00:00+00:00,INR,XYZ Luxury - magic checkout,2026-06-27 13:23:26+00:00,2026-06-27 13:23:28+00:00,2026-06-27 13:23:30+00:00,7483570000000.0,#3997,Australia,Rest of the World,Australia,Victoria,Mickleham,,8652470000000.0,Moti Mahal Studs,"Bestseller_18sep, category_earring, desc addition, eoss_02jun, EOSS_jan26",Default Title,5009.4,5009.4,5009.4,1,0.0,0.0,1.0,,5009.4,1.0,,1.0,0.0,1,QuickReply.ai,First-time,9692350000000.0,Australia,False,False
XYZ Luxury,2026-06-27 00:00:00+00:00,INR,XYZ Luxury - magic checkout,2026-06-27 13:31:25+00:00,2026-06-27 13:31:25+00:00,2026-06-30 10:00:56+00:00,7483580000000.0,#3998,India,India,India,Delhi,North West Delhi,"Magic, upi",9639670000000.0,Niko Waliyaan,"24akk, hp_rts09may",Default Title,1500.0,1500.0,1500.0,1,0.0,0.0,1.0,,1500.0,1.0,,1.0,0.0,1,,First-time,9692380000000.0,India,False,False
XYZ Luxury,2026-06-27 00:00:00+00:00,INR,XYZ Luxury - magic checkout,2026-06-27 15:05:26+00:00,2026-06-27 15:05:26+00:00,2026-06-27 15:05:28+00:00,7483790000000.0,#3999,India,India,India,Maharashtra,Mumbai,"card, Magic, razorpay_partial_cod",8252950000000.0,Virsa Hair Clips Pair,"Bestseller_18sep, desc addition, eoss_02jun, EOSS_jan26, hp_rts09may, occasion",Default Title,7590.0,7590.0,7590.0,1,0.0,0.0,1.0,,7590.0,1.0,,1.0,0.0,1,,First-time,9692530000000.0,India,False,False
XYZ Luxury,2026-06-27 00:00:00+00:00,INR,XYZ Luxury - magic checkout,2026-06-27 15:13:27+00:00,2026-06-27 15:13:27+00:00,2026-06-30 10:07:55+00:00,7483810000000.0,#4000,India,India,India,Gujarat,Jamnagar,"card, Magic, razorpay_partial_cod",9561820000000.0,Rangoli Hasli Only,,Default Title,9570.0,9570.0,9570.0,1,0.0,0.0,1.0,,9570.0,1.0,,1.0,0.0,1,,First-time,9692540000000.0,India,False,False
XYZ Luxury,2026-06-27 00:00:00+00:00,INR,XYZ Luxury - magic checkout,2026-06-27 15:25:10+00:00,2026-06-27 15:25:10+00:00,2026-06-27 15:25:12+00:00,7483850000000.0,#4001,India,India,India,Delhi,North Delhi,"card, Magic",9567620000000.0,Morni Bangles Pair,"16ap, 17-04, 24akk",02-Apr,8250.0,8250.0,8250.0,1,0.0,0.0,1.0,,8250.0,1.0,,1.0,0.0,1,,First-time,9688420000000.0,India,False,False
XYZ Luxury,2026-06-27 00:00:00+00:00,INR,XYZ Luxury - magic checkout,2026-06-27 15:32:16+00:00,2026-06-27 15:32:16+00:00,2026-06-30 10:38:09+00:00,7483870000000.0,#4002,India,India,India,Uttar Pradesh,SAHARANPUR,"Magic, razorpay_partial_cod, upi",9631280000000.0,lavi Necklace Set,"24akk, hp_rts09may",Default Title,5000.0,5000.0,5000.0,1,0.0,0.0,1.0,,5000.0,,1.0,1.0,0.0,1,,Returning,8731970000000.0,India,False,False
XYZ Luxury,2026-06-27 00:00:00+00:00,INR,XYZ Luxury - magic checkout,2026-06-27 16:14:35+00:00,2026-06-27 16:14:35+00:00,2026-06-27 16:14:37+00:00,7483980000000.0,#4003,India,India,India,Punjab,Muktsar,"Magic, razorpay_partial_cod, upi",9474390000000.0,panna studs,"17-04, 17f, 22j, category_earring, sale-28",Default Title,3850.0,3850.0,3850.0,1,0.0,0.0,1.0,,3850.0,1.0,,1.0,0.0,1,,First-time,8350800000000.0,India,False,False
XYZ Luxury,2026-06-27 00:00:00+00:00,INR,XYZ Luxury - magic checkout,2026-06-27 16:53:17+00:00,2026-06-27 16:53:17+00:00,2026-06-29 06:47:51+00:00,7484080000000.0,#4004,India,India,India,Madhya Pradesh,Bhopal,"Magic, razorpay_partial_cod, upi",8924010000000.0,Ansari Gokhdu Bangles Pair,"17-04, 22j, 3july-backup-dis, Bestseller_18sep, category_bangles, eoss_02jun, EOSS_jan26, hp_rts09may, sale-28, Silver Bangles",02-Jun,6261.75,6261.75,6261.75,1,0.0,0.0,1.0,,6261.75,1.0,,1.0,0.0,1,,First-time,9692690000000.0,India,False,False
XYZ Luxury,2026-06-27 00:00:00+00:00,INR,Draft Orders,2026-06-27 17:04:52+00:00,2026-06-27 17:04:53+00:00,2026-06-27 17:04:54+00:00,7484110000000.0,#4005,India,India,India,Uttar Pradesh,Kanpur,,9475470000000.0,Jannat Earrings,"17-04, 18-02, 22j, category_earring, sale-28",Default Title,3262.71,3262.71,3850.0,1,0.0,0.0,1.0,,3262.71,,1.0,1.0,0.0,1,,Returning,9663940000000.0,India,False,False
XYZ Luxury,2026-06-27 00:00:00+00:00,INR,XYZ Luxury - magic checkout,2026-06-27 18:12:56+00:00,2026-06-27 18:12:56+00:00,2026-06-30 10:46:46+00:00,7484290000000.0,#4006,India,India,India,Delhi,New Delhi,"Magic, upi",9627590000000.0,Geeta Chain,"24akk, hp_rts09may",Default Title,2000.0,2000.0,2000.0,1,0.0,0.0,1.0,,2000.0,1.0,,1.0,0.0,1,,First-time,8378190000000.0,India,False,False
XYZ Luxury,2026-06-28 00:00:00+00:00,INR,XYZ Luxury - magic checkout,2026-06-27 19:39:19+00:00,2026-06-27 19:39:19+00:00,2026-07-01 09:30:46+00:00,7484500000000.0,#4007,India,India,India,Haryana,Yamunanagar,"Magic, upi",8652470000000.0,Gulab Choker Set,"category_choker, desc addition, eoss_02jun, EOSS_jan26",Default Title,14611.08,14611.08,14611.08,1,0.0,0.0,1.0,,14611.08,,1.0,1.0,0.0,1,,Returning,8411220000000.0,India,False,False
XYZ Luxury,2026-06-28 00:00:00+00:00,INR,XYZ Luxury - magic checkout,2026-06-27 19:59:21+00:00,2026-06-27 19:59:21+00:00,2026-06-30 10:56:07+00:00,7484550000000.0,#4008,India,India,India,Delhi,Delhi,"Magic, upi",9631280000000.0,Gini Waliyaan,"24akk, hp_rts09may",Default Title,1500.0,1500.0,1500.0,1,0.0,0.0,1.0,,1500.0,1.0,,1.0,0.0,1,,First-time,9693000000000.0,India,False,False
XYZ Luxury,2026-06-28 00:00:00+00:00,INR,XYZ Luxury - magic checkout,2026-06-27 22:16:14+00:00,2026-06-27 22:16:14+00:00,2026-07-01 18:31:45+00:00,7484850000000.0,#4009,Canada,Rest of the World,Canada,Alberta,Edmonton,"Magic, wallet",8916270000000.0,Ihaan Gokhru Bangles Pair,"17-04, 22j, 3july-backup-dis, Bestseller_18sep, category_bangles, eoss_02jun, EOSS_jan26, hp_rts09may, sale-28, Silver Bangles",02-Aug,6261.75,6261.75,6261.75,1,0.0,0.0,1.0,,6261.75,1.0,,1.0,0.0,1,,First-time,9693190000000.0,Canada,False,False
XYZ Luxury,2026-06-28 00:00:00+00:00,INR,XYZ Luxury - magic checkout,2026-06-27 23:07:28+00:00,2026-06-27 23:07:28+00:00,2026-06-27 23:07:30+00:00,7484950000000.0,#4010,India,India,India,Andhra Pradesh,Kurnool,"Magic, razorpay_partial_cod, upi",9007760000000.0,Javeria Tikka,"category_tikka, eoss_02jun, EOSS_jan26",Default Title,5280.0,5280.0,5280.0,1,0.0,0.0,1.0,,5280.0,1.0,,1.0,0.0,1,,First-time,9692830000000.0,India,False,False
XYZ Luxury,2026-06-28 00:00:00+00:00,INR,XYZ Luxury - magic checkout,2026-06-27 23:51:27+00:00,2026-06-27 23:51:27+00:00,2026-06-27 23:51:29+00:00,7485040000000.0,#4011,Canada,Rest of the World,Canada,Ontario,Brampton,"Magic, wallet",8741480000000.0,Nazare Ring,"Bestseller_18sep, desc addition, eoss_02jun, EOSS_jan26, hp_rts09may",Default Title,3960.0,3960.0,3960.0,1,0.0,0.0,1.0,,3960.0,1.0,,1.0,0.0,1,,First-time,9691520000000.0,Canada,False,False
XYZ Luxury,2026-06-28 00:00:00+00:00,INR,XYZ Luxury - magic checkout,2026-06-27 23:59:07+00:00,2026-06-27 23:59:07+00:00,2026-07-01 09:44:21+00:00,7485050000000.0,#4012,India,India,India,Madhya Pradesh,Bhopal,"Magic, upi",9563990000000.0,Pippal Patti Waliyaan,"22j, sale-28",Default Title,3300.0,3300.0,3300.0,1,0.0,0.0,1.0,,3300.0,1.0,,1.0,0.0,1,,First-time,9693320000000.0,India,False,False
XYZ Luxury,2026-06-28 00:00:00+00:00,INR,XYZ Luxury - magic checkout,2026-06-28 02:20:06+00:00,2026-06-28 02:20:06+00:00,2026-07-01 18:31:47+00:00,7485300000000.0,#4013,United States,USA,United States,Arkansas,Russellville,"card, Magic",9642740000000.0,Ranjhna Pearl Set,"24akk, hp_rts09may",Default Title,6750.0,6750.0,6750.0,1,0.0,0.0,1.0,,6750.0,1.0,,1.0,0.0,1,,First-time,9693500000000.0,United States,False,False
XYZ Luxury,2026-06-28 00:00:00+00:00,INR,XYZ Luxury - magic checkout,2026-06-28 02:46:03+00:00,2026-06-28 02:46:03+00:00,2026-06-28 02:46:05+00:00,7485350000000.0,#4014,India,India,India,Punjab,Firozpur,"card, Magic",9611600000000.0,Ruby Earrings,24akk,Default Title,4125.0,4125.0,4125.0,1,0.0,0.0,1.0,,4125.0,1.0,,1.0,0.0,1,,First-time,9693200000000.0,India,False,False
XYZ Luxury,2026-06-28 00:00:00+00:00,INR,XYZ Luxury - magic checkout,2026-06-28 03:12:28+00:00,2026-06-28 03:12:28+00:00,2026-06-30 12:05:22+00:00,7485400000000.0,#4016,India,India,India,Telangana,Kothaguda,"Magic, upi",9627590000000.0,Geeta Chain,"24akk, hp_rts09may",Default Title,2000.0,2000.0,2000.0,1,0.0,0.0,1.0,,2000.0,1.0,,1.0,0.0,1,,First-time,9693570000000.0,India,False,False
XYZ Luxury,2026-06-28 00:00:00+00:00,INR,XYZ Luxury - magic checkout,2026-06-28 03:11:43+00:00,2026-06-28 03:11:43+00:00,2026-06-28 17:43:32+00:00,7485400000000.0,#4015,United States,USA,United States,New York,Brooklyn,"Additional Notes, card, Magic",9420800000000.0,Mahal Nath,,Default Title,10890.0,10890.0,10890.0,1,0.0,0.0,1.0,,10890.0,1.0,,1.0,0.0,1,,First-time,9693560000000.0,United States,False,False
XYZ Luxury,2026-06-28 00:00:00+00:00,INR,XYZ Luxury - magic checkout,2026-06-28 04:40:07+00:00,2026-06-28 04:40:07+00:00,2026-07-01 18:31:39+00:00,7485620000000.0,#4017,United States,USA,United States,California,San Jose,"Magic, wallet",9631280000000.0,Tinu Earrings,"24akk, hp_rts09may",Default Title,1250.0,1250.0,1250.0,1,0.0,0.0,1.0,,1250.0,1.0,,1.0,0.0,1,,First-time,9693520000000.0,United States,False,False
XYZ Luxury,2026-06-28 00:00:00+00:00,INR,XYZ Luxury - magic checkout,2026-06-28 04:59:41+00:00,2026-06-28 04:59:41+00:00,2026-06-28 17:43:49+00:00,7485680000000.0,#4018,United States,USA,United States,California,Bakersfield,"card, Magic",9614860000000.0,Rakhi pippal patti choker,"24akk, hp_rts09may",Default Title,7645.0,7645.0,7645.0,1,0.0,0.0,1.0,,7645.0,1.0,,1.0,0.0,1,,First-time,9693710000000.0,United States,False,False
XYZ Luxury,2026-06-28 00:00:00+00:00,INR,XYZ Luxury - magic checkout,2026-06-28 05:15:51+00:00,2026-06-28 05:15:51+00:00,2026-06-28 05:15:53+00:00,7485720000000.0,#4019,India,India,India,Haryana,Gurgaon,"Magic, razorpay_partial_cod, upi",8177130000000.0,Morni Choker Set,"category_choker, desc addition, eoss_02jun, EOSS_jan26, occasion",Default Title,20790.0,20790.0,20790.0,1,0.0,0.0,1.0,,20790.0,1.0,,1.0,0.0,1,,First-time,9693720000000.0,India,False,False
XYZ Luxury,2026-06-28 00:00:00+00:00,INR,XYZ Luxury - magic checkout,2026-06-28 06:56:57+00:00,2026-06-28 06:56:57+00:00,2026-06-29 10:49:56+00:00,7485890000000.0,#4020,India,India,India,Maharashtra,Pune,"Magic, razorpay_partial_cod, upi",9627600000000.0,Heer bracelet,"10june.., 24akk",Default Title,2000.0,2000.0,2000.0,1,0.0,0.0,1.0,,2000.0,1.0,,1.0,0.0,1,,First-time,9693850000000.0,India,False,False
XYZ Luxury,2026-06-28 00:00:00+00:00,INR,XYZ Luxury - magic checkout,2026-06-28 08:47:57+00:00,2026-06-28 08:47:57+00:00,2026-07-01 07:14:19+00:00,7486080000000.0,#4021,India,India,India,Delhi,South West Delhi,"card, Magic",9570740000000.0,Emreen Earrings,24akk,Default Title,5500.0,5500.0,5500.0,1,0.0,0.0,1.0,,5500.0,1.0,,1.0,0.0,1,,First-time,9693980000000.0,India,False,False
XYZ Luxury,2026-06-28 00:00:00+00:00,INR,XYZ Luxury - magic checkout,2026-06-28 11:14:38+00:00,2026-06-28 11:14:38+00:00,2026-06-28 11:14:40+00:00,7486230000000.0,#4022,India,India,India,Maharashtra,Mumbai,"card, Magic",9631270000000.0,Iyan Waliyaan,"24akk, hp_rts09may",Default Title,1500.0,1500.0,1500.0,1,0.0,0.0,1.0,,1500.0,1.0,,1.0,0.0,1,,First-time,8296930000000.0,India,False,False
XYZ Luxury,2026-06-28 00:00:00+00:00,INR,XYZ Luxury - magic checkout,2026-06-28 14:34:15+00:00,2026-06-28 14:34:15+00:00,2026-06-30 11:36:31+00:00,7486520000000.0,#4023,India,India,India,Uttar Pradesh,Moradabad,"Additional Notes, Magic, upi",9427550000000.0,Moti Nath,,Default Title,3960.0,3960.0,3960.0,1,0.0,0.0,1.0,,3960.0,,1.0,1.0,0.0,1,,Returning,9487510000000.0,India,False,False
XYZ Luxury,2026-06-28 00:00:00+00:00,INR,XYZ Luxury - magic checkout,2026-06-28 16:08:09+00:00,2026-06-28 16:08:09+00:00,2026-06-28 17:44:12+00:00,7486710000000.0,#4024,United States,USA,United States,New York,Hicksville,"Magic, wallet",8710100000000.0,Surmayi Nath With Screw,"bride_t, desc addition, eoss_02jun, EOSS_jan26",Default Title,4620.0,4620.0,4620.0,1,0.0,0.0,1.0,,4620.0,1.0,,1.0,0.0,1,,First-time,9694060000000.0,United States,False,False
XYZ Luxury,2026-06-28 00:00:00+00:00,INR,XYZ Luxury - magic checkout,2026-06-28 16:57:29+00:00,2026-06-28 16:57:29+00:00,2026-06-28 16:57:31+00:00,7486810000000.0,#4025,India,India,India,Delhi,Delhi,"card, Magic",9581750000000.0,Star Kaliree,24akk,Default Title,11825.0,11825.0,11825.0,1,0.0,0.0,1.0,,11825.0,1.0,,1.0,0.0,1,,First-time,9694670000000.0,India,False,False
XYZ Luxury,2026-06-29 00:00:00+00:00,INR,Online Store,2026-06-28 20:47:33+00:00,2026-06-28 20:47:34+00:00,2026-06-28 20:47:36+00:00,7487220000000.0,#4026,United States,USA,United States,California,Elk grove,,9478450000000.0,Amreen Choker Set,"17-04, 22j, category_choker, sale-28",Default Title,7975.0,7975.0,7975.0,1,0.0,0.0,1.0,,7975.0,1.0,,1.0,0.0,1,direct,First-time,9693870000000.0,United States,False,False
XYZ Luxury,2026-06-29 00:00:00+00:00,INR,XYZ Luxury - magic checkout,2026-06-28 23:00:34+00:00,2026-06-28 23:00:34+00:00,2026-06-28 23:00:37+00:00,7487380000000.0,#4027,Canada,Rest of the World,Canada,Alberta,Edmonton,"card, Magic",8924020000000.0,Raunaq Antique Bangles,"17-04, 22j, 3july-backup-dis, Bestseller_18sep, category_bangles, eoss_02jun, EOSS_jan26, hp_rts09may, sale-28, Silver Bangles",02-Apr,3471.6,3471.6,3471.6,1,0.0,0.0,1.0,,3471.6,1.0,,1.0,0.0,1,,First-time,9695150000000.0,Canada,False,False
XYZ Luxury,2026-06-29 00:00:00+00:00,INR,XYZ Luxury - magic checkout,2026-06-29 02:23:35+00:00,2026-06-29 02:23:35+00:00,2026-07-02 14:02:01+00:00,7487630000000.0,#4028,United States,USA,United States,Texas,Flower Mound,"Magic, wallet",8916240000000.0,Haafiz Antique Bangles 4pc,"17-04, 22j, 3july-backup-dis, Bestseller_18sep, category_bangles, eoss_02jun, EOSS_jan26, hp_rts09may, sale-28, Silver Bangles",02-Jun,3471.6,3471.6,3471.6,1,0.0,0.0,1.0,,3471.6,1.0,,1.0,0.0,1,,First-time,9695410000000.0,United States,False,False
XYZ Luxury,2026-06-29 00:00:00+00:00,INR,XYZ Luxury - magic checkout,2026-06-29 02:41:45+00:00,2026-06-29 02:41:45+00:00,2026-06-29 07:30:49+00:00,7487650000000.0,#4029,India,India,India,West Bengal,Kolkata,"card, Magic",9639670000000.0,Heer Waliyaan,"22j, 22ju, hp_rts09may",Default Title,1500.0,1500.0,1500.0,1,0.0,0.0,1.0,,1500.0,,1.0,1.0,0.0,1,,Returning,8264830000000.0,India,False,False
XYZ Luxury,2026-06-29 00:00:00+00:00,INR,XYZ Luxury - magic checkout,2026-06-29 04:21:05+00:00,2026-06-29 04:21:05+00:00,2026-06-29 04:21:07+00:00,7487800000000.0,#4030,India,India,India,Maharashtra,Mumbai Subueban,"Magic, upi",9463350000000.0,Agya studs,category_earring,Default Title,4754.24,4754.24,5610.0,1,0.0,0.0,1.0,,4754.24,1.0,,1.0,0.0,1,,First-time,9695560000000.0,India,False,False
XYZ Luxury,2026-06-29 00:00:00+00:00,INR,XYZ Luxury - magic checkout,2026-06-29 05:47:02+00:00,2026-06-29 05:47:02+00:00,2026-07-02 10:08:13+00:00,7487930000000.0,#4031,India,India,India,Karnataka,Bengaluru,"card, Magic",9631280000000.0,lavi Necklace Set,"24akk, hp_rts09may",Default Title,5000.0,5000.0,5000.0,1,0.0,0.0,1.0,,5000.0,,1.0,1.0,0.0,1,,Returning,9682440000000.0,India,False,False
XYZ Luxury,2026-06-29 00:00:00+00:00,INR,XYZ Luxury - magic checkout,2026-06-29 05:57:57+00:00,2026-06-29 05:57:57+00:00,2026-06-29 05:57:59+00:00,7487940000000.0,#4032,India,India,India,Punjab,Mansa,"Magic, upi",8745340000000.0,Sutlej Hair Pins Pair,"Bestseller_18sep, desc addition, eoss_02jun, EOSS_jan26",Default Title,7590.0,7590.0,7590.0,1,0.0,0.0,1.0,,7590.0,,1.0,1.0,0.0,1,,Returning,9444090000000.0,India,False,False
XYZ Luxury,2026-06-29 00:00:00+00:00,INR,XYZ Luxury - magic checkout,2026-06-29 06:22:33+00:00,2026-06-29 06:22:33+00:00,2026-06-29 17:22:36+00:00,7487970000000.0,#4033,India,India,India,Gujarat,AHMEDABAD,"Magic, upi",8741270000000.0,Chand Necklace Set & Tikka,"bride_t, category_necklace, desc addition, eoss_02jun, EOSS_jan26",Default Title,42570.0,42570.0,42570.0,1,0.0,0.0,1.0,,42570.0,1.0,,1.0,0.0,1,,First-time,9654180000000.0,India,False,False
XYZ Luxury,2026-06-29 00:00:00+00:00,INR,XYZ Luxury - magic checkout,2026-06-29 06:39:48+00:00,2026-06-29 06:39:48+00:00,2026-06-29 06:39:49+00:00,7487990000000.0,#4034,India,India,India,Delhi,West Delhi,"Magic, upi",9627580000000.0,Minni Chain,"24akk, hp_rts09may",Default Title,2000.0,2000.0,2000.0,1,0.0,0.0,1.0,,2000.0,1.0,,1.0,0.0,1,,First-time,9695710000000.0,India,False,False
XYZ Luxury,2026-06-29 00:00:00+00:00,INR,XYZ Luxury - magic checkout,2026-06-29 09:39:26+00:00,2026-06-29 09:39:26+00:00,2026-06-29 09:39:27+00:00,7488160000000.0,#4035,India,India,India,Punjab,Patiala,"Magic, razorpay_partial_cod, upi",8652470000000.0,Moti Mahal Studs,"Bestseller_18sep, category_earring, desc addition, eoss_02jun, EOSS_jan26",Default Title,5009.4,5009.4,5009.4,1,0.0,0.0,1.0,,5009.4,1.0,,1.0,0.0,1,,First-time,9695880000000.0,India,False,False
XYZ Luxury,2026-06-29 00:00:00+00:00,INR,XYZ Luxury - magic checkout,2026-06-29 10:11:28+00:00,2026-06-29 10:11:28+00:00,2026-06-29 10:11:30+00:00,7488190000000.0,#4036,India,India,India,Karnataka,Bengaluru,"Magic, razorpay_partial_cod, upi",9567600000000.0,Amreen Bangles Pair,24akk,02-Apr,3300.0,3300.0,3300.0,1,0.0,0.0,1.0,,3300.0,,1.0,1.0,0.0,1,,Returning,9149670000000.0,India,False,False
XYZ Luxury,2026-06-29 00:00:00+00:00,INR,XYZ Luxury - magic checkout,2026-06-29 12:32:16+00:00,2026-06-29 12:32:16+00:00,2026-06-29 12:32:18+00:00,7488350000000.0,#4037,India,India,India,Karnataka,Bengaluru,"Magic, upi",9563990000000.0,Pippal Patti Waliyaan,"22j, sale-28",Default Title,3300.0,3300.0,3300.0,1,0.0,0.0,1.0,,3300.0,1.0,,1.0,0.0,1,,First-time,9696060000000.0,India,False,False
XYZ Luxury,2026-06-29 00:00:00+00:00,INR,XYZ Luxury - magic checkout,2026-06-29 17:23:40+00:00,2026-06-29 17:23:40+00:00,2026-06-29 17:23:42+00:00,7488850000000.0,#4038,India,India,India,Maharashtra,Mumbai Subueban,"card, Magic",9224500000000.0,FIROZPUR EARRINGS,"category_earring, EOSS_jan26",Default Title,8305.93,8305.93,9801.0,1,0.0,0.0,1.0,,8305.93,1.0,,1.0,0.0,1,,First-time,9696540000000.0,India,False,False
XYZ Luxury,2026-06-29 00:00:00+00:00,INR,XYZ Luxury - magic checkout,2026-06-29 17:45:25+00:00,2026-06-29 17:45:25+00:00,2026-06-29 17:45:27+00:00,7488890000000.0,#4039,India,India,India,Karnataka,Bangalore,"Magic, razorpay_partial_cod, upi",8710100000000.0,Manraj Earrings,"category_earring, desc addition, eoss_02jun, EOSS_jan26",Default Title,14850.0,14850.0,14850.0,1,0.0,0.0,1.0,,14850.0,1.0,,1.0,0.0,1,,First-time,9689170000000.0,India,False,False
XYZ Luxury,2026-06-30 00:00:00+00:00,INR,XYZ Luxury - magic checkout,2026-06-29 18:43:17+00:00,2026-06-29 18:43:17+00:00,2026-06-29 18:43:19+00:00,7489000000000.0,#4040,India,India,India,Delhi,Patpadganj,"Magic, upi",8924020000000.0,Raunaq Antique Bangles,"17-04, 22j, 3july-backup-dis, Bestseller_18sep, category_bangles, eoss_02jun, EOSS_jan26, hp_rts09may, sale-28, Silver Bangles",02-Aug,3471.6,3471.6,3471.6,1,0.0,0.0,1.0,,3471.6,1.0,,1.0,0.0,1,,First-time,9696660000000.0,India,False,False
XYZ Luxury,2026-06-30 00:00:00+00:00,INR,XYZ Luxury - magic checkout,2026-06-29 19:25:42+00:00,2026-06-29 19:25:42+00:00,2026-07-01 09:19:38+00:00,7489090000000.0,#4041,India,India,India,Haryana,Gurgaon,"Magic, razorpay_partial_cod, upi",9474310000000.0,panna choker set,"17-04, 17f, 22j, category_choker, category_necklace, sale-28",Default Title,6875.0,6875.0,6875.0,1,0.0,0.0,1.0,,6875.0,1.0,,1.0,0.0,1,,First-time,9696720000000.0,India,False,False
XYZ Luxury,2026-06-30 00:00:00+00:00,INR,XYZ Luxury - magic checkout,2026-06-29 20:59:34+00:00,2026-06-29 20:59:34+00:00,2026-07-02 06:54:14+00:00,7489230000000.0,#4042,India,India,India,West Bengal,South 24 Parganas,"Magic, upi",8741480000000.0,Nazare Ring,"Bestseller_18sep, desc addition, eoss_02jun, EOSS_jan26, hp_rts09may",Default Title,3960.0,3960.0,3960.0,1,0.0,0.0,1.0,,3960.0,1.0,,1.0,0.0,1,,First-time,9663900000000.0,India,False,False
XYZ Luxury,2026-06-30 00:00:00+00:00,INR,XYZ Luxury - magic checkout,2026-06-29 23:12:55+00:00,2026-06-29 23:12:55+00:00,2026-06-29 23:12:57+00:00,7489390000000.0,#4043,United States,USA,United States,Texas,Austin,"card, Magic",9475470000000.0,Jannat Earrings,"17-04, 18-02, 22j, category_earring, sale-28",Default Title,3850.0,3850.0,3850.0,1,0.0,0.0,1.0,,3850.0,,1.0,1.0,0.0,1,,Returning,8356920000000.0,United States,False,False
XYZ Luxury,2026-06-30 00:00:00+00:00,INR,XYZ Luxury - magic checkout,2026-06-30 02:31:04+00:00,2026-06-30 02:31:04+00:00,2026-06-30 02:31:07+00:00,7489640000000.0,#4044,India,India,India,Karnataka,Bangalor,"Magic, upi",9574310000000.0,Ranjhana Choker Set,24akk,Ruby,7975.0,7975.0,7975.0,1,0.0,0.0,1.0,,7975.0,1.0,,1.0,0.0,1,,First-time,9697230000000.0,India,False,False
XYZ Luxury,2026-06-30 00:00:00+00:00,INR,Draft Orders,2026-06-30 03:14:29+00:00,2026-06-30 03:14:30+00:00,2026-07-03 09:20:18+00:00,7489690000000.0,#4045,Australia,Rest of the World,Australia,Victoria,Burwood East,,9563320000000.0,Hazel Choker Set,,Default Title,12870.0,12870.0,12870.0,1,0.0,0.0,1.0,,12870.0,1.0,,1.0,0.0,1,,First-time,9697290000000.0,Australia,False,False
XYZ Luxury,2026-06-30 00:00:00+00:00,INR,XYZ Luxury - magic checkout,2026-06-30 03:19:33+00:00,2026-06-30 03:19:33+00:00,2026-06-30 03:19:35+00:00,7489700000000.0,#4046,India,India,India,Punjab,Chandighar,"Magic, upi",9631280000000.0,Chinu Waliyaan,"24akk, hp_rts09may",Default Title,1500.0,1500.0,1500.0,1,0.0,0.0,1.0,,1500.0,1.0,,1.0,0.0,1,,First-time,9697290000000.0,India,False,False
XYZ Luxury,2026-06-30 00:00:00+00:00,INR,XYZ Luxury - magic checkout,2026-06-30 03:47:23+00:00,2026-06-30 03:47:23+00:00,2026-07-03 05:59:25+00:00,7489730000000.0,#4047,India,India,India,Gujarat,Vadodara,"card, Magic",8924030000000.0,Antique Gold Ruby Jade Studs,"3july-backup-dis, category_earring, eoss_02jun, EOSS_jan26",Default Title,7514.1,7514.1,7514.1,1,0.0,0.0,1.0,,7514.1,,1.0,1.0,0.0,1,,Returning,8854080000000.0,India,False,False
XYZ Luxury,2026-06-30 00:00:00+00:00,INR,XYZ Luxury - magic checkout,2026-06-30 04:26:48+00:00,2026-06-30 04:26:48+00:00,2026-06-30 04:26:50+00:00,7489800000000.0,#4048,India,India,India,West Bengal,Kolkata,"Magic, upi",9408440000000.0,Gargi Earrings,"17-04, 22j, av-07jan26, category_earring, EOSS_jan26, sale-28",Default Title,4400.0,4400.0,4400.0,1,0.0,0.0,1.0,,4400.0,1.0,,1.0,0.0,1,,First-time,9697380000000.0,India,False,False
XYZ Luxury,2026-06-30 00:00:00+00:00,INR,XYZ Luxury - magic checkout,2026-06-30 04:35:44+00:00,2026-06-30 04:35:44+00:00,2026-06-30 04:35:45+00:00,7489820000000.0,#4049,India,India,India,Punjab,S.A.S NAGAR,"Magic, razorpay_partial_cod, upi",9639670000000.0,Dinki Stud,"22j, 22ju, hp_rts09may",Default Title,1500.0,1500.0,1500.0,1,0.0,0.0,1.0,,1500.0,1.0,,1.0,0.0,1,,First-time,9690370000000.0,India,False,False
XYZ Luxury,2026-06-30 00:00:00+00:00,INR,XYZ Luxury - magic checkout,2026-06-30 04:47:02+00:00,2026-06-30 04:47:02+00:00,2026-06-30 04:47:04+00:00,7489850000000.0,#4050,India,India,India,Uttar Pradesh,Lucknow,"Magic, upi",9631270000000.0,Iyan Waliyaan,"24akk, hp_rts09may",Default Title,1500.0,1500.0,1500.0,1,0.0,0.0,1.0,,1500.0,1.0,,1.0,0.0,1,,First-time,9697400000000.0,India,False,False
XYZ Luxury,2026-06-30 00:00:00+00:00,INR,XYZ Luxury - magic checkout,2026-06-30 05:30:15+00:00,2026-06-30 05:30:15+00:00,2026-07-02 13:21:06+00:00,7489930000000.0,#4051,India,India,India,Uttar Pradesh,Ghaziabad,"card, Magic",9478440000000.0,Suhair Ruby Mint Set,"17-04, 20-02, 22j, category_necklace, sale-28",Default Title,7975.0,7975.0,7975.0,1,0.0,0.0,1.0,,7975.0,,1.0,1.0,0.0,1,,Returning,9689100000000.0,India,False,False
XYZ Luxury,2026-06-30 00:00:00+00:00,INR,XYZ Luxury - magic checkout,2026-06-30 06:16:06+00:00,2026-06-30 06:16:06+00:00,2026-06-30 06:30:22+00:00,7490030000000.0,#4052,India,India,India,Telangana,Hyderabad,"Additional Notes, Magic, upi",9008490000000.0,Kinza Pearl Set,"3july-backup-dis, Bestseller_18sep, category_choker, category_necklace, eoss_02jun, EOSS_jan26",Default Title,12870.0,12870.0,12870.0,1,0.0,0.0,1.0,,12870.0,1.0,,1.0,0.0,1,,First-time,9697450000000.0,India,False,False
XYZ Luxury,2026-06-30 00:00:00+00:00,INR,Draft Orders,2026-06-30 08:17:35+00:00,2026-06-30 08:17:36+00:00,2026-06-30 08:17:37+00:00,7490150000000.0,#4053,India,India,India,Goa,Goa,,9567650000000.0,Rida Choker Pippal Patti Set,,Default Title,24750.0,24750.0,24750.0,1,0.0,0.0,1.0,,24750.0,1.0,,1.0,0.0,1,,First-time,9697600000000.0,India,False,False
XYZ Luxury,2026-06-30 00:00:00+00:00,INR,Draft Orders,2026-06-30 10:03:39+00:00,2026-06-30 10:03:40+00:00,2026-07-02 06:48:21+00:00,7490260000000.0,#4054,India,India,India,Punjab,Pathankot,,8652460000000.0,Rubina ChandBali Earrings,"category_earring, desc addition, eoss_02jun, EOSS_jan26, hp_rts09may",Default Title,12870.0,12870.0,12870.0,1,0.0,0.0,1.0,,12870.0,1.0,,1.0,0.0,1,,First-time,9697710000000.0,India,False,False
XYZ Luxury,2026-06-30 00:00:00+00:00,INR,XYZ Luxury - magic checkout,2026-06-30 10:38:31+00:00,2026-06-30 10:38:31+00:00,2026-06-30 10:38:33+00:00,7490290000000.0,#4055,India,India,India,Punjab,Amritsar,"Magic, razorpay_partial_cod, upi",9643180000000.0,Ruby Jadau Choker Set,"24akk, hp_rts09may",Default Title,8250.0,8250.0,8250.0,1,0.0,0.0,1.0,,8250.0,1.0,,1.0,0.0,1,,First-time,9672190000000.0,India,False,False
XYZ Luxury,2026-06-30 00:00:00+00:00,INR,XYZ Luxury - magic checkout,2026-06-30 10:51:47+00:00,2026-06-30 10:51:47+00:00,2026-06-30 17:52:22+00:00,7490310000000.0,#4056,India,India,India,Madhya Pradesh,BHOPAL,"Magic, upi",8710430000000.0,Pippal Patti Waaliyaan,"Bestseller_18sep, category_earring, desc addition, eoss_02jun, EOSS_jan26, hp_rts09may",Default Title,5610.0,5610.0,5610.0,1,0.0,0.0,1.0,,5610.0,1.0,,1.0,0.0,1,,First-time,9697760000000.0,India,False,False
XYZ Luxury,2026-06-30 00:00:00+00:00,INR,XYZ Luxury - magic checkout,2026-06-30 12:18:36+00:00,2026-06-30 12:18:36+00:00,2026-06-30 12:18:37+00:00,7490410000000.0,#4057,India,India,India,Punjab,Muktsar,"Magic, razorpay_partial_cod, upi",9639670000000.0,Dinki Stud,"22j, 22ju, hp_rts09may",Default Title,1500.0,1500.0,1500.0,1,0.0,0.0,1.0,,1500.0,,1.0,1.0,0.0,1,,Returning,8073450000000.0,India,False,False
XYZ Luxury,2026-06-30 00:00:00+00:00,INR,XYZ Luxury - magic checkout,2026-06-30 12:19:09+00:00,2026-06-30 12:19:09+00:00,2026-07-03 11:53:26+00:00,7490420000000.0,#4058,India,India,India,Punjab,Jalandhar,"Magic, razorpay_partial_cod, upi",9474310000000.0,farida choker set,"17-04, 17f, 22j, category_choker, category_necklace, sale-28",Default Title,7975.0,7975.0,7975.0,1,0.0,0.0,1.0,,7975.0,1.0,,1.0,0.0,1,,First-time,9122970000000.0,India,False,False
XYZ Luxury,2026-06-30 00:00:00+00:00,INR,XYZ Luxury - magic checkout,2026-06-30 14:21:36+00:00,2026-06-30 14:21:36+00:00,2026-06-30 14:21:38+00:00,7490610000000.0,#4059,India,India,India,Maharashtra,Thane,"card, Magic",9008490000000.0,Kinza Pearl Set,"3july-backup-dis, Bestseller_18sep, category_choker, category_necklace, eoss_02jun, EOSS_jan26",Default Title,12870.0,12870.0,12870.0,1,0.0,0.0,1.0,,12870.0,1.0,,1.0,0.0,1,,First-time,9696970000000.0,India,False,False
XYZ Luxury,2026-06-30 00:00:00+00:00,INR,XYZ Luxury - magic checkout,2026-06-30 14:54:01+00:00,2026-06-30 14:54:01+00:00,2026-06-30 14:56:50+00:00,7490660000000.0,#4060,Canada,Rest of the World,Canada,Ontario,Brampton,"card, Magic",9408520000000.0,Matar Mala Set,"17-04, 22j, av-07jan26, category_choker, category_necklace, EOSS_jan26, sale-28",Default Title,6325.0,6325.0,6325.0,1,0.0,0.0,1.0,,6325.0,1.0,,1.0,0.0,1,,First-time,9698300000000.0,Canada,False,False
XYZ Luxury,2026-06-30 00:00:00+00:00,INR,XYZ Luxury - magic checkout,2026-06-30 15:40:13+00:00,2026-06-30 15:40:13+00:00,2026-06-30 17:51:54+00:00,7490750000000.0,#4061,India,India,India,Delhi,New Delhi,"card, Magic",9475740000000.0,Mehar Choker set,"17-04, 18-02, 22j, sale-28",Default Title,11825.0,11825.0,11825.0,1,0.0,0.0,1.0,,11825.0,1.0,,1.0,0.0,1,,First-time,9698360000000.0,India,False,False
XYZ Luxury,2026-06-30 00:00:00+00:00,INR,XYZ Luxury - magic checkout,2026-06-30 16:47:38+00:00,2026-06-30 16:47:38+00:00,2026-06-30 16:47:41+00:00,7490870000000.0,#4062,India,India,India,Telangana,Rangareddy,"card, Magic",9631280000000.0,lavi Necklace Set,"24akk, hp_rts09may",Default Title,5000.0,5000.0,5000.0,1,0.0,0.0,1.0,,5000.0,1.0,,1.0,0.0,1,,First-time,9695100000000.0,India,False,False
XYZ Luxury,2026-06-30 00:00:00+00:00,INR,XYZ Luxury - magic checkout,2026-06-30 17:03:14+00:00,2026-06-30 17:03:14+00:00,2026-06-30 17:03:16+00:00,7490900000000.0,#4063,India,India,India,Telangana,Secunderabad,"Magic, razorpay_partial_cod, upi",9567990000000.0,Minni Jhumki Earrings,"16ap, 17-04, 24akk",Default Title,3850.0,3850.0,3850.0,1,0.0,0.0,1.0,,3850.0,1.0,,1.0,0.0,1,,First-time,9698490000000.0,India,False,False
XYZ Luxury,2026-06-30 00:00:00+00:00,INR,Draft Orders,2026-06-30 17:39:49+00:00,2026-06-30 17:39:50+00:00,2026-07-02 06:32:25+00:00,7490970000000.0,#4064,India,India,India,Karnataka,Bengaluru,,9224230000000.0,Soni Piipal Patti Set,"category_choker, category_necklace, EOSS_jan26",Default Title,12584.74,12584.74,14850.0,1,0.0,0.0,1.0,,12584.74,1.0,,1.0,0.0,1,,First-time,9698540000000.0,India,False,False
XYZ Luxury,2026-06-30 00:00:00+00:00,INR,XYZ Luxury - magic checkout,2026-06-30 17:55:16+00:00,2026-06-30 17:55:16+00:00,2026-06-30 17:55:17+00:00,7491000000000.0,#4065,India,India,India,Karnataka,Bangalore,"Additional Notes, Magic, razorpay_partial_cod, upi",8177130000000.0,Morni Choker Set,"category_choker, desc addition, eoss_02jun, EOSS_jan26, occasion",Default Title,20790.0,20790.0,20790.0,1,0.0,0.0,1.0,,20790.0,,1.0,1.0,0.0,1,,Returning,9689170000000.0,India,False,False
XYZ Luxury,2026-06-30 00:00:00+00:00,INR,XYZ Luxury - magic checkout,2026-06-30 18:09:48+00:00,2026-06-30 18:09:48+00:00,2026-06-30 18:09:50+00:00,7491030000000.0,#4066,India,India,India,Maharashtra,Mumbai,"Magic, razorpay_partial_cod, upi",9639670000000.0,Ennni Waliyaan,"24akk, hp_rts09may",Default Title,1500.0,1500.0,1500.0,1,0.0,0.0,1.0,,1500.0,1.0,,1.0,0.0,1,,First-time,9698580000000.0,India,False,False
XYZ Luxury,2026-07-01 00:00:00+00:00,INR,XYZ Luxury - magic checkout,2026-06-30 19:59:49+00:00,2026-06-30 19:59:49+00:00,2026-07-04 07:19:46+00:00,7491200000000.0,#4067,India,India,India,Daman and Diu,Daman,"Magic, razorpay_partial_cod, upi",8914210000000.0,Moti Mahal Bangles,"3july-backup-dis, Bestseller_18sep, category_bangles, eoss_02jun, EOSS_jan26, hp_rts09may, Silver Bangles",02-Jun,4174.5,4174.5,4174.5,1,0.0,0.0,1.0,,4174.5,1.0,,1.0,0.0,1,,First-time,9697760000000.0,India,False,False
XYZ Luxury,2026-07-01 00:00:00+00:00,INR,XYZ Luxury - magic checkout,2026-06-30 20:12:29+00:00,2026-06-30 20:12:29+00:00,2026-06-30 20:12:31+00:00,7491220000000.0,#4068,India,India,India,Punjab,Jalandhar,"card, Magic, razorpay_partial_cod",9567620000000.0,Morni Bangles Pair,"16ap, 17-04, 24akk",02-Apr,8250.0,8250.0,8250.0,1,0.0,0.0,1.0,,8250.0,1.0,,1.0,0.0,1,,First-time,9480720000000.0,India,False,False
XYZ Luxury,2026-07-01 00:00:00+00:00,INR,XYZ Luxury - magic checkout,2026-06-30 21:01:46+00:00,2026-06-30 21:01:46+00:00,2026-07-04 21:58:58+00:00,7491290000000.0,#4069,United States,USA,United States,New York,New York,"Magic, wallet",8710430000000.0,Pippal Patti Waaliyaan,"Bestseller_18sep, category_earring, desc addition, eoss_02jun, EOSS_jan26, hp_rts09may",Default Title,5610.0,5610.0,5610.0,1,0.0,0.0,1.0,,5610.0,,1.0,1.0,0.0,1,,Returning,9486830000000.0,United States,False,False
XYZ Luxury,2026-07-01 00:00:00+00:00,INR,XYZ Luxury - magic checkout,2026-06-30 22:16:42+00:00,2026-06-30 22:16:42+00:00,2026-07-04 21:58:17+00:00,7491390000000.0,#4070,United States,USA,United States,Texas,Austin,"Magic, wallet",9224500000000.0,Ghungroo Bangles Pair,"17-04, 22j, category_bangles, Clearance Sale, EOSS_jan26, sale-28",02-Jun,6050.0,6050.0,6050.0,1,0.0,0.0,2.0,,6050.0,1.0,,2.0,0.0,1,,First-time,9698850000000.0,United States,False,False
XYZ Luxury,2026-07-01 00:00:00+00:00,INR,XYZ Luxury - magic checkout,2026-07-01 00:30:59+00:00,2026-07-01 00:30:59+00:00,2026-07-01 00:31:01+00:00,7491570000000.0,#4071,India,India,India,Punjab,Moga,"card, Magic",8924030000000.0,Antique Gold Studs,"3july-backup-dis, category_earring, eoss_02jun, EOSS_jan26",Default Title,5009.4,5009.4,5009.4,1,0.0,0.0,1.0,,5009.4,1.0,,1.0,0.0,1,,First-time,9697450000000.0,India,False,False
XYZ Luxury,2026-07-01 00:00:00+00:00,INR,Draft Orders,2026-07-01 02:17:20+00:00,2026-07-01 02:17:21+00:00,2026-07-01 02:17:22+00:00,7491710000000.0,#4072,India,India,India,Punjab,Pathankot,,8652460000000.0,Rubina ChandBali Earrings,"category_earring, desc addition, eoss_02jun, EOSS_jan26, hp_rts09may",Default Title,12870.0,12870.0,12870.0,1,0.0,0.0,1.0,,12870.0,,1.0,1.0,0.0,1,,Returning,9697710000000.0,India,False,False
XYZ Luxury,2026-07-01 00:00:00+00:00,INR,XYZ Luxury - magic checkout,2026-07-01 02:34:10+00:00,2026-07-01 02:34:10+00:00,2026-07-04 09:57:10+00:00,7491730000000.0,#4073,Australia,Rest of the World,Australia,Victoria,"Lalor, Lalor Plaza","card, Magic",9567630000000.0,Mona Bangles 4pc,"16ap, 17-04, 24akk",02-Apr,2750.0,2750.0,2750.0,1,0.0,0.0,1.0,,2750.0,,1.0,1.0,0.0,1,,Returning,9627880000000.0,Australia,False,False
XYZ Luxury,2026-07-01 00:00:00+00:00,INR,XYZ Luxury - magic checkout,2026-07-01 04:09:04+00:00,2026-07-01 04:09:04+00:00,2026-07-04 09:57:19+00:00,7491860000000.0,#4074,United States,USA,United States,California,Rancho Cordova,"card, Magic",9224230000000.0,Soni Piipal Patti Set,"category_choker, category_necklace, EOSS_jan26",Default Title,14850.0,14850.0,14850.0,1,0.0,0.0,1.0,,14850.0,1.0,,1.0,0.0,1,,First-time,9699300000000.0,United States,False,False
XYZ Luxury,2026-07-01 00:00:00+00:00,INR,XYZ Luxury - magic checkout,2026-07-01 04:26:18+00:00,2026-07-01 04:26:18+00:00,2026-07-04 09:57:20+00:00,7491920000000.0,#4075,Canada,Rest of the World,Canada,British Columbia,Surrey,"card, Magic",9639670000000.0,Heer Waliyaan,"22j, 22ju, hp_rts09may",Default Title,1500.0,1500.0,1500.0,1,0.0,0.0,1.0,,1500.0,1.0,,1.0,0.0,1,,First-time,9699310000000.0,Canada,False,False
XYZ Luxury,2026-07-01 00:00:00+00:00,INR,Draft Orders,2026-07-01 04:57:26+00:00,2026-07-01 04:57:27+00:00,2026-07-03 08:21:57+00:00,7491990000000.0,#4076,India,India,India,Himachal Pradesh,НІМАСНAL PRADESH,,9475470000000.0,Temple Jhumki Earrings,"17-04, 18-02, 22j, category_earring, sale-28",Default Title,4950.0,4950.0,4950.0,1,0.0,0.0,1.0,,4950.0,1.0,,1.0,0.0,1,,First-time,9699350000000.0,India,False,False
XYZ Luxury,2026-07-01 00:00:00+00:00,INR,XYZ Luxury - magic checkout,2026-07-01 05:07:50+00:00,2026-07-01 05:07:50+00:00,2026-07-04 09:57:15+00:00,7492010000000.0,#4077,Canada,Rest of the World,Canada,Ontario,Brampton,"Magic, wallet",9426050000000.0,Nagma Kundan Kalire,"17-04, 22j, bride_t, category_Kalire, sale-28",Default Title,10725.0,10725.0,10725.0,1,0.0,0.0,1.0,,10725.0,1.0,,1.0,0.0,1,,First-time,9685930000000.0,Canada,False,False
XYZ Luxury,2026-07-01 00:00:00+00:00,INR,XYZ Luxury - magic checkout,2026-07-01 05:42:56+00:00,2026-07-01 05:42:56+00:00,2026-07-01 05:42:58+00:00,7492090000000.0,#4078,India,India,India,Haryana,Karnal,"Magic, razorpay_partial_cod, upi",9567620000000.0,Morni Bangles Pair,"16ap, 17-04, 24akk",02-Apr,8250.0,8250.0,8250.0,1,0.0,0.0,1.0,,8250.0,1.0,,1.0,0.0,1,,First-time,9699400000000.0,India,False,False
XYZ Luxury,2026-07-01 00:00:00+00:00,INR,XYZ Luxury - magic checkout,2026-07-01 05:54:56+00:00,2026-07-01 05:54:56+00:00,2026-07-01 05:57:19+00:00,7492110000000.0,#4079,Canada,Rest of the World,Canada,Ontario,Toronto,"card, Magic",9570740000000.0,Emreen Earrings,24akk,Default Title,5500.0,5500.0,5500.0,1,0.0,0.0,1.0,,5500.0,1.0,,1.0,0.0,1,,First-time,9699410000000.0,Canada,False,False
XYZ Luxury,2026-07-01 00:00:00+00:00,INR,XYZ Luxury - magic checkout,2026-07-01 06:15:48+00:00,2026-07-01 06:15:48+00:00,2026-07-01 06:28:14+00:00,7492140000000.0,#4080,India,India,India,Bihar,Patna,"Magic, upi",9654970000000.0,Test products,,Default Title,0.85,0.85,1.0,1,0.0,0.0,1.0,,0.85,1.0,,1.0,0.0,1,,First-time,8928940000000.0,India,False,False
XYZ Luxury,2026-07-01 00:00:00+00:00,INR,XYZ Luxury - magic checkout,2026-07-01 07:40:18+00:00,2026-07-01 07:40:18+00:00,2026-07-03 09:28:40+00:00,7492230000000.0,#4081,India,India,India,Punjab,Chandighar,"Magic, upi",9639670000000.0,Ennni Waliyaan,"24akk, hp_rts09may",Default Title,1500.0,1500.0,1500.0,1,0.0,0.0,1.0,,1500.0,,1.0,1.0,0.0,1,,Returning,9432340000000.0,India,False,False
XYZ Luxury,2026-07-01 00:00:00+00:00,INR,XYZ Luxury - magic checkout,2026-07-01 07:51:25+00:00,2026-07-01 07:51:25+00:00,2026-07-01 07:51:27+00:00,7492240000000.0,#4082,India,India,India,Jammu and Kashmir,Kathua,"Magic, upi",8177130000000.0,Morni Choker Set,"category_choker, desc addition, eoss_02jun, EOSS_jan26, occasion",Default Title,20790.0,20790.0,20790.0,1,0.0,0.0,1.0,,20790.0,1.0,,1.0,0.0,1,,First-time,9699530000000.0,India,False,False
XYZ Luxury,2026-07-01 00:00:00+00:00,INR,XYZ Luxury - magic checkout,2026-07-01 09:07:40+00:00,2026-07-01 09:07:40+00:00,2026-07-01 09:07:42+00:00,7492320000000.0,#4083,Canada,Rest of the World,Canada,Ontario,Windsor,"card, Magic",8924030000000.0,Antique Gold Studs,"3july-backup-dis, category_earring, eoss_02jun, EOSS_jan26",Default Title,5009.4,5009.4,5009.4,1,0.0,0.0,1.0,,5009.4,1.0,,1.0,0.0,1,,First-time,9699720000000.0,Canada,False,False
XYZ Luxury,2026-07-01 00:00:00+00:00,INR,XYZ Luxury - magic checkout,2026-07-01 09:27:58+00:00,2026-07-01 09:27:58+00:00,2026-07-03 10:19:00+00:00,7492340000000.0,#4084,India,India,India,Punjab,Moga,"card, Magic",9627610000000.0,Kavya Bracelet,"24akk, hp_rts09may",Default Title,3000.0,3000.0,3000.0,1,0.0,0.0,1.0,,3000.0,,1.0,1.0,0.0,1,,Returning,8548460000000.0,India,False,False
XYZ Luxury,2026-07-01 00:00:00+00:00,INR,XYZ Luxury - magic checkout,2026-07-01 09:28:35+00:00,2026-07-01 09:28:35+00:00,2026-07-01 09:28:37+00:00,7492340000000.0,#4085,India,India,India,Haryana,PANCHKULA,"Magic, upi",9567990000000.0,Minni Jhumki Earrings,"16ap, 17-04, 24akk",Default Title,3850.0,3850.0,3850.0,1,0.0,0.0,1.0,,3850.0,1.0,,1.0,0.0,1,,First-time,9699740000000.0,India,False,False
XYZ Luxury,2026-07-01 00:00:00+00:00,INR,Draft Orders,2026-07-01 10:14:45+00:00,2026-07-01 10:14:46+00:00,2026-07-01 10:14:47+00:00,7492390000000.0,#4086,India,India,India,Himachal Pradesh,Hamirpur,,9111070000000.0,Manar Tikka,EOSS_jan26,Default Title,6270.0,6270.0,6270.0,1,0.0,0.0,1.0,,6270.0,1.0,,1.0,0.0,1,,First-time,9699780000000.0,India,False,False
XYZ Luxury,2026-07-01 00:00:00+00:00,INR,Draft Orders,2026-07-01 10:29:10+00:00,2026-07-01 10:29:10+00:00,2026-07-01 11:26:05+00:00,7492410000000.0,#4087,India,India,India,Haryana,Faridabad,,9567650000000.0,Triple Jhumki Earrings,"16ap, 17-04, 24akk",Default Title,4950.0,4950.0,4950.0,1,0.0,0.0,1.0,,4950.0,,1.0,1.0,0.0,1,,Returning,8595430000000.0,India,False,False
XYZ Luxury,2026-07-01 00:00:00+00:00,INR,XYZ Luxury - magic checkout,2026-07-01 10:53:10+00:00,2026-07-01 10:53:10+00:00,2026-07-03 11:56:32+00:00,7492430000000.0,#4089,India,India,India,Haryana,PANCHKULA,"Magic, upi",9419570000000.0,Oxidised Silver Payal PAir,"17-04, 22j, category_payal, sale-28",Default Title,4675.0,4675.0,4675.0,1,0.0,0.0,1.0,,4675.0,,1.0,1.0,0.0,1,,Returning,9699740000000.0,India,False,False
XYZ Luxury,2026-07-01 00:00:00+00:00,INR,Draft Orders,2026-07-01 10:47:49+00:00,2026-07-01 10:47:49+00:00,2026-07-01 11:17:57+00:00,7492430000000.0,#4088,India,India,India,Delhi,New Delhi,,8652460000000.0,Rubina ChandBali Earrings,"category_earring, desc addition, eoss_02jun, EOSS_jan26, hp_rts09may",Default Title,12870.0,12870.0,12870.0,1,0.0,0.0,1.0,,12870.0,1.0,,1.0,0.0,1,,First-time,9699820000000.0,India,False,False
XYZ Luxury,2026-07-01 00:00:00+00:00,INR,Draft Orders,2026-07-01 12:52:54+00:00,2026-07-01 12:52:54+00:00,2026-07-02 06:41:34+00:00,7492600000000.0,#4090,India,India,India,Karnataka,Bangalore,,,,,,14500.0,14500.0,14500.0,1,0.0,0.0,1.0,,14500.0,1.0,,1.0,0.0,1,,First-time,9699970000000.0,India,True,False
XYZ Luxury,2026-07-01 00:00:00+00:00,INR,XYZ Luxury - magic checkout,2026-07-01 13:41:39+00:00,2026-07-01 13:41:39+00:00,2026-07-03 09:41:03+00:00,7492690000000.0,#4091,India,India,India,Jammu and Kashmir,Srinagar,"Magic, razorpay_partial_cod, upi",9627590000000.0,Rita Chain,"10june.., 24akk",Default Title,2000.0,2000.0,2000.0,1,0.0,0.0,1.0,,2000.0,1.0,,1.0,0.0,1,,First-time,9700050000000.0,India,False,False
XYZ Luxury,2026-07-01 00:00:00+00:00,INR,XYZ Luxury - magic checkout,2026-07-01 14:27:38+00:00,2026-07-01 14:27:38+00:00,2026-07-01 14:27:40+00:00,7492770000000.0,#4092,India,India,India,West Bengal,Hooghly,"Magic, razorpay_partial_cod, upi",8182550000000.0,Mehreen Earrings,"category_earring, desc addition, eoss_02jun, EOSS_jan26, occasion",Default Title,7590.0,7590.0,7590.0,1,0.0,0.0,1.0,,7590.0,1.0,,1.0,0.0,1,,First-time,9700120000000.0,India,False,False
XYZ Luxury,2026-07-01 00:00:00+00:00,INR,XYZ Luxury - magic checkout,2026-07-01 14:51:40+00:00,2026-07-01 14:51:40+00:00,2026-07-01 14:51:42+00:00,7492820000000.0,#4093,India,India,India,Punjab,Mohali,"Magic, upi",8741480000000.0,Jazeera Ring,"Bestseller_18sep, desc addition, eoss_02jun, EOSS_jan26",Default Title,5009.4,5009.4,5009.4,1,0.0,0.0,1.0,,5009.4,1.0,,1.0,0.0,1,,First-time,9699880000000.0,India,False,False
XYZ Luxury,2026-07-01 00:00:00+00:00,INR,XYZ Luxury - magic checkout,2026-07-01 16:29:21+00:00,2026-07-01 16:29:21+00:00,2026-07-03 10:07:37+00:00,7493010000000.0,#4094,India,India,India,Haryana,Faridabad,"card, Magic",8079750000000.0,Nanki Necklace & Earring,"bride_t, category_choker, category_necklace, desc addition, eoss_02jun, EOSS_jan26, hp_rts09may, occasion",Default Title,19470.0,19470.0,19470.0,1,0.0,0.0,1.0,,19470.0,1.0,,1.0,0.0,1,,First-time,9700410000000.0,India,False,False
XYZ Luxury,2026-07-01 00:00:00+00:00,INR,XYZ Luxury - magic checkout,2026-07-01 16:38:55+00:00,2026-07-01 16:38:55+00:00,2026-07-03 11:18:03+00:00,7493030000000.0,#4095,India,India,India,Chhattisgarh,Raipur,"Magic, razorpay_partial_cod, upi",9570740000000.0,Emreen Earrings,24akk,Default Title,5500.0,5500.0,5500.0,1,0.0,0.0,1.0,,5500.0,1.0,,1.0,0.0,1,,First-time,9689370000000.0,India,False,False
XYZ Luxury,2026-07-01 00:00:00+00:00,INR,XYZ Luxury - magic checkout,2026-07-01 17:20:40+00:00,2026-07-01 17:20:40+00:00,2026-07-01 17:20:42+00:00,7493120000000.0,#4097,United States,USA,United States,California,Rancho Cucamonga,"card, Magic",9568070000000.0,Zara Double Chain,"16ap, 17-04, 24akk",Default Title,5500.0,5500.0,5500.0,1,0.0,0.0,1.0,,5500.0,1.0,,1.0,0.0,1,,First-time,9700630000000.0,United States,False,False
XYZ Luxury,2026-07-01 00:00:00+00:00,INR,XYZ Luxury - magic checkout,2026-07-01 17:19:36+00:00,2026-07-01 17:19:36+00:00,2026-07-01 17:19:38+00:00,7493120000000.0,#4096,India,India,India,Maharashtra,Pune,"Magic, razorpay_partial_cod, upi",9601160000000.0,Pippal Patti Choker Set,24akk,Golden,6325.0,6325.0,6325.0,1,0.0,0.0,1.0,,6325.0,1.0,,1.0,0.0,1,,First-time,9700460000000.0,India,False,False
XYZ Luxury,2026-07-01 00:00:00+00:00,INR,XYZ Luxury - magic checkout,2026-07-01 18:24:06+00:00,2026-07-01 18:24:06+00:00,2026-07-03 11:10:55+00:00,7493250000000.0,#4098,India,India,India,Delhi,West Delhi,"Magic, upi",9570740000000.0,Emreen Earrings,24akk,Default Title,5500.0,5500.0,5500.0,1,0.0,0.0,1.0,,5500.0,,1.0,1.0,0.0,1,,Returning,8686330000000.0,India,False,False
XYZ Luxury,2026-07-02 00:00:00+00:00,INR,XYZ Luxury - magic checkout,2026-07-01 18:55:47+00:00,2026-07-01 18:55:47+00:00,2026-07-03 17:44:03+00:00,7493350000000.0,#4099,India,India,India,Maharashtra,Mumbai,"card, Magic",9418090000000.0,Kundan Openable Bangles Pair,"16ak, 17-04, 22j, category_bangles, sale-28",02-Aug,5500.0,5500.0,5500.0,1,0.0,0.0,1.0,,5500.0,1.0,,1.0,0.0,1,,First-time,9701170000000.0,India,False,False
XYZ Luxury,2026-07-02 00:00:00+00:00,INR,XYZ Luxury - magic checkout,2026-07-02 06:25:37+00:00,2026-07-02 06:25:37+00:00,2026-07-02 06:25:38+00:00,7494420000000.0,#4100,India,India,India,Punjab,Tarn taran,"Magic, upi",9478460000000.0,Raja Ruby Mala,24akk,Default Title,13475.0,13475.0,13475.0,1,0.0,0.0,1.0,,13475.0,,1.0,1.0,0.0,1,,Returning,9678210000000.0,India,False,False
XYZ Luxury,2026-07-02 00:00:00+00:00,INR,XYZ Luxury - magic checkout,2026-07-02 06:46:52+00:00,2026-07-02 06:46:52+00:00,2026-07-04 08:08:31+00:00,7494450000000.0,#4101,India,India,India,Maharashtra,Mumbai,"card, Magic",9627600000000.0,Rinki Bracelet,"10june.., 24akk",Default Title,1500.0,1500.0,1500.0,1,0.0,0.0,1.0,,1500.0,1.0,,1.0,0.0,1,,First-time,9704070000000.0,India,False,False
XYZ Luxury,2026-07-02 00:00:00+00:00,INR,Draft Orders,2026-07-02 07:51:27+00:00,2026-07-02 07:51:28+00:00,2026-07-02 07:53:51+00:00,7494520000000.0,#4102,India,India,India,Karnataka,Bengaluru,,,,,,14500.0,14500.0,14500.0,1,0.0,0.0,1.0,,14500.0,1.0,,1.0,0.0,1,,First-time,9704140000000.0,India,True,False
XYZ Luxury,2026-07-02 00:00:00+00:00,INR,Draft Orders,2026-07-02 08:07:44+00:00,2026-07-02 08:07:45+00:00,2026-07-03 11:07:41+00:00,7494530000000.0,#4103,India,India,India,Punjab,"Otalan, Samrala",,9631280000000.0,Rose Studs,"24akk, hp_rts09may",Default Title,1750.0,1750.0,1750.0,1,0.0,0.0,1.0,,1750.0,1.0,,1.0,0.0,1,,First-time,9699370000000.0,India,False,False
XYZ Luxury,2026-07-02 00:00:00+00:00,INR,XYZ Luxury - magic checkout,2026-07-02 09:35:44+00:00,2026-07-02 09:35:44+00:00,2026-07-04 08:29:24+00:00,7494620000000.0,#4104,India,India,India,Karnataka,BANGALORE,"Magic, razorpay_partial_cod, upi",9631270000000.0,Chand Earrings,"24akk, hp_rts09may",Default Title,1250.0,1250.0,1250.0,1,0.0,0.0,1.0,,1250.0,1.0,,1.0,0.0,1,,First-time,8870420000000.0,India,False,False
XYZ Luxury,2026-07-02 00:00:00+00:00,INR,XYZ Luxury - magic checkout,2026-07-02 09:53:56+00:00,2026-07-02 09:53:56+00:00,2026-07-03 10:43:06+00:00,7494640000000.0,#4105,India,India,India,Uttar Pradesh,Agra,"Magic, upi",9639670000000.0,Dinki Stud,"22j, 22ju, hp_rts09may",Default Title,1500.0,1500.0,1500.0,1,0.0,0.0,1.0,,1500.0,,1.0,1.0,0.0,1,,Returning,9631530000000.0,India,False,False
XYZ Luxury,2026-07-02 00:00:00+00:00,INR,Draft Orders,2026-07-02 10:09:45+00:00,2026-07-02 10:09:45+00:00,2026-07-03 11:32:01+00:00,7494660000000.0,#4106,India,India,India,Karnataka,Bengaluru,,8652480000000.0,Abohar Choker Set with Tika,"bride_t, category_choker, category_necklace, desc addition, eoss_02jun, EOSS_jan26",Default Title,24750.0,24750.0,24750.0,1,0.0,0.0,1.0,,24750.0,,1.0,1.0,0.0,1,,Returning,9682440000000.0,India,False,False
XYZ Luxury,2026-07-02 00:00:00+00:00,INR,XYZ Luxury - magic checkout,2026-07-02 11:13:21+00:00,2026-07-02 11:13:21+00:00,2026-07-03 10:33:28+00:00,7494730000000.0,#4107,India,India,India,Punjab,moga,"Magic, upi",9639670000000.0,Dinki Stud,"22j, 22ju, hp_rts09may",Default Title,1500.0,1500.0,1500.0,1,0.0,0.0,1.0,,1500.0,1.0,,1.0,0.0,1,,First-time,8138650000000.0,India,False,False
XYZ Luxury,2026-07-02 00:00:00+00:00,INR,XYZ Luxury - magic checkout,2026-07-02 11:46:12+00:00,2026-07-02 11:46:12+00:00,2026-07-03 10:27:52+00:00,7494770000000.0,#4108,India,India,India,Karnataka,Bangalore,"card, Magic",8710430000000.0,Pippal Patti Waaliyaan,"Bestseller_18sep, category_earring, desc addition, eoss_02jun, EOSS_jan26, hp_rts09may",Default Title,5610.0,5610.0,5610.0,1,0.0,0.0,1.0,,5610.0,1.0,,1.0,0.0,1,,First-time,9689160000000.0,India,False,False
XYZ Luxury,2026-07-02 00:00:00+00:00,INR,XYZ Luxury - magic checkout,2026-07-02 12:06:03+00:00,2026-07-02 12:06:03+00:00,2026-07-03 10:23:56+00:00,7494790000000.0,#4109,India,India,India,Karnataka,Bengaluru,"Magic, upi",8710430000000.0,Pippal Patti Waaliyaan,"Bestseller_18sep, category_earring, desc addition, eoss_02jun, EOSS_jan26, hp_rts09may",Default Title,5610.0,5610.0,5610.0,1,0.0,0.0,1.0,,5610.0,1.0,,1.0,0.0,1,,First-time,9704420000000.0,India,False,False
XYZ Luxury,2026-07-02 00:00:00+00:00,INR,XYZ Luxury - magic checkout,2026-07-02 12:31:00+00:00,2026-07-02 12:31:00+00:00,2026-07-02 12:31:02+00:00,7494830000000.0,#4110,India,India,India,Haryana,Gurugram,"Magic, upi",9494210000000.0,Mohini Shell Pearl Chooda,"bride_t, category_chooda",02-Jun,18150.0,18150.0,18150.0,1,0.0,0.0,1.0,,18150.0,1.0,,1.0,0.0,1,,First-time,9704460000000.0,India,False,False
XYZ Luxury,2026-07-02 00:00:00+00:00,INR,XYZ Luxury - magic checkout,2026-07-02 12:42:07+00:00,2026-07-02 12:42:07+00:00,2026-07-02 12:42:08+00:00,7494850000000.0,#4111,India,India,India,Maharashtra,Chinchwad,"Magic, upi",9472670000000.0,Ghungroo Vaaliyaan,category_earring,Default Title,4950.0,4950.0,4950.0,1,0.0,0.0,1.0,,4950.0,1.0,,1.0,0.0,1,,First-time,9704480000000.0,India,False,False
XYZ Luxury,2026-07-02 00:00:00+00:00,INR,XYZ Luxury - magic checkout,2026-07-02 12:57:30+00:00,2026-07-02 12:57:30+00:00,2026-07-02 12:57:32+00:00,7494870000000.0,#4112,India,India,India,Karnataka,Bangalore,"Magic, upi",9631280000000.0,lavi Necklace Set,"24akk, hp_rts09may",Default Title,5000.0,5000.0,5000.0,1,0.0,0.0,1.0,,5000.0,1.0,,1.0,0.0,1,,First-time,9704500000000.0,India,False,False
XYZ Luxury,2026-07-02 00:00:00+00:00,INR,XYZ Luxury - magic checkout,2026-07-02 13:25:01+00:00,2026-07-02 13:25:01+00:00,2026-07-02 13:25:02+00:00,7494920000000.0,#4113,India,India,India,Karnataka,Bengaluru,"Magic, razorpay_partial_cod, upi",9430880000000.0,Sonam Jhumki Earrings,category_earring,Default Title,12870.0,12870.0,12870.0,1,0.0,0.0,1.0,,12870.0,,1.0,1.0,0.0,1,,Returning,8333250000000.0,India,False,False
XYZ Luxury,2026-07-02 00:00:00+00:00,INR,XYZ Luxury - magic checkout,2026-07-02 15:37:22+00:00,2026-07-02 15:37:22+00:00,2026-07-02 15:37:24+00:00,7495270000000.0,#4114,Canada,Rest of the World,Canada,Ontario,Brampton,"card, Magic",9463350000000.0,Moni Studs,category_earring,Default Title,5610.0,5610.0,5610.0,1,0.0,0.0,1.0,,5610.0,,1.0,1.0,0.0,1,,Returning,8319560000000.0,Canada,False,False
XYZ Luxury,2026-07-02 00:00:00+00:00,INR,XYZ Luxury - magic checkout,2026-07-02 16:25:35+00:00,2026-07-02 16:25:35+00:00,2026-07-02 16:25:37+00:00,7495380000000.0,#4115,India,India,India,Delhi,West Delhi,"Magic, wallet",8916240000000.0,Haafiz Antique Bangles 4pc,"17-04, 22j, 3july-backup-dis, Bestseller_18sep, category_bangles, eoss_02jun, EOSS_jan26, hp_rts09may, sale-28, Silver Bangles",02-Apr,3471.6,3471.6,3471.6,1,0.0,0.0,1.0,,3471.6,1.0,,1.0,0.0,1,,First-time,9704970000000.0,India,False,False
XYZ Luxury,2026-07-02 00:00:00+00:00,INR,XYZ Luxury - magic checkout,2026-07-02 16:39:16+00:00,2026-07-02 16:39:16+00:00,2026-07-05 13:29:48+00:00,7495410000000.0,#4116,Australia,Rest of the World,Australia,Western Australia,Harrisdale,"card, Magic",9111030000000.0,Jaazmine Pippal Patti Studs,"category_earring, EOSS_jan26",Default Title,6600.0,6600.0,6600.0,1,0.0,0.0,1.0,,6600.0,1.0,,1.0,0.0,1,,First-time,9704990000000.0,Australia,False,False
XYZ Luxury,2026-07-02 00:00:00+00:00,INR,XYZ Luxury - magic checkout,2026-07-02 17:53:36+00:00,2026-07-02 17:53:36+00:00,2026-07-02 17:53:38+00:00,7495580000000.0,#4117,India,India,India,Chhattisgarh,Durg,"Magic, upi",9463370000000.0,Barmi Studs,category_earring,Default Title,3915.25,3915.25,4620.0,1,0.0,0.0,1.0,,3915.25,1.0,,1.0,0.0,1,,First-time,9704350000000.0,India,False,False
XYZ Luxury,2026-07-02 00:00:00+00:00,INR,XYZ Luxury - magic checkout,2026-07-02 18:25:04+00:00,2026-07-02 18:25:04+00:00,2026-07-02 18:25:05+00:00,7495640000000.0,#4118,United States,USA,United States,California,Del Rey Oaks,"card, Magic",9408440000000.0,Gargi Earrings,"17-04, 22j, av-07jan26, category_earring, EOSS_jan26, sale-28",Default Title,4400.0,4400.0,4400.0,1,0.0,0.0,1.0,,4400.0,1.0,,1.0,0.0,1,,First-time,9705480000000.0,United States,False,False
XYZ Luxury,2026-07-03 00:00:00+00:00,INR,Draft Orders,2026-07-03 02:19:11+00:00,2026-07-03 02:19:12+00:00,2026-07-06 05:51:02+00:00,7496330000000.0,#4119,New Zealand,Rest of the World,New Zealand,Waikato,Hamilton,,8592080000000.0,Chand Hair Clips Pair,"Bestseller_18sep, desc addition, eoss_02jun, EOSS_jan26, occasion",Default Title,6600.0,6600.0,6600.0,1,0.0,0.0,1.0,,6600.0,1.0,,1.0,0.0,1,,First-time,9532130000000.0,New Zealand,False,False
XYZ Luxury,2026-07-03 00:00:00+00:00,INR,XYZ Luxury - magic checkout,2026-07-03 03:06:26+00:00,2026-07-03 03:06:26+00:00,2026-07-03 03:06:28+00:00,7496390000000.0,#4120,United States,USA,United States,California,Aliso Viejo,"Magic, wallet",8710430000000.0,Lahori Double Chain,"Bestseller_18sep, category_choker, category_necklace, desc addition, eoss_02jun, EOSS_jan26",Default Title,12106.38,12106.38,12106.38,1,0.0,0.0,1.0,,12106.38,1.0,,1.0,0.0,1,,First-time,9707670000000.0,United States,False,False
XYZ Luxury,2026-07-03 00:00:00+00:00,INR,XYZ Luxury - magic checkout,2026-07-03 06:48:52+00:00,2026-07-03 06:48:52+00:00,2026-07-03 06:48:53+00:00,7496720000000.0,#4121,India,India,India,Maharashtra,Chinchwad,"Magic, upi",9463350000000.0,Agya studs,category_earring,Default Title,4754.24,4754.24,5610.0,1,0.0,0.0,1.0,,4754.24,,1.0,1.0,0.0,1,,Returning,9704480000000.0,India,False,False
XYZ Luxury,2026-07-03 00:00:00+00:00,INR,XYZ Luxury - magic checkout,2026-07-03 09:27:10+00:00,2026-07-03 09:27:10+00:00,2026-07-03 09:27:12+00:00,7496880000000.0,#4122,India,India,India,Maharashtra,MUMBAI,"Magic, upi",8741480000000.0,Nazare Ring,"Bestseller_18sep, desc addition, eoss_02jun, EOSS_jan26, hp_rts09may",Default Title,3960.0,3960.0,3960.0,1,0.0,0.0,1.0,,3960.0,1.0,,1.0,0.0,1,,First-time,9708280000000.0,India,False,False
XYZ Luxury,2026-07-03 00:00:00+00:00,INR,XYZ Luxury - magic checkout,2026-07-03 09:50:36+00:00,2026-07-03 09:50:36+00:00,2026-07-03 09:50:37+00:00,7496900000000.0,#4123,India,India,India,Punjab,Moga,"Magic, razorpay_partial_cod, upi",9631270000000.0,Iyan Waliyaan,"24akk, hp_rts09may",Default Title,1500.0,1500.0,1500.0,1,0.0,0.0,1.0,,1500.0,1.0,,1.0,0.0,1,,First-time,9708310000000.0,India,False,False
XYZ Luxury,2026-07-03 00:00:00+00:00,INR,XYZ Luxury - magic checkout,2026-07-03 10:54:13+00:00,2026-07-03 10:54:13+00:00,2026-07-03 10:54:14+00:00,7496970000000.0,#4124,India,India,India,Delhi,East Delhi,"Magic, upi",9643180000000.0,Zeenat Jadau Set,"24akk, hp_rts09may",Default Title,6750.0,6750.0,6750.0,1,0.0,0.0,1.0,,6750.0,1.0,,1.0,0.0,1,,First-time,9708480000000.0,India,False,False
XYZ Luxury,2026-07-03 00:00:00+00:00,INR,XYZ Luxury - magic checkout,2026-07-03 11:15:05+00:00,2026-07-03 11:15:05+00:00,2026-07-03 11:15:06+00:00,7497000000000.0,#4125,India,India,India,Karnataka,Bengaluru,"Magic, razorpay_partial_cod, upi",9643180000000.0,Zeenat Jadau Set,"24akk, hp_rts09may",Default Title,6750.0,6750.0,6750.0,1,0.0,0.0,1.0,,6750.0,1.0,,1.0,0.0,1,,First-time,9708530000000.0,India,False,False
XYZ Luxury,2026-07-03 00:00:00+00:00,INR,XYZ Luxury - magic checkout,2026-07-03 11:46:56+00:00,2026-07-03 11:46:56+00:00,2026-07-03 11:46:58+00:00,7497030000000.0,#4126,India,India,India,Uttar Pradesh,Noida,"Magic, upi",9224230000000.0,Soni Pippal Patti Necklace Only,"category_choker, category_necklace, EOSS_jan26",Default Title,9228.81,9228.81,10890.0,1,0.0,0.0,1.0,,9228.81,1.0,,1.0,0.0,1,,First-time,9708560000000.0,India,False,False
XYZ Luxury,2026-07-03 00:00:00+00:00,INR,XYZ Luxury - magic checkout,2026-07-03 11:49:20+00:00,2026-07-03 11:49:20+00:00,2026-07-03 11:49:22+00:00,7497040000000.0,#4127,India,India,India,Karnataka,Bengaluru,"card, Magic",9478430000000.0,Areej Antique Pearl Set,"17-04, 20-02, 22j, category_necklace, sale-28",Default Title,2805.0,2805.0,2805.0,1,0.0,0.0,1.0,,2805.0,1.0,,1.0,0.0,1,,First-time,8331980000000.0,India,False,False
XYZ Luxury,2026-07-03 00:00:00+00:00,INR,XYZ Luxury - magic checkout,2026-07-03 17:31:35+00:00,2026-07-03 17:31:35+00:00,2026-07-03 17:31:38+00:00,7497830000000.0,#4128,United States,USA,United States,Texas,Austin,"Additional Notes, Magic, wallet",8177130000000.0,Morni Choker Set,"category_choker, desc addition, eoss_02jun, EOSS_jan26, occasion",Default Title,20790.0,20790.0,20790.0,1,0.0,0.0,1.0,,20790.0,,1.0,1.0,0.0,1,,Returning,9698850000000.0,United States,False,False
XYZ Luxury,2026-07-03 00:00:00+00:00,INR,Draft Orders,2026-07-03 17:46:52+00:00,2026-07-03 17:46:52+00:00,2026-07-03 17:46:53+00:00,7497870000000.0,#4129,India,India,India,Maharashtra,Mumbai,,9224500000000.0,Jadau Openable Bangles Pair,"category_bangles, EOSS_jan26",02-Aug,15073.73,15073.73,17787.0,1,0.0,0.0,1.0,,15073.73,,1.0,1.0,0.0,1,,Returning,9701170000000.0,India,False,False
XYZ Luxury,2026-07-04 00:00:00+00:00,INR,XYZ Luxury - magic checkout,2026-07-03 18:37:59+00:00,2026-07-03 18:37:59+00:00,2026-07-07 12:02:56+00:00,7497990000000.0,#4130,United States,USA,United States,Washington,Kent,"card, Magic",9475730000000.0,Gulbano Mint Pink Earrings,"17-04, 18-02, 22j, category_earring, sale-28",Default Title,6875.0,6875.0,6875.0,1,0.0,0.0,1.0,,6875.0,1.0,,1.0,0.0,1,,First-time,9709320000000.0,United States,False,False
XYZ Luxury,2026-07-04 00:00:00+00:00,INR,XYZ Luxury - magic checkout,2026-07-04 04:23:49+00:00,2026-07-04 04:23:49+00:00,2026-07-04 04:23:51+00:00,7498890000000.0,#4131,India,India,India,Haryana,Gurgaon,"Magic, upi",9643180000000.0,Zeenat Jadau Set,"24akk, hp_rts09may",Default Title,6750.0,6750.0,6750.0,1,0.0,0.0,1.0,,6750.0,1.0,,1.0,0.0,1,,First-time,9710170000000.0,India,False,False
XYZ Luxury,2026-07-04 00:00:00+00:00,INR,XYZ Luxury - magic checkout,2026-07-04 04:46:18+00:00,2026-07-04 04:46:18+00:00,2026-07-04 04:46:19+00:00,7498950000000.0,#4132,India,India,India,Punjab,Jalandhar,"Magic, upi",9627580000000.0,Minni Chain,"24akk, hp_rts09may",Default Title,2000.0,2000.0,2000.0,1,0.0,0.0,1.0,,2000.0,,1.0,1.0,0.0,1,,Returning,8668670000000.0,India,False,False
XYZ Luxury,2026-07-04 00:00:00+00:00,INR,XYZ Luxury - magic checkout,2026-07-04 05:03:51+00:00,2026-07-04 05:03:51+00:00,2026-07-04 05:03:53+00:00,7498980000000.0,#4133,India,India,India,Haryana,Gurgaon,"card, Magic, razorpay_partial_cod",8252950000000.0,Virsa Hair Clips Pair,"Bestseller_18sep, desc addition, eoss_02jun, EOSS_jan26, hp_rts09may, occasion",Default Title,7590.0,7590.0,7590.0,1,0.0,0.0,1.0,,7590.0,1.0,,1.0,0.0,1,,First-time,9700050000000.0,India,False,False
XYZ Luxury,2026-07-04 00:00:00+00:00,INR,XYZ Luxury - magic checkout,2026-07-04 06:03:30+00:00,2026-07-04 06:03:30+00:00,2026-07-07 12:18:49+00:00,7499040000000.0,#4134,India,India,India,Jammu and Kashmir,Jammu,"Magic, upi",9643180000000.0,Sahib Jadau Set,hp_rts09may,Default Title,6600.0,6600.0,6600.0,1,0.0,0.0,1.0,,6600.0,1.0,,1.0,0.0,1,,First-time,9710280000000.0,India,False,False
XYZ Luxury,2026-07-04 00:00:00+00:00,INR,XYZ Luxury - magic checkout,2026-07-04 07:41:35+00:00,2026-07-04 07:41:35+00:00,2026-07-07 12:29:06+00:00,7499160000000.0,#4135,India,India,India,Uttar Pradesh,Gorakhpur,"Magic, upi",9631270000000.0,Reena Waliyaan,"24akk, hp_rts09may",Default Title,2000.0,2000.0,2000.0,1,0.0,0.0,1.0,,2000.0,1.0,,1.0,0.0,1,,First-time,8247940000000.0,India,False,False
XYZ Luxury,2026-07-04 00:00:00+00:00,INR,XYZ Luxury - magic checkout,2026-07-04 07:50:01+00:00,2026-07-04 07:50:01+00:00,2026-07-04 07:50:02+00:00,7499160000000.0,#4136,India,India,India,Karnataka,Bengaluru,"Magic, upi",8147790000000.0,Virasat Choker Set,"bride_t, category_choker, category_necklace, desc addition, eoss_02jun, EOSS_jan26, hp_rts09may, occasion",Default Title,22770.0,22770.0,22770.0,1,0.0,0.0,1.0,,22770.0,1.0,,1.0,0.0,1,,First-time,9710410000000.0,India,False,False
XYZ Luxury,2026-07-04 00:00:00+00:00,INR,XYZ Luxury - magic checkout,2026-07-04 11:07:32+00:00,2026-07-04 11:07:32+00:00,2026-07-04 11:07:33+00:00,7499380000000.0,#4137,India,India,India,Punjab,Chandighar,"Magic, upi",9408490000000.0,Ruby Emerald Mala Set,"17-04, 22j, av-07jan26, category_choker, category_necklace, EOSS_jan26, sale-28",Default Title,5500.0,5500.0,5500.0,1,0.0,0.0,1.0,,5500.0,1.0,,1.0,0.0,1,,First-time,9710630000000.0,India,False,False
XYZ Luxury,2026-07-04 00:00:00+00:00,INR,XYZ Luxury - magic checkout,2026-07-04 11:37:04+00:00,2026-07-04 11:37:04+00:00,2026-07-04 11:37:06+00:00,7499410000000.0,#4139,India,India,India,Maharashtra,Thane,"card, Magic",9627600000000.0,Tina Bracelet,"10june.., 24akk",Default Title,2000.0,2000.0,2000.0,1,0.0,0.0,1.0,,2000.0,1.0,,1.0,0.0,1,,First-time,9710000000000.0,India,False,False
XYZ Luxury,2026-07-04 00:00:00+00:00,INR,XYZ Luxury - magic checkout,2026-07-04 11:35:44+00:00,2026-07-04 11:35:44+00:00,2026-07-07 07:12:35+00:00,7499410000000.0,#4138,India,India,India,Haryana,Gurgaon,"Magic, upi",9563990000000.0,Pippal Patti Waliyaan,"22j, sale-28",Default Title,3300.0,3300.0,3300.0,1,0.0,0.0,1.0,,3300.0,1.0,,1.0,0.0,1,,First-time,9710660000000.0,India,False,False
XYZ Luxury,2026-07-04 00:00:00+00:00,INR,XYZ Luxury - magic checkout,2026-07-04 12:30:12+00:00,2026-07-04 12:30:12+00:00,2026-07-07 07:28:23+00:00,7499480000000.0,#4140,India,India,India,Telangana,Hyderabad,"card, Magic",9639670000000.0,Rimpi Waliyaan,hp_rts09may,Default Title,3600.0,3600.0,3600.0,1,0.0,0.0,1.0,,3600.0,1.0,,1.0,0.0,1,,First-time,9710730000000.0,India,False,False
XYZ Luxury,2026-07-04 00:00:00+00:00,INR,XYZ Luxury - magic checkout,2026-07-04 12:31:23+00:00,2026-07-04 12:31:23+00:00,2026-07-05 08:46:45+00:00,7499480000000.0,#4141,Canada,Rest of the World,Canada,Ontario,Ajax,"card, Magic",9475470000000.0,Jannat Earrings,"17-04, 18-02, 22j, category_earring, sale-28",Default Title,3850.0,3850.0,3850.0,1,0.0,0.0,1.0,,3850.0,1.0,,1.0,0.0,1,,First-time,9710500000000.0,Canada,False,False
XYZ Luxury,2026-07-04 00:00:00+00:00,INR,XYZ Luxury - magic checkout,2026-07-04 12:35:03+00:00,2026-07-04 12:35:03+00:00,2026-07-04 12:39:18+00:00,7499490000000.0,#4142,India,India,India,Uttarakhand,Dehradun,"Additional Notes, Magic, upi",9408510000000.0,Raunaq Necklace Set,"17-04, 22j, av-07jan26, category_choker, category_necklace, EOSS_jan26, sale-28",Default Title,9075.0,9075.0,9075.0,1,0.0,0.0,1.0,,9075.0,1.0,,1.0,0.0,1,,First-time,9710750000000.0,India,False,False
XYZ Luxury,2026-07-04 00:00:00+00:00,INR,Draft Orders,2026-07-04 12:45:16+00:00,2026-07-04 12:45:17+00:00,2026-07-07 11:57:30+00:00,7499500000000.0,#4143,United Kingdom,Rest of the World,United Kingdom,,,,8592080000000.0,Chand Hair Clips Pair,"Bestseller_18sep, desc addition, eoss_02jun, EOSS_jan26, occasion",Default Title,6600.0,6600.0,6600.0,1,0.0,0.0,1.0,,6600.0,1.0,,1.0,0.0,1,,First-time,9710490000000.0,India,False,False
XYZ Luxury,2026-07-04 00:00:00+00:00,INR,XYZ Luxury - magic checkout,2026-07-04 12:58:10+00:00,2026-07-04 12:58:10+00:00,2026-07-04 12:58:11+00:00,7499520000000.0,#4144,India,India,India,Delhi,New delhi,"card, Magic",9627590000000.0,Heena Chain,"24akk, hp_rts09may",Default Title,1500.0,1500.0,1500.0,1,0.0,0.0,1.0,,1500.0,1.0,,1.0,0.0,1,,First-time,9704030000000.0,India,False,False
XYZ Luxury,2026-07-04 00:00:00+00:00,INR,XYZ Luxury - magic checkout,2026-07-04 13:32:51+00:00,2026-07-04 13:32:51+00:00,2026-07-04 13:32:52+00:00,7499580000000.0,#4145,India,India,India,Delhi,Delhi,"Magic, upi",9615690000000.0,Meenu Choker Set,24akk,Default Title,7700.0,7700.0,7700.0,1,0.0,0.0,1.0,,7700.0,1.0,,1.0,0.0,1,,First-time,9710830000000.0,India,False,False
XYZ Luxury,2026-07-04 00:00:00+00:00,INR,XYZ Luxury - magic checkout,2026-07-04 14:11:45+00:00,2026-07-04 14:11:45+00:00,2026-07-07 05:48:54+00:00,7499650000000.0,#4146,India,India,India,Delhi,South Delhi,"Magic, razorpay_partial_cod, upi",9643150000000.0,Layla Jadau Set,"24akk, hp_rts09may",Default Title,5500.0,5500.0,5500.0,1,0.0,0.0,1.0,,5500.0,1.0,,1.0,0.0,1,,First-time,9710900000000.0,India,False,False
XYZ Luxury,2026-07-04 00:00:00+00:00,INR,XYZ Luxury - magic checkout,2026-07-04 16:56:32+00:00,2026-07-04 16:56:32+00:00,2026-07-04 16:56:33+00:00,7499990000000.0,#4147,India,India,India,Punjab,Nabha,"Magic, razorpay_partial_cod, upi",9627590000000.0,Heena Chain,"24akk, hp_rts09may",Default Title,1500.0,1500.0,1500.0,1,0.0,0.0,1.0,,1500.0,1.0,,1.0,0.0,1,,First-time,9710770000000.0,India,False,False
XYZ Luxury,2026-07-04 00:00:00+00:00,INR,XYZ Luxury - magic checkout,2026-07-04 17:02:08+00:00,2026-07-04 17:02:08+00:00,2026-07-04 17:02:10+00:00,7500000000000.0,#4148,India,India,India,Goa,North Goa,"Magic, upi",9219610000000.0,Nargis Jhumar,EOSS_jan26,Default Title,10906.78,10906.78,12870.0,1,0.0,0.0,1.0,,10906.78,1.0,,1.0,0.0,1,,First-time,9711220000000.0,India,False,False
XYZ Luxury,2026-07-04 00:00:00+00:00,INR,XYZ Luxury - magic checkout,2026-07-04 17:50:58+00:00,2026-07-04 17:50:58+00:00,2026-07-04 17:51:00+00:00,7500100000000.0,#4149,India,India,India,Gujarat,Vadodara,"card, Magic",9408440000000.0,Gargi Earrings,"17-04, 22j, av-07jan26, category_earring, EOSS_jan26, sale-28",Default Title,4400.0,4400.0,4400.0,1,0.0,0.0,1.0,,4400.0,,1.0,1.0,0.0,1,,Returning,8854080000000.0,India,False,False
XYZ Luxury,2026-07-04 00:00:00+00:00,INR,XYZ Luxury - magic checkout,2026-07-04 17:59:38+00:00,2026-07-04 17:59:38+00:00,2026-07-06 06:12:36+00:00,7500120000000.0,#4150,India,India,India,Tamil Nadu,Pudupakkam,"Magic, upi",9474390000000.0,panna studs,"17-04, 17f, 22j, category_earring, sale-28",Default Title,3850.0,3850.0,3850.0,1,0.0,0.0,1.0,,3850.0,1.0,,1.0,0.0,1,,First-time,9711320000000.0,India,False,False
XYZ Luxury,2026-07-04 00:00:00+00:00,INR,XYZ Luxury - magic checkout,2026-07-04 18:27:08+00:00,2026-07-04 18:27:08+00:00,2026-07-04 18:27:09+00:00,7500170000000.0,#4151,India,India,India,Karnataka,Bengaluru,"Magic, razorpay_partial_cod, upi",9643180000000.0,Zeenat Jadau Set,"24akk, hp_rts09may",Default Title,6750.0,6750.0,6750.0,1,0.0,0.0,1.0,,6750.0,1.0,,1.0,0.0,1,,First-time,8771610000000.0,India,False,False
XYZ Luxury,2026-07-05 00:00:00+00:00,INR,XYZ Luxury - magic checkout,2026-07-04 18:52:04+00:00,2026-07-04 18:52:04+00:00,2026-07-04 18:52:05+00:00,7500210000000.0,#4152,India,India,India,Telangana,Hyderabad,"Magic, upi",9224500000000.0,Ghungroo Bangles Pair,"17-04, 22j, category_bangles, Clearance Sale, EOSS_jan26, sale-28",02-Jun,2563.56,2563.56,3025.0,1,0.0,0.0,1.0,,2563.56,,1.0,1.0,0.0,1,,Returning,9662570000000.0,India,False,False
XYZ Luxury,2026-07-05 00:00:00+00:00,INR,XYZ Luxury - magic checkout,2026-07-04 18:58:26+00:00,2026-07-04 18:58:26+00:00,2026-07-04 18:58:28+00:00,7500220000000.0,#4153,India,India,India,Punjab,mohali,"Magic, upi",8741480000000.0,Aisha Jhumki Earrings,"category_earring, desc addition, eoss_02jun, EOSS_jan26",Default Title,12870.0,12870.0,12870.0,1,0.0,0.0,1.0,,12870.0,1.0,,1.0,0.0,1,,First-time,9711310000000.0,India,False,False
XYZ Luxury,2026-07-05 00:00:00+00:00,INR,XYZ Luxury - magic checkout,2026-07-04 19:21:37+00:00,2026-07-04 19:21:37+00:00,2026-07-04 19:21:39+00:00,7500260000000.0,#4154,India,India,India,Rajasthan,Dungarpur,"Magic, razorpay_partial_cod, upi",9631280000000.0,Rose Studs,"24akk, hp_rts09may",Default Title,1750.0,1750.0,1750.0,1,0.0,0.0,1.0,,1750.0,1.0,,1.0,0.0,1,,First-time,8480650000000.0,India,False,False
XYZ Luxury,2026-07-05 00:00:00+00:00,INR,XYZ Luxury - magic checkout,2026-07-04 22:38:43+00:00,2026-07-04 22:38:43+00:00,2026-07-04 22:38:45+00:00,7500570000000.0,#4155,Canada,Rest of the World,Canada,Ontario,Toronto,"card, Magic",8717950000000.0,Ambi Hair Clips Pair,"desc addition, eoss_02jun, EOSS_jan26, hp_rts09may",Default Title,7590.0,7590.0,7590.0,1,0.0,0.0,1.0,,7590.0,1.0,,1.0,0.0,1,,First-time,9711720000000.0,Canada,False,False
XYZ Luxury,2026-07-05 00:00:00+00:00,INR,XYZ Luxury - magic checkout,2026-07-05 00:13:24+00:00,2026-07-05 00:13:24+00:00,2026-07-08 21:23:52+00:00,7500690000000.0,#4156,Canada,Rest of the World,Canada,Ontario,Brampton,"Magic, wallet",9615690000000.0,Meenu Choker Set,24akk,Default Title,7700.0,7700.0,7700.0,1,0.0,0.0,1.0,,7700.0,1.0,,1.0,0.0,1,,First-time,9682010000000.0,Canada,False,False
XYZ Luxury,2026-07-05 00:00:00+00:00,INR,XYZ Luxury - magic checkout,2026-07-05 00:20:15+00:00,2026-07-05 00:20:15+00:00,2026-07-06 05:46:05+00:00,7500700000000.0,#4157,India,India,India,Punjab,Moga,"card, Magic",8592080000000.0,Chand Hair Clips Pair,"Bestseller_18sep, desc addition, eoss_02jun, EOSS_jan26, occasion",Default Title,6600.0,6600.0,6600.0,1,0.0,0.0,1.0,,6600.0,1.0,,1.0,0.0,1,,First-time,9711840000000.0,India,False,False
XYZ Luxury,2026-07-05 00:00:00+00:00,INR,XYZ Luxury - magic checkout,2026-07-05 00:20:46+00:00,2026-07-05 00:20:46+00:00,2026-07-05 00:20:47+00:00,7500700000000.0,#4158,United Kingdom,Rest of the World,United Kingdom,England,Wolverhampton,"card, Magic",8592080000000.0,Chand Hair Clips Pair,"Bestseller_18sep, desc addition, eoss_02jun, EOSS_jan26, occasion",Default Title,19800.0,19800.0,19800.0,1,0.0,0.0,3.0,,19800.0,1.0,,3.0,0.0,1,,First-time,9711850000000.0,United Kingdom,False,False
XYZ Luxury,2026-07-05 00:00:00+00:00,INR,XYZ Luxury - magic checkout,2026-07-05 03:30:26+00:00,2026-07-05 03:30:26+00:00,2026-07-05 03:30:28+00:00,7500960000000.0,#4159,India,India,India,Punjab,Faridkot,"card, Magic, razorpay_partial_cod",9008500000000.0,Sehrish Navratn Set,"bride_t, category_necklace, eoss_02jun, EOSS_jan26",Default Title,26070.0,26070.0,26070.0,1,0.0,0.0,1.0,,26070.0,1.0,,1.0,0.0,1,,First-time,9712080000000.0,India,False,False
XYZ Luxury,2026-07-05 00:00:00+00:00,INR,XYZ Luxury - magic checkout,2026-07-05 03:45:18+00:00,2026-07-05 03:45:18+00:00,2026-07-05 03:45:20+00:00,7500980000000.0,#4160,United States,USA,United States,New Jersey,Carteret,"Magic, wallet",9563990000000.0,Pippal Patti Waliyaan,"22j, sale-28",Default Title,3300.0,3300.0,3300.0,1,0.0,0.0,1.0,,3300.0,1.0,,1.0,0.0,1,,First-time,9712100000000.0,United States,False,False
XYZ Luxury,2026-07-05 00:00:00+00:00,INR,XYZ Luxury - magic checkout,2026-07-05 04:20:53+00:00,2026-07-05 04:20:53+00:00,2026-07-06 06:19:43+00:00,7501050000000.0,#4161,India,India,India,Punjab,Sangrur,"Magic, upi",9474390000000.0,panna studs,"17-04, 17f, 22j, category_earring, sale-28",Default Title,3850.0,3850.0,3850.0,1,0.0,0.0,1.0,,3850.0,1.0,,1.0,0.0,1,,First-time,9712150000000.0,India,False,False
XYZ Luxury,2026-07-05 00:00:00+00:00,INR,XYZ Luxury - magic checkout,2026-07-05 05:46:38+00:00,2026-07-05 05:46:38+00:00,2026-07-05 05:46:39+00:00,7501210000000.0,#4162,India,India,India,Maharashtra,Mumbai,"card, Magic",9008490000000.0,Kinza Pearl Set,"3july-backup-dis, Bestseller_18sep, category_choker, category_necklace, eoss_02jun, EOSS_jan26",Default Title,12870.0,12870.0,12870.0,1,0.0,0.0,1.0,,12870.0,1.0,,1.0,0.0,1,,First-time,9712270000000.0,India,False,False
XYZ Luxury,2026-07-05 00:00:00+00:00,INR,XYZ Luxury - magic checkout,2026-07-05 06:40:32+00:00,2026-07-05 06:40:32+00:00,2026-07-05 06:40:34+00:00,7501280000000.0,#4163,India,India,India,Delhi,West Delhi,"Magic, upi",9601160000000.0,Pippal Patti Choker Set,24akk,Golden,6325.0,6325.0,6325.0,1,0.0,0.0,1.0,,6325.0,1.0,,1.0,0.0,1,,First-time,9712350000000.0,India,False,False
XYZ Luxury,2026-07-05 00:00:00+00:00,INR,XYZ Luxury - magic checkout,2026-07-05 07:14:05+00:00,2026-07-05 07:14:05+00:00,2026-07-05 07:14:06+00:00,7501330000000.0,#4164,India,India,India,Maharashtra,Mumbai Subueban,"Magic, razorpay_partial_cod, upi",8177130000000.0,Morni Choker Set,"category_choker, desc addition, eoss_02jun, EOSS_jan26, occasion",Default Title,20790.0,20790.0,20790.0,1,0.0,0.0,1.0,,20790.0,1.0,,1.0,0.0,1,,First-time,9689130000000.0,India,False,False
XYZ Luxury,2026-07-05 00:00:00+00:00,INR,XYZ Luxury - magic checkout,2026-07-05 07:36:58+00:00,2026-07-05 07:36:58+00:00,2026-07-05 07:37:00+00:00,7501360000000.0,#4166,India,India,India,Chandigarh,Chandigarh,"Magic, upi",9639670000000.0,Dinki Stud,"22j, 22ju, hp_rts09may",Default Title,1500.0,1500.0,1500.0,1,0.0,0.0,1.0,,1500.0,1.0,,1.0,0.0,1,,First-time,9712430000000.0,India,False,False
XYZ Luxury,2026-07-05 00:00:00+00:00,INR,XYZ Luxury - magic checkout,2026-07-05 07:33:39+00:00,2026-07-05 07:33:39+00:00,2026-07-05 07:33:40+00:00,7501360000000.0,#4165,Canada,Rest of the World,Canada,British Columbia,Surrey,"card, Magic",8768090000000.0,Raha Pearl Choker Set,"category_choker, desc addition, eoss_02jun, EOSS_jan26",Default Title,12210.0,12210.0,12210.0,1,0.0,0.0,1.0,,12210.0,1.0,,1.0,0.0,1,,First-time,9712410000000.0,Canada,False,False
XYZ Luxury,2026-07-05 00:00:00+00:00,INR,XYZ Luxury - magic checkout,2026-07-05 09:25:53+00:00,2026-07-05 09:25:53+00:00,2026-07-05 09:25:55+00:00,7501510000000.0,#4167,India,India,India,Karnataka,Bengaluru,"card, Magic",8654580000000.0,Razia Choker Set with Tikka,"category_choker, category_necklace, desc addition, eoss_02jun, EOSS_jan26",Default Title,26070.0,26070.0,26070.0,1,0.0,0.0,1.0,,26070.0,,1.0,1.0,0.0,1,,Returning,9710410000000.0,India,False,False
XYZ Luxury,2026-07-05 00:00:00+00:00,INR,XYZ Luxury - magic checkout,2026-07-05 11:47:03+00:00,2026-07-05 11:47:03+00:00,2026-07-05 11:47:05+00:00,7501720000000.0,#4168,India,India,India,Telangana,Hyderabad,"Magic, upi",9563990000000.0,Pippal Patti Waliyaan,"22j, sale-28",Default Title,3300.0,3300.0,3300.0,1,0.0,0.0,1.0,,3300.0,1.0,,1.0,0.0,1,,First-time,9712780000000.0,India,False,False
XYZ Luxury,2026-07-05 00:00:00+00:00,INR,XYZ Luxury - magic checkout,2026-07-05 13:20:00+00:00,2026-07-05 13:20:00+00:00,2026-07-07 15:06:43+00:00,7501880000000.0,#4169,India,India,India,Karnataka,Doddanagamangala Village,"card, Magic",8182560000000.0,Faiz Bangles Pair,"category_bangles, desc addition, eoss_02jun, EOSS_jan26, occasion",02-Jun,16170.0,16170.0,16170.0,1,0.0,0.0,1.0,,16170.0,,1.0,1.0,0.0,1,,Returning,8304200000000.0,India,False,False
XYZ Luxury,2026-07-05 00:00:00+00:00,INR,XYZ Luxury - magic checkout,2026-07-05 13:57:24+00:00,2026-07-05 13:57:24+00:00,2026-07-05 13:57:26+00:00,7501950000000.0,#4170,India,India,India,Karnataka,Bengaluru,"card, Magic",9475470000000.0,Mint Jhumki Earrings,"17-04, 18-02, 22j, category_earring, sale-28",Default Title,4400.0,4400.0,4400.0,1,0.0,0.0,1.0,,4400.0,1.0,,1.0,0.0,1,,First-time,9713010000000.0,India,False,False
XYZ Luxury,2026-07-05 00:00:00+00:00,INR,XYZ Luxury - magic checkout,2026-07-05 13:58:22+00:00,2026-07-05 13:58:22+00:00,2026-07-05 13:58:24+00:00,7501950000000.0,#4171,India,India,India,Haryana,Gurugram,"Magic, upi",9567630000000.0,Punjabi Bangle Pair,"16ap, 17-04, 24akk",,5500.0,5500.0,5500.0,1,0.0,0.0,1.0,,5500.0,1.0,,1.0,0.0,1,,First-time,9713020000000.0,India,False,False
XYZ Luxury,2026-07-05 00:00:00+00:00,INR,XYZ Luxury - magic checkout,2026-07-05 14:29:17+00:00,2026-07-05 14:29:17+00:00,2026-07-05 14:29:19+00:00,7502020000000.0,#4172,India,India,India,Punjab,Faridkot,"card, Magic, razorpay_partial_cod",9631270000000.0,Reena Waliyaan,"24akk, hp_rts09may",Default Title,2000.0,2000.0,2000.0,1,0.0,0.0,1.0,,2000.0,,1.0,1.0,0.0,1,,Returning,9712080000000.0,India,False,False
XYZ Luxury,2026-07-05 00:00:00+00:00,INR,XYZ Luxury - magic checkout,2026-07-05 14:58:37+00:00,2026-07-05 14:58:37+00:00,2026-07-05 14:58:39+00:00,7502080000000.0,#4173,India,India,India,Chhattisgarh,Bastar,"Magic, upi",9631280000000.0,Noor Waliyaan,hp_rts09may,Default Title,1920.0,1920.0,1920.0,1,0.0,0.0,1.0,,1920.0,,1.0,1.0,0.0,1,,Returning,9563670000000.0,India,False,False
XYZ Luxury,2026-07-05 00:00:00+00:00,INR,XYZ Luxury - magic checkout,2026-07-05 15:32:28+00:00,2026-07-05 15:32:28+00:00,2026-07-05 15:32:30+00:00,7502160000000.0,#4174,India,India,India,Delhi,South West Delhi,"Magic, razorpay_partial_cod, upi",9639670000000.0,Rimpi Waliyaan,hp_rts09may,Default Title,3600.0,3600.0,3600.0,1,0.0,0.0,1.0,,3600.0,,1.0,1.0,0.0,1,,Returning,9565450000000.0,India,False,False
XYZ Luxury,2026-07-05 00:00:00+00:00,INR,XYZ Luxury - magic checkout,2026-07-05 15:59:59+00:00,2026-07-05 15:59:59+00:00,2026-07-05 16:00:01+00:00,7502230000000.0,#4175,India,India,India,Gujarat,AHMEDABAD,"Magic, upi",8709420000000.0,Amani Ruby Choker Set,"3july-backup-dis, category_choker, category_necklace, desc addition, eoss_02jun, EOSS_jan26",Default Title,41700.0,41700.0,41700.0,1,0.0,0.0,1.0,,41700.0,,1.0,1.0,0.0,1,,Returning,9654180000000.0,India,False,False
XYZ Luxury,2026-07-05 00:00:00+00:00,INR,XYZ Luxury - magic checkout,2026-07-05 16:12:28+00:00,2026-07-05 16:12:28+00:00,2026-07-05 16:12:30+00:00,7502260000000.0,#4176,India,India,India,Delhi,West Delhi,"Magic, upi",8741190000000.0,Nura Hand Pieces Pair,"bride_t, category_hand pieces, desc addition, eoss_02jun, EOSS_jan26",Default Title,21450.0,21450.0,21450.0,1,0.0,0.0,1.0,,21450.0,1.0,,1.0,0.0,1,,First-time,9713290000000.0,India,False,False
XYZ Luxury,2026-07-05 00:00:00+00:00,INR,Draft Orders,2026-07-05 16:41:15+00:00,2026-07-05 16:41:15+00:00,2026-07-07 06:39:46+00:00,7502330000000.0,#4177,India,India,India,Punjab,Amritsar,,8709390000000.0,Rabnoor Waliyaan,"Bestseller_18sep, category_earring, desc addition, eoss_02jun, EOSS_jan26",Default Title,7590.0,7590.0,7590.0,1,0.0,0.0,1.0,,7590.0,1.0,,1.0,0.0,1,,First-time,9713350000000.0,India,False,False
XYZ Luxury,2026-07-06 00:00:00+00:00,INR,XYZ Luxury - magic checkout,2026-07-05 19:03:38+00:00,2026-07-05 19:03:38+00:00,2026-07-05 19:03:40+00:00,7502680000000.0,#4178,India,India,India,Punjab,Ludhiana,"card, Magic",9643180000000.0,Zeenat Jadau Set,"24akk, 9jul, hp_rts09may",Default Title,6750.0,6750.0,6750.0,1,0.0,0.0,1.0,,6750.0,1.0,,1.0,0.0,1,,First-time,9713640000000.0,India,False,False
XYZ Luxury,2026-07-06 00:00:00+00:00,INR,XYZ Luxury - magic checkout,2026-07-05 19:12:08+00:00,2026-07-05 19:12:08+00:00,2026-07-09 12:20:55+00:00,7502700000000.0,#4179,India,India,India,Gujarat,Valsad,"Magic, upi",9567600000000.0,Amreen Bangles Pair,"24akk, 9jul",,3300.0,3300.0,3300.0,1,0.0,0.0,1.0,,3300.0,1.0,,1.0,0.0,1,,First-time,8329150000000.0,India,False,False
XYZ Luxury,2026-07-06 00:00:00+00:00,INR,XYZ Luxury - magic checkout,2026-07-05 21:13:54+00:00,2026-07-05 21:13:54+00:00,2026-07-05 21:13:56+00:00,7502910000000.0,#4180,United Kingdom,Rest of the World,United Kingdom,England,Southampton,"card, Magic",9474390000000.0,hasan choker set,"17-04, 17f, 22j, 9jul, category_choker, sale-28",Default Title,7700.0,7700.0,7700.0,1,0.0,0.0,1.0,,7700.0,1.0,,1.0,0.0,1,,First-time,9713850000000.0,United Kingdom,False,False
XYZ Luxury,2026-07-06 00:00:00+00:00,INR,XYZ Luxury - magic checkout,2026-07-06 02:31:38+00:00,2026-07-06 02:31:38+00:00,2026-07-09 11:52:32+00:00,7503330000000.0,#4181,India,India,India,Uttarakhand,Nainital,"Magic, razorpay_partial_cod, upi",9567980000000.0,Madhuri Hasli Only,"16ap, 17-04, 24akk, 9jul",Default Title,8250.0,8250.0,8250.0,1,0.0,0.0,1.0,,8250.0,1.0,,1.0,0.0,1,,First-time,9714300000000.0,India,False,False
XYZ Luxury,2026-07-06 00:00:00+00:00,INR,XYZ Luxury - magic checkout,2026-07-06 02:35:39+00:00,2026-07-06 02:35:39+00:00,2026-07-09 11:44:44+00:00,7503340000000.0,#4182,India,India,India,Punjab,Ludhiana,"Magic, wallet",9478430000000.0,Areej Antique Pearl Set,"17-04, 20-02, 22j, 9jul, category_necklace, sale-28",Default Title,2805.0,2805.0,2805.0,1,0.0,0.0,1.0,,2805.0,1.0,,1.0,0.0,1,,First-time,9714310000000.0,India,False,False
XYZ Luxury,2026-07-06 00:00:00+00:00,INR,XYZ Luxury - magic checkout,2026-07-06 02:50:18+00:00,2026-07-06 02:50:18+00:00,2026-07-06 02:50:20+00:00,7503360000000.0,#4183,India,India,India,Uttar Pradesh,Ghaziabad,"Magic, upi",9643180000000.0,Zeenat Jadau Set,"24akk, 9jul, hp_rts09may",Default Title,6750.0,6750.0,6750.0,1,0.0,0.0,1.0,,6750.0,1.0,,1.0,0.0,1,,First-time,9714330000000.0,India,False,False
XYZ Luxury,2026-07-06 00:00:00+00:00,INR,XYZ Luxury - magic checkout,2026-07-06 03:25:25+00:00,2026-07-06 03:25:25+00:00,2026-07-06 06:04:58+00:00,7503400000000.0,#4184,Canada,Rest of the World,Canada,Ontario,Mississauga,"card, Magic",8115610000000.0,Rida Choker Set with Tika,"3july-backup-dis, Bestseller_18sep, category_choker, category_necklace, desc addition, eoss_02jun, EOSS_jan26, hp_rts09may, occasion",Default Title,24750.0,24750.0,24750.0,1,0.0,0.0,1.0,,24750.0,1.0,,1.0,0.0,1,,First-time,9714370000000.0,Canada,False,False
XYZ Luxury,2026-07-06 00:00:00+00:00,INR,XYZ Luxury - magic checkout,2026-07-06 03:28:51+00:00,2026-07-06 03:28:51+00:00,2026-07-08 05:49:18+00:00,7503410000000.0,#4185,India,India,India,Haryana,Hisar,"Magic, razorpay_partial_cod, upi",9615690000000.0,Meenu Choker Set,"24akk, 9jul",Default Title,7700.0,7700.0,7700.0,1,0.0,0.0,1.0,,7700.0,1.0,,1.0,0.0,1,,First-time,9714380000000.0,India,False,False
XYZ Luxury,2026-07-06 00:00:00+00:00,INR,XYZ Luxury - magic checkout,2026-07-06 03:40:18+00:00,2026-07-06 03:40:18+00:00,2026-07-09 12:13:04+00:00,7503420000000.0,#4186,Canada,Rest of the World,Canada,Alberta,Calgary,"card, Magic",9224500000000.0,Ghungroo Bangles Pair,"17-04, 22j, 9jul, category_bangles, Clearance Sale, EOSS_jan26, sale-28",02-Aug,3025.0,3025.0,3025.0,1,0.0,0.0,1.0,,3025.0,1.0,,1.0,0.0,1,,First-time,9714390000000.0,Canada,False,False
XYZ Luxury,2026-07-06 00:00:00+00:00,INR,Draft Orders,2026-07-06 04:00:47+00:00,2026-07-06 04:00:47+00:00,2026-07-08 05:42:00+00:00,7503450000000.0,#4187,India,India,India,Punjab,Balliewal,,9615690000000.0,Meenu Choker Set,"24akk, 9jul",Default Title,7700.0,7700.0,7700.0,1,0.0,0.0,1.0,,7700.0,1.0,,1.0,0.0,1,,First-time,9714420000000.0,India,False,False
XYZ Luxury,2026-07-06 00:00:00+00:00,INR,Draft Orders,2026-07-06 04:23:48+00:00,2026-07-06 04:23:48+00:00,2026-07-08 12:33:35+00:00,7503510000000.0,#4188,India,India,India,Punjab,Faridkot,,9472680000000.0,Dil Hair Clips Pair,category_hair clips,Default Title,9570.0,9570.0,9570.0,1,0.0,0.0,1.0,,9570.0,1.0,,1.0,0.0,1,,First-time,9714450000000.0,India,False,False
XYZ Luxury,2026-07-06 00:00:00+00:00,INR,XYZ Luxury - magic checkout,2026-07-06 05:15:10+00:00,2026-07-06 05:15:10+00:00,2026-07-06 05:15:12+00:00,7503610000000.0,#4189,India,India,India,Haryana,Yamuna Nagar,"Magic, razorpay_partial_cod, upi",9627590000000.0,Tina Chain,"24akk, 9jul, hp_rts09may",Default Title,2900.0,2900.0,2900.0,1,0.0,0.0,1.0,,2900.0,1.0,,1.0,0.0,1,,First-time,9714510000000.0,India,False,False
XYZ Luxury,2026-07-06 00:00:00+00:00,INR,XYZ Luxury - magic checkout,2026-07-06 05:28:51+00:00,2026-07-06 05:28:51+00:00,2026-07-06 05:28:52+00:00,7503620000000.0,#4190,India,India,India,Delhi,New Delhi,"Magic, upi",9631270000000.0,Reena Waliyaan,"24akk, 9jul, hp_rts09may",Default Title,2000.0,2000.0,2000.0,1,0.0,0.0,1.0,,2000.0,1.0,,1.0,0.0,1,,First-time,9663430000000.0,India,False,False
XYZ Luxury,2026-07-06 00:00:00+00:00,INR,XYZ Luxury - magic checkout,2026-07-06 05:50:20+00:00,2026-07-06 05:50:20+00:00,2026-07-06 06:04:27+00:00,7503640000000.0,#4191,India,India,India,Delhi,Delhi,"Magic, upi",8710100000000.0,Dil Hair Clips Pair,"desc addition, eoss_02jun, EOSS_jan26, hp_rts09may",Default Title,9570.0,9570.0,9570.0,1,0.0,0.0,1.0,,9570.0,1.0,,1.0,0.0,1,,First-time,9714550000000.0,India,False,False
XYZ Luxury,2026-07-06 00:00:00+00:00,INR,XYZ Luxury - magic checkout,2026-07-06 06:01:18+00:00,2026-07-06 06:01:18+00:00,2026-07-06 06:04:12+00:00,7503650000000.0,#4192,India,India,India,Madhya Pradesh,Indore,"Magic, razorpay_partial_cod, upi",8914210000000.0,Moti Mahal Bangles,"3july-backup-dis, 9jul, Bestseller_18sep, category_bangles, eoss_02jun, EOSS_jan26, hp_rts09may, Silver Bangles",02-Apr,4174.5,4174.5,4174.5,1,0.0,0.0,1.0,,4174.5,1.0,,1.0,0.0,1,,First-time,9714560000000.0,India,False,False
XYZ Luxury,2026-07-06 00:00:00+00:00,INR,Draft Orders,2026-07-06 06:24:51+00:00,2026-07-06 06:24:51+00:00,2026-07-06 08:07:42+00:00,7503690000000.0,#4193,India,India,India,Haryana,Panchkula,,9474310000000.0,iffat choker set,"17-04, 17f, 22j, 9jul, sale-28",Default Title,7700.0,7700.0,7700.0,1,0.0,0.0,1.0,,7700.0,1.0,,1.0,0.0,1,,First-time,9714590000000.0,India,False,False
XYZ Luxury,2026-07-06 00:00:00+00:00,INR,XYZ Luxury - magic checkout,2026-07-06 06:52:29+00:00,2026-07-06 06:52:29+00:00,2026-07-06 06:52:30+00:00,7503710000000.0,#4195,India,India,India,Jammu and Kashmir,Jammu,"Magic, razorpay_partial_cod, upi",8913180000000.0,Faiz Emerald Ring,"eoss_02jun, EOSS_jan26",Default Title,3960.0,3960.0,3960.0,1,0.0,0.0,1.0,,3960.0,1.0,,1.0,0.0,1,,First-time,9714630000000.0,India,False,False
XYZ Luxury,2026-07-06 00:00:00+00:00,INR,XYZ Luxury - magic checkout,2026-07-06 06:49:11+00:00,2026-07-06 06:49:11+00:00,2026-07-06 06:49:13+00:00,7503710000000.0,#4194,Australia,Rest of the World,Australia,Victoria,Melbourne,"card, Magic",9643180000000.0,Zeenat Jadau Set,"24akk, 9jul, hp_rts09may",Default Title,6750.0,6750.0,6750.0,1,0.0,0.0,1.0,,6750.0,,1.0,1.0,0.0,1,,Returning,9674790000000.0,Australia,False,False
XYZ Luxury,2026-07-06 00:00:00+00:00,INR,Draft Orders,2026-07-06 08:53:53+00:00,2026-07-06 08:53:53+00:00,2026-07-06 09:19:25+00:00,7503840000000.0,#4196,India,India,India,Punjab,Moga,QR_COD_Confirmed,,,,,16525.42,16525.42,19500.0,1,0.0,0.0,1.0,,16525.42,1.0,,1.0,0.0,1,,First-time,9714760000000.0,India,True,False
XYZ Luxury,2026-07-06 00:00:00+00:00,INR,XYZ Luxury - magic checkout,2026-07-06 09:36:46+00:00,2026-07-06 09:36:46+00:00,2026-07-06 09:36:47+00:00,7503890000000.0,#4197,India,India,India,Punjab,PATIALA,"Magic, upi",9639670000000.0,Ennni Waliyaan,"24akk, 9jul, hp_rts09may",Default Title,1500.0,1500.0,1500.0,1,0.0,0.0,1.0,,1500.0,1.0,,1.0,0.0,1,,First-time,7949880000000.0,India,False,False
XYZ Luxury,2026-07-06 00:00:00+00:00,INR,XYZ Luxury - magic checkout,2026-07-06 09:55:39+00:00,2026-07-06 09:55:39+00:00,2026-07-06 09:55:41+00:00,7503900000000.0,#4198,United Kingdom,Rest of the World,United Kingdom,England,Ilford,"card, Magic",9463350000000.0,simi studs,category_earring,Default Title,3960.0,3960.0,3960.0,1,0.0,0.0,1.0,,3960.0,1.0,,1.0,0.0,1,,First-time,9645580000000.0,United Kingdom,False,False
XYZ Luxury,2026-07-06 00:00:00+00:00,INR,Draft Orders,2026-07-06 10:17:29+00:00,2026-07-06 10:17:30+00:00,2026-07-09 12:55:24+00:00,7503930000000.0,#4199,Australia,Rest of the World,Australia,Victoria,Tarneit,,9567620000000.0,Rabia Jhumki,"16ap, 17-04, 24akk, 9jul",Default Title,6875.0,6875.0,6875.0,1,0.0,0.0,1.0,,6875.0,1.0,,1.0,0.0,1,,First-time,9714850000000.0,Australia,False,False
XYZ Luxury,2026-07-06 00:00:00+00:00,INR,XYZ Luxury - magic checkout,2026-07-06 11:15:47+00:00,2026-07-06 11:15:47+00:00,2026-07-06 11:15:48+00:00,7503990000000.0,#4200,India,India,India,Uttar Pradesh,SAHARANPUR,"Additional Notes, Magic, razorpay_partial_cod, upi",9567630000000.0,Mona Bangles 4pc,"16ap, 17-04, 24akk, 9jul",,2750.0,2750.0,2750.0,1,0.0,0.0,1.0,,2750.0,,1.0,1.0,0.0,1,,Returning,8731970000000.0,India,False,False
XYZ Luxury,2026-07-06 00:00:00+00:00,INR,XYZ Luxury - magic checkout,2026-07-06 13:47:10+00:00,2026-07-06 13:47:10+00:00,2026-07-06 13:47:11+00:00,7504200000000.0,#4201,India,India,India,Delhi,Delhi,"Magic, upi",9631280000000.0,Noor Waliyaan,"9jul, hp_rts09may",Default Title,1920.0,1920.0,1920.0,1,0.0,0.0,1.0,,1920.0,1.0,,1.0,0.0,1,,First-time,9711200000000.0,India,False,False
XYZ Luxury,2026-07-06 00:00:00+00:00,INR,XYZ Luxury - magic checkout,2026-07-06 14:02:19+00:00,2026-07-06 14:02:19+00:00,2026-07-06 17:44:48+00:00,7504220000000.0,#4202,Canada,Rest of the World,Canada,Ontario,Brampton,"card, Magic",9570740000000.0,Emreen Earrings,"24akk, 9jul",Default Title,5500.0,5500.0,5500.0,1,0.0,0.0,1.0,,5500.0,1.0,,1.0,0.0,1,,First-time,9714190000000.0,Canada,False,False
XYZ Luxury,2026-07-06 00:00:00+00:00,INR,XYZ Luxury - magic checkout,2026-07-06 15:44:16+00:00,2026-07-06 15:44:16+00:00,2026-07-06 17:45:52+00:00,7504570000000.0,#4203,Canada,Rest of the World,Canada,Ontario,Brampton,"card, Magic",9008490000000.0,Kinza Pearl Set,"3july-backup-dis, Bestseller_18sep, category_choker, category_necklace, eoss_02jun, EOSS_jan26",Default Title,12870.0,12870.0,12870.0,1,0.0,0.0,1.0,,12870.0,1.0,,1.0,0.0,1,,First-time,9718130000000.0,Canada,False,False
XYZ Luxury,2026-07-07 00:00:00+00:00,INR,XYZ Luxury - magic checkout,2026-07-06 19:35:48+00:00,2026-07-06 19:35:48+00:00,2026-07-10 09:42:44+00:00,7505320000000.0,#4204,India,India,India,Uttar Pradesh,Bulandshahr,"Magic, razorpay_partial_cod, upi",9474300000000.0,rubina choker set,"17-04, 17f, 22j, 9jul, category_choker, category_necklace, sale-28",Default Title,7700.0,7700.0,7700.0,1,0.0,0.0,1.0,,7700.0,1.0,,1.0,0.0,1,,First-time,9690460000000.0,India,False,False
XYZ Luxury,2026-07-07 00:00:00+00:00,INR,XYZ Luxury - magic checkout,2026-07-07 00:02:26+00:00,2026-07-07 00:02:26+00:00,2026-07-07 00:02:28+00:00,7505710000000.0,#4205,India,India,India,Chandigarh,Chandigarh,"card, Magic",8913180000000.0,Daman Emerald Ring,"eoss_02jun, EOSS_jan26",Default Title,3960.0,3960.0,3960.0,1,0.0,0.0,1.0,,3960.0,,1.0,1.0,0.0,1,,Returning,9446330000000.0,India,False,False
XYZ Luxury,2026-07-07 00:00:00+00:00,INR,XYZ Luxury - magic checkout,2026-07-07 03:01:27+00:00,2026-07-07 03:01:27+00:00,2026-07-10 11:59:04+00:00,7505940000000.0,#4206,Canada,Rest of the World,Canada,Manitoba,Winnipeg,"card, Magic",9478430000000.0,Amina Ruby Emerald Passa,"17-04, 20-02, 22j, 9jul, category_Passa, sale-28",Default Title,12650.0,12650.0,12650.0,1,0.0,0.0,2.0,,12650.0,,1.0,2.0,0.0,1,,Returning,9632730000000.0,India,False,False
XYZ Luxury,2026-07-07 00:00:00+00:00,INR,XYZ Luxury - magic checkout,2026-07-07 03:51:47+00:00,2026-07-07 03:51:47+00:00,2026-07-07 03:51:49+00:00,7506010000000.0,#4207,India,India,India,Delhi,South Delhi,"card, Magic",8182560000000.0,Moti Mahal Ring,"desc addition, eoss_02jun, EOSS_jan26, hp_rts09may",Default Title,3960.0,3960.0,3960.0,1,0.0,0.0,1.0,,3960.0,,1.0,1.0,0.0,1,,Returning,8563610000000.0,India,False,False
XYZ Luxury,2026-07-07 00:00:00+00:00,INR,XYZ Luxury - magic checkout,2026-07-07 04:26:44+00:00,2026-07-07 04:26:44+00:00,2026-07-07 04:26:45+00:00,7506100000000.0,#4208,India,India,India,Punjab,Jalandhar,"Magic, razorpay_partial_cod, upi",9475740000000.0,Moti Mint Tikka,"17-04, 18-02, 22j, 9jul, category_tikka, sale-28",Default Title,4400.0,4400.0,4400.0,1,0.0,0.0,1.0,,4400.0,,1.0,1.0,0.0,1,,Returning,9122970000000.0,India,False,False
XYZ Luxury,2026-07-07 00:00:00+00:00,INR,XYZ Luxury - magic checkout,2026-07-07 04:43:55+00:00,2026-07-07 04:43:55+00:00,2026-07-07 17:19:30+00:00,7506140000000.0,#4209,India,India,India,Gujarat,AHMEDABAD,"Magic, upi",9631280000000.0,lavi Necklace Set,"24akk, 9jul, hp_rts09may",Default Title,5000.0,5000.0,5000.0,1,0.0,0.0,1.0,,5000.0,,1.0,1.0,0.0,1,,Returning,9654180000000.0,India,False,False
XYZ Luxury,2026-07-07 00:00:00+00:00,INR,XYZ Luxury - magic checkout,2026-07-07 08:18:46+00:00,2026-07-07 08:18:46+00:00,2026-07-07 17:19:16+00:00,7506400000000.0,#4210,India,India,India,Haryana,Rewari,"Magic, upi",9616460000000.0,Ramneek Hasli Set,"24akk, 9jul",Default Title,11825.0,11825.0,11825.0,1,0.0,0.0,1.0,,11825.0,1.0,,1.0,0.0,1,,First-time,9724490000000.0,India,False,False
XYZ Luxury,2026-07-07 00:00:00+00:00,INR,XYZ Luxury - magic checkout,2026-07-07 10:21:16+00:00,2026-07-07 10:21:16+00:00,2026-07-10 07:02:24+00:00,7506530000000.0,#4211,Italy,Rest of the World,Italy,Venezia,Annone Veneto,"card, Magic",9615690000000.0,Meenu Choker Set,"24akk, 9jul",Default Title,7700.0,7700.0,7700.0,1,0.0,0.0,1.0,,7700.0,,1.0,1.0,0.0,1,,Returning,8159520000000.0,Italy,False,False
XYZ Luxury,2026-07-07 00:00:00+00:00,INR,XYZ Luxury - magic checkout,2026-07-07 11:02:37+00:00,2026-07-07 11:02:37+00:00,2026-07-07 11:02:39+00:00,7506580000000.0,#4212,India,India,India,West Bengal,Bhatpara,"Magic, upi",9643180000000.0,Zeenat Jadau Set,"24akk, 9jul, hp_rts09may",Default Title,6750.0,6750.0,6750.0,1,0.0,0.0,1.0,,6750.0,1.0,,1.0,0.0,1,,First-time,9727030000000.0,India,False,False
XYZ Luxury,2026-07-07 00:00:00+00:00,INR,XYZ Luxury - magic checkout,2026-07-07 17:17:33+00:00,2026-07-07 17:17:33+00:00,2026-07-10 10:41:18+00:00,7507240000000.0,#4213,India,India,India,Maharashtra,Mumbai,"Magic, upi",9639670000000.0,Rina Necklace Set,"24akk, 9jul, hp_rts09may",Default Title,5750.0,5750.0,5750.0,1,0.0,0.0,1.0,,5750.0,1.0,,1.0,0.0,1,,First-time,9731390000000.0,India,False,False
XYZ Luxury,2026-07-08 00:00:00+00:00,INR,XYZ Luxury - magic checkout,2026-07-07 19:03:53+00:00,2026-07-07 19:03:53+00:00,2026-07-10 09:35:38+00:00,7507460000000.0,#4214,India,India,India,Karnataka,Bengaluru,"Magic, upi",9614370000000.0,Suhair Necklace Set,"24akk, 9jul",Default Title,7975.0,7975.0,7975.0,1,0.0,0.0,1.0,,7975.0,1.0,,1.0,0.0,1,,First-time,9731710000000.0,India,False,False
XYZ Luxury,2026-07-08 00:00:00+00:00,INR,XYZ Luxury - magic checkout,2026-07-08 06:24:17+00:00,2026-07-08 06:24:17+00:00,2026-07-08 06:32:36+00:00,7508370000000.0,#4215,India,India,India,Delhi,West Delhi,"Magic, upi",9567620000000.0,Rabia Jhumki,"16ap, 17-04, 24akk, 9jul",Default Title,6875.0,6875.0,6875.0,1,0.0,0.0,1.0,,6875.0,1.0,,1.0,0.0,1,,First-time,8207640000000.0,India,False,False
XYZ Luxury,2026-07-08 00:00:00+00:00,INR,Draft Orders,2026-07-08 09:21:55+00:00,2026-07-08 09:21:56+00:00,2026-07-08 09:21:57+00:00,7508540000000.0,#4216,India,India,India,Maharashtra,Mumbai,,9111080000000.0,Bani Jhumki Earrings,"category_earring, EOSS_jan26",Default Title,12650.0,7590.0,7590.0,1,0.0,0.0,1.0,,7590.0,1.0,,1.0,5060.0,1,,First-time,9738980000000.0,India,False,False
XYZ Luxury,2026-07-08 00:00:00+00:00,INR,XYZ Luxury - magic checkout,2026-07-08 10:29:23+00:00,2026-07-08 10:29:23+00:00,2026-07-09 11:39:20+00:00,7508620000000.0,#4217,India,India,India,Maharashtra,Mumbai,"Magic, upi",9631270000000.0,Reena Waliyaan,"24akk, 9jul, hp_rts09may",Default Title,2000.0,2000.0,2000.0,1,0.0,0.0,1.0,,2000.0,1.0,,1.0,0.0,1,,First-time,9740190000000.0,India,False,False
XYZ Luxury,2026-07-08 00:00:00+00:00,INR,Draft Orders,2026-07-08 13:26:19+00:00,2026-07-08 13:26:19+00:00,2026-07-09 12:16:25+00:00,7508860000000.0,#4218,India,India,India,Delhi,New Delhi,,9224370000000.0,Reshma Openable Bangles Pair,"17-04, 22j, 9jul, category_bangles, Clearance Sale, EOSS_jan26, sale-28",02-Jun,12817.8,12817.8,15125.0,1,0.0,0.0,1.0,,12817.8,,1.0,1.0,0.0,1,,Returning,9699820000000.0,India,False,False
XYZ Luxury,2026-07-08 00:00:00+00:00,INR,XYZ Luxury - magic checkout,2026-07-08 17:51:50+00:00,2026-07-08 17:51:50+00:00,2026-07-08 17:51:52+00:00,7509420000000.0,#4219,India,India,India,Punjab,Amritsar,"Magic, upi",9627570000000.0,Golden Chain,"24akk, 9jul, hp_rts09may",Default Title,2000.0,2000.0,2000.0,1,0.0,0.0,1.0,,2000.0,1.0,,1.0,0.0,1,,First-time,9741500000000.0,India,False,False
XYZ Luxury,2026-07-09 00:00:00+00:00,INR,XYZ Luxury - magic checkout,2026-07-08 20:05:59+00:00,2026-07-08 20:05:59+00:00,2026-07-08 20:06:01+00:00,7509660000000.0,#4220,United States,USA,United States,District of Columbia,Washington,"Magic, wallet",9567630000000.0,Mona Bangles 4pc,"16ap, 17-04, 24akk, 9jul",,2750.0,2750.0,2750.0,1,0.0,0.0,1.0,,2750.0,1.0,,1.0,0.0,1,,First-time,9741640000000.0,United States,False,False
XYZ Luxury,2026-07-09 00:00:00+00:00,INR,XYZ Luxury - magic checkout,2026-07-08 20:56:51+00:00,2026-07-08 20:56:51+00:00,2026-07-08 20:56:53+00:00,7509740000000.0,#4221,India,India,India,Haryana,Gurgaon,"card, Magic",9563990000000.0,Pippal Patti Waliyaan,"22j, 9jul, sale-28",Default Title,13200.0,13200.0,13200.0,1,0.0,0.0,2.0,,13200.0,1.0,,2.0,0.0,1,,First-time,9741770000000.0,India,False,False
XYZ Luxury,2026-07-09 00:00:00+00:00,INR,XYZ Luxury - magic checkout,2026-07-09 03:57:58+00:00,2026-07-09 03:57:58+00:00,2026-07-11 22:07:04+00:00,7510260000000.0,#4222,Canada,Rest of the World,Canada,Ontario,Brampton,"card, Magic",9568070000000.0,Zara Double Chain,"16ap, 17-04, 24akk, 9jul",Default Title,5500.0,5500.0,5500.0,1,0.0,0.0,1.0,,5500.0,1.0,,1.0,0.0,1,,First-time,9743440000000.0,Canada,False,False
XYZ Luxury,2026-07-09 00:00:00+00:00,INR,XYZ Luxury - magic checkout,2026-07-09 08:45:47+00:00,2026-07-09 08:45:47+00:00,2026-07-09 08:45:49+00:00,7510720000000.0,#4224,India,India,India,Delhi,East Delhi,"Magic, razorpay_partial_cod, upi",9631280000000.0,Rose Studs,"24akk, 9jul, hp_rts09may",Default Title,1750.0,1750.0,1750.0,1,0.0,0.0,1.0,,1750.0,1.0,,1.0,0.0,1,,First-time,8155440000000.0,India,False,False
XYZ Luxury,2026-07-09 00:00:00+00:00,INR,Draft Orders,2026-07-09 08:39:52+00:00,2026-07-09 08:39:52+00:00,2026-07-09 08:39:53+00:00,7510720000000.0,#4223,United States,USA,United States,North Carolina,Marion,,9219720000000.0,Rozy Mint Pink Set,"bride_t, category_necklace, EOSS_jan26",Default Title,37950.0,37950.0,37950.0,1,0.0,0.0,1.0,,37950.0,1.0,,1.0,0.0,1,,First-time,9739860000000.0,United States,False,False
XYZ Luxury,2026-07-09 00:00:00+00:00,INR,XYZ Luxury - magic checkout,2026-07-09 11:28:04+00:00,2026-07-09 11:28:04+00:00,2026-07-10 07:19:46+00:00,7510910000000.0,#4225,India,India,India,Telangana,Hyderabad,"Magic, upi",9631280000000.0,Noor Waliyaan,"9jul, hp_rts09may",Default Title,1600.0,1600.0,1600.0,1,0.0,0.0,1.0,,1600.0,,1.0,1.0,0.0,1,,Returning,9662570000000.0,India,False,False
XYZ Luxury,2026-07-09 00:00:00+00:00,INR,XYZ Luxury - magic checkout,2026-07-09 16:38:18+00:00,2026-07-09 16:38:18+00:00,2026-07-10 07:13:48+00:00,7511480000000.0,#4226,India,India,India,Uttar Pradesh,Aligarh,"Magic, razorpay_partial_cod, upi",9639670000000.0,Rimpi Waliyaan,"9jul, hp_rts09may",Default Title,3000.0,3000.0,3000.0,1,0.0,0.0,1.0,,3000.0,,1.0,1.0,0.0,1,,Returning,9117450000000.0,India,False,False
XYZ Luxury,2026-07-09 00:00:00+00:00,INR,XYZ Luxury - magic checkout,2026-07-09 17:50:10+00:00,2026-07-09 17:50:10+00:00,2026-07-10 07:09:00+00:00,7511640000000.0,#4227,India,India,India,Telangana,Hyderabad,"Magic, upi",9475470000000.0,Ruksana Openable Bangles Pair,"17-04, 18-02, 22j, 9jul, category_bangles, sale-28",02-Jun,4950.0,4950.0,4950.0,1,0.0,0.0,1.0,,4950.0,,1.0,1.0,0.0,1,,Returning,9662570000000.0,India,False,False
XYZ Luxury,2026-07-10 00:00:00+00:00,INR,XYZ Luxury - magic checkout,2026-07-09 18:32:12+00:00,2026-07-09 18:32:12+00:00,2026-07-10 09:35:19+00:00,7511740000000.0,#4228,India,India,India,Karnataka,Bengaluru,"Magic, upi",9478440000000.0,Suhair Ruby Mint Set,"17-04, 20-02, 22j, 9jul, category_necklace, sale-28",Default Title,7975.0,7975.0,7975.0,1,0.0,0.0,1.0,,7975.0,,1.0,1.0,0.0,1,,Returning,9731710000000.0,India,False,False
XYZ Luxury,2026-07-10 00:00:00+00:00,INR,XYZ Luxury - magic checkout,2026-07-10 05:05:17+00:00,2026-07-10 05:05:17+00:00,2026-07-10 05:11:31+00:00,7512700000000.0,#4229,United States,USA,United States,New York,Bronx,"Magic, wallet",9419530000000.0,Rukmani Payal Pair,"16ak, 17-04, 22j, 9jul, category_payal, sale-28",Default Title,5500.0,5500.0,5500.0,1,0.0,0.0,1.0,,5500.0,1.0,,1.0,0.0,1,,First-time,9745950000000.0,United States,False,False
XYZ Luxury,2026-07-10 00:00:00+00:00,INR,XYZ Luxury - magic checkout,2026-07-10 11:54:21+00:00,2026-07-10 11:54:21+00:00,2026-07-11 07:49:05+00:00,7513470000000.0,#4230,India,India,India,Rajasthan,Sri Ganganagar,"Magic, upi",9631270000000.0,Reena Waliyaan,"24akk, 9jul, hp_rts09may",Default Title,2000.0,2000.0,2000.0,1,0.0,0.0,1.0,,2000.0,,1.0,1.0,0.0,1,,Returning,9021830000000.0,India,False,False
XYZ Luxury,2026-07-10 00:00:00+00:00,INR,XYZ Luxury - magic checkout,2026-07-10 16:21:05+00:00,2026-07-10 16:21:05+00:00,2026-07-10 16:21:07+00:00,7513950000000.0,#4231,India,India,India,Uttarakhand,Dehradun,"Magic, razorpay_partial_cod, upi",9478430000000.0,Areej Antique Pearl Set,"17-04, 20-02, 22j, 9jul, category_necklace, sale-28",Default Title,2805.0,2805.0,2805.0,1,0.0,0.0,1.0,,2805.0,1.0,,1.0,0.0,1,,First-time,9746890000000.0,India,False,False
XYZ Luxury,2026-07-10 00:00:00+00:00,INR,XYZ Luxury - magic checkout,2026-07-10 17:13:00+00:00,2026-07-10 17:13:00+00:00,2026-07-13 19:14:53+00:00,7514050000000.0,#4232,Canada,Rest of the World,Canada,Ontario,Waterdown,"card, Magic",8830400000000.0,Preet Kalire,"bride_t, category_Kalire, eoss_02jun, EOSS_jan26, hide_sd",Default Title,21450.0,21450.0,21450.0,1,0.0,0.0,1.0,,21450.0,1.0,,1.0,0.0,1,,First-time,9746980000000.0,Canada,False,False
XYZ Luxury,2026-07-11 00:00:00+00:00,INR,XYZ Luxury - magic checkout,2026-07-11 02:48:56+00:00,2026-07-11 02:48:56+00:00,2026-07-14 22:58:06+00:00,7515020000000.0,#4233,Canada,Rest of the World,Canada,Alberta,Fort Mcmurray,"card, Magic",8592080000000.0,Chand Hair Clips Pair,"Bestseller_18sep, desc addition, eoss_02jun, EOSS_jan26, occasion",Default Title,11000.0,11000.0,11000.0,1,0.0,0.0,1.0,,11000.0,1.0,,1.0,0.0,1,,First-time,9742090000000.0,Canada,False,False
XYZ Luxury,2026-07-11 00:00:00+00:00,INR,Draft Orders,2026-07-11 05:20:46+00:00,2026-07-11 05:20:46+00:00,2026-07-13 09:34:37+00:00,7515300000000.0,#4234,Canada,Rest of the World,Canada,Ontario,Brampton,,9008490000000.0,Kinza Pearl Set,"3july-backup-dis, Bestseller_18sep, category_choker, category_necklace, eoss_02jun, EOSS_jan26",Default Title,21450.0,21450.0,21450.0,1,0.0,0.0,1.0,,21450.0,,1.0,1.0,0.0,1,,Returning,8603330000000.0,Canada,False,False
XYZ Luxury,2026-07-11 00:00:00+00:00,INR,XYZ Luxury - magic checkout,2026-07-11 06:03:30+00:00,2026-07-11 06:03:30+00:00,2026-07-11 06:03:32+00:00,7515350000000.0,#4235,India,India,India,Chandigarh,Chandigarh,"Magic, upi",9615690000000.0,Meenu Choker Set,"24akk, 9jul",Default Title,7700.0,7700.0,7700.0,1,0.0,0.0,1.0,,7700.0,1.0,,1.0,0.0,1,,First-time,9747950000000.0,India,False,False
XYZ Luxury,2026-07-11 00:00:00+00:00,INR,Draft Orders,2026-07-11 08:30:41+00:00,2026-07-11 08:30:41+00:00,2026-07-13 07:51:43+00:00,7515520000000.0,#4236,Australia,Rest of the World,Australia,Queensland,Runcorn,,9475730000000.0,Malika Ruby Mint Necklace Set,"17-04, 18-02, 22j, 9jul, category_necklace, sale-28",Default Title,10725.0,10725.0,10725.0,1,0.0,0.0,1.0,,10725.0,1.0,,1.0,0.0,1,,First-time,9748120000000.0,Australia,False,False
XYZ Luxury,2026-07-11 00:00:00+00:00,INR,XYZ Luxury - magic checkout,2026-07-11 14:09:47+00:00,2026-07-11 14:09:47+00:00,2026-07-11 14:09:49+00:00,7516040000000.0,#4237,India,India,India,Karnataka,Bengaluru,"Magic, upi",9631270000000.0,Reena Waliyaan,"24akk, 9jul, hp_rts09may",Default Title,2000.0,2000.0,2000.0,1,0.0,0.0,1.0,,2000.0,1.0,,1.0,0.0,1,,First-time,9722000000000.0,India,False,False
XYZ Luxury,2026-07-12 00:00:00+00:00,INR,XYZ Luxury - magic checkout,2026-07-12 03:30:44+00:00,2026-07-12 03:30:44+00:00,2026-07-12 03:30:46+00:00,7517530000000.0,#4238,Canada,Rest of the World,Canada,Alberta,Calgary,"card, Magic",9473830000000.0,Patiala Hasli Set,"17-04, 17f, 22j, 9jul, category_choker, category_necklace, sale-28",Default Title,10725.0,10725.0,10725.0,1,0.0,0.0,1.0,,10725.0,1.0,,1.0,0.0,1,,First-time,9749730000000.0,Canada,False,False
XYZ Luxury,2026-07-12 00:00:00+00:00,INR,XYZ Luxury - magic checkout,2026-07-12 04:40:53+00:00,2026-07-12 04:40:53+00:00,2026-07-12 04:40:55+00:00,7517680000000.0,#4239,India,India,India,Maharashtra,Mumbai Subueban,"Magic, upi",9642800000000.0,Zoya Jadau Set,"24akk, 9jul, hp_rts09may",Default Title,7250.0,7250.0,7250.0,1,0.0,0.0,1.0,,7250.0,1.0,,1.0,0.0,1,,First-time,9749830000000.0,India,False,False
XYZ Luxury,2026-07-12 00:00:00+00:00,INR,XYZ Luxury - magic checkout,2026-07-12 07:00:44+00:00,2026-07-12 07:00:44+00:00,2026-07-15 12:40:30+00:00,7517890000000.0,#4240,India,India,India,Uttar Pradesh,Muzaffarnagar,"Magic, wallet",8917180000000.0,MadhuBala Bangles Pair,"17-04, 22j, 3july-backup-dis, 9jul, Bestseller_18sep, category_bangles, eoss_02jun, EOSS_jan26, hp_rts09may, sale-28, Silver Bangles",02-Jun,6261.75,6261.75,6261.75,1,0.0,0.0,1.0,,6261.75,1.0,,1.0,0.0,1,,First-time,8746140000000.0,India,False,False
XYZ Luxury,2026-07-12 00:00:00+00:00,INR,XYZ Luxury - magic checkout,2026-07-12 08:15:11+00:00,2026-07-12 08:15:11+00:00,2026-07-15 12:36:21+00:00,7517990000000.0,#4241,India,India,India,Haryana,Gurugram,"Magic, razorpay_partial_cod, upi",9418100000000.0,Rutba Openable Bangles Pair,"16ak, 17-04, 22j, 9jul, category_bangles, sale-28",02-Apr,4950.0,4950.0,4950.0,1,0.0,0.0,1.0,,4950.0,1.0,,1.0,0.0,1,,First-time,9750090000000.0,India,False,False
XYZ Luxury,2026-07-12 00:00:00+00:00,INR,Draft Orders,2026-07-12 09:41:01+00:00,2026-07-12 09:41:02+00:00,2026-07-13 08:23:17+00:00,7518120000000.0,#4242,India,India,India,Delhi,New Delhi,,9642850000000.0,Farida Jadau Set,"24akk, 9jul, hp_rts09may",Default Title,5500.0,5500.0,5500.0,1,0.0,0.0,1.0,,5500.0,1.0,,1.0,0.0,1,,First-time,9750200000000.0,India,False,False
XYZ Luxury,2026-07-12 00:00:00+00:00,INR,XYZ Luxury - magic checkout,2026-07-12 12:45:58+00:00,2026-07-12 12:45:58+00:00,2026-07-12 12:45:59+00:00,7518420000000.0,#4243,India,India,India,Rajasthan,Sri Ganganagar,"Magic, upi",9408470000000.0,Nisha Studs,"17-04, 22j, 9jul, av-07jan26, category_earring, EOSS_jan26, sale-28",Default Title,3850.0,3850.0,3850.0,1,0.0,0.0,1.0,,3850.0,,1.0,1.0,0.0,1,,Returning,9021830000000.0,India,False,False
XYZ Luxury,2026-07-12 00:00:00+00:00,INR,XYZ Luxury - magic checkout,2026-07-12 12:55:18+00:00,2026-07-12 12:55:18+00:00,2026-07-12 14:06:03+00:00,7518430000000.0,#4244,India,India,India,Assam,Sonitpur,"Magic, razorpay_partial_cod, upi",9111040000000.0,Bulbul Necklace Set,"bride_t, category_choker, category_necklace, EOSS_jan26",Default Title,62150.0,62150.0,62150.0,1,0.0,0.0,1.0,,62150.0,,1.0,1.0,0.0,1,,Returning,9689600000000.0,India,False,False
XYZ Luxury,2026-07-12 00:00:00+00:00,INR,XYZ Luxury - magic checkout,2026-07-12 13:44:41+00:00,2026-07-12 13:44:41+00:00,2026-07-12 13:44:43+00:00,7518530000000.0,#4245,India,India,India,Haryana,Gurugram,"Magic, upi",9567600000000.0,Amreen Bangles Pair,"24akk, 9jul",02-Jun,3300.0,3300.0,3300.0,1,0.0,0.0,1.0,,3300.0,,1.0,1.0,0.0,1,,Returning,9355360000000.0,India,False,False
XYZ Luxury,2026-07-12 00:00:00+00:00,INR,XYZ Luxury - magic checkout,2026-07-12 14:24:33+00:00,2026-07-12 14:24:33+00:00,2026-07-12 14:24:34+00:00,7518620000000.0,#4246,India,India,India,Assam,Sonitpur,"Magic, razorpay_partial_cod, upi",8741210000000.0,Qadira Hand Pieces Pair,"bride_t, category_hand pieces, desc addition, eoss_02jun, EOSS_jan26",Default Title,43450.0,43450.0,43450.0,1,0.0,0.0,1.0,,43450.0,,1.0,1.0,0.0,1,,Returning,9689600000000.0,India,False,False
XYZ Luxury,2026-07-12 00:00:00+00:00,INR,XYZ Luxury - magic checkout,2026-07-12 15:20:48+00:00,2026-07-12 15:20:48+00:00,2026-07-12 15:20:50+00:00,7518740000000.0,#4247,India,India,India,Assam,Sonitpur,"Magic, razorpay_partial_cod, upi",8688410000000.0,Lajjo Choker Set,"Bestseller_18sep, category_choker, category_necklace, Clearance Sale, desc addition, eoss_02jun, EOSS_jan26, hp_rts09may",Default Title,26950.0,26950.0,26950.0,1,0.0,0.0,1.0,,26950.0,,1.0,1.0,0.0,1,,Returning,9689600000000.0,India,False,False
XYZ Luxury,2026-07-13 00:00:00+00:00,INR,XYZ Luxury - magic checkout,2026-07-13 13:16:57+00:00,2026-07-13 13:16:57+00:00,2026-07-16 09:48:58+00:00,7522960000000.0,#4248,United States,USA,United States,Pennsylvania,Palmer Township,"card, Magic",9111060000000.0,Rida Pearl Tikka,"category_tikka, EOSS_jan26",Default Title,9350.0,9350.0,9350.0,1,0.0,0.0,1.0,,9350.0,1.0,,1.0,0.0,1,,First-time,9475460000000.0,United States,False,False
XYZ Luxury,2026-07-13 00:00:00+00:00,INR,Draft Orders,2026-07-13 14:25:05+00:00,2026-07-13 14:25:05+00:00,2026-07-14 12:45:28+00:00,7523100000000.0,#4249,India,India,India,Punjab,Zira,,9419580000000.0,Paro Payal Pair,"16ak, 17-04, 22j, 9jul, category_payal, sale-28",Default Title,4675.0,4675.0,4675.0,1,0.0,0.0,1.0,,4675.0,1.0,,1.0,0.0,1,,First-time,9752980000000.0,India,False,False
XYZ Luxury,2026-07-13 00:00:00+00:00,INR,XYZ Luxury - magic checkout,2026-07-13 14:46:50+00:00,2026-07-13 14:46:50+00:00,2026-07-15 12:20:37+00:00,7523140000000.0,#4250,India,India,India,Punjab,Chandighar,"Magic, upi",9627600000000.0,Tina Bracelet,"10june.., 24akk, 9jul",Default Title,2000.0,2000.0,2000.0,1,0.0,0.0,1.0,,2000.0,1.0,,1.0,0.0,1,,First-time,9753220000000.0,India,False,False
XYZ Luxury,2026-07-13 00:00:00+00:00,INR,XYZ Luxury - magic checkout,2026-07-13 14:56:23+00:00,2026-07-13 14:56:23+00:00,2026-07-15 12:24:45+00:00,7523170000000.0,#4251,India,India,India,Haryana,Gurugram,"Magic, upi",9631270000000.0,Reena Waliyaan,"24akk, 9jul, hp_rts09may",Default Title,2000.0,2000.0,2000.0,1,0.0,0.0,1.0,,2000.0,1.0,,1.0,0.0,1,,First-time,9753240000000.0,India,False,False
XYZ Luxury,2026-07-13 00:00:00+00:00,INR,XYZ Luxury - magic checkout,2026-07-13 16:04:32+00:00,2026-07-13 16:04:32+00:00,2026-07-15 12:16:35+00:00,7523330000000.0,#4252,India,India,India,West Bengal,South 24 Parganas,"Magic, upi",8924020000000.0,Raunaq Antique Bangles,"17-04, 22j, 3july-backup-dis, 9jul, Bestseller_18sep, category_bangles, eoss_02jun, EOSS_jan26, hp_rts09may, sale-28, Silver Bangles",02-Jun,3471.6,3471.6,3471.6,1,0.0,0.0,1.0,,3471.6,1.0,,1.0,0.0,1,,First-time,9753350000000.0,India,False,False
XYZ Luxury,2026-07-13 00:00:00+00:00,INR,Draft Orders,2026-07-13 16:54:12+00:00,2026-07-13 16:54:12+00:00,2026-07-15 07:47:18+00:00,7523450000000.0,#4253,India,India,India,Punjab,Ludhiana,,9475730000000.0,Malika Ruby Mint Necklace Set,"17-04, 18-02, 22j, 9jul, category_necklace, sale-28",Default Title,10725.0,10725.0,10725.0,1,0.0,0.0,1.0,,10725.0,1.0,,1.0,0.0,1,,First-time,9752000000000.0,India,False,False
XYZ Luxury,2026-07-13 00:00:00+00:00,INR,XYZ Luxury - magic checkout,2026-07-13 17:16:10+00:00,2026-07-13 17:16:10+00:00,2026-07-15 12:13:49+00:00,7523510000000.0,#4254,India,India,India,Haryana,Gurugram,"Magic, upi",9639670000000.0,Moto Waliyaan,"22j, 22ju, 9jul, hp_rts09may",Default Title,1500.0,1500.0,1500.0,1,0.0,0.0,1.0,,1500.0,,1.0,1.0,0.0,1,,Returning,8290280000000.0,India,False,False
XYZ Luxury,2026-07-13 00:00:00+00:00,INR,XYZ Luxury - magic checkout,2026-07-13 17:38:35+00:00,2026-07-13 17:38:35+00:00,2026-07-15 10:38:11+00:00,7523560000000.0,#4255,India,India,India,Odisha,Cuttack Sadar,"card, Magic",9478430000000.0,Areej Antique Pearl Set,"17-04, 20-02, 22j, 9jul, category_necklace, sale-28",Default Title,2805.0,2805.0,2805.0,1,0.0,0.0,1.0,,2805.0,1.0,,1.0,0.0,1,,First-time,9753510000000.0,India,False,False
XYZ Luxury,2026-07-13 00:00:00+00:00,INR,XYZ Luxury - magic checkout,2026-07-13 17:49:26+00:00,2026-07-13 17:49:26+00:00,2026-07-16 10:31:12+00:00,7523580000000.0,#4256,India,India,India,West Bengal,Kolkata,"card, Magic",9428130000000.0,Deepa Tikka,category_tikka,Default Title,7700.0,7700.0,7700.0,1,0.0,0.0,1.0,,7700.0,1.0,,1.0,0.0,1,,First-time,9753520000000.0,India,False,False
XYZ Luxury,2026-07-13 00:00:00+00:00,INR,XYZ Luxury - magic checkout,2026-07-13 18:14:00+00:00,2026-07-13 18:14:00+00:00,2026-07-15 12:01:58+00:00,7523640000000.0,#4257,India,India,India,Haryana,Gurgaon,"Magic, razorpay_partial_cod, upi",9419530000000.0,Rukmani Payal Pair,"16ak, 17-04, 22j, 9jul, category_payal, sale-28",Default Title,5500.0,5500.0,5500.0,1,0.0,0.0,1.0,,5500.0,1.0,,1.0,0.0,1,,First-time,9753560000000.0,India,False,False
XYZ Luxury,2026-07-14 00:00:00+00:00,INR,XYZ Luxury - magic checkout,2026-07-13 18:50:10+00:00,2026-07-13 18:50:10+00:00,2026-07-15 12:09:57+00:00,7523730000000.0,#4258,India,India,India,Andhra Pradesh,Vizianagaram,"Magic, razorpay_partial_cod, upi",9631280000000.0,Noor Waliyaan,"9jul, hp_rts09may",Default Title,1600.0,1600.0,1600.0,1,0.0,0.0,1.0,,1600.0,1.0,,1.0,0.0,1,,First-time,9753600000000.0,India,False,False
XYZ Luxury,2026-07-14 00:00:00+00:00,INR,XYZ Luxury - magic checkout,2026-07-13 19:11:18+00:00,2026-07-13 19:11:18+00:00,2026-07-16 12:48:37+00:00,7523790000000.0,#4259,India,India,India,Punjab,Greater Mohali,"Magic, upi",9474390000000.0,panna studs,"17-04, 17f, 22j, 9jul, category_earring, sale-28",Default Title,3850.0,3850.0,3850.0,1,0.0,0.0,1.0,,3850.0,1.0,,1.0,0.0,1,,First-time,9753650000000.0,India,False,False
XYZ Luxury,2026-07-14 00:00:00+00:00,INR,XYZ Luxury - magic checkout,2026-07-13 20:51:40+00:00,2026-07-13 20:51:40+00:00,2026-07-17 22:27:13+00:00,7523980000000.0,#4260,United States,USA,United States,Maryland,Clarksville,"card, Magic",9474310000000.0,iffat choker set,"17-04, 17f, 22j, 9jul, sale-28",Default Title,7700.0,7700.0,7700.0,1,0.0,0.0,1.0,,7700.0,1.0,,1.0,0.0,1,,First-time,9753770000000.0,United States,False,False
XYZ Luxury,2026-07-14 00:00:00+00:00,INR,XYZ Luxury - magic checkout,2026-07-13 22:12:11+00:00,2026-07-13 22:12:11+00:00,2026-07-13 22:12:13+00:00,7524110000000.0,#4261,India,India,India,Punjab,Chandighar,"Magic, upi",9563990000000.0,Pippal Patti Waliyaan,"22j, 9jul, sale-28",Default Title,3300.0,3300.0,3300.0,1,0.0,0.0,1.0,,3300.0,1.0,,1.0,0.0,1,,First-time,9753880000000.0,India,False,False
XYZ Luxury,2026-07-14 00:00:00+00:00,INR,XYZ Luxury - magic checkout,2026-07-14 03:57:11+00:00,2026-07-14 03:57:11+00:00,2026-07-15 11:52:39+00:00,7524730000000.0,#4262,India,India,India,Karnataka,Bengaluru,"card, Magic",9419530000000.0,Rukmani Payal Pair,"16ak, 17-04, 22j, 9jul, category_payal, sale-28",Default Title,5500.0,5500.0,5500.0,1,0.0,0.0,1.0,,5500.0,1.0,,1.0,0.0,1,,First-time,9754330000000.0,India,False,False
XYZ Luxury,2026-07-14 00:00:00+00:00,INR,XYZ Luxury - magic checkout,2026-07-14 04:11:57+00:00,2026-07-14 04:11:57+00:00,2026-07-15 11:47:30+00:00,7524770000000.0,#4263,India,India,India,Punjab,Sri Muktsar Sahib,"Magic, razorpay_partial_cod, upi",9639670000000.0,Dinki Stud,"22j, 22ju, 9jul, hp_rts09may",Default Title,1500.0,1500.0,1500.0,1,0.0,0.0,1.0,,1500.0,1.0,,1.0,0.0,1,,First-time,9009590000000.0,India,False,False
XYZ Luxury,2026-07-14 00:00:00+00:00,INR,Draft Orders,2026-07-14 08:17:52+00:00,2026-07-14 08:17:53+00:00,2026-07-15 05:30:22+00:00,7525190000000.0,#4264,India,India,India,Punjab,Amritsar,,,,,,2500.0,2500.0,2500.0,1,0.0,0.0,1.0,,2500.0,1.0,,1.0,0.0,1,,First-time,9747890000000.0,India,True,False
XYZ Luxury,2026-07-14 00:00:00+00:00,INR,Draft Orders,2026-07-14 11:49:38+00:00,2026-07-14 11:49:39+00:00,2026-07-14 12:34:36+00:00,7525680000000.0,#4265,India,India,India,Delhi,New Delhi,,9419420000000.0,Ansari Gokhdu Bangles Pair,"17-04, 22j, 9jul, sale-28",02-Jun,7514.1,7514.1,7514.1,1,0.0,0.0,1.0,,7514.1,1.0,,1.0,0.0,1,,First-time,9754990000000.0,India,False,False
XYZ Luxury,2026-07-14 00:00:00+00:00,INR,XYZ Luxury - magic checkout,2026-07-14 14:49:13+00:00,2026-07-14 14:49:13+00:00,2026-07-17 09:34:38+00:00,7526250000000.0,#4266,India,India,India,Punjab,Ludhiana,"card, Magic, razorpay_partial_cod",9478430000000.0,Inaya Ruby Necklace Set,"17-04, 20-02, 22j, 9jul, category_necklace, sale-28",Default Title,14190.0,14190.0,14190.0,1,0.0,0.0,1.0,,14190.0,1.0,,1.0,0.0,1,,First-time,9755510000000.0,India,False,False
XYZ Luxury,2026-07-14 00:00:00+00:00,INR,XYZ Luxury - magic checkout,2026-07-14 16:18:47+00:00,2026-07-14 16:18:47+00:00,2026-07-17 11:39:12+00:00,7526450000000.0,#4267,India,India,India,Punjab,Fatehgarh Sahib,"card, Magic",9614370000000.0,Suhair Necklace Set,"24akk, 9jul",Default Title,9570.0,9570.0,9570.0,1,0.0,0.0,1.0,,9570.0,1.0,,1.0,0.0,1,,First-time,8378700000000.0,India,False,False
XYZ Luxury,2026-07-15 00:00:00+00:00,INR,XYZ Luxury - magic checkout,2026-07-15 02:01:30+00:00,2026-07-15 02:01:30+00:00,2026-07-15 11:42:38+00:00,7527350000000.0,#4268,India,India,India,Odisha,Khorda,"card, Magic",8924020000000.0,Sabina Bangles Set,"17-04, 22j, 3july-backup-dis, 9jul, Bestseller_18sep, category_bangles, eoss_02jun, EOSS_jan26, hp_rts09may, sale-28, Silver Bangles",02-Apr,4165.92,4165.92,4165.92,1,0.0,0.0,1.0,,4165.92,1.0,,1.0,0.0,1,,First-time,9749360000000.0,India,False,False
XYZ Luxury,2026-07-15 00:00:00+00:00,INR,XYZ Luxury - magic checkout,2026-07-15 03:33:39+00:00,2026-07-15 03:33:39+00:00,2026-07-16 09:40:50+00:00,7527480000000.0,#4269,India,India,India,Delhi,East Delhi,"Magic, razorpay_partial_cod, upi",9568070000000.0,Zara Double Chain,"16ap, 17-04, 24akk, 9jul",Default Title,6600.0,6600.0,6600.0,1,0.0,0.0,1.0,,6600.0,1.0,,1.0,0.0,1,,First-time,9754390000000.0,India,False,False
XYZ Luxury,2026-07-15 00:00:00+00:00,INR,XYZ Luxury - magic checkout,2026-07-15 05:23:24+00:00,2026-07-15 05:23:24+00:00,2026-07-15 05:23:26+00:00,7527700000000.0,#4270,India,India,India,Delhi,Delhi,"Magic, wallet",9478430000000.0,Areej Antique Pearl Set,"17-04, 20-02, 22j, 9jul, category_necklace, sale-28",Default Title,3366.0,3366.0,3366.0,1,0.0,0.0,1.0,,3366.0,1.0,,1.0,0.0,1,,First-time,9757010000000.0,India,False,False
XYZ Luxury,2026-07-15 00:00:00+00:00,INR,XYZ Luxury - magic checkout,2026-07-15 07:04:48+00:00,2026-07-15 07:04:48+00:00,2026-07-15 10:42:38+00:00,7527830000000.0,#4271,India,India,India,Punjab,AMRITSAR,"Magic, upi",9478430000000.0,Areej Antique Pearl Set,"17-04, 20-02, 22j, 9jul, category_necklace, sale-28",Default Title,3366.0,3366.0,3366.0,1,0.0,0.0,1.0,,3366.0,1.0,,1.0,0.0,1,,First-time,9757190000000.0,India,False,False
XYZ Luxury,2026-07-15 00:00:00+00:00,INR,XYZ Luxury - magic checkout,2026-07-15 07:58:59+00:00,2026-07-15 07:58:59+00:00,2026-07-15 10:55:11+00:00,7527900000000.0,#4272,India,India,India,Haryana,GURUGRAM,"card, Magic",9639670000000.0,Rimpi Waliyaan,"9jul, hp_rts09may",Default Title,3000.0,3000.0,3000.0,1,0.0,0.0,1.0,,3000.0,1.0,,1.0,0.0,1,,First-time,9757260000000.0,India,False,False
XYZ Luxury,2026-07-15 00:00:00+00:00,INR,XYZ Luxury - magic checkout,2026-07-15 08:46:36+00:00,2026-07-15 08:46:36+00:00,2026-07-15 11:32:59+00:00,7527960000000.0,#4273,India,India,India,Karnataka,Bengaluru,"Magic, upi",9426060000000.0,Kapurthala Kalire,"17-04, 22j, 9jul, bride_t, category_Kalire, sale-28",Default Title,16170.0,16170.0,16170.0,1,0.0,0.0,1.0,,16170.0,1.0,,1.0,0.0,1,,First-time,9757310000000.0,India,False,False
XYZ Luxury,2026-07-15 00:00:00+00:00,INR,XYZ Luxury - magic checkout,2026-07-15 09:42:57+00:00,2026-07-15 09:42:57+00:00,2026-07-15 11:20:19+00:00,7528040000000.0,#4274,India,India,India,West Bengal,North 24 Pgs,"Magic, upi",9631280000000.0,Veena Choker Set,"9jul, hp_rts09may",Default Title,6000.0,6000.0,6000.0,1,0.0,0.0,1.0,,6000.0,,1.0,1.0,0.0,1,,Returning,8734810000000.0,India,False,False
XYZ Luxury,2026-07-15 00:00:00+00:00,INR,XYZ Luxury - magic checkout,2026-07-15 11:22:58+00:00,2026-07-15 11:22:58+00:00,2026-07-17 07:56:22+00:00,7528190000000.0,#4275,India,India,India,West Bengal,Saltlake,"Magic, upi",9639670000000.0,Rimpi Waliyaan,"9jul, hp_rts09may",Default Title,3000.0,3000.0,3000.0,1,0.0,0.0,1.0,,3000.0,1.0,,1.0,0.0,1,,First-time,9757660000000.0,India,False,False
XYZ Luxury,2026-07-15 00:00:00+00:00,INR,XYZ Luxury - magic checkout,2026-07-15 12:10:42+00:00,2026-07-15 12:10:42+00:00,2026-07-17 09:15:51+00:00,7528270000000.0,#4276,India,India,India,Telangana,Hyderabad,"Magic, upi",9418100000000.0,Rutba Openable Bangles Pair,"16ak, 17-04, 22j, 9jul, category_bangles, sale-28",02-Jun,5940.0,5940.0,5940.0,1,0.0,0.0,1.0,,5940.0,1.0,,1.0,0.0,1,,First-time,9757730000000.0,India,False,False
XYZ Luxury,2026-07-15 00:00:00+00:00,INR,XYZ Luxury - magic checkout,2026-07-15 14:40:58+00:00,2026-07-15 14:40:58+00:00,2026-07-17 09:10:24+00:00,7528540000000.0,#4277,India,India,India,Kerala,Thrissur,"Magic, upi",8079750000000.0,Nanki Tika,"category_tikka, desc addition, eoss_02jun, EOSS_jan26, hp_rts09may",Default Title,8349.0,8349.0,8349.0,1,0.0,0.0,1.0,,8349.0,1.0,,1.0,0.0,1,,First-time,9757970000000.0,India,False,False
XYZ Luxury,2026-07-15 00:00:00+00:00,INR,XYZ Luxury - magic checkout,2026-07-15 14:53:00+00:00,2026-07-15 14:53:00+00:00,2026-07-17 10:35:22+00:00,7528560000000.0,#4278,India,India,India,Punjab,Chandighar,"card, Magic",9418100000000.0,Rutba Openable Bangles Pair,"16ak, 17-04, 22j, 9jul, category_bangles, sale-28",02-Jun,5940.0,5940.0,5940.0,1,0.0,0.0,1.0,,5940.0,,1.0,1.0,0.0,1,,Returning,9055370000000.0,India,False,False
XYZ Luxury,2026-07-15 00:00:00+00:00,INR,Draft Orders,2026-07-15 15:04:32+00:00,2026-07-15 15:04:32+00:00,2026-07-17 10:52:29+00:00,7528590000000.0,#4279,India,India,India,West Bengal,Kolkata,,9408490000000.0,Chahat Antique Set,"17-04, 22j, 9jul, av-07jan26, category_choker, category_necklace, EOSS_jan26, sale-28",Default Title,5940.0,5940.0,5940.0,1,0.0,0.0,1.0,,5940.0,1.0,,1.0,0.0,1,,First-time,9755780000000.0,India,False,False
XYZ Luxury,2026-07-15 00:00:00+00:00,INR,Draft Orders,2026-07-15 15:43:51+00:00,2026-07-15 15:43:51+00:00,2026-07-17 12:11:59+00:00,7528670000000.0,#4280,India,India,India,Punjab,Dasuya,,9474300000000.0,rubina choker set,"17-04, 17f, 22j, 9jul, category_choker, category_necklace, sale-28",Default Title,9240.0,9240.0,9240.0,1,0.0,0.0,1.0,,9240.0,1.0,,1.0,0.0,1,,First-time,9756890000000.0,India,False,False
XYZ Luxury,2026-07-15 00:00:00+00:00,INR,XYZ Luxury - magic checkout,2026-07-15 16:07:21+00:00,2026-07-15 16:07:21+00:00,2026-07-17 10:29:04+00:00,7528720000000.0,#4281,India,India,India,Karnataka,Bengaluru,"Magic, upi",9631270000000.0,Reena Waliyaan,"24akk, 9jul, hp_rts09may",Default Title,2400.0,2400.0,2400.0,1,0.0,0.0,1.0,,2400.0,1.0,,1.0,0.0,1,,First-time,9758110000000.0,India,False,False
XYZ Luxury,2026-07-15 00:00:00+00:00,INR,XYZ Luxury - magic checkout,2026-07-15 16:15:39+00:00,2026-07-15 16:15:39+00:00,2026-07-15 16:15:41+00:00,7528740000000.0,#4282,India,India,India,Punjab,Amritsar,"Magic, razorpay_partial_cod, upi",9478440000000.0,Pippal Patti Tikka,"17-04, 20-02, 22j, 9jul, category_tikka, sale-28",Default Title,5940.0,5940.0,5940.0,1,0.0,0.0,1.0,,5940.0,1.0,,1.0,0.0,1,,First-time,9758130000000.0,India,False,False
XYZ Luxury,2026-07-15 00:00:00+00:00,INR,XYZ Luxury - magic checkout,2026-07-15 17:49:07+00:00,2026-07-15 17:49:07+00:00,2026-07-17 07:45:39+00:00,7528950000000.0,#4283,India,India,India,Delhi,NEW DELHI,"Magic, upi",9631280000000.0,Noor Waliyaan,"9jul, hp_rts09may",Default Title,1920.0,1920.0,1920.0,1,0.0,0.0,1.0,,1920.0,1.0,,1.0,0.0,1,,First-time,9755730000000.0,India,False,False
XYZ Luxury,2026-07-16 00:00:00+00:00,INR,XYZ Luxury - magic checkout,2026-07-15 23:38:49+00:00,2026-07-15 23:38:49+00:00,2026-07-16 17:38:15+00:00,7529500000000.0,#4284,United States,USA,United States,Kansas,Overland Park,"card, Magic",9474300000000.0,rubina choker set,"17-04, 17f, 22j, 9jul, category_choker, category_necklace, sale-28",Default Title,9240.0,9240.0,9240.0,1,0.0,0.0,1.0,,9240.0,1.0,,1.0,0.0,1,,First-time,9758740000000.0,United States,False,False
XYZ Luxury,2026-07-16 00:00:00+00:00,INR,XYZ Luxury - magic checkout,2026-07-16 00:37:48+00:00,2026-07-16 00:37:48+00:00,2026-07-17 10:14:31+00:00,7529580000000.0,#4285,United States,USA,United States,Ohio,Cincinnati,"card, Magic",9627610000000.0,Emreen Mathapatti,"24akk, 9jul, hp_rts09may",Default Title,8700.0,8700.0,8700.0,1,0.0,0.0,1.0,,8700.0,1.0,,1.0,0.0,1,,First-time,9580100000000.0,United States,False,False
XYZ Luxury,2026-07-16 00:00:00+00:00,INR,XYZ Luxury - magic checkout,2026-07-16 05:10:43+00:00,2026-07-16 05:10:43+00:00,2026-07-18 06:28:24+00:00,7530020000000.0,#4287,India,India,India,Haryana,Gurugram,"Magic, upi",9639670000000.0,Moto Waliyaan,"22j, 22ju, 9jul, hp_rts09may",Default Title,1800.0,1800.0,1800.0,1,0.0,0.0,1.0,,1800.0,1.0,,1.0,0.0,1,,First-time,9759160000000.0,India,False,False
XYZ Luxury,2026-07-16 00:00:00+00:00,INR,XYZ Luxury - magic checkout,2026-07-16 05:06:27+00:00,2026-07-16 05:06:27+00:00,2026-07-18 11:06:55+00:00,7530020000000.0,#4286,India,India,India,Chhattisgarh,Raipur,"Magic, razorpay_partial_cod, upi",9631270000000.0,Fairy Earring,"24akk, 9jul, hp_rts09may",Default Title,1800.0,1800.0,1800.0,1,0.0,0.0,1.0,,1800.0,,1.0,1.0,0.0,1,,Returning,9689370000000.0,India,False,False
XYZ Luxury,2026-07-16 00:00:00+00:00,INR,XYZ Luxury - magic checkout,2026-07-16 05:11:46+00:00,2026-07-16 05:11:46+00:00,2026-07-16 05:11:47+00:00,7530020000000.0,#4288,India,India,India,Punjab,Mohali,"Magic, razorpay_partial_cod, upi",9614860000000.0,Rakhi pippal patti choker,"24akk, 9jul, hp_rts09may",Default Title,9174.0,9174.0,9174.0,1,0.0,0.0,1.0,,9174.0,1.0,,1.0,0.0,1,,First-time,9333990000000.0,India,False,False
XYZ Luxury,2026-07-16 00:00:00+00:00,INR,XYZ Luxury - magic checkout,2026-07-16 05:31:23+00:00,2026-07-16 05:31:23+00:00,2026-07-17 07:50:28+00:00,7530050000000.0,#4289,India,India,India,Haryana,GURGAON,"Magic, razorpay_partial_cod, upi",9639670000000.0,Rimpi Waliyaan,"9jul, hp_rts09may",Default Title,3000.0,3000.0,3000.0,1,0.0,0.0,1.0,,3000.0,1.0,,1.0,0.0,1,,First-time,9759180000000.0,India,False,False
XYZ Luxury,2026-07-16 00:00:00+00:00,INR,XYZ Luxury - magic checkout,2026-07-16 05:53:49+00:00,2026-07-16 05:53:49+00:00,2026-07-17 07:36:25+00:00,7530070000000.0,#4290,India,India,India,Karnataka,BANGALORE,"Magic, upi",9419530000000.0,Rukmani Payal Pair,"16ak, 17-04, 22j, 9jul, category_payal, sale-28",Default Title,6600.0,6600.0,6600.0,1,0.0,0.0,1.0,,6600.0,1.0,,1.0,0.0,1,,First-time,9759210000000.0,India,False,False
XYZ Luxury,2026-07-16 00:00:00+00:00,INR,XYZ Luxury - magic checkout,2026-07-16 08:21:10+00:00,2026-07-16 08:21:10+00:00,2026-07-17 07:14:12+00:00,7530270000000.0,#4291,India,India,India,Maharashtra,Pune City,"Magic, upi",9627600000000.0,Tina Bracelet,"10june.., 24akk, 9jul",Default Title,2400.0,2400.0,2400.0,1,0.0,0.0,1.0,,2400.0,,1.0,1.0,0.0,1,,Returning,9069040000000.0,India,False,False
XYZ Luxury,2026-07-16 00:00:00+00:00,INR,XYZ Luxury - magic checkout,2026-07-16 11:27:22+00:00,2026-07-16 11:27:22+00:00,2026-07-17 07:00:32+00:00,7530500000000.0,#4292,India,India,India,Haryana,Gurugram,"Magic, upi",8924010000000.0,Ansari Gokhdu Bangles Pair,"17-04, 22j, 3july-backup-dis, 9jul, Bestseller_18sep, category_bangles, eoss_02jun, EOSS_jan26, hp_rts09may, sale-28, Silver Bangles",02-Aug,15028.2,15028.2,15028.2,1,0.0,0.0,2.0,,15028.2,,1.0,2.0,0.0,1,,Returning,9713020000000.0,India,False,False
XYZ Luxury,2026-07-16 00:00:00+00:00,INR,XYZ Luxury - magic checkout,2026-07-16 12:32:50+00:00,2026-07-16 12:32:50+00:00,2026-07-17 07:01:45+00:00,7530600000000.0,#4293,India,India,India,Goa,Goa,"Magic, upi",9639670000000.0,Niko Waliyaan,"24akk, 9jul, hp_rts09may",Default Title,1800.0,1800.0,1800.0,1,0.0,0.0,1.0,,1800.0,1.0,,1.0,0.0,1,,First-time,9759680000000.0,India,False,False
XYZ Luxury,2026-07-16 00:00:00+00:00,INR,XYZ Luxury - magic checkout,2026-07-16 15:50:23+00:00,2026-07-16 15:50:23+00:00,2026-07-17 06:45:24+00:00,7531000000000.0,#4294,India,India,India,Punjab,Hoshiarpur,"Magic, razorpay_partial_cod, upi",9475740000000.0,Mehar Earrings,"17-04, 18-02, 22j, 9jul, category_earring, sale-28",Default Title,8250.0,8250.0,8250.0,1,0.0,0.0,1.0,,8250.0,1.0,,1.0,0.0,1,,First-time,9760090000000.0,India,False,False
XYZ Luxury,2026-07-17 00:00:00+00:00,INR,XYZ Luxury - magic checkout,2026-07-17 00:44:38+00:00,2026-07-17 00:44:38+00:00,2026-07-20 18:48:15+00:00,7532040000000.0,#4295,Canada,Rest of the World,Canada,British Columbia,Surrey,"card, Magic",9224500000000.0,Ghungroo Bangles Pair,"17-04, 22j, 9jul, category_bangles, Clearance Sale, EOSS_jan26, sale-28",02-Jun,7260.0,7260.0,7260.0,1,0.0,0.0,2.0,,7260.0,1.0,,2.0,0.0,1,,First-time,9762570000000.0,Canada,False,False
XYZ Luxury,2026-07-17 00:00:00+00:00,INR,XYZ Luxury - magic checkout,2026-07-17 00:52:14+00:00,2026-07-17 00:52:14+00:00,2026-07-20 18:48:16+00:00,7532060000000.0,#4296,United States,USA,United States,California,Ventura,"card, Magic",8654710000000.0,Kapurthala Red Shell Pearl Chooda,"category_chooda, Chooda, eoss_02jun, EOSS_jan26",02-Jun,9900.0,9900.0,9900.0,1,0.0,0.0,1.0,,9900.0,1.0,,1.0,0.0,1,,First-time,9762480000000.0,United States,False,False
XYZ Luxury,2026-07-17 00:00:00+00:00,INR,XYZ Luxury - magic checkout,2026-07-17 07:47:00+00:00,2026-07-17 07:47:00+00:00,2026-07-18 06:23:07+00:00,7532760000000.0,#4297,India,India,India,Haryana,Rewari,"Magic, upi",9418090000000.0,Ruby Emerald Bangles Pair,"16ak, 17-04, 22j, 9jul, category_bangles, sale-28",02-Apr,5940.0,5940.0,5940.0,1,0.0,0.0,1.0,,5940.0,,1.0,1.0,0.0,1,,Returning,9724490000000.0,India,False,False
XYZ Luxury,2026-07-17 00:00:00+00:00,INR,XYZ Luxury - magic checkout,2026-07-17 08:10:11+00:00,2026-07-17 08:10:11+00:00,2026-07-18 06:20:36+00:00,7532790000000.0,#4298,India,India,India,Karnataka,Bengaluru,"card, Magic",9631280000000.0,Noor Waliyaan,"9jul, hp_rts09may, OFFER",Default Title,1920.0,1920.0,1920.0,1,0.0,0.0,1.0,,1920.0,1.0,,1.0,0.0,1,,First-time,9763150000000.0,India,False,False
XYZ Luxury,2026-07-17 00:00:00+00:00,INR,XYZ Luxury - magic checkout,2026-07-17 09:57:42+00:00,2026-07-17 09:57:42+00:00,2026-07-18 06:16:18+00:00,7532930000000.0,#4299,India,India,India,Maharashtra,PUNE,"Magic, razorpay_partial_cod, upi",9631270000000.0,Reena Waliyaan,"24akk, 9jul, hp_rts09may, OFFER",Default Title,2400.0,2400.0,2400.0,1,0.0,0.0,1.0,,2400.0,1.0,,1.0,0.0,1,,First-time,9763270000000.0,India,False,False
XYZ Luxury,2026-07-17 00:00:00+00:00,INR,XYZ Luxury - magic checkout,2026-07-17 10:45:49+00:00,2026-07-17 10:45:49+00:00,2026-07-18 06:12:21+00:00,7533000000000.0,#4300,India,India,India,Punjab,Faridkot,"card, Magic, razorpay_partial_cod",9639670000000.0,Rimpi Waliyaan,"9jul, hp_rts09may",Default Title,3000.0,3000.0,3000.0,1,0.0,0.0,1.0,,3000.0,,1.0,1.0,0.0,1,,Returning,9712080000000.0,India,False,False
XYZ Luxury,2026-07-17 00:00:00+00:00,INR,XYZ Luxury - magic checkout,2026-07-17 11:14:04+00:00,2026-07-17 11:14:04+00:00,2026-07-18 06:07:20+00:00,7533050000000.0,#4301,India,India,India,Haryana,Gurgaon,"Magic, upi",9631280000000.0,Noor Waliyaan,"9jul, hp_rts09may, OFFER",Default Title,1920.0,1920.0,1920.0,1,0.0,0.0,1.0,,1920.0,1.0,,1.0,0.0,1,,First-time,9763370000000.0,India,False,False
XYZ Luxury,2026-07-17 00:00:00+00:00,INR,XYZ Luxury - magic checkout,2026-07-17 15:17:47+00:00,2026-07-17 15:17:47+00:00,2026-07-18 05:53:11+00:00,7533580000000.0,#4302,India,India,India,Punjab,Gurdaspur,"Magic, upi",9419530000000.0,Rukmani Payal Pair,"16ak, 17-04, 22j, 9jul, category_payal, sale-28",Default Title,6600.0,6600.0,6600.0,1,0.0,0.0,1.0,,6600.0,1.0,,1.0,0.0,1,,First-time,9763890000000.0,India,False,False
XYZ Luxury,2026-07-17 00:00:00+00:00,INR,XYZ Luxury - magic checkout,2026-07-17 17:51:32+00:00,2026-07-17 17:51:32+00:00,2026-07-17 17:51:34+00:00,7534020000000.0,#4303,India,India,India,Punjab,Amritsar,"Magic, upi",9563990000000.0,Pippal Patti Waliyaan,"22j, 9jul, sale-28",Default Title,3960.0,3960.0,3960.0,1,0.0,0.0,1.0,,3960.0,1.0,,1.0,0.0,1,,First-time,9764190000000.0,India,False,False
XYZ Luxury,2026-07-18 00:00:00+00:00,INR,XYZ Luxury - magic checkout,2026-07-17 19:14:09+00:00,2026-07-17 19:14:09+00:00,2026-07-18 05:47:05+00:00,7534230000000.0,#4304,India,India,India,Haryana,Panipat,"Magic, upi",9008490000000.0,Kinza Pearl Set,"3july-backup-dis, Bestseller_18sep, category_choker, category_necklace, eoss_02jun, EOSS_jan26",Default Title,21450.0,21450.0,21450.0,1,0.0,0.0,1.0,,21450.0,1.0,,1.0,0.0,1,,First-time,9764330000000.0,India,False,False
XYZ Luxury,2026-07-18 00:00:00+00:00,INR,XYZ Luxury - magic checkout,2026-07-18 05:59:08+00:00,2026-07-18 05:59:08+00:00,2026-07-18 10:02:30+00:00,7535610000000.0,#4305,India,India,India,Punjab,Gurdaspur,"Magic, upi",9474310000000.0,panna choker set,"17-04, 17f, 22j, 9jul, category_choker, category_necklace, sale-28",Default Title,8250.0,8250.0,8250.0,1,0.0,0.0,1.0,,8250.0,1.0,,1.0,0.0,1,,First-time,9765280000000.0,India,False,False
XYZ Luxury,2026-07-18 00:00:00+00:00,INR,XYZ Luxury - magic checkout,2026-07-18 06:02:39+00:00,2026-07-18 06:02:39+00:00,2026-07-18 09:57:07+00:00,7535620000000.0,#4306,India,India,India,Telangana,Hyderabad,"card, Magic",9639670000000.0,Rimpi Waliyaan,"9jul, hp_rts09may",Default Title,3000.0,3000.0,3000.0,1,0.0,0.0,1.0,,3000.0,1.0,,1.0,0.0,1,,First-time,9712960000000.0,India,False,False
XYZ Luxury,2026-07-18 00:00:00+00:00,INR,XYZ Luxury - magic checkout,2026-07-18 07:48:38+00:00,2026-07-18 07:48:38+00:00,2026-07-18 10:08:53+00:00,7535810000000.0,#4307,India,India,India,Karnataka,BANGALORE,"Magic, razorpay_partial_cod, upi",9474390000000.0,panna studs,"17-04, 17f, 22j, 9jul, category_earring, sale-28",Default Title,4620.0,4620.0,4620.0,1,0.0,0.0,1.0,,4620.0,1.0,,1.0,0.0,1,,First-time,9765420000000.0,India,False,False
XYZ Luxury,2026-07-18 00:00:00+00:00,INR,XYZ Luxury - magic checkout,2026-07-18 09:00:20+00:00,2026-07-18 09:00:20+00:00,2026-07-18 09:50:08+00:00,7535940000000.0,#4308,India,India,India,Karnataka,Bengaluru,"Magic, razorpay_partial_cod, upi",9631270000000.0,Reena Waliyaan,"24akk, 9jul, hp_rts09may, OFFER",Default Title,2400.0,2400.0,2400.0,1,0.0,0.0,1.0,,2400.0,1.0,,1.0,0.0,1,,First-time,9765520000000.0,India,False,False
XYZ Luxury,2026-07-18 00:00:00+00:00,INR,XYZ Luxury - magic checkout,2026-07-18 09:00:31+00:00,2026-07-18 09:00:31+00:00,2026-07-18 09:30:36+00:00,7535940000000.0,#4309,India,India,India,Delhi,South Delhi,"card, Magic",9478430000000.0,Areej Antique Pearl Set,"17-04, 20-02, 22j, 9jul, category_necklace, sale-28",Default Title,3366.0,3366.0,3366.0,1,0.0,0.0,1.0,,3366.0,1.0,,1.0,0.0,1,,First-time,9765520000000.0,India,False,False
XYZ Luxury,2026-07-18 00:00:00+00:00,INR,XYZ Luxury - magic checkout,2026-07-18 09:44:54+00:00,2026-07-18 09:44:54+00:00,2026-07-18 10:37:28+00:00,7536020000000.0,#4310,India,India,India,Delhi,NORTH WEST,"Magic, razorpay_partial_cod, upi",9627590000000.0,Rennu Chain,"24akk, 9jul, hp_rts09may",Default Title,1800.0,1800.0,1800.0,1,0.0,0.0,1.0,,1800.0,1.0,,1.0,0.0,1,,First-time,9765580000000.0,India,False,False
XYZ Luxury,2026-07-18 00:00:00+00:00,INR,XYZ Luxury - magic checkout,2026-07-18 10:22:21+00:00,2026-07-18 10:22:21+00:00,2026-07-18 10:30:12+00:00,7536100000000.0,#4311,India,India,India,Gujarat,Ahmedabad,"card, Magic",9627590000000.0,Rennu Chain,"24akk, 9jul, hp_rts09may",Default Title,1800.0,1800.0,1800.0,1,0.0,0.0,1.0,,1800.0,1.0,,1.0,0.0,1,,First-time,9451710000000.0,India,False,False
XYZ Luxury,2026-07-18 00:00:00+00:00,INR,XYZ Luxury - magic checkout,2026-07-18 11:39:02+00:00,2026-07-18 11:39:02+00:00,2026-07-18 12:22:43+00:00,7536260000000.0,#4312,India,India,India,Maharashtra,Mumbai Subueban,"Magic, upi",9631280000000.0,Noor Waliyaan,"9jul, hp_rts09may, OFFER",Default Title,1920.0,1920.0,1920.0,1,0.0,0.0,1.0,,1920.0,1.0,,1.0,0.0,1,,First-time,9765750000000.0,India,False,False
XYZ Luxury,2026-07-18 00:00:00+00:00,INR,XYZ Luxury - magic checkout,2026-07-18 12:35:50+00:00,2026-07-18 12:35:50+00:00,2026-07-20 05:56:42+00:00,7536390000000.0,#4313,India,India,India,Uttar Pradesh,Varanasi,"Magic, razorpay_partial_cod, upi",9631280000000.0,Rinki Waliyaan,"9jul, hp_rts09may",Default Title,1800.0,1800.0,1800.0,1,0.0,0.0,1.0,,1800.0,1.0,,1.0,0.0,1,,First-time,9701340000000.0,India,False,False
XYZ Luxury,2026-07-18 00:00:00+00:00,INR,XYZ Luxury - magic checkout,2026-07-18 12:50:37+00:00,2026-07-18 12:50:37+00:00,2026-07-20 06:24:35+00:00,7536430000000.0,#4314,India,India,India,Tamil Nadu,Kanchipuram,"Magic, upi",9631280000000.0,Noor Waliyaan,"9jul, hp_rts09may, OFFER",Default Title,1920.0,1920.0,1920.0,1,0.0,0.0,1.0,,1920.0,1.0,,1.0,0.0,1,,First-time,9765880000000.0,India,False,False
XYZ Luxury,2026-07-18 00:00:00+00:00,INR,XYZ Luxury - magic checkout,2026-07-18 13:02:02+00:00,2026-07-18 13:02:02+00:00,2026-07-18 13:02:03+00:00,7536450000000.0,#4315,India,India,India,Punjab,Patiala,"card, Magic",9615690000000.0,Meenu Choker Set,"24akk, 9jul",Default Title,9240.0,9240.0,9240.0,1,0.0,0.0,1.0,,9240.0,1.0,,1.0,0.0,1,,First-time,9759580000000.0,India,False,False
XYZ Luxury,2026-07-18 00:00:00+00:00,INR,XYZ Luxury - magic checkout,2026-07-18 13:44:55+00:00,2026-07-18 13:44:55+00:00,2026-07-20 06:31:55+00:00,7536570000000.0,#4316,India,India,India,Delhi,NEW DELHI,"Magic, razorpay_partial_cod, upi",9631280000000.0,Rose Studs,"24akk, 9jul, hp_rts09may",Default Title,2100.0,2100.0,2100.0,1,0.0,0.0,1.0,,2100.0,1.0,,1.0,0.0,1,,First-time,9765980000000.0,India,False,False
XYZ Luxury,2026-07-18 00:00:00+00:00,INR,XYZ Luxury - magic checkout,2026-07-18 14:10:45+00:00,2026-07-18 14:10:45+00:00,2026-07-20 09:41:26+00:00,7536640000000.0,#4317,India,India,India,Uttarakhand,DEHRADUN,"Magic, upi",9474300000000.0,rozy studs,"17-04, 17f, 22j, 9jul, category_earring, sale-28",Default Title,4950.0,4950.0,4950.0,1,0.0,0.0,1.0,,4950.0,1.0,,1.0,0.0,1,,First-time,9766020000000.0,India,False,False
XYZ Luxury,2026-07-18 00:00:00+00:00,INR,XYZ Luxury - magic checkout,2026-07-18 15:34:12+00:00,2026-07-18 15:34:12+00:00,2026-07-20 08:14:09+00:00,7536900000000.0,#4318,India,India,India,Karnataka,Bengaluru,"Magic, upi",9639670000000.0,Niko Waliyaan,"24akk, 9jul, hp_rts09may, OFFER",Default Title,1800.0,1800.0,1800.0,1,0.0,0.0,1.0,,1800.0,,1.0,1.0,0.0,1,,Returning,9758110000000.0,India,False,False
XYZ Luxury,2026-07-18 00:00:00+00:00,INR,XYZ Luxury - magic checkout,2026-07-18 16:11:17+00:00,2026-07-18 16:11:17+00:00,2026-07-20 08:09:31+00:00,7537020000000.0,#4319,India,India,India,Jammu and Kashmir,Ananthnag,"Magic, razorpay_partial_cod, upi",9631280000000.0,lavi Necklace Set,"24akk, 9jul, hp_rts09may",Default Title,6000.0,6000.0,6000.0,1,0.0,0.0,1.0,,6000.0,1.0,,1.0,0.0,1,,First-time,9668750000000.0,India,False,False
XYZ Luxury,2026-07-18 00:00:00+00:00,INR,XYZ Luxury - magic checkout,2026-07-18 16:47:33+00:00,2026-07-18 16:47:33+00:00,2026-07-20 06:42:24+00:00,7537150000000.0,#4320,India,India,India,Delhi,East Delhi,"Magic, wallet",9631280000000.0,Veena Choker Set,"9jul, hp_rts09may",Default Title,6000.0,6000.0,6000.0,1,0.0,0.0,1.0,,6000.0,1.0,,1.0,0.0,1,,First-time,9765710000000.0,India,False,False
XYZ Luxury,2026-07-18 00:00:00+00:00,INR,XYZ Luxury - magic checkout,2026-07-18 17:03:05+00:00,2026-07-18 17:03:05+00:00,2026-07-20 10:52:06+00:00,7537200000000.0,#4321,India,India,India,Uttar Pradesh,Ghaziabad,"card, Magic, razorpay_partial_cod",9478430000000.0,Areej Antique Pearl Set,"17-04, 20-02, 22j, 9jul, category_necklace, sale-28",Default Title,3366.0,3366.0,3366.0,1,0.0,0.0,1.0,,3366.0,1.0,,1.0,0.0,1,,First-time,9766390000000.0,India,False,False
XYZ Luxury,2026-07-18 00:00:00+00:00,INR,XYZ Luxury - magic checkout,2026-07-18 18:00:00+00:00,2026-07-18 18:00:00+00:00,2026-07-20 06:56:05+00:00,7537380000000.0,#4322,India,India,India,Maharashtra,Akola,"Magic, upi",9639670000000.0,Rimpi Waliyaan,"9jul, hp_rts09may",Default Title,3000.0,3000.0,3000.0,1,0.0,0.0,1.0,,3000.0,1.0,,1.0,0.0,1,,First-time,9766500000000.0,India,False,False
XYZ Luxury,2026-07-19 00:00:00+00:00,INR,XYZ Luxury - magic checkout,2026-07-19 01:50:01+00:00,2026-07-19 01:50:01+00:00,2026-07-21 11:06:12+00:00,7538640000000.0,#4323,India,India,India,Haryana,Ambala,"card, Magic",9474300000000.0,rubina choker set,"17-04, 17f, 22j, 9jul, category_choker, category_necklace, sale-28",Default Title,9240.0,9240.0,9240.0,1,0.0,0.0,1.0,,9240.0,1.0,,1.0,0.0,1,,First-time,9767300000000.0,India,False,False
XYZ Luxury,2026-07-19 00:00:00+00:00,INR,XYZ Luxury - magic checkout,2026-07-19 06:15:22+00:00,2026-07-19 06:15:22+00:00,2026-07-20 07:00:15+00:00,7539380000000.0,#4324,India,India,India,Maharashtra,Pune,"Magic, upi",9639670000000.0,Rimpi Waliyaan,"9jul, hp_rts09may",Default Title,3000.0,3000.0,3000.0,1,0.0,0.0,1.0,,3000.0,1.0,,1.0,0.0,1,,First-time,9767730000000.0,India,False,False
XYZ Luxury,2026-07-19 00:00:00+00:00,INR,XYZ Luxury - magic checkout,2026-07-19 08:12:27+00:00,2026-07-19 08:12:27+00:00,2026-07-19 08:12:28+00:00,7539660000000.0,#4325,India,India,India,Punjab,Chandigarh,"card, Magic, razorpay_partial_cod",9568050000000.0,Raavi Pippal Patti Tikka,"16ap, 17-04, 24akk, 9jul",Default Title,5940.0,5940.0,5940.0,1,0.0,0.0,1.0,,5940.0,1.0,,1.0,0.0,1,,First-time,9695890000000.0,India,False,False
XYZ Luxury,2026-07-19 00:00:00+00:00,INR,Draft Orders,2026-07-19 09:31:58+00:00,2026-07-19 09:31:58+00:00,2026-07-19 09:31:59+00:00,7539830000000.0,#4326,United Kingdom,Rest of the World,United Kingdom,Scotland,Glasgow,,8741480000000.0,Nazare Ring,"Bestseller_18sep, desc addition, eoss_02jun, EOSS_jan26, hp_rts09may",Default Title,6600.0,5940.0,5940.0,1,0.0,0.0,1.0,,5940.0,1.0,,1.0,660.0,1,,First-time,9768010000000.0,United Kingdom,False,False
XYZ Luxury,2026-07-19 00:00:00+00:00,INR,XYZ Luxury - magic checkout,2026-07-19 11:56:14+00:00,2026-07-19 11:56:14+00:00,2026-07-20 10:10:13+00:00,7540220000000.0,#4327,India,India,India,Punjab,Bathinda,"Magic, upi",9631280000000.0,Rinki Waliyaan,"9jul, hp_rts09may",Default Title,1800.0,1800.0,1800.0,1,0.0,0.0,1.0,,1800.0,1.0,,1.0,0.0,1,,First-time,9768260000000.0,India,False,False
XYZ Luxury,2026-07-19 00:00:00+00:00,INR,XYZ Luxury - magic checkout,2026-07-19 13:40:28+00:00,2026-07-19 13:40:28+00:00,2026-07-20 07:32:03+00:00,7540530000000.0,#4328,India,India,India,Uttar Pradesh,GORAKHPUR,"Magic, razorpay_partial_cod, upi",9474390000000.0,panna studs,"17-04, 17f, 22j, 9jul, category_earring, sale-28",Default Title,4620.0,4620.0,4620.0,1,0.0,0.0,1.0,,4620.0,1.0,,1.0,0.0,1,,First-time,9768450000000.0,India,False,False
XYZ Luxury,2026-07-19 00:00:00+00:00,INR,XYZ Luxury - magic checkout,2026-07-19 14:49:58+00:00,2026-07-19 14:49:58+00:00,2026-07-20 07:51:52+00:00,7540760000000.0,#4329,India,India,India,Haryana,Gurgaon,"Magic, wallet",9639670000000.0,Rimpi Waliyaan,"9jul, hp_rts09may",Default Title,3000.0,3000.0,3000.0,1,0.0,0.0,1.0,,3000.0,1.0,,1.0,0.0,1,,First-time,9768630000000.0,India,False,False
XYZ Luxury,2026-07-20 00:00:00+00:00,INR,XYZ Luxury - magic checkout,2026-07-19 18:30:58+00:00,2026-07-19 18:30:58+00:00,2026-07-20 07:38:53+00:00,7541580000000.0,#4330,India,India,India,Delhi,South Delhi,"card, Magic",9639670000000.0,Niko Waliyaan,"24akk, 9jul, hp_rts09may, OFFER",Default Title,1800.0,1800.0,1800.0,1,0.0,0.0,1.0,,1800.0,1.0,,1.0,0.0,1,,First-time,9769100000000.0,India,False,False
XYZ Luxury,2026-07-20 00:00:00+00:00,INR,XYZ Luxury - magic checkout,2026-07-19 20:00:55+00:00,2026-07-19 20:00:55+00:00,2026-07-23 22:55:39+00:00,7541830000000.0,#4331,Canada,Rest of the World,Canada,Ontario,North York,"Magic, wallet",9474310000000.0,panna choker set,"17-04, 17f, 22j, 9jul, category_choker, category_necklace, sale-28",Default Title,8250.0,8250.0,8250.0,1,0.0,0.0,1.0,,8250.0,1.0,,1.0,0.0,1,,First-time,9769250000000.0,Canada,False,False
XYZ Luxury,2026-07-20 00:00:00+00:00,INR,XYZ Luxury - magic checkout,2026-07-19 23:10:17+00:00,2026-07-19 23:10:17+00:00,2026-07-20 08:00:30+00:00,7542050000000.0,#4332,India,India,India,Uttarakhand,Dehradun,"Magic, upi",9639670000000.0,Niko Waliyaan,"24akk, 9jul, hp_rts09may, OFFER",Default Title,1800.0,1800.0,1800.0,1,0.0,0.0,1.0,,1800.0,1.0,,1.0,0.0,1,,First-time,9769460000000.0,India,False,False
XYZ Luxury,2026-07-20 00:00:00+00:00,INR,XYZ Luxury - magic checkout,2026-07-20 04:08:14+00:00,2026-07-20 04:08:14+00:00,2026-07-20 04:08:16+00:00,7542430000000.0,#4333,India,India,India,Punjab,Mohali,"Magic, razorpay_partial_cod, upi",9478430000000.0,Amina Pippal Patti Passa,"17-04, 20-02, 22j, 9jul, category_Passa, sale-28",Default Title,7590.0,7590.0,7590.0,1,0.0,0.0,1.0,,7590.0,1.0,,1.0,0.0,1,,First-time,9769840000000.0,India,False,False
XYZ Luxury,2026-07-20 00:00:00+00:00,INR,XYZ Luxury - magic checkout,2026-07-20 04:52:45+00:00,2026-07-20 04:52:45+00:00,2026-07-20 07:55:29+00:00,7542550000000.0,#4334,India,India,India,Punjab,Chandighar,"card, Magic",9627590000000.0,Rennu Chain,"24akk, 9jul, hp_rts09may",Default Title,1800.0,1800.0,1800.0,1,0.0,0.0,1.0,,1800.0,,1.0,1.0,0.0,1,,Returning,9055370000000.0,India,False,False
XYZ Luxury,2026-07-20 00:00:00+00:00,INR,XYZ Luxury - magic checkout,2026-07-20 05:58:59+00:00,2026-07-20 05:58:59+00:00,2026-07-20 10:41:14+00:00,7542650000000.0,#4335,India,India,India,Chandigarh,Chandigarh,"card, Magic",8924020000000.0,Raunaq Antique Bangles,"17-04, 22j, 3july-backup-dis, 9jul, Bestseller_18sep, category_bangles, eoss_02jun, EOSS_jan26, hp_rts09may, sale-28, Silver Bangles",02-Jun,4165.92,4165.92,4165.92,1,0.0,0.0,1.0,,4165.92,,1.0,1.0,0.0,1,,Returning,9747950000000.0,India,False,False
XYZ Luxury,2026-07-20 00:00:00+00:00,INR,XYZ Luxury - magic checkout,2026-07-20 06:35:04+00:00,2026-07-20 06:35:04+00:00,2026-07-22 06:00:44+00:00,7542710000000.0,#4336,India,India,India,Bihar,Siwan,"card, Magic",8917180000000.0,MadhuBala Bangles Pair,"17-04, 22j, 3july-backup-dis, 9jul, Bestseller_18sep, category_bangles, eoss_02jun, EOSS_jan26, hp_rts09may, sale-28, Silver Bangles",02-Jun,7514.1,7514.1,7514.1,1,0.0,0.0,1.0,,7514.1,1.0,,1.0,0.0,1,,First-time,9756560000000.0,India,False,False
XYZ Luxury,2026-07-20 00:00:00+00:00,INR,Draft Orders,2026-07-20 06:46:42+00:00,2026-07-20 06:46:42+00:00,2026-07-20 10:26:45+00:00,7542720000000.0,#4337,India,India,India,Uttar Pradesh,Kanpur,,9639670000000.0,Rimpi Waliyaan,"9jul, hp_rts09may",Default Title,3000.0,3000.0,3000.0,1,0.0,0.0,1.0,,3000.0,1.0,,1.0,0.0,1,,First-time,9771310000000.0,India,False,False
XYZ Luxury,2026-07-20 00:00:00+00:00,INR,Draft Orders,2026-07-20 06:51:59+00:00,2026-07-20 06:51:59+00:00,2026-07-23 21:52:21+00:00,7542720000000.0,#4338,Canada,Rest of the World,Canada,British Columbia,Vancouver,,9419680000000.0,Panjabi Pippal patti earrings,category_earring,Default Title,15950.0,15950.0,15950.0,1,0.0,0.0,1.0,,15950.0,1.0,,1.0,0.0,1,,First-time,9771460000000.0,Canada,False,False
XYZ Luxury,2026-07-20 00:00:00+00:00,INR,XYZ Luxury - magic checkout,2026-07-20 10:28:26+00:00,2026-07-20 10:28:28+00:00,2026-07-23 16:38:21+00:00,7543760000000.0,#4339,Australia,Rest of the World,Australia,Victoria,Rockbank,,9475740000000.0,Mehar Choker set,"17-04, 18-02, 22j, 9jul, sale-28",Default Title,14190.0,14190.0,14190.0,1,0.0,0.0,1.0,,14190.0,1.0,,1.0,0.0,1,QuickReply.ai,First-time,9769670000000.0,Australia,False,False
XYZ Luxury,2026-07-20 00:00:00+00:00,INR,XYZ Luxury - magic checkout,2026-07-20 10:57:24+00:00,2026-07-20 10:57:24+00:00,2026-07-21 05:57:54+00:00,7543920000000.0,#4340,India,India,India,Delhi,East Delhi,"Magic, upi",9631270000000.0,Reena Waliyaan,"24akk, 9jul, hp_rts09may, OFFER",Default Title,2400.0,2400.0,2400.0,1,0.0,0.0,1.0,,2400.0,1.0,,1.0,0.0,1,,First-time,9773140000000.0,India,False,False
XYZ Luxury,2026-07-20 00:00:00+00:00,INR,XYZ Luxury - magic checkout,2026-07-20 13:38:38+00:00,2026-07-20 13:38:38+00:00,2026-07-21 06:11:39+00:00,7544830000000.0,#4341,India,India,India,Punjab,Fatehgarh Sahib,"card, Magic",9224330000000.0,Nisha Openable Bangles Pair,"17-04, 22j, 9jul, category_bangles, Clearance Sale, EOSS_jan26, sale-28",02-Jun,7690.68,7690.68,9075.0,1,0.0,0.0,1.0,,7690.68,,1.0,1.0,0.0,1,,Returning,8378700000000.0,India,False,False
XYZ Luxury,2026-07-20 00:00:00+00:00,INR,XYZ Luxury - magic checkout,2026-07-20 15:22:49+00:00,2026-07-20 15:22:49+00:00,2026-07-21 06:16:04+00:00,7545170000000.0,#4342,India,India,India,Punjab,Ludhiana,"Magic, upi",9631280000000.0,Rinki Waliyaan,"9jul, hp_rts09may",Default Title,1800.0,1800.0,1800.0,1,0.0,0.0,1.0,,1800.0,1.0,,1.0,0.0,1,,First-time,9774390000000.0,India,False,False
XYZ Luxury,2026-07-20 00:00:00+00:00,INR,XYZ Luxury - magic checkout,2026-07-20 16:21:45+00:00,2026-07-20 16:21:45+00:00,2026-07-20 16:21:47+00:00,7545360000000.0,#4343,India,India,India,Punjab,Faridkot,"card, Magic",9567620000000.0,Rabia Jhumki,"16ap, 17-04, 24akk, 9jul",Default Title,8250.0,8250.0,8250.0,1,0.0,0.0,1.0,,8250.0,,1.0,1.0,0.0,1,,Returning,9712080000000.0,India,False,False
XYZ Luxury,2026-07-20 00:00:00+00:00,INR,XYZ Luxury - magic checkout,2026-07-20 17:43:07+00:00,2026-07-20 17:43:07+00:00,2026-07-21 06:22:38+00:00,7545560000000.0,#4344,India,India,India,Telangana,Hyderabad,"Magic, upi",9474300000000.0,rubina choker set,"17-04, 17f, 22j, 9jul, category_choker, category_necklace, sale-28",Default Title,9240.0,9240.0,9240.0,1,0.0,0.0,1.0,,9240.0,1.0,,1.0,0.0,1,,First-time,9774680000000.0,India,False,False
XYZ Luxury,2026-07-20 00:00:00+00:00,INR,XYZ Luxury - magic checkout,2026-07-20 17:48:49+00:00,2026-07-20 17:48:49+00:00,2026-07-20 17:48:50+00:00,7545570000000.0,#4345,India,India,India,Uttar Pradesh,Bareilly,"Magic, razorpay_partial_cod, upi",9478440000000.0,Suhair Ruby Mint Set,"17-04, 20-02, 22j, 9jul, category_necklace, sale-28",Default Title,9570.0,9570.0,9570.0,1,0.0,0.0,1.0,,9570.0,1.0,,1.0,0.0,1,,First-time,8649480000000.0,India,False,False
XYZ Luxury,2026-07-20 00:00:00+00:00,INR,XYZ Luxury - magic checkout,2026-07-20 18:21:03+00:00,2026-07-20 18:21:03+00:00,2026-07-21 06:30:52+00:00,7545640000000.0,#4346,India,India,India,West Bengal,New,"Magic, upi",9639670000000.0,Moto Waliyaan,"22j, 22ju, 9jul, hp_rts09may, OFFER",Default Title,1800.0,1800.0,1800.0,1,0.0,0.0,1.0,,1800.0,1.0,,1.0,0.0,1,,First-time,9766700000000.0,India,False,False
XYZ Luxury,2026-07-21 00:00:00+00:00,INR,XYZ Luxury - magic checkout,2026-07-20 20:22:26+00:00,2026-07-20 20:22:26+00:00,2026-07-21 06:34:20+00:00,7545890000000.0,#4347,India,India,India,Karnataka,Bengaluru,"Magic, upi",9639670000000.0,Niko Waliyaan,"24akk, 9jul, hp_rts09may, OFFER",Default Title,1800.0,1800.0,1800.0,1,0.0,0.0,1.0,,1800.0,1.0,,1.0,0.0,1,,First-time,9774940000000.0,India,False,False
XYZ Luxury,2026-07-21 00:00:00+00:00,INR,XYZ Luxury - magic checkout,2026-07-20 23:56:31+00:00,2026-07-20 23:56:31+00:00,2026-07-20 23:56:33+00:00,7546160000000.0,#4348,Canada,Rest of the World,Canada,Ontario,Brampton,"card, Magic",9614860000000.0,Rakhi pippal patti choker,"24akk, 9jul, hp_rts09may",Default Title,9174.0,9174.0,9174.0,1,0.0,0.0,1.0,,9174.0,,1.0,1.0,0.0,1,,Returning,9112710000000.0,Canada,False,False
XYZ Luxury,2026-07-21 00:00:00+00:00,INR,Draft Orders,2026-07-21 04:32:54+00:00,2026-07-21 04:32:55+00:00,2026-07-22 11:05:34+00:00,7546580000000.0,#4349,United Kingdom,Rest of the World,United Kingdom,England,Bradford,,9008470000000.0,Raavi Choker Set Choker Earrings & Tikka,"bride_t, category_choker, eoss_02jun, EOSS_jan26",Default Title,70950.0,70950.0,70950.0,1,0.0,0.0,1.0,,70950.0,1.0,,1.0,0.0,1,,First-time,9748600000000.0,United Kingdom,False,False
XYZ Luxury,2026-07-21 00:00:00+00:00,INR,XYZ Luxury - magic checkout,2026-07-21 09:29:03+00:00,2026-07-21 09:29:03+00:00,2026-07-24 10:48:49+00:00,7548330000000.0,#4350,Australia,Rest of the World,Australia,New South Wales,Winston Hills,"Additional Notes, card, Magic",9475730000000.0,Zeenat Pippal Patti Choker Set,"17-04, 18-02, 22j, 9jul, category_choker, sale-28",Default Title,8910.0,8910.0,8910.0,1,0.0,0.0,1.0,,8910.0,1.0,,1.0,0.0,1,,First-time,9693570000000.0,Australia,False,False
XYZ Luxury,2026-07-21 00:00:00+00:00,INR,XYZ Luxury - magic checkout,2026-07-21 17:41:25+00:00,2026-07-21 17:41:25+00:00,2026-07-23 05:42:28+00:00,7549510000000.0,#4351,India,India,India,Punjab,Rupnagar,"card, Magic",9478440000000.0,Suhair Ruby Mint Set,"17-04, 20-02, 22j, 9jul, category_necklace, sale-28",Default Title,9570.0,9570.0,9570.0,1,0.0,0.0,1.0,,9570.0,1.0,,1.0,0.0,1,,First-time,9776990000000.0,India,False,False
XYZ Luxury,2026-07-21 00:00:00+00:00,INR,XYZ Luxury - magic checkout,2026-07-21 17:55:01+00:00,2026-07-21 17:55:01+00:00,2026-07-21 17:55:02+00:00,7549530000000.0,#4352,Canada,Rest of the World,Canada,Ontario,Brampton,"card, Magic",8924020000000.0,Raunaq Antique Bangles,"17-04, 22j, 3july-backup-dis, 9jul, Bestseller_18sep, category_bangles, eoss_02jun, EOSS_jan26, hp_rts09may, sale-28, Silver Bangles",02-Aug,4165.92,4165.92,4165.92,1,0.0,0.0,1.0,,4165.92,,1.0,1.0,0.0,1,,Returning,9112710000000.0,Canada,False,False
XYZ Luxury,2026-07-22 00:00:00+00:00,INR,XYZ Luxury - magic checkout,2026-07-21 18:46:21+00:00,2026-07-21 18:46:21+00:00,2026-07-22 05:49:49+00:00,7549630000000.0,#4353,India,India,India,Chandigarh,Chandigarh,"card, Magic",9627590000000.0,Rennu Chain,"24akk, 9jul, hp_rts09may",Default Title,1800.0,1800.0,1800.0,1,0.0,0.0,1.0,,1800.0,,1.0,1.0,0.0,1,,Returning,9747950000000.0,India,False,False
XYZ Luxury,2026-07-22 00:00:00+00:00,INR,XYZ Luxury - magic checkout,2026-07-22 03:06:22+00:00,2026-07-22 03:06:22+00:00,2026-07-22 05:35:57+00:00,7550310000000.0,#4354,India,India,India,Punjab,Morinda,"card, Magic, razorpay_partial_cod",9478430000000.0,Areej Antique Pearl Set,"17-04, 20-02, 22j, 9jul, category_necklace, sale-28",Default Title,3366.0,3366.0,3366.0,1,0.0,0.0,1.0,,3366.0,1.0,,1.0,0.0,1,,First-time,8922920000000.0,India,False,False
XYZ Luxury,2026-07-22 00:00:00+00:00,INR,XYZ Luxury - magic checkout,2026-07-22 05:03:27+00:00,2026-07-22 05:03:27+00:00,2026-07-22 05:40:46+00:00,7550530000000.0,#4355,India,India,India,Punjab,Ludhiana,"Magic, upi",9478430000000.0,Areej Antique Pearl Set,"17-04, 20-02, 22j, 9jul, category_necklace, sale-28",Default Title,3366.0,3366.0,3366.0,1,0.0,0.0,1.0,,3366.0,1.0,,1.0,0.0,1,,First-time,9776980000000.0,India,False,False
XYZ Luxury,2026-07-23 00:00:00+00:00,INR,XYZ Luxury - magic checkout,2026-07-22 21:50:48+00:00,2026-07-22 21:50:48+00:00,2026-07-25 22:39:27+00:00,7558270000000.0,#4356,United States,USA,United States,California,Bellflower,"card, Magic",9631270000000.0,Reena Waliyaan,"24akk, 9jul, hp_rts09may, OFFER",Default Title,2400.0,2400.0,2400.0,1,0.0,0.0,1.0,,2400.0,1.0,,1.0,0.0,1,,First-time,9775340000000.0,United States,False,False
XYZ Luxury,2026-07-23 00:00:00+00:00,INR,XYZ Luxury - magic checkout,2026-07-23 06:59:06+00:00,2026-07-23 06:59:06+00:00,2026-07-23 09:42:25+00:00,7560110000000.0,#4357,India,India,India,Delhi,New Delhi,"Magic, upi",9570740000000.0,Emreen Earrings,"24akk, 9jul",Default Title,6600.0,6600.0,6600.0,1,0.0,0.0,1.0,,6600.0,1.0,,1.0,0.0,1,,First-time,9782620000000.0,India,False,False
XYZ Luxury,2026-07-23 00:00:00+00:00,INR,Online Store,2026-07-23 07:39:59+00:00,2026-07-23 07:40:01+00:00,2026-07-23 07:40:02+00:00,7560320000000.0,#4358,India,India,India,Delhi,NEW DELHI,,9677620000000.0,Mina Taveet,,Default Title,0.0,0.0,0.0,1,0.0,0.0,1.0,,0.0,,1.0,1.0,0.0,1,Google,Returning,9565450000000.0,India,False,False
XYZ Luxury,2026-07-23 00:00:00+00:00,INR,XYZ Luxury - magic checkout,2026-07-23 12:54:39+00:00,2026-07-23 12:54:39+00:00,2026-07-26 14:10:12+00:00,7561250000000.0,#4359,United States,USA,United States,Pennsylvania,Chambersburg,"card, Magic",9567980000000.0,Madhuri Hasli Only,"16ap, 17-04, 24akk, 9jul",Default Title,9900.0,9900.0,9900.0,1,0.0,0.0,1.0,,9900.0,1.0,,1.0,0.0,1,,First-time,9783210000000.0,United States,False,False
XYZ Luxury,2026-07-24 00:00:00+00:00,INR,XYZ Luxury - magic checkout,2026-07-24 00:04:57+00:00,2026-07-24 00:04:57+00:00,2026-07-24 08:31:20+00:00,7562790000000.0,#4360,India,India,India,West Bengal,Howrah,"Magic, razorpay_partial_cod, upi",9648370000000.0,Ranjha Jadau Set,"22j, 22ju, 9jul",Default Title,9000.0,9000.0,9000.0,1,0.0,0.0,1.0,,9000.0,1.0,,1.0,0.0,1,,First-time,9784550000000.0,India,False,False
XYZ Luxury,2026-07-24 00:00:00+00:00,INR,XYZ Luxury - magic checkout,2026-07-24 03:58:56+00:00,2026-07-24 03:58:56+00:00,2026-07-24 06:10:57+00:00,7563260000000.0,#4361,India,India,India,West Bengal,Howrah,"Magic, razorpay_partial_cod, upi",9427520000000.0,Patiala Choker Set,"17-04, 22j, 9jul, category_choker, sale-28",Default Title,14850.0,14850.0,14850.0,1,0.0,0.0,1.0,,14850.0,,1.0,1.0,0.0,1,,Returning,9784550000000.0,India,False,False
XYZ Luxury,2026-07-24 00:00:00+00:00,INR,XYZ Luxury - magic checkout,2026-07-24 06:47:26+00:00,2026-07-24 06:47:26+00:00,2026-07-24 07:10:35+00:00,7563650000000.0,#4362,India,India,India,Andhra Pradesh,Guntur,"Magic, upi",9639670000000.0,Niko Waliyaan,"24akk, 9jul, hp_rts09may, OFFER",Default Title,1800.0,1800.0,1800.0,1,0.0,0.0,1.0,,1800.0,1.0,,1.0,0.0,1,,First-time,9776110000000.0,India,False,False
XYZ Luxury,2026-07-24 00:00:00+00:00,INR,Draft Orders,2026-07-24 07:14:44+00:00,2026-07-24 07:14:44+00:00,2026-07-24 07:36:25+00:00,7563700000000.0,#4363,India,India,India,Haryana,Gurugram,,8654710000000.0,Kapurthala Red Shell Pearl Chooda,"category_chooda, Chooda, eoss_02jun, EOSS_jan26",02-Apr,9900.0,8910.0,8910.0,1,0.0,0.0,1.0,,8910.0,1.0,,1.0,990.0,1,,First-time,9785200000000.0,India,False,False
XYZ Luxury,2026-07-24 00:00:00+00:00,INR,XYZ Luxury - magic checkout,2026-07-24 08:29:15+00:00,2026-07-24 08:29:15+00:00,2026-07-24 17:40:07+00:00,7563790000000.0,#4364,India,India,India,Maharashtra,Mumbai,"card, Magic",8710430000000.0,Pippal Patti Waaliyaan,"Bestseller_18sep, category_earring, desc addition, eoss_02jun, EOSS_jan26, hp_rts09may",Default Title,9350.0,9350.0,9350.0,1,0.0,0.0,1.0,,9350.0,1.0,,1.0,0.0,1,,First-time,9785330000000.0,India,False,False
XYZ Luxury,2026-07-24 00:00:00+00:00,INR,XYZ Luxury - magic checkout,2026-07-24 09:33:43+00:00,2026-07-24 09:33:43+00:00,2026-07-27 10:23:20+00:00,7563860000000.0,#4365,India,India,India,Bihar,Kharhara,"Magic, upi",9627590000000.0,Tina Chain,"24akk, 9jul, hp_rts09may",Default Title,3480.0,3480.0,3480.0,1,0.0,0.0,1.0,,3480.0,1.0,,1.0,0.0,1,,First-time,9785400000000.0,India,False,False
XYZ Luxury,2026-07-24 00:00:00+00:00,INR,XYZ Luxury - magic checkout,2026-07-24 09:44:48+00:00,2026-07-24 09:44:48+00:00,2026-07-24 09:52:03+00:00,7563870000000.0,#4366,India,India,India,Haryana,Gurgaon,"Magic, upi",9426060000000.0,Singh Kalgi,,Default Title,37950.0,37950.0,37950.0,1,0.0,0.0,1.0,,37950.0,1.0,,1.0,0.0,1,,First-time,9785420000000.0,India,False,False
XYZ Luxury,2026-07-24 00:00:00+00:00,INR,XYZ Luxury - magic checkout,2026-07-24 11:42:06+00:00,2026-07-24 11:42:06+00:00,2026-07-24 11:42:08+00:00,7564050000000.0,#4367,United States,USA,United States,Massachusetts,Medford,"card, Magic",9478430000000.0,Suhair Ruby Necklace Set,"17-04, 20-02, 22j, 9jul, category_necklace, sale-28",Default Title,9570.0,9570.0,9570.0,1,0.0,0.0,1.0,,9570.0,1.0,,1.0,0.0,1,,First-time,9769850000000.0,United States,False,False
XYZ Luxury,2026-07-24 00:00:00+00:00,INR,XYZ Luxury - magic checkout,2026-07-24 12:29:17+00:00,2026-07-24 12:29:17+00:00,2026-07-25 08:09:37+00:00,7564130000000.0,#4368,India,India,India,Karnataka,Moodbidri,"Magic, upi",9561820000000.0,Rangoli Hasli Only,09-Jul,Default Title,9570.0,9570.0,9570.0,1,0.0,0.0,1.0,,9570.0,1.0,,1.0,0.0,1,,First-time,9785650000000.0,India,False,False
XYZ Luxury,2026-07-24 00:00:00+00:00,INR,Online Store,2026-07-24 13:19:16+00:00,2026-07-24 13:19:18+00:00,2026-07-24 13:21:52+00:00,7564230000000.0,#4369,India,India,India,Karnataka,Bengaluru,,9677620000000.0,Noora Sing Taveet,,Default Title,0.0,0.0,0.0,1,0.0,0.0,1.0,,0.0,1.0,,1.0,0.0,1,meta_Paid,First-time,9785740000000.0,India,False,False
XYZ Luxury,2026-07-24 00:00:00+00:00,INR,XYZ Luxury - magic checkout,2026-07-24 15:10:23+00:00,2026-07-24 15:10:23+00:00,2026-07-25 12:13:18+00:00,7564480000000.0,#4370,India,India,India,Maharashtra,Mumbai Subueban,"Magic, razorpay_partial_cod, upi",9631280000000.0,Parul Studs,"24akk, 9jul, hp_rts09may",Default Title,2100.0,2100.0,2100.0,1,0.0,0.0,1.0,,2100.0,1.0,,1.0,0.0,1,,First-time,9785950000000.0,India,False,False
XYZ Luxury,2026-07-24 00:00:00+00:00,INR,XYZ Luxury - magic checkout,2026-07-24 18:22:49+00:00,2026-07-24 18:22:49+00:00,2026-07-25 13:29:54+00:00,7564930000000.0,#4371,Canada,Rest of the World,Canada,Ontario,Toronto,"Magic, wallet",8147790000000.0,Virasat Choker Set,"bride_t, category_choker, category_necklace, desc addition, eoss_02jun, EOSS_jan26, hp_rts09may, occasion",Default Title,37950.0,37950.0,37950.0,1,0.0,0.0,1.0,,37950.0,1.0,,1.0,0.0,1,,First-time,9786270000000.0,Canada,False,False
XYZ Luxury,2026-07-25 00:00:00+00:00,INR,XYZ Luxury - magic checkout,2026-07-24 19:42:47+00:00,2026-07-24 19:42:47+00:00,2026-07-28 13:06:37+00:00,7565090000000.0,#4372,India,India,India,Madhya Pradesh,Indore,"Magic, razorpay_partial_cod, upi",9639670000000.0,Moto Waliyaan,"22j, 22ju, 9jul, hp_rts09may, OFFER",Default Title,1800.0,1800.0,1800.0,1,0.0,0.0,1.0,,1800.0,,1.0,1.0,0.0,1,,Returning,9455850000000.0,India,False,False
XYZ Luxury,2026-07-25 00:00:00+00:00,INR,XYZ Luxury - magic checkout,2026-07-25 00:00:08+00:00,2026-07-25 00:00:09+00:00,2026-07-28 07:00:38+00:00,7565500000000.0,#4373,United States,USA,United States,New York,Glen Oaks,"card, Magic",9219610000000.0,Nargis Jhumar,EOSS_jan26,Default Title,21450.0,21450.0,21450.0,1,0.0,0.0,1.0,,21450.0,1.0,,1.0,0.0,1,,First-time,9786950000000.0,United States,False,False
XYZ Luxury,2026-07-25 00:00:00+00:00,INR,XYZ Luxury - magic checkout,2026-07-25 02:32:09+00:00,2026-07-25 02:32:09+00:00,2026-07-25 11:16:31+00:00,7565720000000.0,#4374,India,India,India,Karnataka,Bangalore,"Magic, upi",9639670000000.0,Moto Waliyaan,"22j, 22ju, 9jul, hp_rts09may, OFFER",Default Title,1800.0,1800.0,1800.0,1,0.0,0.0,1.0,,1800.0,1.0,,1.0,0.0,1,,First-time,9787140000000.0,India,False,False
XYZ Luxury,2026-07-25 00:00:00+00:00,INR,XYZ Luxury - magic checkout,2026-07-25 03:07:35+00:00,2026-07-25 03:07:35+00:00,2026-07-25 11:03:23+00:00,7565770000000.0,#4375,India,India,India,Maharashtra,Thane,"Magic, razorpay_partial_cod, upi",9639670000000.0,Rimpi Waliyaan,"9jul, hp_rts09may",Default Title,3000.0,3000.0,3000.0,1,0.0,0.0,1.0,,3000.0,1.0,,1.0,0.0,1,,First-time,9785390000000.0,India,False,False
XYZ Luxury,2026-07-25 00:00:00+00:00,INR,XYZ Luxury - magic checkout,2026-07-25 03:29:55+00:00,2026-07-25 03:29:55+00:00,2026-07-25 10:03:34+00:00,7565800000000.0,#4376,India,India,India,Maharashtra,Pune,"Magic, upi",9418090000000.0,Ruby Emerald Bangles Pair,"16ak, 17-04, 22j, 9jul, category_bangles, sale-28",02-Apr,5940.0,5940.0,5940.0,1,0.0,0.0,1.0,,5940.0,1.0,,1.0,0.0,1,,First-time,9787220000000.0,India,False,False
XYZ Luxury,2026-07-25 00:00:00+00:00,INR,XYZ Luxury - magic checkout,2026-07-25 05:04:20+00:00,2026-07-25 05:04:20+00:00,2026-07-25 10:57:57+00:00,7566010000000.0,#4377,India,India,India,Uttar Pradesh,Allahabad,"card, Magic",9419530000000.0,Rukmani Payal Pair,"16ak, 17-04, 22j, 9jul, category_payal, sale-28",Default Title,6600.0,6600.0,6600.0,1,0.0,0.0,1.0,,6600.0,1.0,,1.0,0.0,1,,First-time,9787330000000.0,India,False,False
XYZ Luxury,2026-07-25 00:00:00+00:00,INR,XYZ Luxury - magic checkout,2026-07-25 05:41:17+00:00,2026-07-25 05:41:17+00:00,2026-07-25 10:35:19+00:00,7566060000000.0,#4378,India,India,India,Himachal Pradesh,kullu,"Magic, upi",9474300000000.0,rubina choker set,"17-04, 17f, 22j, 9jul, category_choker, category_necklace, sale-28",Default Title,9240.0,9240.0,9240.0,1,0.0,0.0,1.0,,9240.0,1.0,,1.0,0.0,1,,First-time,9765830000000.0,India,False,False
XYZ Luxury,2026-07-25 00:00:00+00:00,INR,XYZ Luxury - magic checkout,2026-07-25 06:38:15+00:00,2026-07-25 06:38:15+00:00,2026-07-25 10:10:04+00:00,7566130000000.0,#4379,India,India,India,Jammu and Kashmir,Srinagar,"Magic, upi",9627590000000.0,Rennu Chain,"24akk, 9jul, hp_rts09may",Default Title,1800.0,1800.0,1800.0,1,0.0,0.0,1.0,,1800.0,,1.0,1.0,0.0,1,,Returning,8567420000000.0,India,False,False
XYZ Luxury,2026-07-25 00:00:00+00:00,INR,XYZ Luxury - magic checkout,2026-07-25 10:41:57+00:00,2026-07-25 10:41:57+00:00,2026-07-25 10:41:59+00:00,7566460000000.0,#4380,India,India,India,Haryana,Gurur,"card, Magic",9478440000000.0,Suhair Ruby Mint Set,"17-04, 20-02, 22j, 9jul, category_necklace, sale-28",Default Title,9570.0,9570.0,9570.0,1,0.0,0.0,1.0,,9570.0,1.0,,1.0,0.0,1,,First-time,9787730000000.0,India,False,False
XYZ Luxury,2026-07-25 00:00:00+00:00,INR,XYZ Luxury - magic checkout,2026-07-25 11:13:53+00:00,2026-07-25 11:13:53+00:00,2026-07-27 09:48:56+00:00,7566510000000.0,#4381,India,India,India,Jammu and Kashmir,Srinagar,"Magic, upi",9639670000000.0,Rimpi Waliyaan,"9jul, hp_rts09may",Default Title,3000.0,3000.0,3000.0,1,0.0,0.0,1.0,,3000.0,1.0,,1.0,0.0,1,,First-time,9787770000000.0,India,False,False
XYZ Luxury,2026-07-25 00:00:00+00:00,INR,XYZ Luxury - magic checkout,2026-07-25 11:44:15+00:00,2026-07-25 11:44:15+00:00,2026-07-27 04:59:13+00:00,7566560000000.0,#4382,India,India,India,West Bengal,South Parganas,"Magic, upi",9639670000000.0,Rimpi Waliyaan,"9jul, hp_rts09may",Default Title,3000.0,3000.0,3000.0,1,0.0,0.0,1.0,,3000.0,1.0,,1.0,0.0,1,,First-time,9787820000000.0,India,False,False
XYZ Luxury,2026-07-25 00:00:00+00:00,INR,XYZ Luxury - magic checkout,2026-07-25 12:48:07+00:00,2026-07-25 12:48:07+00:00,2026-07-27 05:04:59+00:00,7566680000000.0,#4383,India,India,India,Odisha,khorda,"Magic, upi",9639670000000.0,Rimpi Waliyaan,"9jul, hp_rts09may",Default Title,3000.0,3000.0,3000.0,1,0.0,0.0,1.0,,3000.0,1.0,,1.0,0.0,1,,First-time,9787910000000.0,India,False,False
XYZ Luxury,2026-07-25 00:00:00+00:00,INR,Draft Orders,2026-07-25 12:54:13+00:00,2026-07-25 12:54:13+00:00,2026-07-27 05:08:28+00:00,7566690000000.0,#4384,India,India,India,Delhi,New delhi,,9639670000000.0,Moto Waliyaan,"22j, 22ju, 9jul, hp_rts09may, OFFER",Default Title,1800.0,1800.0,1800.0,1,0.0,0.0,1.0,,1800.0,1.0,,1.0,0.0,1,,First-time,9787920000000.0,India,False,False
XYZ Luxury,2026-07-25 00:00:00+00:00,INR,XYZ Luxury - magic checkout,2026-07-25 12:58:27+00:00,2026-07-25 12:58:27+00:00,2026-07-27 05:11:49+00:00,7566700000000.0,#4385,India,India,India,Delhi,Delhi NCR,"card, Magic, razorpay_partial_cod",9427520000000.0,Patiala Choker Set,"17-04, 22j, 9jul, category_choker, sale-28",Default Title,14850.0,14850.0,14850.0,1,0.0,0.0,1.0,,14850.0,1.0,,1.0,0.0,1,,First-time,9763070000000.0,India,False,False
XYZ Luxury,2026-07-25 00:00:00+00:00,INR,XYZ Luxury - magic checkout,2026-07-25 13:52:36+00:00,2026-07-25 13:52:36+00:00,2026-07-27 05:14:53+00:00,7566810000000.0,#4386,India,India,India,Punjab,Zirakpur,"card, Magic",8903800000000.0,Mughul Side Hair Clip,"eoss_02jun, EOSS_jan26, hp_rts09may",Default Title,10450.0,10450.0,10450.0,1,0.0,0.0,1.0,,10450.0,,1.0,1.0,0.0,1,,Returning,9682110000000.0,India,False,False
XYZ Luxury,2026-07-25 00:00:00+00:00,INR,XYZ Luxury - magic checkout,2026-07-25 14:35:54+00:00,2026-07-25 14:35:54+00:00,2026-07-27 05:20:22+00:00,7566920000000.0,#4387,India,India,India,Uttar Pradesh,Dewas,"Magic, upi",9639670000000.0,Rimpi Waliyaan,"9jul, hp_rts09may",Default Title,3000.0,3000.0,3000.0,1,0.0,0.0,1.0,,3000.0,1.0,,1.0,0.0,1,,First-time,9788090000000.0,India,False,False
XYZ Luxury,2026-07-25 00:00:00+00:00,INR,XYZ Luxury - magic checkout,2026-07-25 14:44:58+00:00,2026-07-25 14:44:58+00:00,2026-07-27 05:26:22+00:00,7566950000000.0,#4388,India,India,India,Madhya Pradesh,Rewa,"card, Magic, razorpay_partial_cod",9478430000000.0,Areej Antique Pearl Set,"17-04, 20-02, 22j, 9jul, category_necklace, sale-28",Default Title,3366.0,3366.0,3366.0,1,0.0,0.0,1.0,,3366.0,1.0,,1.0,0.0,1,,First-time,9787980000000.0,India,False,False
XYZ Luxury,2026-07-25 00:00:00+00:00,INR,XYZ Luxury - magic checkout,2026-07-25 14:54:26+00:00,2026-07-25 14:54:26+00:00,2026-07-27 05:34:05+00:00,7566970000000.0,#4389,India,India,India,Karnataka,Bengaluru,"Magic, upi",9639670000000.0,Rimpi Waliyaan,"9jul, hp_rts09may",Default Title,3000.0,3000.0,3000.0,1,0.0,0.0,1.0,,3000.0,1.0,,1.0,0.0,1,,First-time,9788130000000.0,India,False,False
XYZ Luxury,2026-07-25 00:00:00+00:00,INR,XYZ Luxury - magic checkout,2026-07-25 15:38:30+00:00,2026-07-25 15:38:30+00:00,2026-07-27 09:58:03+00:00,7567100000000.0,#4390,India,India,India,Haryana,Faridabad,"card, Magic",9474390000000.0,panna studs,"17-04, 17f, 22j, 9jul, category_earring, sale-28",Default Title,4620.0,4620.0,4620.0,1,0.0,0.0,1.0,,4620.0,1.0,,1.0,0.0,1,,First-time,8587570000000.0,India,False,False
XYZ Luxury,2026-07-25 00:00:00+00:00,INR,XYZ Luxury - magic checkout,2026-07-25 16:22:14+00:00,2026-07-25 16:22:14+00:00,2026-07-27 05:37:04+00:00,7567220000000.0,#4392,India,India,India,Uttar Pradesh,Gorakhpur,"Magic, upi",9567980000000.0,Shenaz Tikka,"16ap, 17-04, 9jul",Default Title,6633.0,6633.0,6633.0,1,0.0,0.0,1.0,,6633.0,1.0,,1.0,0.0,1,,First-time,9788280000000.0,India,False,False
XYZ Luxury,2026-07-25 00:00:00+00:00,INR,XYZ Luxury - magic checkout,2026-07-25 16:21:08+00:00,2026-07-25 16:21:08+00:00,2026-07-28 06:17:40+00:00,7567220000000.0,#4391,India,India,India,Uttar Pradesh,Azamgarh,"Magic, razorpay_partial_cod, upi",9676430000000.0,Ghungroo Taveet,,Default Title,8500.0,8500.0,8500.0,1,0.0,0.0,1.0,,8500.0,1.0,,1.0,0.0,1,,First-time,9788280000000.0,India,False,False
XYZ Luxury,2026-07-25 00:00:00+00:00,INR,XYZ Luxury - magic checkout,2026-07-25 16:26:25+00:00,2026-07-25 16:26:25+00:00,2026-07-27 05:40:47+00:00,7567240000000.0,#4393,India,India,India,Maharashtra,MUMBAI,"card, Magic",9639670000000.0,Rimpi Waliyaan,"9jul, hp_rts09may",Default Title,3000.0,3000.0,3000.0,1,0.0,0.0,1.0,,3000.0,1.0,,1.0,0.0,1,,First-time,9788290000000.0,India,False,False
XYZ Luxury,2026-07-25 00:00:00+00:00,INR,XYZ Luxury - magic checkout,2026-07-25 16:47:01+00:00,2026-07-25 16:47:01+00:00,2026-07-27 05:43:15+00:00,7567300000000.0,#4394,India,India,India,Punjab,Patiala,"card, Magic",9474310000000.0,farida choker set,"17-04, 17f, 22j, 9jul, category_choker, category_necklace, sale-28",Default Title,9570.0,9570.0,9570.0,1,0.0,0.0,1.0,,9570.0,1.0,,1.0,0.0,1,,First-time,9788330000000.0,India,False,False
XYZ Luxury,2026-07-26 00:00:00+00:00,INR,XYZ Luxury - magic checkout,2026-07-25 19:24:12+00:00,2026-07-25 19:24:12+00:00,2026-07-27 05:46:42+00:00,7567720000000.0,#4395,India,India,India,Maharashtra,Mumbai,"Magic, upi",9639670000000.0,Moto Waliyaan,"22j, 22ju, 9jul, hp_rts09may, OFFER, Ready to ship-26",Default Title,1800.0,1800.0,1800.0,1,0.0,0.0,1.0,,1800.0,1.0,,1.0,0.0,1,,First-time,9788590000000.0,India,False,False
XYZ Luxury,2026-07-26 00:00:00+00:00,INR,XYZ Luxury - magic checkout,2026-07-25 19:34:59+00:00,2026-07-25 19:34:59+00:00,2026-07-27 05:49:43+00:00,7567750000000.0,#4396,India,India,India,Delhi,South Delhi,"Magic, upi",9639670000000.0,Rimpi Waliyaan,"9jul, hp_rts09may, Ready to ship-26",Default Title,3000.0,3000.0,3000.0,1,0.0,0.0,1.0,,3000.0,1.0,,1.0,0.0,1,,First-time,9788610000000.0,India,False,False
XYZ Luxury,2026-07-26 00:00:00+00:00,INR,XYZ Luxury - magic checkout,2026-07-25 21:24:06+00:00,2026-07-25 21:24:06+00:00,2026-07-29 19:06:43+00:00,7568000000000.0,#4397,Canada,Rest of the World,Canada,Ontario,Mississauga,"card, Magic",9631280000000.0,Iknoor Nath,"24akk, 9jul, hp_rts09may, Ready to ship-26",Default Title,5400.0,5400.0,5400.0,1,0.0,0.0,1.0,,5400.0,1.0,,1.0,0.0,1,,First-time,9788770000000.0,Canada,False,False
XYZ Luxury,2026-07-26 00:00:00+00:00,INR,XYZ Luxury - magic checkout,2026-07-26 01:55:41+00:00,2026-07-26 01:55:41+00:00,2026-07-27 05:53:51+00:00,7568520000000.0,#4398,India,India,India,Punjab,Muktsar,"Magic, razorpay_partial_cod, upi",9627610000000.0,Kavya Bracelet,"24akk, 9jul, hp_rts09may, Ready to ship-26",Default Title,3600.0,3600.0,3600.0,1,0.0,0.0,1.0,,3600.0,,1.0,1.0,0.0,1,,Returning,8073450000000.0,India,False,False
XYZ Luxury,2026-07-26 00:00:00+00:00,INR,XYZ Luxury - magic checkout,2026-07-26 04:37:32+00:00,2026-07-26 04:37:32+00:00,2026-07-26 04:37:34+00:00,7568870000000.0,#4399,India,India,India,Madhya Pradesh,INDORE,"Magic, razorpay_partial_cod, upi",9581750000000.0,Star Kaliree,"24akk, 9jul",Default Title,14190.0,14190.0,14190.0,1,0.0,0.0,1.0,,14190.0,1.0,,1.0,0.0,1,,First-time,9697750000000.0,India,False,False
XYZ Luxury,2026-07-26 00:00:00+00:00,INR,XYZ Luxury - magic checkout,2026-07-26 05:41:35+00:00,2026-07-26 05:41:35+00:00,2026-07-27 05:58:04+00:00,7569010000000.0,#4400,India,India,India,Punjab,Kapurthala,"Magic, wallet",8924020000000.0,Raunaq Antique Bangles,"17-04, 22j, 3july-backup-dis, 9jul, Bestseller_18sep, category_bangles, eoss_02jun, EOSS_jan26, hp_rts09may, Ready to ship-26, sale-28, Silver Bangles",,4165.92,4165.92,4165.92,1,0.0,0.0,1.0,,4165.92,1.0,,1.0,0.0,1,,First-time,9132630000000.0,India,False,False
XYZ Luxury,2026-07-26 00:00:00+00:00,INR,XYZ Luxury - magic checkout,2026-07-26 06:12:29+00:00,2026-07-26 06:12:29+00:00,2026-07-27 06:00:33+00:00,7569060000000.0,#4401,India,India,India,Odisha,Khorda,"Magic, razorpay_partial_cod, upi",9631280000000.0,Noor Waliyaan,"9jul, hp_rts09may, OFFER, Ready to ship-26",Default Title,1920.0,1920.0,1920.0,1,0.0,0.0,1.0,,1920.0,1.0,,1.0,0.0,1,,First-time,9788670000000.0,India,False,False
XYZ Luxury,2026-07-26 00:00:00+00:00,INR,Draft Orders,2026-07-26 06:15:22+00:00,2026-07-26 06:15:22+00:00,2026-07-29 21:12:05+00:00,7569060000000.0,#4402,India,India,,,Glen Oaks,,8088120000000.0,Panjab Hand Pieces pair,"bride_t, category_hand pieces, desc addition, eoss_02jun, EOSS_jan26, occasion",Default Title,37950.0,37950.0,37950.0,1,0.0,0.0,1.0,,37950.0,,1.0,1.0,0.0,1,,Returning,9786950000000.0,India,False,False
XYZ Luxury,2026-07-26 00:00:00+00:00,INR,Draft Orders,2026-07-26 06:23:30+00:00,2026-07-26 06:23:30+00:00,2026-07-27 06:03:57+00:00,7569080000000.0,#4403,India,India,India,Punjab,Ludhiana,,9478430000000.0,Areej Antique Pearl Set,"17-04, 20-02, 22j, 9jul, category_necklace, Ready to ship-26, sale-28",Default Title,3366.0,3366.0,3366.0,1,0.0,0.0,1.0,,3366.0,1.0,,1.0,0.0,1,,First-time,9789500000000.0,India,False,False
XYZ Luxury,2026-07-26 00:00:00+00:00,INR,XYZ Luxury - magic checkout,2026-07-26 09:24:26+00:00,2026-07-26 09:24:26+00:00,2026-07-27 06:06:27+00:00,7569410000000.0,#4404,India,India,India,Karnataka,Bengaluru,"Magic, upi",9639670000000.0,Niko Waliyaan,"24akk, 9jul, hp_rts09may, OFFER, Ready to ship-26",Default Title,1800.0,1800.0,1800.0,1,0.0,0.0,1.0,,1800.0,1.0,,1.0,0.0,1,,First-time,9789750000000.0,India,False,False
XYZ Luxury,2026-07-26 00:00:00+00:00,INR,XYZ Luxury - magic checkout,2026-07-26 09:51:01+00:00,2026-07-26 09:51:01+00:00,2026-07-27 06:09:12+00:00,7569460000000.0,#4405,India,India,India,Uttar Pradesh,Varanasi,"Magic, upi",9639670000000.0,Niko Waliyaan,"24akk, 9jul, hp_rts09may, OFFER, Ready to ship-26",Default Title,1800.0,1800.0,1800.0,1,0.0,0.0,1.0,,1800.0,1.0,,1.0,0.0,1,,First-time,9789790000000.0,India,False,False
XYZ Luxury,2026-07-26 00:00:00+00:00,INR,XYZ Luxury - magic checkout,2026-07-26 09:55:38+00:00,2026-07-26 09:55:38+00:00,2026-07-27 06:12:00+00:00,7569470000000.0,#4406,India,India,India,Haryana,Gurgaon,"Magic, upi",9631280000000.0,Noor Waliyaan,"9jul, hp_rts09may, OFFER, Ready to ship-26",Default Title,1920.0,1920.0,1920.0,1,0.0,0.0,1.0,,1920.0,1.0,,1.0,0.0,1,,First-time,9789790000000.0,India,False,False
XYZ Luxury,2026-07-26 00:00:00+00:00,INR,XYZ Luxury - magic checkout,2026-07-26 10:52:45+00:00,2026-07-26 10:52:45+00:00,2026-07-27 06:14:39+00:00,7569580000000.0,#4407,India,India,India,Haryana,Gurugram,"Magic, upi",9627590000000.0,Rita Chain,"10june.., 24akk, 9jul, Ready to ship-26",Default Title,2400.0,2400.0,2400.0,1,0.0,0.0,1.0,,2400.0,1.0,,1.0,0.0,1,,First-time,9789880000000.0,India,False,False
XYZ Luxury,2026-07-26 00:00:00+00:00,INR,XYZ Luxury - magic checkout,2026-07-26 11:55:25+00:00,2026-07-26 11:55:25+00:00,2026-07-27 06:17:53+00:00,7569710000000.0,#4408,India,India,India,Delhi,Delhi,"Magic, razorpay_partial_cod, upi",9627590000000.0,Rennu Chain,"24akk, 9jul, hp_rts09may, Ready to ship-26",Default Title,1800.0,1800.0,1800.0,1,0.0,0.0,1.0,,1800.0,,1.0,1.0,0.0,1,,Returning,9711200000000.0,India,False,False
XYZ Luxury,2026-07-26 00:00:00+00:00,INR,XYZ Luxury - magic checkout,2026-07-26 14:13:41+00:00,2026-07-26 14:13:41+00:00,2026-07-27 06:20:42+00:00,7570050000000.0,#4409,India,India,India,Punjab,Chandighar,"Magic, upi",9563990000000.0,Pippal Patti Waliyaan,"22j, 9jul, Ready to ship-26, sale-28",Default Title,3960.0,3960.0,3960.0,1,0.0,0.0,1.0,,3960.0,,1.0,1.0,0.0,1,,Returning,8586800000000.0,India,False,False
XYZ Luxury,2026-07-26 00:00:00+00:00,INR,XYZ Luxury - magic checkout,2026-07-26 15:42:28+00:00,2026-07-26 15:42:28+00:00,2026-07-29 23:41:17+00:00,7570310000000.0,#4410,United States,USA,United States,Illinois,Naperville,"Magic, wallet",9418100000000.0,Rutba Openable Bangles Pair,"16ak, 17-04, 22j, 9jul, category_bangles, Ready to ship-26, sale-28",,5940.0,5940.0,5940.0,1,0.0,0.0,1.0,,5940.0,1.0,,1.0,0.0,1,,First-time,9790390000000.0,United States,False,False
XYZ Luxury,2026-07-26 00:00:00+00:00,INR,XYZ Luxury - magic checkout,2026-07-26 17:10:26+00:00,2026-07-26 17:10:26+00:00,2026-07-27 06:24:18+00:00,7570580000000.0,#4411,India,India,India,Haryana,BHIWANI,"Magic, razorpay_partial_cod, upi",8924020000000.0,Raunaq Antique Bangles,"17-04, 22j, 3july-backup-dis, 9jul, Bestseller_18sep, category_bangles, eoss_02jun, EOSS_jan26, hp_rts09may, Ready to ship-26, sale-28, Silver Bangles",,4165.92,4165.92,4165.92,1,0.0,0.0,1.0,,4165.92,1.0,,1.0,0.0,1,,First-time,9790570000000.0,India,False,False
XYZ Luxury,2026-07-27 00:00:00+00:00,INR,XYZ Luxury - magic checkout,2026-07-27 03:12:11+00:00,2026-07-27 03:12:11+00:00,2026-07-29 13:10:44+00:00,7571520000000.0,#4412,India,India,India,Gujarat,Ahmedabad,"Magic, razorpay_partial_cod, upi",9488530000000.0,Pippal Patti Hasli Set,"24akk, 9jul",Default Title,16500.0,16500.0,16500.0,1,0.0,0.0,1.0,,16500.0,1.0,,1.0,0.0,1,,First-time,9791390000000.0,India,False,False
XYZ Luxury,2026-07-27 00:00:00+00:00,INR,XYZ Luxury - magic checkout,2026-07-27 05:50:28+00:00,2026-07-27 05:50:28+00:00,2026-07-27 09:42:19+00:00,7571790000000.0,#4413,India,India,India,Punjab,Muktsar,"Magic, razorpay_partial_cod, upi",9639670000000.0,Monika Raani Haar,"24akk, 9jul, hp_rts09may, Ready to ship-26",Default Title,9000.0,9000.0,9000.0,1,0.0,0.0,1.0,,9000.0,,1.0,1.0,0.0,1,,Returning,8073450000000.0,India,False,False
XYZ Luxury,2026-07-27 00:00:00+00:00,INR,Draft Orders,2026-07-27 07:24:24+00:00,2026-07-27 07:24:24+00:00,2026-07-27 09:46:12+00:00,7571910000000.0,#4414,India,India,India,Jammu and Kashmir,Jammu,,8741480000000.0,Nazare Ring,"Bestseller_18sep, desc addition, eoss_02jun, EOSS_jan26, hp_rts09may",Default Title,6600.0,6600.0,6600.0,1,0.0,0.0,1.0,,6600.0,,1.0,1.0,0.0,1,,Returning,9714630000000.0,India,False,False
XYZ Luxury,2026-07-27 00:00:00+00:00,INR,XYZ Luxury - magic checkout,2026-07-27 08:29:51+00:00,2026-07-27 08:29:51+00:00,2026-07-30 12:26:10+00:00,7571980000000.0,#4415,United Kingdom,Rest of the World,United Kingdom,England,Stratford,"card, Magic",9478460000000.0,Raja Ruby Mala,24akk,Default Title,16170.0,16170.0,16170.0,1,0.0,0.0,1.0,,16170.0,1.0,,1.0,0.0,1,,First-time,9790880000000.0,United Kingdom,False,False
XYZ Luxury,2026-07-27 00:00:00+00:00,INR,XYZ Luxury - magic checkout,2026-07-27 08:59:14+00:00,2026-07-27 08:59:14+00:00,2026-07-27 09:55:17+00:00,7572020000000.0,#4416,India,India,India,Tamil Nadu,Chennai,"Magic, upi",9570740000000.0,Emreen Earrings,"24akk, 9jul, Ready to ship-26",Default Title,6600.0,6600.0,6600.0,1,0.0,0.0,1.0,,6600.0,1.0,,1.0,0.0,1,,First-time,9792090000000.0,India,False,False
XYZ Luxury,2026-07-27 00:00:00+00:00,INR,Draft Orders,2026-07-27 13:13:47+00:00,2026-07-27 13:13:48+00:00,2026-07-28 07:40:44+00:00,7572350000000.0,#4417,India,India,India,Haryana,Gurgaon,,9419570000000.0,Silver Oxidised Payal Pair,"17-04, 22j, 9jul, category_payal, sale-28",Default Title,3960.0,3564.0,3564.0,1,0.0,0.0,1.0,,3564.0,1.0,,1.0,396.0,1,,First-time,9790890000000.0,India,False,False
XYZ Luxury,2026-07-27 00:00:00+00:00,INR,XYZ Luxury - magic checkout,2026-07-27 15:18:40+00:00,2026-07-27 15:18:40+00:00,2026-07-27 15:18:42+00:00,7572580000000.0,#4418,India,India,India,Uttar Pradesh,bareilly,"Magic, upi",9463350000000.0,ruby green studs,category_earring,Default Title,6525.42,6525.42,7700.0,1,0.0,0.0,1.0,,6525.42,1.0,,1.0,0.0,1,,First-time,9789600000000.0,India,False,False
XYZ Luxury,2026-07-27 00:00:00+00:00,INR,XYZ Luxury - magic checkout,2026-07-27 15:36:52+00:00,2026-07-27 15:36:52+00:00,2026-07-28 07:15:59+00:00,7572610000000.0,#4419,India,India,India,Maharashtra,Mumbai,"Magic, upi",9567630000000.0,Sona Jhumki Earrings,"16ap, 17-04, 24akk, 9jul",Default Title,3300.0,3300.0,3300.0,1,0.0,0.0,1.0,,3300.0,,1.0,1.0,0.0,1,,Returning,9740190000000.0,India,False,False
XYZ Luxury,2026-07-28 00:00:00+00:00,INR,XYZ Luxury - magic checkout,2026-07-27 23:01:58+00:00,2026-07-27 23:01:58+00:00,2026-07-27 23:01:59+00:00,7573340000000.0,#4420,Canada,Rest of the World,Canada,British Columbia,Delta,"card, Magic",9614840000000.0,Fiza Tikka,"24akk, 9jul",Default Title,8910.0,8910.0,8910.0,1,0.0,0.0,1.0,,8910.0,1.0,,1.0,0.0,1,,First-time,9793440000000.0,Canada,False,False
XYZ Luxury,2026-07-28 00:00:00+00:00,INR,XYZ Luxury - magic checkout,2026-07-28 04:21:44+00:00,2026-07-28 04:21:44+00:00,2026-07-28 07:12:06+00:00,7573800000000.0,#4421,India,India,India,Meghalaya,Ri Bhoi,"card, Magic",9473830000000.0,Patiala Hasli Set,"17-04, 17f, 22j, 9jul, category_choker, category_necklace, Ready to ship-26, sale-28",Default Title,12870.0,12870.0,12870.0,1,0.0,0.0,1.0,,12870.0,1.0,,1.0,0.0,1,,First-time,9793840000000.0,India,False,False
XYZ Luxury,2026-07-28 00:00:00+00:00,INR,XYZ Luxury - magic checkout,2026-07-28 06:15:11+00:00,2026-07-28 06:15:11+00:00,2026-07-28 06:31:18+00:00,7574030000000.0,#4422,India,India,India,Delhi,South West Delhi,"card, Magic",9631270000000.0,Reena Waliyaan,"24akk, 9jul, hp_rts09may, OFFER, Ready to ship-26",Default Title,2400.0,2400.0,2400.0,1,0.0,0.0,1.0,,2400.0,1.0,,1.0,0.0,1,,First-time,9793970000000.0,India,False,False
XYZ Luxury,2026-07-28 00:00:00+00:00,INR,Draft Orders,2026-07-28 11:23:18+00:00,2026-07-28 11:23:18+00:00,2026-07-28 11:53:58+00:00,7574410000000.0,#4423,India,India,India,Maharashtra,Mumbai,,8924020000000.0,Raunaq Antique Bangles,"17-04, 22j, 3july-backup-dis, 9jul, Bestseller_18sep, category_bangles, eoss_02jun, EOSS_jan26, hp_rts09may, Ready to ship-26, sale-28, Silver Bangles",,4165.92,4165.92,4165.92,1,0.0,0.0,1.0,,4165.92,1.0,,1.0,0.0,1,,First-time,9794300000000.0,India,False,False
XYZ Luxury,2026-07-28 00:00:00+00:00,INR,Online Store,2026-07-28 13:24:03+00:00,2026-07-28 13:24:04+00:00,2026-07-28 13:24:06+00:00,7574610000000.0,#4424,United States,USA,United States,California,Woodland,,9494210000000.0,Jannat Shell Pearl Chooda,"bride_t, category_chooda",02-Oct,21450.0,21450.0,21450.0,1,0.0,0.0,1.0,,21450.0,1.0,,1.0,0.0,1,direct,First-time,9794480000000.0,United States,False,False
XYZ Luxury,2026-07-28 00:00:00+00:00,INR,XYZ Luxury - magic checkout,2026-07-28 14:01:21+00:00,2026-07-28 14:01:21+00:00,2026-07-29 09:23:36+00:00,7574670000000.0,#4425,India,India,India,Punjab,Ludhiana,"Magic, upi",9639670000000.0,Rimpi Waliyaan,"9jul, hp_rts09may, Ready to ship-26",Default Title,3000.0,3000.0,3000.0,1,0.0,0.0,1.0,,3000.0,1.0,,1.0,0.0,1,,First-time,8589610000000.0,India,False,False
XYZ Luxury,2026-07-28 00:00:00+00:00,INR,XYZ Luxury - magic checkout,2026-07-28 15:36:05+00:00,2026-07-28 15:36:05+00:00,2026-07-29 07:59:32+00:00,7574840000000.0,#4426,India,India,India,Gujarat,AHMEDABAD,"Magic, upi",9639670000000.0,Niko Waliyaan,"24akk, 9jul, hp_rts09may, OFFER, Ready to ship-26",Default Title,1800.0,1800.0,1800.0,1,0.0,0.0,1.0,,1800.0,1.0,,1.0,0.0,1,,First-time,9794920000000.0,India,False,False
XYZ Luxury,2026-07-28 00:00:00+00:00,INR,XYZ Luxury - magic checkout,2026-07-28 18:10:29+00:00,2026-07-28 18:10:29+00:00,2026-07-29 07:56:15+00:00,7575570000000.0,#4427,India,India,India,Punjab,Mohali,"Magic, upi",9224500000000.0,Ghungroo Bangles Pair,"17-04, 22j, 9jul, category_bangles, Clearance Sale, EOSS_jan26, Ready to ship-26, sale-28",,3076.27,3076.27,3630.0,1,0.0,0.0,1.0,,3076.27,1.0,,1.0,0.0,1,,First-time,9795470000000.0,India,False,False
XYZ Luxury,2026-07-29 00:00:00+00:00,INR,XYZ Luxury - magic checkout,2026-07-29 00:33:18+00:00,2026-07-29 00:33:18+00:00,2026-07-29 07:51:42+00:00,7576100000000.0,#4428,India,India,India,Delhi,North West Delhi,"card, Magic",9676380000000.0,Pammi Lottan earrings,,Default Title,5400.0,5400.0,5400.0,1,0.0,0.0,1.0,,5400.0,1.0,,1.0,0.0,1,,First-time,9796930000000.0,India,False,False
XYZ Luxury,2026-07-29 00:00:00+00:00,INR,XYZ Luxury - magic checkout,2026-07-29 01:17:58+00:00,2026-07-29 01:17:58+00:00,2026-07-29 07:35:04+00:00,7576160000000.0,#4429,India,India,India,Karnataka,Bangalore,"Magic, wallet",9639670000000.0,Rimpi Waliyaan,"9jul, hp_rts09may, Ready to ship-26",Default Title,3000.0,3000.0,3000.0,1,0.0,0.0,1.0,,3000.0,1.0,,1.0,0.0,1,,First-time,9797010000000.0,India,False,False
XYZ Luxury,2026-07-29 00:00:00+00:00,INR,XYZ Luxury - magic checkout,2026-07-29 02:14:50+00:00,2026-07-29 02:14:50+00:00,2026-07-29 10:27:32+00:00,7576230000000.0,#4430,India,India,India,Karnataka,BANGALORE,"Magic, razorpay_partial_cod, upi",9631270000000.0,Rinki Earring,"9jul, hp_rts09may",Default Title,1500.0,1500.0,1500.0,1,0.0,0.0,1.0,,1500.0,,1.0,1.0,0.0,1,,Returning,8870420000000.0,India,False,False
XYZ Luxury,2026-07-29 00:00:00+00:00,INR,XYZ Luxury - magic checkout,2026-07-29 02:15:13+00:00,2026-07-29 02:15:13+00:00,2026-07-29 09:28:50+00:00,7576230000000.0,#4431,India,India,India,Karnataka,Bengaluru,"Magic, razorpay_partial_cod, upi",9639670000000.0,Rimpi Waliyaan,"9jul, hp_rts09may, Ready to ship-26",Default Title,3000.0,3000.0,3000.0,1,0.0,0.0,1.0,,3000.0,1.0,,1.0,0.0,1,,First-time,9797130000000.0,India,False,False
XYZ Luxury,2026-07-29 00:00:00+00:00,INR,XYZ Luxury - magic checkout,2026-07-29 02:36:48+00:00,2026-07-29 02:36:48+00:00,2026-07-29 08:06:26+00:00,7576260000000.0,#4432,India,India,India,Maharashtra,Thane,"Magic, razorpay_partial_cod, upi",9463380000000.0,Goli Studs,category_earring,Default Title,4661.02,4661.02,5500.0,1,0.0,0.0,1.0,,4661.02,1.0,,1.0,0.0,1,,First-time,9797240000000.0,India,False,False
XYZ Luxury,2026-07-29 00:00:00+00:00,INR,XYZ Luxury - magic checkout,2026-07-29 03:58:54+00:00,2026-07-29 03:58:54+00:00,2026-07-29 09:35:52+00:00,7576370000000.0,#4433,India,India,India,Jammu and Kashmir,Jammu,"Magic, upi",9677620000000.0,Noora Sing Taveet,,Default Title,12500.0,12500.0,12500.0,1,0.0,0.0,1.0,,12500.0,1.0,,1.0,0.0,1,,First-time,9797490000000.0,India,False,False
XYZ Luxury,2026-07-29 00:00:00+00:00,INR,XYZ Luxury - magic checkout,2026-07-29 05:56:43+00:00,2026-07-29 05:56:43+00:00,2026-07-29 08:03:03+00:00,7576560000000.0,#4434,India,India,India,Maharashtra,MUMBAI,"Magic, upi",9639670000000.0,Rimpi Waliyaan,"9jul, hp_rts09may, Ready to ship-26",Default Title,3000.0,3000.0,3000.0,1,0.0,0.0,1.0,,3000.0,1.0,,1.0,0.0,1,,First-time,9797660000000.0,India,False,False
XYZ Luxury,2026-07-29 00:00:00+00:00,INR,XYZ Luxury - magic checkout,2026-07-29 06:59:37+00:00,2026-07-29 06:59:37+00:00,2026-07-29 10:43:32+00:00,7576630000000.0,#4435,India,India,India,Rajasthan,kota,"Magic, upi",9224510000000.0,Maria Tikka,"category_tikka, EOSS_jan26",Default Title,14662.43,14662.43,15950.0,1,0.0,0.0,1.0,,14662.43,1.0,,1.0,0.0,1,,First-time,9797750000000.0,India,False,False
XYZ Luxury,2026-07-29 00:00:00+00:00,INR,XYZ Luxury - magic checkout,2026-07-29 07:44:11+00:00,2026-07-29 07:44:11+00:00,2026-07-30 05:00:33+00:00,7576680000000.0,#4436,India,India,India,Uttar Pradesh,Noida,"Magic, razorpay_partial_cod, upi",9639670000000.0,Rimpi Waliyaan,"9jul, hp_rts09may, Ready to ship-26",Default Title,3000.0,3000.0,3000.0,1,0.0,0.0,1.0,,3000.0,1.0,,1.0,0.0,1,,First-time,9797810000000.0,India,False,False
XYZ Luxury,2026-07-29 00:00:00+00:00,INR,XYZ Luxury - magic checkout,2026-07-29 07:51:29+00:00,2026-07-29 07:51:29+00:00,2026-07-30 05:11:32+00:00,7576680000000.0,#4437,India,India,India,Gujarat,Ahmedabad,"Magic, upi",9639670000000.0,Rimpi Waliyaan,"9jul, hp_rts09may, Ready to ship-26",Default Title,3000.0,3000.0,3000.0,1,0.0,0.0,1.0,,3000.0,1.0,,1.0,0.0,1,,First-time,9797820000000.0,India,False,False
XYZ Luxury,2026-07-29 00:00:00+00:00,INR,XYZ Luxury - magic checkout,2026-07-29 12:00:29+00:00,2026-07-29 12:00:29+00:00,2026-07-30 05:20:04+00:00,7576960000000.0,#4438,India,India,India,West Bengal,North 24 Parganas,"Magic, upi",9631280000000.0,Noor Waliyaan,"9jul, hp_rts09may, OFFER, Ready to ship-26",Default Title,1920.0,1920.0,1920.0,1,0.0,0.0,1.0,,1920.0,,1.0,1.0,0.0,1,,Returning,9757660000000.0,India,False,False
XYZ Luxury,2026-07-29 00:00:00+00:00,INR,XYZ Luxury - magic checkout,2026-07-29 13:29:45+00:00,2026-07-29 13:29:45+00:00,2026-07-31 12:25:16+00:00,7577100000000.0,#4439,India,India,India,Karnataka,Bengaluru,"card, Magic",9426060000000.0,Kapurthala Kalire,"17-04, 22j, 9jul, bride_t, category_Kalire, Ready to ship-26, sale-28",Default Title,16170.0,16170.0,16170.0,1,0.0,0.0,1.0,,16170.0,1.0,,1.0,0.0,1,,First-time,9798400000000.0,India,False,False
XYZ Luxury,2026-07-29 00:00:00+00:00,INR,XYZ Luxury - magic checkout,2026-07-29 13:45:52+00:00,2026-07-29 13:45:52+00:00,2026-07-30 05:23:40+00:00,7577330000000.0,#4440,India,India,India,Haryana,Panipat,"Magic, razorpay_partial_cod, upi",9474310000000.0,panna choker set,"17-04, 17f, 22j, 9jul, category_choker, category_necklace, Ready to ship-26, sale-28",Default Title,8250.0,8250.0,8250.0,1,0.0,0.0,1.0,,8250.0,1.0,,1.0,0.0,1,,First-time,9789590000000.0,India,False,False
XYZ Luxury,2026-07-29 00:00:00+00:00,INR,XYZ Luxury - magic checkout,2026-07-29 15:11:31+00:00,2026-07-29 15:11:31+00:00,2026-07-30 05:27:33+00:00,7577490000000.0,#4441,India,India,India,Maharashtra,MUMBAI,"Magic, upi",9631280000000.0,Noor Waliyaan,"9jul, hp_rts09may, OFFER, Ready to ship-26",Default Title,1920.0,1920.0,1920.0,1,0.0,0.0,1.0,,1920.0,1.0,,1.0,0.0,1,,First-time,9798800000000.0,India,False,False
XYZ Luxury,2026-07-29 00:00:00+00:00,INR,XYZ Luxury - magic checkout,2026-07-29 17:00:58+00:00,2026-07-29 17:00:58+00:00,2026-08-01 19:03:17+00:00,7577730000000.0,#4442,Canada,Rest of the World,Canada,British Columbia,Abbotsford,"card, Magic",9475740000000.0,Mehar Earrings,"17-04, 18-02, 22j, 9jul, category_earring, Ready to ship-26, sale-28",Default Title,8250.0,8250.0,8250.0,1,0.0,0.0,1.0,,8250.0,1.0,,1.0,0.0,1,,First-time,8136250000000.0,Canada,False,False
XYZ Luxury,2026-07-30 00:00:00+00:00,INR,XYZ Luxury - magic checkout,2026-07-30 02:09:53+00:00,2026-07-30 02:09:53+00:00,2026-07-30 06:45:52+00:00,7578540000000.0,#4443,India,India,India,Punjab,Moga,"Magic, razorpay_partial_cod, upi",9563990000000.0,Pippal Patti Waliyaan,"22j, 9jul, Ready to ship-26, sale-28",Default Title,3960.0,3960.0,3960.0,1,0.0,0.0,1.0,,3960.0,1.0,,1.0,0.0,1,,First-time,9799830000000.0,India,False,False
XYZ Luxury,2026-07-30 00:00:00+00:00,INR,XYZ Luxury - magic checkout,2026-07-30 03:04:33+00:00,2026-07-30 03:04:33+00:00,2026-07-30 12:25:09+00:00,7578610000000.0,#4444,India,India,India,Maharashtra,Pune,"Magic, upi",9008520000000.0,Pali Pippal Patti Tikka,"category_tikka, eoss_02jun, EOSS_jan26",Default Title,18150.0,18150.0,18150.0,1,0.0,0.0,1.0,,18150.0,,1.0,1.0,0.0,1,,Returning,9787220000000.0,India,False,False
XYZ Luxury,2026-07-30 00:00:00+00:00,INR,XYZ Luxury - magic checkout,2026-07-30 03:29:32+00:00,2026-07-30 03:29:34+00:00,2026-08-02 22:00:08+00:00,7578640000000.0,#4445,Canada,Rest of the World,Canada,Ontario,Mississauga,,9639670000000.0,Queen Necklace set,"22j, 22ju, 9jul, hp_rts09may, Ready to ship-26",Default Title,6000.0,6000.0,6000.0,1,0.0,0.0,1.0,,6000.0,1.0,,1.0,0.0,1,QuickReply.ai,First-time,9796300000000.0,Canada,False,False
XYZ Luxury,2026-07-30 00:00:00+00:00,INR,XYZ Luxury - magic checkout,2026-07-30 04:56:48+00:00,2026-07-30 04:56:48+00:00,2026-07-30 07:05:07+00:00,7578820000000.0,#4446,India,India,India,Karnataka,Bengaluru,"Magic, upi",9627590000000.0,Rennu Chain,"24akk, 9jul, hp_rts09may, Ready to ship-26",Default Title,1800.0,1800.0,1800.0,1,0.0,0.0,1.0,,1800.0,1.0,,1.0,0.0,1,,First-time,9800020000000.0,India,False,False
XYZ Luxury,2026-07-30 00:00:00+00:00,INR,XYZ Luxury - magic checkout,2026-07-30 05:43:37+00:00,2026-07-30 05:43:37+00:00,2026-07-30 05:43:37+00:00,7578900000000.0,#4447,India,India,India,Punjab,Mohali,"Magic, razorpay_partial_cod, upi",9643180000000.0,Zeenat Jadau Set,"24akk, 9jul, hp_rts09may, Ready to ship-26",Default Title,9300.0,9300.0,9300.0,1,0.0,0.0,1.0,,9300.0,1.0,,1.0,0.0,1,,First-time,9796560000000.0,India,False,False
XYZ Luxury,2026-07-30 00:00:00+00:00,INR,Draft Orders,2026-07-30 05:50:51+00:00,2026-07-30 05:50:52+00:00,2026-07-30 08:15:30+00:00,7578910000000.0,#4448,India,India,India,Punjab,Jalandhar,,9631420000000.0,Mala Choker Set,"9jul, hp_rts09may",Default Title,6000.0,6000.0,6000.0,1,0.0,0.0,1.0,,6000.0,1.0,,1.0,0.0,1,,First-time,9676490000000.0,India,False,False
XYZ Luxury,2026-07-30 00:00:00+00:00,INR,XYZ Luxury - magic checkout,2026-07-30 06:41:32+00:00,2026-07-30 06:41:32+00:00,2026-07-30 07:08:42+00:00,7578970000000.0,#4450,India,India,India,Maharashtra,Mumbai,"Magic, upi",9639670000000.0,Rimpi Waliyaan,"9jul, hp_rts09may, Ready to ship-26",Default Title,3000.0,3000.0,3000.0,1,0.0,0.0,1.0,,3000.0,1.0,,1.0,0.0,1,,First-time,9800130000000.0,India,False,False
XYZ Luxury,2026-07-30 00:00:00+00:00,INR,XYZ Luxury - magic checkout,2026-07-30 06:37:40+00:00,2026-07-30 06:37:40+00:00,2026-07-30 06:58:31+00:00,7578970000000.0,#4449,India,India,India,Jammu and Kashmir,JAMMU,"Magic, upi",9474390000000.0,hasan choker set,"17-04, 17f, 22j, 9jul, category_choker, sale-28",Default Title,9240.0,9240.0,9240.0,1,0.0,0.0,1.0,,9240.0,1.0,,1.0,0.0,1,,First-time,9800130000000.0,India,False,False
XYZ Luxury,2026-07-30 00:00:00+00:00,INR,XYZ Luxury - magic checkout,2026-07-30 06:51:36+00:00,2026-07-30 06:51:36+00:00,2026-07-30 07:20:10+00:00,7578980000000.0,#4451,India,India,India,Delhi,South Delhi,"Magic, upi",9631280000000.0,Noor Waliyaan,"9jul, hp_rts09may, OFFER, Ready to ship-26",Default Title,1920.0,1920.0,1920.0,1,0.0,0.0,1.0,,1920.0,1.0,,1.0,0.0,1,,First-time,9800140000000.0,India,False,False
XYZ Luxury,2026-07-30 00:00:00+00:00,INR,XYZ Luxury - magic checkout,2026-07-30 07:02:50+00:00,2026-07-30 07:02:50+00:00,2026-07-30 07:23:31+00:00,7578990000000.0,#4452,India,India,India,West Bengal,Kolkata,"card, GSTIN, Magic",9639670000000.0,Niko Waliyaan,"24akk, 9jul, hp_rts09may, OFFER, Ready to ship-26",Default Title,1800.0,1800.0,1800.0,1,0.0,0.0,1.0,,1800.0,1.0,,1.0,0.0,1,,First-time,9799110000000.0,India,False,False
XYZ Luxury,2026-07-30 00:00:00+00:00,INR,XYZ Luxury - magic checkout,2026-07-30 07:11:50+00:00,2026-07-30 07:11:50+00:00,2026-07-30 07:23:45+00:00,7579010000000.0,#4453,India,India,India,West Bengal,Kolkata,"card, GSTIN, Magic",9639670000000.0,Dinki Stud,"22j, 22ju, 9jul, hp_rts09may, Ready to ship-26",Default Title,1800.0,1800.0,1800.0,1,0.0,0.0,1.0,,1800.0,,1.0,1.0,0.0,1,,Returning,9799110000000.0,India,False,False
XYZ Luxury,2026-07-30 00:00:00+00:00,INR,XYZ Luxury - magic checkout,2026-07-30 07:19:52+00:00,2026-07-30 07:19:52+00:00,2026-07-30 08:21:51+00:00,7579010000000.0,#4454,India,India,India,Himachal Pradesh,Manali,"Magic, razorpay_partial_cod, upi",9563990000000.0,Pippal Patti Waliyaan,"22j, 9jul, Ready to ship-26, sale-28",Default Title,3960.0,3960.0,3960.0,1,0.0,0.0,1.0,,3960.0,1.0,,1.0,0.0,1,,First-time,9800170000000.0,India,False,False
XYZ Luxury,2026-07-30 00:00:00+00:00,INR,XYZ Luxury - magic checkout,2026-07-30 08:39:34+00:00,2026-07-30 08:39:34+00:00,2026-07-30 09:49:12+00:00,7579090000000.0,#4456,India,India,India,West Bengal,Nadia,"Magic, razorpay_partial_cod, upi",9639670000000.0,Niko Waliyaan,"24akk, 9jul, hp_rts09may, OFFER, Ready to ship-26",Default Title,1800.0,1800.0,1800.0,1,0.0,0.0,1.0,,1800.0,1.0,,1.0,0.0,1,,First-time,9800240000000.0,India,False,False
XYZ Luxury,2026-07-30 00:00:00+00:00,INR,XYZ Luxury - magic checkout,2026-07-30 08:36:13+00:00,2026-07-30 08:36:13+00:00,2026-07-30 09:40:39+00:00,7579090000000.0,#4455,India,India,India,Karnataka,Bengaluru,"Magic, upi",9639670000000.0,Rimpi Waliyaan,"9jul, hp_rts09may, Ready to ship-26",Default Title,3000.0,3000.0,3000.0,1,0.0,0.0,1.0,,3000.0,1.0,,1.0,0.0,1,,First-time,9800240000000.0,India,False,False
XYZ Luxury,2026-07-30 00:00:00+00:00,INR,XYZ Luxury - magic checkout,2026-07-30 08:44:09+00:00,2026-07-30 08:44:09+00:00,2026-07-30 09:46:04+00:00,7579100000000.0,#4457,India,India,India,Punjab,jalandhar,"Magic, razorpay_partial_cod, upi",9639670000000.0,Rimpi Waliyaan,"9jul, hp_rts09may, Ready to ship-26",Default Title,3000.0,3000.0,3000.0,1,0.0,0.0,1.0,,3000.0,1.0,,1.0,0.0,1,,First-time,9800250000000.0,India,False,False
XYZ Luxury,2026-07-30 00:00:00+00:00,INR,XYZ Luxury - magic checkout,2026-07-30 10:12:33+00:00,2026-07-30 10:12:33+00:00,2026-07-30 11:03:52+00:00,7579200000000.0,#4458,India,India,India,Maharashtra,MUMBAI SUBURBAN,"Magic, upi",8924010000000.0,Ansari Gokhdu Bangles Pair,"17-04, 22j, 3july-backup-dis, 9jul, Bestseller_18sep, category_bangles, eoss_02jun, EOSS_jan26, hp_rts09may, Ready to ship-26, sale-28, Silver Bangles",02-Apr,6872.02,6872.02,7514.1,1,0.0,0.0,1.0,,6872.02,1.0,,1.0,0.0,1,,First-time,9800430000000.0,India,False,False
XYZ Luxury,2026-07-30 00:00:00+00:00,INR,XYZ Luxury - magic checkout,2026-07-30 11:44:40+00:00,2026-07-30 11:44:40+00:00,2026-07-30 11:51:27+00:00,7579320000000.0,#4459,India,India,India,Jharkhand,Ranchi,"Magic, razorpay_partial_cod, upi",9478440000000.0,Tasneem Necklace Set,"17-04, 20-02, 22j, 9jul, category_choker, category_necklace, Ready to ship-26, sale-28",Default Title,6600.0,6600.0,6600.0,1,0.0,0.0,1.0,,6600.0,1.0,,1.0,0.0,1,,First-time,9800580000000.0,India,False,False
XYZ Luxury,2026-07-30 00:00:00+00:00,INR,XYZ Luxury - magic checkout,2026-07-30 16:12:27+00:00,2026-07-30 16:12:27+00:00,2026-07-31 05:59:37+00:00,7579820000000.0,#4460,India,India,India,Odisha,Khorda,"card, Magic",9639670000000.0,Rimpi Waliyaan,"9jul, hp_rts09may, Ready to ship-26",Default Title,3000.0,3000.0,3000.0,1,0.0,0.0,1.0,,3000.0,,1.0,1.0,0.0,1,,Returning,8752570000000.0,India,False,False
XYZ Luxury,2026-07-31 00:00:00+00:00,INR,XYZ Luxury - magic checkout,2026-07-31 02:55:09+00:00,2026-07-31 02:55:09+00:00,2026-07-31 06:08:31+00:00,7580850000000.0,#4461,India,India,India,Uttar Pradesh,Noida,"Magic, razorpay_partial_cod, upi",9677600000000.0,Laal Taveet,,Default Title,4500.0,4500.0,4500.0,1,0.0,0.0,1.0,,4500.0,,1.0,1.0,0.0,1,,Returning,9654250000000.0,India,False,False
XYZ Luxury,2026-07-31 00:00:00+00:00,INR,XYZ Luxury - magic checkout,2026-07-31 03:18:40+00:00,2026-07-31 03:18:40+00:00,2026-07-31 06:15:03+00:00,7580880000000.0,#4462,India,India,India,Punjab,Sangrur,"Magic, upi",9639670000000.0,Dinki Stud,"22j, 22ju, 9jul, hp_rts09may, Ready to ship-26",Default Title,1800.0,1800.0,1800.0,1,0.0,0.0,1.0,,1800.0,1.0,,1.0,0.0,1,,First-time,9800040000000.0,India,False,False
XYZ Luxury,2026-07-31 00:00:00+00:00,INR,XYZ Luxury - magic checkout,2026-07-31 03:43:45+00:00,2026-07-31 03:43:45+00:00,2026-07-31 06:20:39+00:00,7580910000000.0,#4463,India,India,India,Jammu and Kashmir,Jammu,"Magic, razorpay_partial_cod, upi",9639670000000.0,Niko Waliyaan,"24akk, 9jul, hp_rts09may, OFFER, Ready to ship-26",Default Title,1800.0,1800.0,1800.0,1,0.0,0.0,1.0,,1800.0,,1.0,1.0,0.0,1,,Returning,9714630000000.0,India,False,False
XYZ Luxury,2026-07-31 00:00:00+00:00,INR,XYZ Luxury - magic checkout,2026-07-31 04:13:03+00:00,2026-07-31 04:13:03+00:00,2026-07-31 06:24:13+00:00,7580960000000.0,#4464,India,India,India,Uttar Pradesh,JAUNPUR,"Magic, razorpay_partial_cod, upi",9639670000000.0,Rimpi Waliyaan,"9jul, hp_rts09may, Ready to ship-26",Default Title,3000.0,3000.0,3000.0,1,0.0,0.0,1.0,,3000.0,1.0,,1.0,0.0,1,,First-time,9802170000000.0,India,False,False
XYZ Luxury,2026-07-31 00:00:00+00:00,INR,XYZ Luxury - magic checkout,2026-07-31 05:15:40+00:00,2026-07-31 05:15:40+00:00,2026-08-03 17:06:14+00:00,7581070000000.0,#4465,United States,USA,United States,Arkansas,Bentonville,"card, Magic",9627610000000.0,RITU Bracelet.,"24akk, 9jul, hp_rts09may, Ready to ship-26",Default Title,1800.0,1800.0,1800.0,1,0.0,0.0,1.0,,1800.0,1.0,,1.0,0.0,1,,First-time,9656990000000.0,United States,False,False
XYZ Luxury,2026-07-31 00:00:00+00:00,INR,XYZ Luxury - magic checkout,2026-07-31 06:31:05+00:00,2026-07-31 06:31:05+00:00,2026-07-31 06:57:42+00:00,7581170000000.0,#4466,India,India,India,Punjab,Faridkot,"card, Magic, razorpay_partial_cod",9631280000000.0,Veena Choker Set,"9jul, hp_rts09may, Ready to ship-26",Default Title,6000.0,6000.0,6000.0,1,0.0,0.0,1.0,,6000.0,,1.0,1.0,0.0,1,,Returning,9712080000000.0,India,False,False
XYZ Luxury,2026-07-31 00:00:00+00:00,INR,XYZ Luxury - magic checkout,2026-07-31 06:57:30+00:00,2026-07-31 06:57:30+00:00,2026-07-31 09:38:56+00:00,7581200000000.0,#4467,India,India,India,Punjab,Ludhiana,"Magic, razorpay_partial_cod, upi",9639670000000.0,Dinki Stud,"22j, 22ju, 9jul, hp_rts09may, Ready to ship-26",Default Title,1800.0,1800.0,1800.0,1,0.0,0.0,1.0,,1800.0,1.0,,1.0,0.0,1,,First-time,8823360000000.0,India,False,False
XYZ Luxury,2026-07-31 00:00:00+00:00,INR,XYZ Luxury - magic checkout,2026-07-31 08:08:31+00:00,2026-07-31 08:08:31+00:00,2026-07-31 09:42:45+00:00,7581280000000.0,#4468,India,India,India,Maharashtra,Thane,"card, Magic",9478430000000.0,Areej Antique Pearl Set,"17-04, 20-02, 22j, 9jul, category_necklace, Ready to ship-26, sale-28",Default Title,3366.0,3366.0,3366.0,1,0.0,0.0,1.0,,3366.0,1.0,,1.0,0.0,1,,First-time,9802430000000.0,India,False,False
XYZ Luxury,2026-07-31 00:00:00+00:00,INR,XYZ Luxury - magic checkout,2026-07-31 08:27:14+00:00,2026-07-31 08:27:14+00:00,2026-07-31 09:48:48+00:00,7581330000000.0,#4469,India,India,India,Uttar Pradesh,Ghaziabad,"card, Magic",8924020000000.0,Raunaq Antique Bangles,"17-04, 22j, 3july-backup-dis, 9jul, Bestseller_18sep, category_bangles, eoss_02jun, EOSS_jan26, hp_rts09may, Ready to ship-26, sale-28, Silver Bangles",02-Jun,4165.92,4165.92,4165.92,1,0.0,0.0,1.0,,4165.92,1.0,,1.0,0.0,1,,First-time,9802490000000.0,India,False,False
XYZ Luxury,2026-07-31 00:00:00+00:00,INR,XYZ Luxury - magic checkout,2026-07-31 09:15:14+00:00,2026-07-31 09:15:14+00:00,2026-07-31 09:52:28+00:00,7581390000000.0,#4470,India,India,India,West Bengal,Kolkata,"Additional Notes, Magic, upi",9478430000000.0,Areej Antique Pearl Set,"17-04, 20-02, 22j, 9jul, category_necklace, Ready to ship-26, sale-28",Default Title,3366.0,3366.0,3366.0,1,0.0,0.0,1.0,,3366.0,1.0,,1.0,0.0,1,,First-time,9802540000000.0,India,False,False
XYZ Luxury,2026-07-31 00:00:00+00:00,INR,XYZ Luxury - magic checkout,2026-07-31 10:09:50+00:00,2026-07-31 10:09:50+00:00,2026-08-01 07:47:39+00:00,7581460000000.0,#4471,India,India,India,Karnataka,Bengaluru,"card, Magic",9475730000000.0,Malika Ruby Mint Necklace Set,"17-04, 18-02, 22j, 9jul, category_necklace, sale-28",Default Title,12870.0,12870.0,12870.0,1,0.0,0.0,1.0,,12870.0,1.0,,1.0,0.0,1,,First-time,9802600000000.0,India,False,False
XYZ Luxury,2026-07-31 00:00:00+00:00,INR,XYZ Luxury - magic checkout,2026-07-31 10:13:30+00:00,2026-07-31 10:13:30+00:00,2026-08-01 07:51:31+00:00,7581470000000.0,#4472,India,India,India,Haryana,Gurgaon,"Magic, wallet",8914210000000.0,Moti Mahal Bangles,"3july-backup-dis, 9jul, Bestseller_18sep, category_bangles, eoss_02jun, EOSS_jan26, hp_rts09may, Ready to ship-26, Silver Bangles",02-Aug,4174.5,4174.5,4174.5,1,0.0,0.0,1.0,,4174.5,1.0,,1.0,0.0,1,,First-time,8645310000000.0,India,False,False
XYZ Luxury,2026-07-31 00:00:00+00:00,INR,XYZ Luxury - magic checkout,2026-07-31 11:01:54+00:00,2026-07-31 11:01:54+00:00,2026-08-01 07:55:12+00:00,7581530000000.0,#4473,India,India,India,Punjab,Patiala,"Magic, razorpay_partial_cod, upi",9478430000000.0,Areej Antique Pearl Set,"17-04, 20-02, 22j, 9jul, category_necklace, Ready to ship-26, sale-28",Default Title,3366.0,3366.0,3366.0,1,0.0,0.0,1.0,,3366.0,1.0,,1.0,0.0,1,,First-time,8549320000000.0,India,False,False
XYZ Luxury,2026-07-31 00:00:00+00:00,INR,XYZ Luxury - magic checkout,2026-07-31 11:32:00+00:00,2026-07-31 11:32:00+00:00,2026-08-01 08:00:20+00:00,7581580000000.0,#4474,India,India,India,Punjab,Ludhiana,"Magic, razorpay_partial_cod, upi",9631280000000.0,Noor Waliyaan,"9jul, hp_rts09may, OFFER, Ready to ship-26",Default Title,1920.0,1920.0,1920.0,1,0.0,0.0,1.0,,1920.0,1.0,,1.0,0.0,1,,First-time,9802710000000.0,India,False,False
XYZ Luxury,2026-07-31 00:00:00+00:00,INR,XYZ Luxury - magic checkout,2026-07-31 12:04:49+00:00,2026-07-31 12:04:49+00:00,2026-08-01 06:58:45+00:00,7581630000000.0,#4475,India,India,India,Punjab,Amritsar,"Magic, upi",9639670000000.0,Dinki Stud,"22j, 22ju, 9jul, hp_rts09may, Ready to ship-26",Default Title,1800.0,1800.0,1800.0,1,0.0,0.0,1.0,,1800.0,1.0,,1.0,0.0,1,,First-time,9802760000000.0,India,False,False
XYZ Luxury,2026-07-31 00:00:00+00:00,INR,XYZ Luxury - magic checkout,2026-07-31 15:01:33+00:00,2026-07-31 15:01:33+00:00,2026-08-03 03:25:01+00:00,7582110000000.0,#4476,United States,USA,United States,Illinois,Niles,"card, Magic",8592080000000.0,Chand Hair Clips Pair,"Bestseller_18sep, desc addition, eoss_02jun, EOSS_jan26, occasion",Default Title,11000.0,11000.0,11000.0,1,0.0,0.0,1.0,,11000.0,1.0,,1.0,0.0,1,,First-time,9800190000000.0,United States,False,False
XYZ Luxury,2026-07-31 00:00:00+00:00,INR,XYZ Luxury - magic checkout,2026-07-31 18:05:19+00:00,2026-07-31 18:05:19+00:00,2026-08-01 06:54:51+00:00,7582560000000.0,#4477,India,India,India,Haryana,Adoya,"card, Magic",9427520000000.0,Patiala Choker Set,"17-04, 22j, 9jul, category_choker, Ready to ship-26, sale-28",Default Title,14850.0,14850.0,14850.0,1,0.0,0.0,1.0,,14850.0,1.0,,1.0,0.0,1,,First-time,9803480000000.0,India,False,False
XYZ Luxury,2026-08-01 00:00:00+00:00,INR,XYZ Luxury - magic checkout,2026-07-31 21:17:55+00:00,2026-07-31 21:17:55+00:00,2026-08-04 22:41:12+00:00,7582930000000.0,#4478,United States,USA,United States,New York,Plainview,"card, Magic",8710430000000.0,Lahori Double Chain,"Bestseller_18sep, category_choker, category_necklace, desc addition, eoss_02jun, EOSS_jan26",Default Title,20177.3,20177.3,20177.3,1,0.0,0.0,1.0,,20177.3,1.0,,1.0,0.0,1,,First-time,9354080000000.0,United States,False,False
XYZ Luxury,2026-08-01 00:00:00+00:00,INR,XYZ Luxury - magic checkout,2026-08-01 02:12:34+00:00,2026-08-01 02:12:34+00:00,2026-08-04 12:14:11+00:00,7583390000000.0,#4479,United States,USA,United States,Massachusetts,Newton Center,"card, Magic",9643180000000.0,Arham Jadau Set,"24akk, 9jul, hp_rts09may",Default Title,6600.0,6600.0,6600.0,1,0.0,0.0,1.0,,6600.0,1.0,,1.0,0.0,1,,First-time,9804160000000.0,United States,False,False
XYZ Luxury,2026-08-01 00:00:00+00:00,INR,XYZ Luxury - magic checkout,2026-08-01 03:25:18+00:00,2026-08-01 03:25:18+00:00,2026-08-01 05:25:17+00:00,7583500000000.0,#4480,India,India,India,Chhattisgarh,khairagarh,"Magic, upi",9639670000000.0,Dinki Stud,"22j, 22ju, 9jul, hp_rts09may, Ready to ship-26",Default Title,1800.0,1800.0,1800.0,1,0.0,0.0,1.0,,1800.0,1.0,,1.0,0.0,1,,First-time,9804250000000.0,India,False,False
XYZ Luxury,2026-08-01 00:00:00+00:00,INR,XYZ Luxury - magic checkout,2026-08-01 05:00:46+00:00,2026-08-01 05:00:46+00:00,2026-08-01 05:20:25+00:00,7583700000000.0,#4481,India,India,India,Punjab,Bathinda,"Magic, upi",9419580000000.0,Paro Payal Pair,"16ak, 17-04, 22j, 9jul, category_payal, Ready to ship-26, sale-28",Default Title,5610.0,5610.0,5610.0,1,0.0,0.0,1.0,,5610.0,1.0,,1.0,0.0,1,,First-time,9803680000000.0,India,False,False
XYZ Luxury,2026-08-01 00:00:00+00:00,INR,XYZ Luxury - magic checkout,2026-08-01 05:09:05+00:00,2026-08-01 05:09:05+00:00,2026-08-01 07:43:48+00:00,7583720000000.0,#4482,India,India,India,Tamil Nadu,COIMBATORE,"Magic, razorpay_partial_cod, upi",9627610000000.0,RITU Bracelet.,"24akk, 9jul, hp_rts09may, Ready to ship-26",Default Title,1800.0,1800.0,1800.0,1,0.0,0.0,1.0,,1800.0,1.0,,1.0,0.0,1,,First-time,9804280000000.0,India,False,False
XYZ Luxury,2026-08-01 00:00:00+00:00,INR,XYZ Luxury - magic checkout,2026-08-01 07:37:33+00:00,2026-08-01 07:37:33+00:00,2026-08-01 08:24:54+00:00,7583970000000.0,#4483,India,India,India,Delhi,South Delhi,"Magic, razorpay_partial_cod, upi",9639670000000.0,Heer Waliyaan,"22j, 22ju, 9jul, hp_rts09may, Ready to ship-26",Default Title,1800.0,1800.0,1800.0,1,0.0,0.0,1.0,,1800.0,1.0,,1.0,0.0,1,,First-time,9787550000000.0,India,False,False
XYZ Luxury,2026-08-01 00:00:00+00:00,INR,XYZ Luxury - magic checkout,2026-08-01 12:20:45+00:00,2026-08-01 12:20:45+00:00,2026-08-03 06:30:34+00:00,7584390000000.0,#4484,India,India,India,Karnataka,Bengaluru Rural,"card, Magic",9419550000000.0,Kajal Payal Pair,"16ak, 17-04, 22j, 9jul, category_payal, Ready to ship-26, sale-28",Default Title,6600.0,6600.0,6600.0,1,0.0,0.0,1.0,,6600.0,1.0,,1.0,0.0,1,,First-time,9804920000000.0,India,False,False
XYZ Luxury,2026-08-01 00:00:00+00:00,INR,XYZ Luxury - magic checkout,2026-08-01 16:41:21+00:00,2026-08-01 16:41:21+00:00,2026-08-03 06:38:33+00:00,7584960000000.0,#4485,India,India,India,West Bengal,Kolkata,"Magic, razorpay_partial_cod, upi",9639670000000.0,Moto Waliyaan,"22j, 22ju, 9jul, hp_rts09may, OFFER, Ready to ship-26",Default Title,1800.0,1800.0,1800.0,1,0.0,0.0,1.0,,1800.0,1.0,,1.0,0.0,1,,First-time,9805360000000.0,India,False,False
XYZ Luxury,2026-08-01 00:00:00+00:00,INR,XYZ Luxury - magic checkout,2026-08-01 17:33:00+00:00,2026-08-01 17:33:00+00:00,2026-08-02 17:17:19+00:00,7585090000000.0,#4486,India,India,India,Punjab,Kharrar,"Additional Notes, card, Magic",9478430000000.0,Areej Antique Pearl Set,"17-04, 20-02, 22j, 9jul, category_necklace, Ready to ship-26, sale-28",Default Title,3277.16,3277.16,3366.0,1,0.0,0.0,1.0,,3277.16,1.0,,1.0,0.0,1,,First-time,9805450000000.0,India,False,False
XYZ Luxury,2026-08-02 00:00:00+00:00,INR,XYZ Luxury - magic checkout,2026-08-01 20:41:44+00:00,2026-08-01 20:41:44+00:00,2026-08-01 20:41:45+00:00,7585510000000.0,#4487,United States,USA,United States,New Jersey,Carteret,"Magic, wallet",9676380000000.0,Ronak Lottan Earrings,ak-04-08,Default Title,6000.0,6000.0,6000.0,1,0.0,0.0,1.0,,6000.0,,1.0,1.0,0.0,1,,Returning,9712100000000.0,United States,False,False
XYZ Luxury,2026-08-02 00:00:00+00:00,INR,XYZ Luxury - magic checkout,2026-08-02 01:21:54+00:00,2026-08-02 01:21:54+00:00,2026-08-03 06:45:55+00:00,7585970000000.0,#4488,India,India,India,Goa,South Goa,"Magic, upi",9676450000000.0,Green Taveet,,Default Title,4500.0,4500.0,4500.0,1,0.0,0.0,1.0,,4500.0,1.0,,1.0,0.0,1,,First-time,9695540000000.0,India,False,False
XYZ Luxury,2026-08-02 00:00:00+00:00,INR,XYZ Luxury - magic checkout,2026-08-02 01:25:20+00:00,2026-08-02 01:25:20+00:00,2026-08-05 21:38:03+00:00,7585980000000.0,#4489,United States,USA,United States,New Jersey,Bound Brook,"card, Magic",9475470000000.0,Nayab Payal Pair,"17-04, 18-02, 22j, 9jul, category_payal, sale-28",Default Title,9570.0,9570.0,9570.0,1,0.0,0.0,1.0,,9570.0,1.0,,1.0,0.0,1,,First-time,9678590000000.0,United States,False,False
XYZ Luxury,2026-08-02 00:00:00+00:00,INR,XYZ Luxury - magic checkout,2026-08-02 04:02:32+00:00,2026-08-02 04:02:32+00:00,2026-08-03 07:09:33+00:00,7586220000000.0,#4490,India,India,India,Karnataka,Bengaluru,"Magic, upi",9639670000000.0,Dinki Stud,"22j, 22ju, 9jul, hp_rts09may, Ready to ship-26",Default Title,1800.0,1800.0,1800.0,1,0.0,0.0,1.0,,1800.0,1.0,,1.0,0.0,1,,First-time,9806300000000.0,India,False,False
XYZ Luxury,2026-08-02 00:00:00+00:00,INR,XYZ Luxury - magic checkout,2026-08-02 05:52:22+00:00,2026-08-02 05:52:22+00:00,2026-08-02 05:52:23+00:00,7586470000000.0,#4491,India,India,India,Goa,North Goa,"Magic, upi",8592080000000.0,Chand Hair Clips Pair,"Bestseller_18sep, desc addition, eoss_02jun, EOSS_jan26, occasion",Default Title,10762.78,10762.78,11000.0,1,0.0,0.0,1.0,,10762.78,1.0,,1.0,0.0,1,,First-time,9806450000000.0,India,False,False
XYZ Luxury,2026-08-02 00:00:00+00:00,INR,XYZ Luxury - magic checkout,2026-08-02 07:06:55+00:00,2026-08-02 07:06:55+00:00,2026-08-03 07:48:47+00:00,7586580000000.0,#4492,India,India,India,Maharashtra,Pune,"Magic, upi",9478450000000.0,Sundri Pearl Necklace Only,"17-04, 22j, 9jul, category_necklace, sale-28",Default Title,12870.0,12870.0,12870.0,1,0.0,0.0,1.0,,12870.0,1.0,,1.0,0.0,1,,First-time,9806540000000.0,India,False,False
XYZ Luxury,2026-08-02 00:00:00+00:00,INR,XYZ Luxury - magic checkout,2026-08-02 07:24:57+00:00,2026-08-02 07:24:57+00:00,2026-08-03 07:56:16+00:00,7586610000000.0,#4493,India,India,India,Telangana,Medak,"card, Magic",9567640000000.0,Dil Bangle Pair,"16ap, 17-04, 24akk, 9jul, Ready to ship-26",02-Aug,3960.0,3960.0,3960.0,1,0.0,0.0,1.0,,3960.0,,1.0,1.0,0.0,1,,Returning,9695100000000.0,India,False,False
XYZ Luxury,2026-08-02 00:00:00+00:00,INR,XYZ Luxury - magic checkout,2026-08-02 08:56:39+00:00,2026-08-02 08:56:39+00:00,2026-08-02 09:40:40+00:00,7586740000000.0,#4494,India,India,India,Haryana,Gurgaon,"Magic, razorpay_partial_cod, upi",9615690000000.0,Meenu Choker Set,"24akk, 9jul",Default Title,9240.0,9240.0,9240.0,1,0.0,0.0,1.0,,9240.0,1.0,,1.0,0.0,1,,First-time,9806680000000.0,India,False,False
XYZ Luxury,2026-08-02 00:00:00+00:00,INR,Draft Orders,2026-08-02 12:59:26+00:00,2026-08-02 12:59:26+00:00,2026-08-03 08:04:35+00:00,7587140000000.0,#4495,India,India,India,Andhra Pradesh,Vijayawada,,,,,,18920.0,17028.0,17028.0,1,0.0,0.0,1.0,,17028.0,1.0,,1.0,1892.0,1,,First-time,9807030000000.0,India,True,False
XYZ Luxury,2026-08-02 00:00:00+00:00,INR,Draft Orders,2026-08-02 13:04:23+00:00,2026-08-02 13:04:24+00:00,2026-08-03 09:23:31+00:00,7587150000000.0,#4497,India,India,India,Karnataka,Bengaluru,,,,,,11500.0,11500.0,11500.0,1,0.0,0.0,1.0,,11500.0,,1.0,1.0,0.0,1,,Returning,8333250000000.0,India,True,False
XYZ Luxury,2026-08-02 00:00:00+00:00,INR,XYZ Luxury - magic checkout,2026-08-02 13:01:30+00:00,2026-08-02 13:01:30+00:00,2026-08-03 08:12:40+00:00,7587150000000.0,#4496,India,India,India,Uttar Pradesh,Gautam Buddha Nagar,"Magic, razorpay_partial_cod, upi",9677590000000.0,Matarmala Haar,,Default Title,18500.0,18500.0,18500.0,1,0.0,0.0,1.0,,18500.0,,1.0,1.0,0.0,1,,Returning,8782480000000.0,India,False,False
XYZ Luxury,2026-08-02 00:00:00+00:00,INR,Draft Orders,2026-08-02 17:16:48+00:00,2026-08-02 17:16:49+00:00,2026-08-05 08:06:20+00:00,7587740000000.0,#4498,India,India,India,Punjab,Kharrar,,9474390000000.0,zaina pippal patti set,"17-04, 17f, 22j, 9jul, category_necklace, sale-28",Default Title,14190.0,14190.0,14190.0,1,0.0,0.0,1.0,,14190.0,,1.0,1.0,0.0,1,,Returning,9805450000000.0,India,False,False
XYZ Luxury,2026-08-02 00:00:00+00:00,INR,XYZ Luxury - magic checkout,2026-08-02 17:53:49+00:00,2026-08-02 17:53:49+00:00,2026-08-03 10:27:49+00:00,7587840000000.0,#4499,United States,USA,United States,Nebraska,Omaha,"card, Magic",9008480000000.0,Moti Mahal Lottan,"category_earring, eoss_02jun, EOSS_jan26",Default Title,12523.5,12523.5,12523.5,1,0.0,0.0,1.0,,12523.5,,1.0,1.0,0.0,1,,Returning,8669620000000.0,India,False,False
XYZ Luxury,2026-08-03 00:00:00+00:00,INR,XYZ Luxury - magic checkout,2026-08-03 07:28:40+00:00,2026-08-03 07:28:40+00:00,2026-08-03 10:03:40+00:00,7589140000000.0,#4500,India,India,India,Haryana,Rohtak,"Magic, upi",9631280000000.0,Veena Choker Set,"9jul, hp_rts09may, Ready to ship-26",Default Title,6000.0,6000.0,6000.0,1,0.0,0.0,1.0,,6000.0,1.0,,1.0,0.0,1,,First-time,9808660000000.0,India,False,False
XYZ Luxury,2026-08-03 00:00:00+00:00,INR,XYZ Luxury - magic checkout,2026-08-03 08:44:49+00:00,2026-08-03 08:44:49+00:00,2026-08-03 09:54:16+00:00,7589220000000.0,#4501,India,India,India,Karnataka,Bengaluru,"Magic, razorpay_partial_cod, upi",9627600000000.0,Heer bracelet,"10june.., 24akk, 9jul, Ready to ship-26",Default Title,2400.0,2400.0,2400.0,1,0.0,0.0,1.0,,2400.0,1.0,,1.0,0.0,1,,First-time,9804770000000.0,India,False,False
XYZ Luxury,2026-08-03 00:00:00+00:00,INR,XYZ Luxury - magic checkout,2026-08-03 09:47:01+00:00,2026-08-03 09:47:01+00:00,2026-08-03 10:13:51+00:00,7589300000000.0,#4502,India,India,India,Karnataka,BANGALORE,"Magic, razorpay_partial_cod, upi",9627590000000.0,Rennu Chain,"24akk, 9jul, hp_rts09may, Ready to ship-26",Default Title,1800.0,1800.0,1800.0,1,0.0,0.0,1.0,,1800.0,,1.0,1.0,0.0,1,,Returning,8870420000000.0,India,False,False
XYZ Luxury,2026-08-03 00:00:00+00:00,INR,XYZ Luxury - magic checkout,2026-08-03 10:17:03+00:00,2026-08-03 10:17:03+00:00,2026-08-04 10:35:26+00:00,7589340000000.0,#4503,India,India,India,Delhi,New delhi,"Magic, upi",9570740000000.0,Emreen Earrings,"24akk, 9jul, Ready to ship-26",Default Title,6600.0,6600.0,6600.0,1,0.0,0.0,1.0,,6600.0,1.0,,1.0,0.0,1,,First-time,9809090000000.0,India,False,False
XYZ Luxury,2026-08-03 00:00:00+00:00,INR,XYZ Luxury - magic checkout,2026-08-03 11:34:51+00:00,2026-08-03 11:34:51+00:00,2026-08-04 10:50:30+00:00,7589450000000.0,#4504,India,India,India,Assam,Guwahati,"Magic, upi",9567620000000.0,Morni Bangles Pair,"16ap, 17-04, 24akk, 9jul, Ready to ship-26",02-Jun,9900.0,9900.0,9900.0,1,0.0,0.0,1.0,,9900.0,1.0,,1.0,0.0,1,,First-time,9809270000000.0,India,False,False
XYZ Luxury,2026-08-03 00:00:00+00:00,INR,XYZ Luxury - magic checkout,2026-08-03 11:55:22+00:00,2026-08-03 11:55:22+00:00,2026-08-04 10:11:59+00:00,7589480000000.0,#4505,India,India,India,Haryana,Faridabad,"Additional Notes, Magic, upi",8916240000000.0,Haafiz Antique Bangles 4pc,"17-04, 22j, 3july-backup-dis, 9jul, Bestseller_18sep, category_bangles, eoss_02jun, EOSS_jan26, hp_rts09may, Ready to ship-26, sale-28, Silver Bangles",02-Apr,4165.92,4165.92,4165.92,1,0.0,0.0,1.0,,4165.92,1.0,,1.0,0.0,1,,First-time,9809290000000.0,India,False,False
XYZ Luxury,2026-08-03 00:00:00+00:00,INR,XYZ Luxury - magic checkout,2026-08-03 12:47:33+00:00,2026-08-03 12:47:33+00:00,2026-08-04 08:27:01+00:00,7589570000000.0,#4506,India,India,India,Punjab,Machhiwara Sahib,"Magic, upi",9627590000000.0,Rennu Chain,"24akk, 9jul, hp_rts09may, Ready to ship-26",Default Title,1800.0,1800.0,1800.0,1,0.0,0.0,1.0,,1800.0,1.0,,1.0,0.0,1,,First-time,9809380000000.0,India,False,False
XYZ Luxury,2026-08-03 00:00:00+00:00,INR,XYZ Luxury - magic checkout,2026-08-03 13:13:54+00:00,2026-08-03 13:13:54+00:00,2026-08-04 12:18:09+00:00,7589610000000.0,#4507,India,India,India,Goa,South Goa,"Magic, upi",9639670000000.0,Dinki Stud,"22j, 22ju, 9jul, hp_rts09may, Ready to ship-26",Default Title,1800.0,1800.0,1800.0,1,0.0,0.0,1.0,,1800.0,1.0,,1.0,0.0,1,,First-time,9809420000000.0,India,False,False
XYZ Luxury,2026-08-03 00:00:00+00:00,INR,XYZ Luxury - magic checkout,2026-08-03 13:50:44+00:00,2026-08-03 13:50:44+00:00,2026-08-04 09:58:40+00:00,7589680000000.0,#4508,India,India,India,Uttar Pradesh,Agra,"Magic, upi",8917180000000.0,MadhuBala Bangles Pair,"17-04, 22j, 3july-backup-dis, 9jul, Bestseller_18sep, category_bangles, eoss_02jun, EOSS_jan26, hp_rts09may, Ready to ship-26, sale-28, Silver Bangles",02-Jun,7514.1,7514.1,7514.1,1,0.0,0.0,1.0,,7514.1,1.0,,1.0,0.0,1,,First-time,9809440000000.0,India,False,False
XYZ Luxury,2026-08-04 00:00:00+00:00,INR,XYZ Luxury - magic checkout,2026-08-03 19:06:23+00:00,2026-08-03 19:06:23+00:00,2026-08-04 10:06:29+00:00,7590340000000.0,#4509,India,India,India,Madhya Pradesh,Bhopal,"Magic, razorpay_partial_cod, upi",8917180000000.0,MadhuBala Bangles Pair,"17-04, 22j, 3july-backup-dis, 9jul, Bestseller_18sep, category_bangles, eoss_02jun, EOSS_jan26, hp_rts09may, Ready to ship-26, sale-28, Silver Bangles",02-Jun,7514.1,7514.1,7514.1,1,0.0,0.0,1.0,,7514.1,1.0,,1.0,0.0,1,,First-time,9810150000000.0,India,False,False
XYZ Luxury,2026-08-04 00:00:00+00:00,INR,XYZ Luxury - magic checkout,2026-08-03 20:01:57+00:00,2026-08-03 20:01:57+00:00,2026-08-04 08:19:58+00:00,7590440000000.0,#4510,India,India,India,Punjab,Amritsar,"card, Magic",9478440000000.0,Suhair Ruby Mint Set,"17-04, 20-02, 22j, 9jul, category_necklace, Ready to ship-26, sale-28",Default Title,9570.0,9570.0,9570.0,1,0.0,0.0,1.0,,9570.0,1.0,,1.0,0.0,1,,First-time,9692470000000.0,India,False,False
XYZ Luxury,2026-08-04 00:00:00+00:00,INR,XYZ Luxury - magic checkout,2026-08-03 21:14:21+00:00,2026-08-03 21:14:21+00:00,2026-08-03 21:14:22+00:00,7590550000000.0,#4511,Australia,Rest of the World,Australia,New South Wales,Epping,"Magic, wallet",8924030000000.0,Antique Gold Studs,"3july-backup-dis, category_earring, eoss_02jun, EOSS_jan26",Default Title,8349.0,8349.0,8349.0,1,0.0,0.0,1.0,,8349.0,1.0,,1.0,0.0,1,,First-time,9810320000000.0,Australia,False,False
XYZ Luxury,2026-08-04 00:00:00+00:00,INR,XYZ Luxury - magic checkout,2026-08-03 21:25:12+00:00,2026-08-03 21:25:12+00:00,2026-08-03 21:25:13+00:00,7590560000000.0,#4512,Australia,Rest of the World,Australia,New South Wales,Epping,"Magic, wallet",8924030000000.0,Antique Gold Studs,"3july-backup-dis, category_earring, eoss_02jun, EOSS_jan26",Default Title,8349.0,8349.0,8349.0,1,0.0,0.0,1.0,,8349.0,,1.0,1.0,0.0,1,,Returning,9810320000000.0,Australia,False,False
XYZ Luxury,2026-08-04 00:00:00+00:00,INR,XYZ Luxury - magic checkout,2026-08-03 22:58:58+00:00,2026-08-03 22:58:58+00:00,2026-08-06 09:26:44+00:00,7590670000000.0,#4513,India,India,India,Punjab,Amritsar,"Additional Notes, Magic, razorpay_partial_cod, upi",9008420000000.0,Nabha Earrings,"category_earring, eoss_02jun, EOSS_jan26",Default Title,17245.39,17245.39,18150.0,1,0.0,0.0,1.0,,17245.39,1.0,,1.0,0.0,1,,First-time,9810440000000.0,India,False,False
XYZ Luxury,2026-08-04 00:00:00+00:00,INR,XYZ Luxury - magic checkout,2026-08-04 05:04:04+00:00,2026-08-04 05:04:04+00:00,2026-08-04 07:29:17+00:00,7591260000000.0,#4514,India,India,India,Gujarat,Ahmedabad,"Magic, upi",9639670000000.0,Rimpi Waliyaan,"9jul, hp_rts09may, Ready to ship-26",Default Title,3000.0,3000.0,3000.0,1,0.0,0.0,1.0,,3000.0,1.0,,1.0,0.0,1,,First-time,9810910000000.0,India,False,False
XYZ Luxury,2026-08-04 00:00:00+00:00,INR,XYZ Luxury - magic checkout,2026-08-04 05:26:53+00:00,2026-08-04 05:26:53+00:00,2026-08-04 09:28:40+00:00,7591290000000.0,#4515,India,India,India,Haryana,Panchkula,"Magic, razorpay_partial_cod, upi",9563990000000.0,Pippal Patti Waliyaan,"22j, 9jul, Ready to ship-26, sale-28",Default Title,3960.0,3960.0,3960.0,1,0.0,0.0,1.0,,3960.0,1.0,,1.0,0.0,1,,First-time,9810010000000.0,India,False,False
XYZ Luxury,2026-08-04 00:00:00+00:00,INR,XYZ Luxury - magic checkout,2026-08-04 06:34:37+00:00,2026-08-04 06:34:37+00:00,2026-08-04 09:44:22+00:00,7591380000000.0,#4516,India,India,India,Chandigarh,Chandigarh,"card, Magic, razorpay_partial_cod",9627600000000.0,Ramya Bracelet,"10june.., 24akk, 9jul, Ready to ship-26",Default Title,1800.0,1800.0,1800.0,1,0.0,0.0,1.0,,1800.0,1.0,,1.0,0.0,1,,First-time,9811020000000.0,India,False,False
XYZ Luxury,2026-08-04 00:00:00+00:00,INR,XYZ Luxury - magic checkout,2026-08-04 08:05:14+00:00,2026-08-04 08:05:14+00:00,2026-08-04 09:37:42+00:00,7591490000000.0,#4517,India,India,India,Punjab,Mohali,"Magic, upi",9631280000000.0,Noor Waliyaan,"9jul, hp_rts09may, OFFER, Ready to ship-26",Default Title,1920.0,1920.0,1920.0,1,0.0,0.0,1.0,,1920.0,1.0,,1.0,0.0,1,,First-time,9811120000000.0,India,False,False
XYZ Luxury,2026-08-04 00:00:00+00:00,INR,XYZ Luxury - magic checkout,2026-08-04 09:00:49+00:00,2026-08-04 09:00:49+00:00,2026-08-04 09:31:18+00:00,7591560000000.0,#4518,India,India,India,Uttar Pradesh,Unnao,"Magic, upi",9474300000000.0,rubina choker set,"17-04, 17f, 22j, 9jul, category_choker, category_necklace, Ready to ship-26, sale-28",Default Title,9240.0,9240.0,9240.0,1,0.0,0.0,1.0,,9240.0,1.0,,1.0,0.0,1,,First-time,9811160000000.0,India,False,False
XYZ Luxury,2026-08-04 00:00:00+00:00,INR,XYZ Luxury - magic checkout,2026-08-04 10:15:11+00:00,2026-08-04 10:15:11+00:00,2026-08-04 12:27:46+00:00,7591650000000.0,#4519,India,India,India,West Bengal,Darjiling,"card, Magic",9570740000000.0,Emreen Earrings,"24akk, 9jul, Ready to ship-26",Default Title,6600.0,6600.0,6600.0,1,0.0,0.0,1.0,,6600.0,1.0,,1.0,0.0,1,,First-time,9811270000000.0,India,False,False
XYZ Luxury,2026-08-04 00:00:00+00:00,INR,XYZ Luxury - magic checkout,2026-08-04 11:10:32+00:00,2026-08-04 11:10:32+00:00,2026-08-05 05:34:59+00:00,7591730000000.0,#4520,India,India,India,Punjab,Gurdaspur,"Magic, razorpay_partial_cod, upi",9478430000000.0,Areej Antique Pearl Set,"17-04, 20-02, 22j, 9jul, category_necklace, Ready to ship-26, sale-28",Default Title,3366.0,3366.0,3366.0,1,0.0,0.0,1.0,,3366.0,1.0,,1.0,0.0,1,,First-time,9811330000000.0,India,False,False
XYZ Luxury,2026-08-04 00:00:00+00:00,INR,XYZ Luxury - magic checkout,2026-08-04 12:41:13+00:00,2026-08-04 12:41:13+00:00,2026-08-05 06:05:11+00:00,7591860000000.0,#4521,India,India,India,Karnataka,Bengaluru,"card, Magic",9639670000000.0,Niko Waliyaan,"24akk, 9jul, hp_rts09may, OFFER, Ready to ship-26",Default Title,1800.0,1800.0,1800.0,1,0.0,0.0,1.0,,1800.0,1.0,,1.0,0.0,1,,First-time,9811430000000.0,India,False,False
XYZ Luxury,2026-08-04 00:00:00+00:00,INR,XYZ Luxury - magic checkout,2026-08-04 14:03:56+00:00,2026-08-04 14:03:56+00:00,2026-08-05 06:12:40+00:00,7592020000000.0,#4522,India,India,India,West Bengal,Kolkata,"Magic, upi",9639670000000.0,Rimpi Waliyaan,"9jul, hp_rts09may, Ready to ship-26",Default Title,3000.0,3000.0,3000.0,1,0.0,0.0,1.0,,3000.0,1.0,,1.0,0.0,1,,First-time,9811590000000.0,India,False,False
XYZ Luxury,2026-08-04 00:00:00+00:00,INR,XYZ Luxury - magic checkout,2026-08-04 14:54:59+00:00,2026-08-04 14:54:59+00:00,2026-08-05 05:39:42+00:00,7592120000000.0,#4523,India,India,India,Karnataka,Bengaluru,"Magic, upi",9478430000000.0,Areej Antique Pearl Set,"17-04, 20-02, 22j, 9jul, category_necklace, Ready to ship-26, sale-28",Default Title,3366.0,3366.0,3366.0,1,0.0,0.0,1.0,,3366.0,1.0,,1.0,0.0,1,,First-time,9811670000000.0,India,False,False
XYZ Luxury,2026-08-04 00:00:00+00:00,INR,XYZ Luxury - magic checkout,2026-08-04 16:21:34+00:00,2026-08-04 16:21:34+00:00,2026-08-04 16:21:35+00:00,7592320000000.0,#4524,India,India,India,Delhi,West Delhi,"Magic, upi",9475730000000.0,Malika Ruby Mint Necklace Set,"17-04, 18-02, 22j, 9jul, category_necklace, sale-28",Default Title,12870.0,12870.0,12870.0,1,0.0,0.0,1.0,,12870.0,1.0,,1.0,0.0,1,,First-time,9811820000000.0,India,False,False
XYZ Luxury,2026-08-04 00:00:00+00:00,INR,XYZ Luxury - magic checkout,2026-08-04 17:04:05+00:00,2026-08-04 17:04:05+00:00,2026-08-05 06:30:46+00:00,7592430000000.0,#4525,India,India,India,Himachal Pradesh,Kotgarh,"Magic, razorpay_partial_cod, upi",9631270000000.0,Reena Waliyaan,"24akk, 9jul, hp_rts09may, OFFER, Ready to ship-26",Default Title,2400.0,2400.0,2400.0,1,0.0,0.0,1.0,,2400.0,1.0,,1.0,0.0,1,,First-time,9811890000000.0,India,False,False
XYZ Luxury,2026-08-04 00:00:00+00:00,INR,Draft Orders,2026-08-04 17:25:13+00:00,2026-08-04 17:25:13+00:00,2026-08-05 13:18:58+00:00,7592480000000.0,#4526,United Kingdom,Rest of the World,United Kingdom,England,Manchester,,8768090000000.0,Gulzar Groom Sehra,"desc addition, eoss_02jun, EOSS_jan26",Default Title,48950.0,44055.0,44055.0,1,0.0,0.0,1.0,,44055.0,1.0,,1.0,4895.0,1,,First-time,8248370000000.0,United Kingdom,False,False
XYZ Luxury,2026-08-04 00:00:00+00:00,INR,XYZ Luxury - magic checkout,2026-08-04 17:32:20+00:00,2026-08-04 17:32:20+00:00,2026-08-04 17:34:54+00:00,7592500000000.0,#4527,United States,USA,United States,Arizona,Tucson,"card, Magic",9419680000000.0,Panjabi Pippal patti earrings,category_earring,Default Title,15950.0,15950.0,15950.0,1,0.0,0.0,1.0,,15950.0,1.0,,1.0,0.0,1,,First-time,9811960000000.0,United States,False,False
XYZ Luxury,2026-08-04 00:00:00+00:00,INR,XYZ Luxury - magic checkout,2026-08-04 18:12:36+00:00,2026-08-04 18:12:36+00:00,2026-08-05 05:44:48+00:00,7592590000000.0,#4528,India,India,India,Delhi,Central Delhi,"Magic, upi",9478430000000.0,Areej Antique Pearl Set,"17-04, 20-02, 22j, 9jul, category_necklace, Ready to ship-26, sale-28",Default Title,3366.0,3366.0,3366.0,1,0.0,0.0,1.0,,3366.0,1.0,,1.0,0.0,1,,First-time,9812030000000.0,India,False,False
XYZ Luxury,2026-08-05 00:00:00+00:00,INR,XYZ Luxury - magic checkout,2026-08-04 18:46:09+00:00,2026-08-04 18:46:09+00:00,2026-08-04 18:46:10+00:00,7592660000000.0,#4529,India,India,India,Delhi,East Delhi,"Magic, upi",9643180000000.0,Nasibo Choker Set,"24akk, 9jul, hp_rts09may, Ready to ship-26",Default Title,9295.93,9295.93,9900.0,1,0.0,0.0,1.0,,9295.93,1.0,,1.0,0.0,1,,First-time,9812080000000.0,India,False,False
XYZ Luxury,2026-08-05 00:00:00+00:00,INR,XYZ Luxury - magic checkout,2026-08-04 21:35:45+00:00,2026-08-04 21:35:45+00:00,2026-08-05 06:23:46+00:00,7592960000000.0,#4530,India,India,India,Maharashtra,Mira Bhayandar,"Magic, upi",9639670000000.0,Rimpi Waliyaan,"9jul, hp_rts09may, Ready to ship-26",Default Title,3000.0,3000.0,3000.0,1,0.0,0.0,1.0,,3000.0,1.0,,1.0,0.0,1,,First-time,9812430000000.0,India,False,False
XYZ Luxury,2026-08-05 00:00:00+00:00,INR,Draft Orders,2026-08-05 03:46:58+00:00,2026-08-05 03:46:58+00:00,2026-08-08 23:07:12+00:00,7593470000000.0,#4531,United States,USA,United States,California,Stockton,,9474300000000.0,rubina choker set,"17-04, 17f, 22j, 9jul, category_choker, category_necklace, Ready to ship-26, sale-28",Default Title,9240.0,9240.0,9240.0,1,0.0,0.0,1.0,,9240.0,1.0,,1.0,0.0,1,,First-time,9813340000000.0,United States,False,False
XYZ Luxury,2026-08-05 00:00:00+00:00,INR,XYZ Luxury - magic checkout,2026-08-05 04:59:52+00:00,2026-08-05 04:59:52+00:00,2026-08-05 04:59:53+00:00,7593630000000.0,#4532,India,India,India,Delhi,South West Delhi,"Magic, upi",9614310000000.0,Rina Passa,"24akk, 9jul, hp_rts09may, Ready to ship-26",Default Title,9900.0,9900.0,9900.0,1,0.0,0.0,1.0,,9900.0,1.0,,1.0,0.0,1,,First-time,9813450000000.0,India,False,False
XYZ Luxury,2026-08-05 00:00:00+00:00,INR,XYZ Luxury - magic checkout,2026-08-05 06:31:17+00:00,2026-08-05 06:31:17+00:00,2026-08-05 06:31:18+00:00,7593770000000.0,#4533,Australia,Rest of the World,Australia,New South Wales,Glenwood,"card, Magic",9676380000000.0,Ronak Lottan Earrings,ak-04-08,Default Title,6000.0,6000.0,6000.0,1,0.0,0.0,1.0,,6000.0,,1.0,1.0,0.0,1,,Returning,8137210000000.0,Australia,False,False
XYZ Luxury,2026-08-05 00:00:00+00:00,INR,Draft Orders,2026-08-05 06:55:12+00:00,2026-08-05 06:55:12+00:00,2026-08-05 06:55:13+00:00,7593790000000.0,#4534,Canada,Rest of the World,Canada,Alberta,Edmonton,,9478430000000.0,Areej Antique Pearl Set,"17-04, 20-02, 22j, 9jul, category_necklace, Ready to ship-26, sale-28",Default Title,3366.0,3366.0,3366.0,1,0.0,0.0,1.0,,3366.0,1.0,,1.0,0.0,1,,First-time,9810700000000.0,Canada,False,False
XYZ Luxury,2026-08-05 00:00:00+00:00,INR,XYZ Luxury - magic checkout,2026-08-05 08:20:47+00:00,2026-08-05 08:20:47+00:00,2026-08-05 08:20:48+00:00,7593900000000.0,#4535,India,India,India,Tamil Nadu,Chennai,"Magic, upi",9639670000000.0,Niko Waliyaan,"24akk, 9jul, hp_rts09may, OFFER, Ready to ship-26",Default Title,1800.0,1800.0,1800.0,1,0.0,0.0,1.0,,1800.0,1.0,,1.0,0.0,1,,First-time,9813640000000.0,India,False,False
XYZ Luxury,2026-08-05 00:00:00+00:00,INR,XYZ Luxury - magic checkout,2026-08-05 08:43:08+00:00,2026-08-05 08:43:08+00:00,2026-08-05 08:43:09+00:00,7593920000000.0,#4536,India,India,India,Maharashtra,Mumbai Subueban,"Magic, upi",9568070000000.0,Zara Double Chain,"16ap, 17-04, 24akk, 9jul",Default Title,6600.0,6600.0,6600.0,1,0.0,0.0,1.0,,6600.0,1.0,,1.0,0.0,1,,First-time,9813720000000.0,India,False,False
XYZ Luxury,2026-08-05 00:00:00+00:00,INR,Draft Orders,2026-08-05 10:14:21+00:00,2026-08-05 10:14:22+00:00,2026-08-06 17:28:54+00:00,7594190000000.0,#4537,India,India,India,Maharashtra,Mumbai,,,,,,27500.0,27500.0,27500.0,1,0.0,0.0,1.0,,27500.0,1.0,,1.0,0.0,1,,First-time,9813960000000.0,India,True,False
XYZ Luxury,2026-08-05 00:00:00+00:00,INR,Draft Orders,2026-08-05 13:35:00+00:00,2026-08-05 13:35:00+00:00,2026-08-08 14:23:08+00:00,7595220000000.0,#4538,United States,USA,United States,New York,Ransomville,,8924000000000.0,Nawab Kalgi,"eoss_02jun, EOSS_jan26",Default Title,27134.8,27134.8,27134.8,1,0.0,0.0,1.0,,27134.8,1.0,,1.0,0.0,1,,First-time,9813800000000.0,United States,False,False
XYZ Luxury,2026-08-05 00:00:00+00:00,INR,XYZ Luxury - magic checkout,2026-08-05 15:26:51+00:00,2026-08-05 15:26:51+00:00,2026-08-05 15:26:52+00:00,7595450000000.0,#4539,India,India,India,Karnataka,Bengaluru,"Magic, upi",9639670000000.0,Rimpi Waliyaan,"9jul, hp_rts09may, Ready to ship-26",Default Title,3000.0,3000.0,3000.0,1,0.0,0.0,1.0,,3000.0,1.0,,1.0,0.0,1,,First-time,9777290000000.0,India,False,False
XYZ Luxury,2026-08-05 00:00:00+00:00,INR,XYZ Luxury - magic checkout,2026-08-05 16:53:09+00:00,2026-08-05 16:53:09+00:00,2026-08-05 16:53:10+00:00,7595660000000.0,#4540,India,India,India,Punjab,Jalandhar,"card, Magic",9224500000000.0,Ghungroo Bangles Pair,"17-04, 22j, 9jul, category_bangles, Clearance Sale, EOSS_jan26, Ready to ship-26, sale-28",02-Apr,3076.27,3076.27,3630.0,1,0.0,0.0,1.0,,3076.27,1.0,,1.0,0.0,1,,First-time,8568210000000.0,India,False,False
XYZ Luxury,2026-08-06 00:00:00+00:00,INR,XYZ Luxury - magic checkout,2026-08-05 19:23:13+00:00,2026-08-05 19:23:13+00:00,2026-08-05 19:23:14+00:00,7595990000000.0,#4541,India,India,India,Punjab,Amritsar,"Magic, razorpay_partial_cod, upi",9631280000000.0,Noor Waliyaan,"9jul, hp_rts09may, OFFER, Ready to ship-26",Default Title,1920.0,1920.0,1920.0,1,0.0,0.0,1.0,,1920.0,1.0,,1.0,0.0,1,,First-time,9815580000000.0,India,False,False
XYZ Luxury,2026-08-06 00:00:00+00:00,INR,XYZ Luxury - magic checkout,2026-08-05 19:28:35+00:00,2026-08-05 19:28:35+00:00,2026-08-05 19:28:36+00:00,7596000000000.0,#4542,India,India,India,Punjab,Amritsar,"Magic, razorpay_partial_cod, upi",9639670000000.0,Dinki Stud,"22j, 22ju, 9jul, hp_rts09may, Ready to ship-26",Default Title,1800.0,1800.0,1800.0,1,0.0,0.0,1.0,,1800.0,,1.0,1.0,0.0,1,,Returning,9815580000000.0,India,False,False
XYZ Luxury,2026-08-06 00:00:00+00:00,INR,XYZ Luxury - magic checkout,2026-08-05 19:31:39+00:00,2026-08-05 19:31:39+00:00,2026-08-05 19:31:40+00:00,7596000000000.0,#4543,India,India,India,Punjab,Amritsar,"Magic, razorpay_partial_cod, upi",9639670000000.0,Niko Waliyaan,"24akk, 9jul, hp_rts09may, OFFER, Ready to ship-26",Default Title,1800.0,1800.0,1800.0,1,0.0,0.0,1.0,,1800.0,,1.0,1.0,0.0,1,,Returning,9815580000000.0,India,False,False
XYZ Luxury,2026-08-06 00:00:00+00:00,INR,XYZ Luxury - magic checkout,2026-08-05 19:50:33+00:00,2026-08-05 19:50:33+00:00,2026-08-05 19:50:34+00:00,7596040000000.0,#4544,United Kingdom,Rest of the World,United Kingdom,England,Hounslow,"card, Magic",8924020000000.0,Raunaq Antique Bangles,"17-04, 22j, 3july-backup-dis, 9jul, Bestseller_18sep, category_bangles, eoss_02jun, EOSS_jan26, hp_rts09may, Ready to ship-26, sale-28, Silver Bangles",02-Jun,4165.92,4165.92,4165.92,1,0.0,0.0,1.0,,4165.92,1.0,,1.0,0.0,1,,First-time,8519930000000.0,United Kingdom,False,False
XYZ Luxury,2026-08-06 00:00:00+00:00,INR,XYZ Luxury - magic checkout,2026-08-05 20:22:46+00:00,2026-08-05 20:22:46+00:00,2026-08-05 20:22:47+00:00,7596100000000.0,#4545,India,India,India,Assam,Golaghat,"Magic, razorpay_partial_cod, upi",9570720000000.0,Nikko Waliyaan,09-Jul,Default Title,1980.0,1980.0,1980.0,1,0.0,0.0,1.0,,1980.0,1.0,,1.0,0.0,1,,First-time,9796310000000.0,India,False,False
XYZ Luxury,2026-08-06 00:00:00+00:00,INR,XYZ Luxury - magic checkout,2026-08-06 03:57:42+00:00,2026-08-06 03:57:42+00:00,2026-08-06 03:57:43+00:00,7596730000000.0,#4546,India,India,India,Punjab,S.A.S NAGAR,"Magic, razorpay_partial_cod, upi",9627590000000.0,Rennu Chain,"24akk, 9jul, hp_rts09may, Ready to ship-26",Default Title,1800.0,1800.0,1800.0,1,0.0,0.0,1.0,,1800.0,,1.0,1.0,0.0,1,,Returning,9690370000000.0,India,False,False
XYZ Luxury,2026-08-06 00:00:00+00:00,INR,XYZ Luxury - magic checkout,2026-08-06 05:25:21+00:00,2026-08-06 05:25:21+00:00,2026-08-06 05:25:22+00:00,7596920000000.0,#4547,India,India,India,Karnataka,Bengaluru,"Magic, upi",9631280000000.0,Noor Waliyaan,"9jul, hp_rts09may, OFFER, Ready to ship-26",Default Title,1920.0,1920.0,1920.0,1,0.0,0.0,1.0,,1920.0,1.0,,1.0,0.0,1,,First-time,9816350000000.0,India,False,False
XYZ Luxury,2026-08-06 00:00:00+00:00,INR,XYZ Luxury - magic checkout,2026-08-06 06:28:10+00:00,2026-08-06 06:28:10+00:00,2026-08-06 06:28:11+00:00,7597000000000.0,#4548,United States,USA,United States,Washington,Kent,"card, Magic",9570740000000.0,Emreen Earrings,"24akk, 9jul, Ready to ship-26",Default Title,6600.0,6600.0,6600.0,1,0.0,0.0,1.0,,6600.0,1.0,,1.0,0.0,1,,First-time,9803720000000.0,United States,False,False
XYZ Luxury,2026-08-06 00:00:00+00:00,INR,XYZ Luxury - magic checkout,2026-08-06 07:19:55+00:00,2026-08-06 07:19:55+00:00,2026-08-06 07:19:55+00:00,7597060000000.0,#4549,India,India,India,Punjab,Nabha,"Magic, razorpay_partial_cod, upi",9627590000000.0,Rennu Chain,"24akk, 9jul, hp_rts09may, Ready to ship-26",Default Title,1800.0,1800.0,1800.0,1,0.0,0.0,1.0,,1800.0,,1.0,1.0,0.0,1,,Returning,9710770000000.0,India,False,False
XYZ Luxury,2026-08-06 00:00:00+00:00,INR,XYZ Luxury - magic checkout,2026-08-06 16:31:32+00:00,2026-08-06 16:31:32+00:00,2026-08-06 16:31:33+00:00,7597980000000.0,#4550,Canada,Rest of the World,Canada,Alberta,Edmonton,"card, Magic",9419530000000.0,Rukmani Payal Pair,"16ak, 17-04, 22j, 9jul, category_payal, Ready to ship-26, sale-28",Default Title,6600.0,6600.0,6600.0,1,0.0,0.0,1.0,,6600.0,,1.0,1.0,0.0,1,,Returning,8379270000000.0,Canada,False,False
XYZ Luxury,2026-08-06 00:00:00+00:00,INR,Draft Orders,2026-08-06 16:53:36+00:00,2026-08-06 16:53:36+00:00,2026-08-07 09:58:15+00:00,7598040000000.0,#4551,India,India,India,Punjab,Ludhiana,,9574310000000.0,Ranjhana Choker Set,"24akk, 9jul",Mint,9570.0,9570.0,9570.0,1,0.0,0.0,1.0,,9570.0,1.0,,1.0,0.0,1,,First-time,9816380000000.0,India,False,False
XYZ Luxury,2026-08-06 00:00:00+00:00,INR,XYZ Luxury - magic checkout,2026-08-06 17:41:09+00:00,2026-08-06 17:41:09+00:00,2026-08-06 17:41:10+00:00,7598150000000.0,#4552,India,India,India,Maharashtra,nagpur,"Magic, upi",9627590000000.0,Rennu Chain,"24akk, 9jul, hp_rts09may, Ready to ship-26",Default Title,1800.0,1800.0,1800.0,1,0.0,0.0,1.0,,1800.0,1.0,,1.0,0.0,1,,First-time,9817610000000.0,India,False,False
XYZ Luxury,2026-08-07 00:00:00+00:00,INR,XYZ Luxury - magic checkout,2026-08-06 19:38:48+00:00,2026-08-06 19:38:48+00:00,2026-08-06 19:38:49+00:00,7598390000000.0,#4553,India,India,India,Uttarakhand,Dehradun,"Magic, upi",9418090000000.0,Ruby Emerald Bangles Pair,"16ak, 17-04, 22j, 9jul, category_bangles, Ready to ship-26, sale-28",02-Aug,5940.0,5940.0,5940.0,1,0.0,0.0,1.0,,5940.0,1.0,,1.0,0.0,1,,First-time,9817810000000.0,India,False,False
XYZ Luxury,2026-08-07 00:00:00+00:00,INR,Draft Orders,2026-08-07 00:59:11+00:00,2026-08-07 00:59:12+00:00,2026-08-07 00:59:46+00:00,7599410000000.0,#4554,India,India,India,,Srinagar,,9419680000000.0,Mishri Necklace Set,category_necklace,Default Title,32450.0,29205.0,29205.0,1,0.0,0.0,1.0,,29205.0,1.0,,1.0,3245.0,1,,First-time,9818790000000.0,India,False,False
XYZ Luxury,2026-08-07 00:00:00+00:00,INR,XYZ Luxury - magic checkout,2026-08-07 03:29:25+00:00,2026-08-07 03:29:25+00:00,2026-08-07 03:29:25+00:00,7599630000000.0,#4555,India,India,India,Delhi,South West Delhi,"Magic, upi",9474310000000.0,iffat choker set,"17-04, 17f, 22j, 9jul, sale-28",Default Title,9240.0,9240.0,9240.0,1,0.0,0.0,1.0,,9240.0,1.0,,1.0,0.0,1,,First-time,8361610000000.0,India,False,False
XYZ Luxury,2026-08-07 00:00:00+00:00,INR,XYZ Luxury - magic checkout,2026-08-07 05:44:34+00:00,2026-08-07 05:44:34+00:00,2026-08-07 05:44:34+00:00,7599880000000.0,#4556,India,India,India,Haryana,Kaithal,"Magic, razorpay_partial_cod, upi",9475730000000.0,Malika Ruby Mint Necklace Set,"17-04, 18-02, 22j, 9jul, category_necklace, sale-28",Default Title,12870.0,12870.0,12870.0,1,0.0,0.0,1.0,,12870.0,1.0,,1.0,0.0,1,,First-time,9819150000000.0,India,False,False
XYZ Luxury,2026-08-07 00:00:00+00:00,INR,XYZ Luxury - magic checkout,2026-08-07 07:24:47+00:00,2026-08-07 07:24:47+00:00,2026-08-07 07:24:47+00:00,7600270000000.0,#4557,India,India,India,Delhi,South West Delhi,"Magic, upi",9639670000000.0,Moto Waliyaan,"22j, 22ju, 9jul, hp_rts09may, OFFER, Ready to ship-26",Default Title,1800.0,1800.0,1800.0,1,0.0,0.0,1.0,,1800.0,1.0,,1.0,0.0,1,,First-time,9819450000000.0,India,False,False
XYZ Luxury,2026-08-07 00:00:00+00:00,INR,XYZ Luxury - magic checkout,2026-08-07 08:07:46+00:00,2026-08-07 08:07:46+00:00,2026-08-07 08:07:47+00:00,7600360000000.0,#4558,United States,USA,United States,Colorado,Aurora,"card, Magic",9219610000000.0,Nargis Jhumar,EOSS_jan26,Default Title,21450.0,21450.0,21450.0,1,0.0,0.0,1.0,,21450.0,1.0,,1.0,0.0,1,,First-time,9796230000000.0,United States,False,False
XYZ Luxury,2026-08-07 00:00:00+00:00,INR,Draft Orders,2026-08-07 10:07:53+00:00,2026-08-07 10:07:53+00:00,2026-08-07 10:08:30+00:00,7600500000000.0,#4559,India,India,India,Maharashtra,Mumbai,,8916240000000.0,Haafiz Antique Bangles 4pc,"17-04, 22j, 3july-backup-dis, 9jul, Bestseller_18sep, category_bangles, eoss_02jun, EOSS_jan26, hp_rts09may, Ready to ship-26, sale-28, Silver Bangles",02-Apr,4165.92,4165.92,4165.92,1,0.0,0.0,1.0,,4165.92,1.0,,1.0,0.0,1,,First-time,9819540000000.0,India,False,False
XYZ Luxury,2026-08-07 00:00:00+00:00,INR,XYZ Luxury - magic checkout,2026-08-07 10:15:35+00:00,2026-08-07 10:15:35+00:00,2026-08-07 10:15:36+00:00,7600510000000.0,#4560,India,India,India,West Bengal,Serampur Uttarpara,"Magic, razorpay_partial_cod, upi",9639670000000.0,Niko Waliyaan,"24akk, 9jul, hp_rts09may, OFFER, Ready to ship-26",Default Title,1800.0,1800.0,1800.0,1,0.0,0.0,1.0,,1800.0,,1.0,1.0,0.0,1,,Returning,8192520000000.0,India,False,False
XYZ Luxury,2026-08-07 00:00:00+00:00,INR,XYZ Luxury - magic checkout,2026-08-07 12:11:24+00:00,2026-08-07 12:11:24+00:00,2026-08-07 12:11:25+00:00,7600670000000.0,#4561,India,India,India,Maharashtra,MUMBAI,"Magic, razorpay_partial_cod, upi",9631280000000.0,Noor Waliyaan,"9jul, hp_rts09may, OFFER, Ready to ship-26",Default Title,1920.0,1920.0,1920.0,1,0.0,0.0,1.0,,1920.0,1.0,,1.0,0.0,1,,First-time,9819780000000.0,India,False,False
XYZ Luxury,2026-08-07 00:00:00+00:00,INR,XYZ Luxury - magic checkout,2026-08-07 12:31:46+00:00,2026-08-07 12:31:46+00:00,2026-08-07 12:31:47+00:00,7600710000000.0,#4562,India,India,India,Telangana,Hyderabad,"Magic, upi",9475740000000.0,Mehar Earrings,"17-04, 18-02, 22j, 9jul, category_earring, Ready to ship-26, sale-28",Default Title,8250.0,8250.0,8250.0,1,0.0,0.0,1.0,,8250.0,1.0,,1.0,0.0,1,,First-time,9819820000000.0,India,False,False
XYZ Luxury,2026-08-07 00:00:00+00:00,INR,XYZ Luxury - magic checkout,2026-08-07 14:10:40+00:00,2026-08-07 14:10:40+00:00,2026-08-07 14:15:56+00:00,7600890000000.0,#4563,India,India,India,Haryana,Gurugram,"card, Magic",9643180000000.0,Zeenat Jadau Set,"24akk, 9jul, hp_rts09may, Ready to ship-26",Default Title,9300.0,9300.0,9300.0,1,0.0,0.0,1.0,,9300.0,1.0,,1.0,0.0,1,,First-time,9810630000000.0,India,False,False
XYZ Luxury,2026-08-07 00:00:00+00:00,INR,XYZ Luxury - magic checkout,2026-08-07 14:45:55+00:00,2026-08-07 14:45:55+00:00,2026-08-07 14:45:56+00:00,7600960000000.0,#4564,India,India,India,Uttar Pradesh,Aligarh,"Magic, razorpay_partial_cod, upi",9474390000000.0,panna studs,"17-04, 17f, 22j, 9jul, category_earring, sale-28",Default Title,4620.0,4620.0,4620.0,1,0.0,0.0,1.0,,4620.0,,1.0,1.0,0.0,1,,Returning,9626910000000.0,India,False,False
XYZ Luxury,2026-08-07 00:00:00+00:00,INR,XYZ Luxury - magic checkout,2026-08-07 15:32:03+00:00,2026-08-07 15:32:03+00:00,2026-08-07 15:32:04+00:00,7601130000000.0,#4565,India,India,India,Punjab,Jalandhar,"Magic, razorpay_partial_cod, upi",8923250000000.0,Namar Atique Bangles,"17-04, 22j, 3july-backup-dis, 9jul, Bestseller_18sep, category_bangles, eoss_02jun, EOSS_jan26, hp_rts09may, Ready to ship-26, sale-28, Silver Bangles",02-Apr,7514.1,7514.1,7514.1,1,0.0,0.0,1.0,,7514.1,1.0,,1.0,0.0,1,,First-time,9819750000000.0,India,False,False
XYZ Luxury,2026-08-07 00:00:00+00:00,INR,Draft Orders,2026-08-07 16:38:26+00:00,2026-08-07 16:38:27+00:00,2026-08-07 16:38:28+00:00,7601340000000.0,#4566,India,India,India,Jammu and Kashmir,Srinagar,,8913180000000.0,Moti Mahal Ring,"Bestseller_18sep, eoss_02jun, EOSS_jan26",Default Title,6600.0,6600.0,6600.0,1,0.0,0.0,1.0,,6600.0,1.0,,1.0,0.0,1,,First-time,9820230000000.0,India,False,False
XYZ Luxury,2026-08-07 00:00:00+00:00,INR,XYZ Luxury - magic checkout,2026-08-07 17:05:14+00:00,2026-08-07 17:05:14+00:00,2026-08-07 17:05:15+00:00,7601410000000.0,#4567,India,India,India,Madhya Pradesh,Hoshangabad,"Magic, upi",9475730000000.0,Malika Ruby Mint Necklace Set,"17-04, 18-02, 22j, 9jul, category_necklace, sale-28",Default Title,12870.0,12870.0,12870.0,1,0.0,0.0,1.0,,12870.0,1.0,,1.0,0.0,1,,First-time,9820290000000.0,India,False,False
XYZ Luxury,2026-08-07 00:00:00+00:00,INR,XYZ Luxury - magic checkout,2026-08-07 17:42:04+00:00,2026-08-07 17:42:04+00:00,2026-08-07 17:42:04+00:00,7601510000000.0,#4568,India,India,India,Punjab,Mohali,"Magic, upi",9631420000000.0,Mala Choker Set,"9jul, hp_rts09may",Default Title,6000.0,6000.0,6000.0,1,0.0,0.0,1.0,,6000.0,1.0,,1.0,0.0,1,,First-time,8638920000000.0,India,False,False
XYZ Luxury,2026-08-08 00:00:00+00:00,INR,XYZ Luxury - magic checkout,2026-08-08 04:09:00+00:00,2026-08-08 04:09:00+00:00,2026-08-08 04:09:02+00:00,7602640000000.0,#4569,India,India,India,Punjab,Gurdaspur,"Magic, upi",9631280000000.0,Veena Choker Set,"9jul, hp_rts09may, Ready to ship-26",Default Title,6000.0,6000.0,6000.0,1,0.0,0.0,1.0,,6000.0,1.0,,1.0,0.0,1,,First-time,9821200000000.0,India,False,False
XYZ Luxury,2026-08-08 00:00:00+00:00,INR,Draft Orders,2026-08-08 05:45:37+00:00,2026-08-08 05:45:37+00:00,2026-08-10 11:01:23+00:00,7602830000000.0,#4570,India,India,India,West Bengal,Kolkata,,9631270000000.0,Reena Waliyaan,"24akk, 9jul, hp_rts09may, OFFER, Ready to ship-26",Default Title,2400.0,2400.0,2400.0,1,0.0,0.0,1.0,,2400.0,1.0,,1.0,0.0,1,,First-time,9800220000000.0,India,False,False
XYZ Luxury,2026-08-08 00:00:00+00:00,INR,XYZ Luxury - magic checkout,2026-08-08 05:50:19+00:00,2026-08-08 05:50:19+00:00,2026-08-08 05:50:20+00:00,7602840000000.0,#4571,India,India,India,Jammu and Kashmir,Rajauri,"Magic, upi",9478430000000.0,Areej Antique Pearl Set,"17-04, 20-02, 22j, 9jul, category_necklace, Ready to ship-26, sale-28",Default Title,3366.0,3366.0,3366.0,1,0.0,0.0,1.0,,3366.0,1.0,,1.0,0.0,1,,First-time,9821320000000.0,India,False,False
XYZ Luxury,2026-08-08 00:00:00+00:00,INR,XYZ Luxury - magic checkout,2026-08-08 06:10:00+00:00,2026-08-08 06:10:00+00:00,2026-08-08 06:10:01+00:00,7602860000000.0,#4572,India,India,India,Maharashtra,Parbhani,"Magic, upi",9676430000000.0,Ghungroo Taveet,,Default Title,8500.0,8500.0,8500.0,1,0.0,0.0,1.0,,8500.0,1.0,,1.0,0.0,1,,First-time,9821350000000.0,India,False,False
XYZ Luxury,2026-08-08 00:00:00+00:00,INR,XYZ Luxury - magic checkout,2026-08-08 07:05:48+00:00,2026-08-08 07:05:48+00:00,2026-08-08 07:05:49+00:00,7602930000000.0,#4573,India,India,India,Telangana,Hyderabad,"Magic, razorpay_partial_cod, upi",9561820000000.0,Rangoli Hasli Only,09-Jul,Default Title,9570.0,9570.0,9570.0,1,0.0,0.0,1.0,,9570.0,1.0,,1.0,0.0,1,,First-time,9821410000000.0,India,False,False
XYZ Luxury,2026-08-08 00:00:00+00:00,INR,XYZ Luxury - magic checkout,2026-08-08 08:48:40+00:00,2026-08-08 08:48:40+00:00,2026-08-08 08:48:41+00:00,7603060000000.0,#4574,India,India,India,Delhi,North West Delhi,"Magic, razorpay_partial_cod, upi",8924020000000.0,Sabina Bangles Set,"17-04, 22j, 3july-backup-dis, 9jul, Bestseller_18sep, category_bangles, eoss_02jun, EOSS_jan26, hp_rts09may, Ready to ship-26, sale-28, Silver Bangles",02-Aug,4165.92,4165.92,4165.92,1,0.0,0.0,1.0,,4165.92,1.0,,1.0,0.0,1,,First-time,8466870000000.0,India,False,False
XYZ Luxury,2026-08-08 00:00:00+00:00,INR,XYZ Luxury - magic checkout,2026-08-08 14:57:09+00:00,2026-08-08 14:57:09+00:00,2026-08-10 12:31:23+00:00,7603750000000.0,#4575,India,India,India,Uttar Pradesh,Ghaziabad,"Magic, upi",8149440000000.0,Samaira Nath (with piercing),"Bestseller_18sep, bride_t, desc addition, eoss_02jun, EOSS_jan26",Default Title,22000.0,22000.0,22000.0,1,0.0,0.0,1.0,,22000.0,1.0,,1.0,0.0,1,,First-time,9821430000000.0,India,False,False
XYZ Luxury,2026-08-08 00:00:00+00:00,INR,XYZ Luxury - magic checkout,2026-08-08 15:37:24+00:00,2026-08-08 15:37:24+00:00,2026-08-08 16:49:42+00:00,7603860000000.0,#4576,India,India,India,Haryana,Karnal,"Magic, upi",9627600000000.0,Jasmine Bracelet,"10june.., 24akk, 9jul, Ready to ship-26",Default Title,1800.0,1800.0,1800.0,1,0.0,0.0,1.0,,1800.0,1.0,,1.0,0.0,1,,First-time,9822180000000.0,India,False,False
XYZ Luxury,2026-08-08 00:00:00+00:00,INR,XYZ Luxury - magic checkout,2026-08-08 16:44:05+00:00,2026-08-08 16:44:05+00:00,2026-08-08 16:44:06+00:00,7604050000000.0,#4577,India,India,India,Uttarakhand,Dehradun,"Magic, upi",9419560000000.0,Neeta Payal Pair,"16ak, 17-04, 22j, 9jul, category_payal, Ready to ship-26, sale-28",Default Title,5610.0,5610.0,5610.0,1,0.0,0.0,1.0,,5610.0,,1.0,1.0,0.0,1,,Returning,9817810000000.0,India,False,False
XYZ Luxury,2026-08-08 00:00:00+00:00,INR,XYZ Luxury - magic checkout,2026-08-08 17:03:38+00:00,2026-08-08 17:03:38+00:00,2026-08-10 06:10:36+00:00,7604100000000.0,#4578,India,India,India,Punjab,Patiala,"Magic, upi",9614860000000.0,Rakhi pippal patti choker,"24akk, 9jul, hp_rts09may",Default Title,9174.0,9174.0,9174.0,1,0.0,0.0,1.0,,9174.0,1.0,,1.0,0.0,1,,First-time,9821160000000.0,India,False,False
XYZ Luxury,2026-08-08 00:00:00+00:00,INR,XYZ Luxury - magic checkout,2026-08-08 17:12:40+00:00,2026-08-08 17:12:40+00:00,2026-08-08 17:12:40+00:00,7604120000000.0,#4579,India,India,India,Delhi,South Delhi,"Magic, razorpay_partial_cod, upi",9408480000000.0,Mehak Earrings,"17-04, 22j, 9jul, av-07jan26, category_earring, EOSS_jan26, Ready to ship-26, sale-28",Default Title,4620.0,4620.0,4620.0,1,0.0,0.0,1.0,,4620.0,,1.0,1.0,0.0,1,,Returning,8768270000000.0,India,False,False
XYZ Luxury,2026-08-08 00:00:00+00:00,INR,XYZ Luxury - magic checkout,2026-08-08 17:33:16+00:00,2026-08-08 17:33:16+00:00,2026-08-08 17:33:17+00:00,7604180000000.0,#4580,India,India,India,Uttar Pradesh,Gautam Buddha Nagar,"card, Magic",9478430000000.0,Areej Antique Pearl Set,"17-04, 20-02, 22j, 9jul, category_necklace, Ready to ship-26, sale-28",Default Title,3366.0,3366.0,3366.0,1,0.0,0.0,1.0,,3366.0,1.0,,1.0,0.0,1,,First-time,9822400000000.0,India,False,False
XYZ Luxury,2026-08-09 00:00:00+00:00,INR,XYZ Luxury - magic checkout,2026-08-08 19:32:22+00:00,2026-08-08 19:32:22+00:00,2026-08-08 19:32:23+00:00,7604470000000.0,#4581,India,India,India,Maharashtra,Mumbai Subueban,"card, Magic",9478430000000.0,Areej Antique Pearl Set,"17-04, 20-02, 22j, 9jul, category_necklace, Ready to ship-26, sale-28",Default Title,3366.0,3366.0,3366.0,1,0.0,0.0,1.0,,3366.0,1.0,,1.0,0.0,1,,First-time,9817630000000.0,India,False,False
XYZ Luxury,2026-08-09 00:00:00+00:00,INR,XYZ Luxury - magic checkout,2026-08-09 03:56:15+00:00,2026-08-09 03:56:15+00:00,2026-08-09 03:56:16+00:00,7605360000000.0,#4582,India,India,India,Punjab,Amritsar,"Magic, upi",9639670000000.0,Moto Waliyaan,"22j, 22ju, 9jul, BUY ANY 3 FOR 4999, hp_rts09may, OFFER, Ready to ship-26",Default Title,1800.0,1800.0,1800.0,1,0.0,0.0,1.0,,1800.0,1.0,,1.0,0.0,1,,First-time,9816610000000.0,India,False,False
XYZ Luxury,2026-08-09 00:00:00+00:00,INR,XYZ Luxury - magic checkout,2026-08-09 06:04:13+00:00,2026-08-09 06:04:13+00:00,2026-08-09 06:04:13+00:00,7605620000000.0,#4584,India,India,India,Uttar Pradesh,Lucknow,"Magic, upi",9631280000000.0,Rinki Waliyaan,"9jul, BUY ANY 3 FOR 4999, hp_rts09may, Ready to ship-26",Default Title,1800.0,1800.0,1800.0,1,0.0,0.0,1.0,,1800.0,1.0,,1.0,0.0,1,,First-time,9823480000000.0,India,False,False
XYZ Luxury,2026-08-09 00:00:00+00:00,INR,XYZ Luxury - magic checkout,2026-08-09 06:01:12+00:00,2026-08-09 06:01:12+00:00,2026-08-11 07:12:44+00:00,7605620000000.0,#4583,India,India,India,Uttarakhand,District Nainital,"Magic, upi",9639670000000.0,Rimpi Waliyaan,"9jul, hp_rts09may, Ready to ship-26",Default Title,3000.0,3000.0,3000.0,1,0.0,0.0,1.0,,3000.0,1.0,,1.0,0.0,1,,First-time,9759540000000.0,India,False,False
XYZ Luxury,2026-08-09 00:00:00+00:00,INR,XYZ Luxury - magic checkout,2026-08-09 06:09:15+00:00,2026-08-09 06:09:15+00:00,2026-08-09 06:09:16+00:00,7605630000000.0,#4585,India,India,India,Odisha,Khorda,"Magic, razorpay_partial_cod, upi",9639670000000.0,Surya Stud,"9jul, hp_rts09may",Default Title,2100.0,2100.0,2100.0,1,0.0,0.0,1.0,,2100.0,1.0,,1.0,0.0,1,,First-time,9823490000000.0,India,False,False
XYZ Luxury,2026-08-09 00:00:00+00:00,INR,XYZ Luxury - magic checkout,2026-08-09 06:14:53+00:00,2026-08-09 06:14:53+00:00,2026-08-09 06:14:54+00:00,7605640000000.0,#4586,India,India,India,Maharashtra,Pune,"Magic, upi",9631280000000.0,Noor Waliyaan,"9jul, BUY ANY 3 FOR 4999, hp_rts09may, OFFER, Ready to ship-26",Default Title,1920.0,1920.0,1920.0,1,0.0,0.0,1.0,,1920.0,1.0,,1.0,0.0,1,,First-time,9823500000000.0,India,False,False
XYZ Luxury,2026-08-09 00:00:00+00:00,INR,XYZ Luxury - magic checkout,2026-08-09 06:16:29+00:00,2026-08-09 06:16:29+00:00,2026-08-09 06:16:30+00:00,7605640000000.0,#4587,India,India,India,Maharashtra,Nagpur,"Magic, razorpay_partial_cod, upi",9639670000000.0,Rimpi Waliyaan,"9jul, hp_rts09may, Ready to ship-26",Default Title,3000.0,3000.0,3000.0,1,0.0,0.0,1.0,,3000.0,1.0,,1.0,0.0,1,,First-time,8315310000000.0,India,False,False
XYZ Luxury,2026-08-09 00:00:00+00:00,INR,XYZ Luxury - magic checkout,2026-08-09 06:29:22+00:00,2026-08-09 06:29:22+00:00,2026-08-09 06:29:23+00:00,7605660000000.0,#4588,India,India,India,Haryana,Gurgaon,"card, Magic",8924030000000.0,Antique Gold Studs,"3july-backup-dis, category_earring, eoss_02jun, EOSS_jan26",Default Title,8349.0,8349.0,8349.0,1,0.0,0.0,1.0,,8349.0,1.0,,1.0,0.0,1,,First-time,9823510000000.0,India,False,False
XYZ Luxury,2026-08-09 00:00:00+00:00,INR,XYZ Luxury - magic checkout,2026-08-09 06:41:22+00:00,2026-08-09 06:41:22+00:00,2026-08-09 06:41:23+00:00,7605680000000.0,#4589,India,India,India,Haryana,Faridabad,"Magic, razorpay_partial_cod, upi",9627590000000.0,Rennu Chain,"24akk, 9jul, BUY ANY 3 FOR 4999, hp_rts09may, Ready to ship-26",Default Title,1800.0,1800.0,1800.0,1,0.0,0.0,1.0,,1800.0,1.0,,1.0,0.0,1,,First-time,9823530000000.0,India,False,False
XYZ Luxury,2026-08-09 00:00:00+00:00,INR,Draft Orders,2026-08-09 06:50:59+00:00,2026-08-09 06:50:59+00:00,2026-08-12 08:30:48+00:00,7605690000000.0,#4590,India,India,India,Karnataka,Bangalore,QR_COD_Confirmed,9419530000000.0,Rukmani Payal Pair,"16ak, 17-04, 22j, 9jul, category_payal, Ready to ship-26, sale-28",Default Title,6600.0,6600.0,6600.0,1,0.0,0.0,1.0,,6600.0,1.0,,1.0,0.0,1,,First-time,9823540000000.0,India,False,False
XYZ Luxury,2026-08-09 00:00:00+00:00,INR,XYZ Luxury - magic checkout,2026-08-09 07:15:08+00:00,2026-08-09 07:15:08+00:00,2026-08-12 08:21:28+00:00,7605730000000.0,#4591,India,India,India,Haryana,Hisar,"Additional Notes, Magic, razorpay_partial_cod, upi",8710100000000.0,Rani Waaaliyaan,"category_earring, desc addition, eoss_02jun, EOSS_jan26",Default Title,12650.0,12650.0,12650.0,1,0.0,0.0,1.0,,12650.0,1.0,,1.0,0.0,1,,First-time,9809260000000.0,India,False,False
XYZ Luxury,2026-08-09 00:00:00+00:00,INR,XYZ Luxury - magic checkout,2026-08-09 07:40:26+00:00,2026-08-09 07:40:26+00:00,2026-08-09 07:40:27+00:00,7605760000000.0,#4592,India,India,India,Maharashtra,Mumbai,"Magic, upi",9408440000000.0,Mona Jhumki Earrings,"17-04, 22j, 9jul, category_earring, Ready to ship-26, sale-28",Default Title,5940.0,5940.0,5940.0,1,0.0,0.0,1.0,,5940.0,1.0,,1.0,0.0,1,,First-time,9823600000000.0,India,False,False
XYZ Luxury,2026-08-09 00:00:00+00:00,INR,Draft Orders,2026-08-09 11:45:41+00:00,2026-08-09 11:45:42+00:00,2026-08-10 14:35:01+00:00,7606150000000.0,#4593,India,India,India,Haryana,Panchkula,,9478430000000.0,Areej Antique Pearl Set,"17-04, 20-02, 22j, 9jul, category_necklace, Ready to ship-26, sale-28",Default Title,3366.0,3366.0,3366.0,1,0.0,0.0,1.0,,3366.0,1.0,,1.0,0.0,1,,First-time,9823930000000.0,India,False,False
XYZ Luxury,2026-08-09 00:00:00+00:00,INR,XYZ Luxury - magic checkout,2026-08-09 15:06:22+00:00,2026-08-09 15:06:22+00:00,2026-08-09 15:06:22+00:00,7606580000000.0,#4594,India,India,India,Karnataka,BANGALORE,"Magic, upi",9419680000000.0,Mishri Necklace Set,category_necklace,Default Title,32450.0,32450.0,32450.0,1,0.0,0.0,1.0,,32450.0,1.0,,1.0,0.0,1,,First-time,9824280000000.0,India,False,False
XYZ Luxury,2026-08-09 00:00:00+00:00,INR,XYZ Luxury - magic checkout,2026-08-09 15:48:05+00:00,2026-08-09 15:48:05+00:00,2026-08-11 07:09:55+00:00,7606680000000.0,#4595,India,India,India,Delhi,North West Delhi,"Magic, razorpay_partial_cod, upi",9639670000000.0,Rimpi Waliyaan,"9jul, hp_rts09may, Ready to ship-26",Default Title,3000.0,3000.0,3000.0,1,0.0,0.0,1.0,,3000.0,1.0,,1.0,0.0,1,,First-time,9820290000000.0,India,False,False
XYZ Luxury,2026-08-09 00:00:00+00:00,INR,XYZ Luxury - magic checkout,2026-08-09 17:12:10+00:00,2026-08-09 17:12:10+00:00,2026-08-09 17:12:11+00:00,7606900000000.0,#4596,Canada,Rest of the World,Canada,British Columbia,Kelowna,"card, Magic",8745340000000.0,Sutlej Hair Pins Pair,"Bestseller_18sep, desc addition, eoss_02jun, EOSS_jan26",Default Title,12650.0,12650.0,12650.0,1,0.0,0.0,1.0,,12650.0,1.0,,1.0,0.0,1,,First-time,9820920000000.0,Canada,False,False
XYZ Luxury,2026-08-09 00:00:00+00:00,INR,XYZ Luxury - magic checkout,2026-08-09 17:31:04+00:00,2026-08-09 17:31:04+00:00,2026-08-09 17:31:05+00:00,7606950000000.0,#4597,India,India,India,Gujarat,Kachchh,"Magic, upi",9478430000000.0,Areej Antique Pearl Set,"17-04, 20-02, 22j, 9jul, category_necklace, Ready to ship-26, sale-28",Default Title,3366.0,3366.0,3366.0,1,0.0,0.0,1.0,,3366.0,1.0,,1.0,0.0,1,,First-time,9819530000000.0,India,False,False
XYZ Luxury,2026-08-09 00:00:00+00:00,INR,XYZ Luxury - magic checkout,2026-08-09 17:31:40+00:00,2026-08-09 17:31:40+00:00,2026-08-09 17:31:41+00:00,7606950000000.0,#4598,India,India,India,Uttar Pradesh,Ghaziabad,"card, Magic",9639670000000.0,Queen Necklace set,"22j, 22ju, 9jul, hp_rts09may, Ready to ship-26",Default Title,6000.0,6000.0,6000.0,1,0.0,0.0,1.0,,6000.0,1.0,,1.0,0.0,1,,First-time,9644590000000.0,India,False,False
XYZ Luxury,2026-08-10 00:00:00+00:00,INR,XYZ Luxury - magic checkout,2026-08-09 19:14:41+00:00,2026-08-09 19:14:41+00:00,2026-08-09 19:14:43+00:00,7607190000000.0,#4599,India,India,India,Karnataka,Bengaluru,"card, Magic",9631280000000.0,Noor Waliyaan,"9jul, BUY ANY 3 FOR 4999, hp_rts09may, OFFER, Ready to ship-26",Default Title,1920.0,1920.0,1920.0,1,0.0,0.0,1.0,,1920.0,1.0,,1.0,0.0,1,,First-time,9819750000000.0,India,False,False
XYZ Luxury,2026-08-10 00:00:00+00:00,INR,XYZ Luxury - magic checkout,2026-08-09 20:17:04+00:00,2026-08-09 20:17:04+00:00,2026-08-13 07:01:40+00:00,7607330000000.0,#4600,India,India,India,Jammu and Kashmir,Srinagar,"Magic, upi",9008530000000.0,Shabnam Choker Set,"Bestseller_18sep, bride_t, category_choker, eoss_02jun, EOSS_jan26",Default Title,24351.8,24351.8,24351.8,1,0.0,0.0,1.0,,24351.8,1.0,,1.0,0.0,1,,First-time,9824830000000.0,India,False,False
XYZ Luxury,2026-08-10 00:00:00+00:00,INR,XYZ Luxury - magic checkout,2026-08-09 22:25:47+00:00,2026-08-09 22:25:47+00:00,2026-08-11 07:33:04+00:00,7607510000000.0,#4601,Canada,Rest of the World,Canada,Ontario,Windsor,"Magic, wallet",9563990000000.0,Pippal Patti Waliyaan,"22j, 9jul, BUY ANY 2 FOR 7999, Ready to ship-26, sale-28",Default Title,3960.0,3960.0,3960.0,1,0.0,0.0,1.0,,3960.0,1.0,,1.0,0.0,1,,First-time,9825000000000.0,Canada,False,False
XYZ Luxury,2026-08-10 00:00:00+00:00,INR,Draft Orders,2026-08-10 04:36:33+00:00,2026-08-10 04:36:34+00:00,2026-08-10 04:36:35+00:00,7608080000000.0,#4602,United States,USA,United States,California,Valencia,,9474300000000.0,rubina choker set,"17-04, 17f, 22j, 9jul, category_choker, category_necklace, Ready to ship-26, sale-28",Default Title,9240.0,9240.0,9240.0,1,0.0,0.0,1.0,,9240.0,1.0,,1.0,0.0,1,,First-time,9703970000000.0,United States,False,False
XYZ Luxury,2026-08-10 00:00:00+00:00,INR,XYZ Luxury - magic checkout,2026-08-10 05:39:47+00:00,2026-08-10 05:39:47+00:00,2026-08-10 05:39:48+00:00,7608200000000.0,#4603,India,India,India,Haryana,PANIPAT,"Magic, razorpay_partial_cod, upi",9224500000000.0,Mannat HandPieces Pair,"category_hand pieces, Clearance Sale, EOSS_jan26",Default Title,14868.64,14868.64,17545.0,1,0.0,0.0,1.0,,14868.64,1.0,,1.0,0.0,1,,First-time,9825570000000.0,India,False,False
XYZ Luxury,2026-08-10 00:00:00+00:00,INR,XYZ Luxury - magic checkout,2026-08-10 06:17:37+00:00,2026-08-10 06:17:37+00:00,2026-08-10 06:17:38+00:00,7608260000000.0,#4604,India,India,India,Karnataka,Bengaluru,"Magic, upi",9639670000000.0,Niko Waliyaan,"24akk, 9jul, BUY ANY 3 FOR 4999, hp_rts09may, OFFER, Ready to ship-26",Default Title,1800.0,1800.0,1800.0,1,0.0,0.0,1.0,,1800.0,1.0,,1.0,0.0,1,,First-time,9825620000000.0,India,False,False
XYZ Luxury,2026-08-10 00:00:00+00:00,INR,XYZ Luxury - magic checkout,2026-08-10 07:17:40+00:00,2026-08-10 07:17:40+00:00,2026-08-10 07:17:41+00:00,7608330000000.0,#4605,Canada,Rest of the World,Canada,Ontario,Brampton,"card, Magic",9567650000000.0,Rida Choker Pippal Patti Set,,Default Title,41250.0,41250.0,41250.0,1,0.0,0.0,1.0,,41250.0,1.0,,1.0,0.0,1,,First-time,9793280000000.0,Canada,False,False
XYZ Luxury,2026-08-10 00:00:00+00:00,INR,XYZ Luxury - magic checkout,2026-08-10 10:05:13+00:00,2026-08-10 10:05:13+00:00,2026-08-10 10:05:14+00:00,7608520000000.0,#4606,India,India,India,Maharashtra,Mumbai,"Magic, upi",9478430000000.0,Areej Antique Pearl Set,"17-04, 20-02, 22j, 9jul, category_necklace, Ready to ship-26, sale-28",Default Title,3366.0,3366.0,3366.0,1,0.0,0.0,1.0,,3366.0,1.0,,1.0,0.0,1,,First-time,9825870000000.0,India,False,False
XYZ Luxury,2026-08-10 00:00:00+00:00,INR,Online Store,2026-08-10 11:17:50+00:00,2026-08-10 11:17:51+00:00,2026-08-10 11:17:52+00:00,7608620000000.0,#4607,India,India,India,Karnataka,Bangalore,,9639670000000.0,Niko Waliyaan,"24akk, 9jul, BUY ANY 3 FOR 4999, hp_rts09may, OFFER, Ready to ship-26",Default Title,1800.0,1800.0,1800.0,1,0.0,0.0,1.0,,1800.0,1.0,,1.0,0.0,1,direct,First-time,9825950000000.0,India,False,False
XYZ Luxury,2026-08-10 00:00:00+00:00,INR,XYZ Luxury - magic checkout,2026-08-10 15:19:56+00:00,2026-08-10 15:19:56+00:00,2026-08-10 15:19:57+00:00,7609080000000.0,#4608,India,India,India,Haryana,Gurgaon,"Magic, upi",9631280000000.0,Noor Waliyaan,"9jul, BUY ANY 3 FOR 4999, hp_rts09may, OFFER, Ready to ship-26",Default Title,1920.0,1920.0,1920.0,1,0.0,0.0,1.0,,1920.0,1.0,,1.0,0.0,1,,First-time,9826350000000.0,India,False,False
XYZ Luxury,2026-08-10 00:00:00+00:00,INR,XYZ Luxury - magic checkout,2026-08-10 15:35:17+00:00,2026-08-10 15:35:17+00:00,2026-08-10 15:35:17+00:00,7609120000000.0,#4609,India,India,India,Punjab,Ludhiana,"Magic, upi",9639670000000.0,Heer Waliyaan,"22j, 22ju, 9jul, BUY ANY 3 FOR 4999, hp_rts09may, Ready to ship-26",Default Title,1800.0,1800.0,1800.0,1,0.0,0.0,1.0,,1800.0,,1.0,1.0,0.0,1,,Returning,8823360000000.0,India,False,False
XYZ Luxury,2026-08-10 00:00:00+00:00,INR,Draft Orders,2026-08-10 16:04:15+00:00,2026-08-10 16:04:15+00:00,2026-08-12 05:35:31+00:00,7609180000000.0,#4610,India,India,India,Jammu and Kashmir,Srinagar,,9224500000000.0,Ranjhna Openable Bangles Pair,"17-04, 22j, 9jul, category_bangles, Clearance Sale, EOSS_jan26, Ready to ship-26, sale-28",02-Jun,7075.42,7075.42,8349.0,1,0.0,0.0,1.0,,7075.42,,1.0,1.0,0.0,1,,Returning,9820230000000.0,India,False,False
XYZ Luxury,2026-08-10 00:00:00+00:00,INR,XYZ Luxury - magic checkout,2026-08-10 16:11:50+00:00,2026-08-10 16:11:50+00:00,2026-08-10 16:11:51+00:00,7609200000000.0,#4611,India,India,India,Haryana,Ambala,"card, Magic",8924010000000.0,Ansari Gokhdu Bangles Pair,"17-04, 22j, 3july-backup-dis, 9jul, Bestseller_18sep, category_bangles, eoss_02jun, EOSS_jan26, hp_rts09may, Ready to ship-26, sale-28, Silver Bangles",02-Jun,7514.1,7514.1,7514.1,1,0.0,0.0,1.0,,7514.1,1.0,,1.0,0.0,1,,First-time,9819990000000.0,India,False,False
XYZ Luxury,2026-08-10 00:00:00+00:00,INR,XYZ Luxury - magic checkout,2026-08-10 16:37:29+00:00,2026-08-10 16:37:29+00:00,2026-08-13 09:38:00+00:00,7609260000000.0,#4612,India,India,India,Madhya Pradesh,Bhopal,"Magic, upi",9627610000000.0,Emreen Mathapatti,"24akk, 9jul, hp_rts09may, Ready to ship-26",Default Title,8700.0,8700.0,8700.0,1,0.0,0.0,1.0,,8700.0,,1.0,1.0,0.0,1,,Returning,8878580000000.0,India,False,False
XYZ Luxury,2026-08-10 00:00:00+00:00,INR,XYZ Luxury - magic checkout,2026-08-10 17:18:14+00:00,2026-08-10 17:18:15+00:00,2026-08-10 17:18:17+00:00,7609350000000.0,#4613,Canada,Rest of the World,Canada,Alberta,Calgary,,9643180000000.0,Zeenat Jadau Set,"24akk, 9jul, hp_rts09may, Ready to ship-26",Default Title,9300.0,9300.0,9300.0,1,0.0,0.0,1.0,,9300.0,1.0,,1.0,0.0,1,shopify_email,First-time,9825230000000.0,Canada,False,False
XYZ Luxury,2026-08-10 00:00:00+00:00,INR,XYZ Luxury - magic checkout,2026-08-10 17:21:06+00:00,2026-08-10 17:21:06+00:00,2026-08-11 05:52:53+00:00,7609360000000.0,#4614,India,India,India,Goa,North Goa,"card, Magic",9643180000000.0,Zeenat Jadau Set,"24akk, 9jul, hp_rts09may, Ready to ship-26",Default Title,9300.0,9300.0,9300.0,1,0.0,0.0,1.0,,9300.0,,1.0,1.0,0.0,1,,Returning,9679850000000.0,India,False,False
XYZ Luxury,2026-08-11 00:00:00+00:00,INR,XYZ Luxury - magic checkout,2026-08-10 18:31:02+00:00,2026-08-10 18:31:02+00:00,2026-08-11 13:59:56+00:00,7609510000000.0,#4615,India,India,India,Telangana,Hyderabad,"Magic, razorpay_partial_cod, upi",9639670000000.0,Rimpi Waliyaan,"9jul, BUY ANY 2 FOR 7999, hp_rts09may, Ready to ship-26",Default Title,3000.0,3000.0,3000.0,1,0.0,0.0,1.0,,3000.0,1.0,,1.0,0.0,1,,First-time,9807020000000.0,India,False,False
XYZ Luxury,2026-08-11 00:00:00+00:00,INR,XYZ Luxury - magic checkout,2026-08-11 00:17:19+00:00,2026-08-11 00:17:19+00:00,2026-08-11 06:54:27+00:00,7610030000000.0,#4616,India,India,India,Karnataka,Mysore,"Magic, upi",9639670000000.0,Rimpi Waliyaan,"9jul, BUY ANY 2 FOR 7999, hp_rts09may, Ready to ship-26",Default Title,3000.0,3000.0,3000.0,1,0.0,0.0,1.0,,3000.0,1.0,,1.0,0.0,1,,First-time,9827110000000.0,India,False,False
XYZ Luxury,2026-08-11 00:00:00+00:00,INR,XYZ Luxury - magic checkout,2026-08-11 02:28:41+00:00,2026-08-11 02:28:41+00:00,2026-08-11 07:38:55+00:00,7610210000000.0,#4617,India,India,India,Karnataka,Bangalore,"Magic, upi",9639670000000.0,Rimpi Waliyaan,"9jul, BUY ANY 2 FOR 7999, hp_rts09may, Ready to ship-26",Default Title,3000.0,3000.0,3000.0,1,0.0,0.0,1.0,,3000.0,1.0,,1.0,0.0,1,,First-time,9827280000000.0,India,False,False
XYZ Luxury,2026-08-11 00:00:00+00:00,INR,XYZ Luxury - magic checkout,2026-08-11 03:38:02+00:00,2026-08-11 03:38:02+00:00,2026-08-14 06:04:33+00:00,7610340000000.0,#4618,India,India,India,Punjab,Hoshiarpur,"Magic, razorpay_partial_cod, upi",9478440000000.0,Suhair Ruby Mint Set,"17-04, 20-02, 22j, 9jul, category_necklace, Ready to ship-26, sale-28",Default Title,9570.0,9570.0,9570.0,1,0.0,0.0,1.0,,9570.0,1.0,,1.0,0.0,1,,First-time,9827360000000.0,India,False,False
XYZ Luxury,2026-08-11 00:00:00+00:00,INR,XYZ Luxury - magic checkout,2026-08-11 05:38:39+00:00,2026-08-11 05:38:39+00:00,2026-08-11 05:38:40+00:00,7610550000000.0,#4619,India,India,India,Chandigarh,Chandighar,"Magic, upi",9639670000000.0,Moto Waliyaan,"22j, 22ju, 9jul, BUY ANY 3 FOR 4999, hp_rts09may, OFFER, Ready to ship-26",Default Title,1800.0,1800.0,1800.0,1,0.0,0.0,1.0,,1800.0,1.0,,1.0,0.0,1,,First-time,9827500000000.0,India,False,False
XYZ Luxury,2026-08-11 00:00:00+00:00,INR,XYZ Luxury - magic checkout,2026-08-11 06:05:31+00:00,2026-08-11 06:05:31+00:00,2026-08-11 06:59:05+00:00,7610590000000.0,#4620,India,India,India,Delhi,New Delhi,"card, Magic",9639670000000.0,Rimpi Waliyaan,"9jul, BUY ANY 2 FOR 7999, hp_rts09may, Ready to ship-26",Default Title,3000.0,3000.0,3000.0,1,0.0,0.0,1.0,,3000.0,1.0,,1.0,0.0,1,,First-time,9827550000000.0,India,False,False
XYZ Luxury,2026-08-11 00:00:00+00:00,INR,XYZ Luxury - magic checkout,2026-08-11 07:05:02+00:00,2026-08-11 07:05:02+00:00,2026-08-11 07:05:02+00:00,7610650000000.0,#4621,India,India,India,Chandigarh,Chandigarh,"Magic, upi",9478430000000.0,Areej Antique Pearl Set,"17-04, 20-02, 22j, 9jul, category_necklace, Ready to ship-26, sale-28",Default Title,3366.0,3366.0,3366.0,1,0.0,0.0,1.0,,3366.0,,1.0,1.0,0.0,1,,Returning,9753880000000.0,India,False,False
XYZ Luxury,2026-08-11 00:00:00+00:00,INR,XYZ Luxury - magic checkout,2026-08-11 08:48:51+00:00,2026-08-11 08:48:51+00:00,2026-08-11 08:48:52+00:00,7610810000000.0,#4622,India,India,India,Himachal Pradesh,Solan,"Magic, upi",9631280000000.0,Noor Waliyaan,"9jul, BUY ANY 3 FOR 4999, hp_rts09may, OFFER, Ready to ship-26",Default Title,1920.0,1920.0,1920.0,1,0.0,0.0,1.0,,1920.0,1.0,,1.0,0.0,1,,First-time,9827720000000.0,India,False,False
XYZ Luxury,2026-08-11 00:00:00+00:00,INR,XYZ Luxury - magic checkout,2026-08-11 09:03:31+00:00,2026-08-11 09:03:31+00:00,2026-08-11 09:03:32+00:00,7610850000000.0,#4623,India,India,India,Haryana,Gurugram,"Magic, upi",9627590000000.0,Rita Chain,"10june.., 24akk, 9jul, BUY ANY 3 FOR 4999, Ready to ship-26",Default Title,2400.0,2400.0,2400.0,1,0.0,0.0,1.0,,2400.0,1.0,,1.0,0.0,1,,First-time,9827740000000.0,India,False,False
XYZ Luxury,2026-08-11 00:00:00+00:00,INR,XYZ Luxury - magic checkout,2026-08-11 09:06:21+00:00,2026-08-11 09:06:21+00:00,2026-08-11 09:06:22+00:00,7610850000000.0,#4624,India,India,India,Haryana,Gurgaon,"Magic, upi",9478430000000.0,Areej Antique Pearl Set,"17-04, 20-02, 22j, 9jul, category_necklace, Ready to ship-26, sale-28",Default Title,3366.0,3366.0,3366.0,1,0.0,0.0,1.0,,3366.0,1.0,,1.0,0.0,1,,First-time,9827740000000.0,India,False,False
XYZ Luxury,2026-08-11 00:00:00+00:00,INR,XYZ Luxury - magic checkout,2026-08-11 09:46:17+00:00,2026-08-11 09:46:17+00:00,2026-08-11 17:36:58+00:00,7610900000000.0,#4625,Australia,Rest of the World,Australia,Tasmania,New norfolk,"card, Magic",9478430000000.0,Amina Pippal Patti Passa,"17-04, 20-02, 22j, 9jul, category_Passa, sale-28",Default Title,7590.0,7590.0,7590.0,1,0.0,0.0,1.0,,7590.0,1.0,,1.0,0.0,1,,First-time,9817220000000.0,Australia,False,False
XYZ Luxury,2026-08-11 00:00:00+00:00,INR,XYZ Luxury - magic checkout,2026-08-11 11:41:50+00:00,2026-08-11 11:41:50+00:00,2026-08-11 11:41:51+00:00,7611070000000.0,#4626,India,India,India,Delhi,South West Delhi,"card, Magic",9639670000000.0,Queen Necklace set,"22j, 22ju, 9jul, hp_rts09may, Ready to ship-26",Default Title,6000.0,6000.0,6000.0,1,0.0,0.0,1.0,,6000.0,1.0,,1.0,0.0,1,,First-time,9827910000000.0,India,False,False
XYZ Luxury,2026-08-12 00:00:00+00:00,INR,XYZ Luxury - magic checkout,2026-08-11 19:04:23+00:00,2026-08-11 19:04:23+00:00,2026-08-11 19:04:26+00:00,7611990000000.0,#4627,India,India,India,Uttar Pradesh,Saharanpur,"Magic, upi",9639670000000.0,Rimpi Waliyaan,"9jul, BUY ANY 2 FOR 7999, hp_rts09may, Ready to ship-26",Default Title,3000.0,3000.0,3000.0,1,0.0,0.0,1.0,,3000.0,1.0,,1.0,0.0,1,,First-time,9828690000000.0,India,False,False
XYZ Luxury,2026-08-12 00:00:00+00:00,INR,XYZ Luxury - magic checkout,2026-08-11 19:52:41+00:00,2026-08-11 19:52:41+00:00,2026-08-11 19:52:42+00:00,7612080000000.0,#4628,United States,USA,United States,Texas,Houston,"card, Magic",8710430000000.0,Lahori Double Chain,"Bestseller_18sep, category_choker, category_necklace, desc addition, eoss_02jun, EOSS_jan26",Default Title,20177.3,20177.3,20177.3,1,0.0,0.0,1.0,,20177.3,1.0,,1.0,0.0,1,,First-time,9816150000000.0,United States,False,False
XYZ Luxury,2026-08-12 00:00:00+00:00,INR,XYZ Luxury - magic checkout,2026-08-11 20:06:32+00:00,2026-08-11 20:06:32+00:00,2026-08-15 06:02:46+00:00,7612100000000.0,#4629,India,India,India,Haryana,gurgaon,"card, GSTIN, Magic",9427520000000.0,Patiala Choker Set,"17-04, 22j, 9jul, category_choker, Ready to ship-26, sale-28",Default Title,14850.0,14850.0,14850.0,1,0.0,0.0,1.0,,14850.0,1.0,,1.0,0.0,1,,First-time,9828780000000.0,India,False,False
XYZ Luxury,2026-08-12 00:00:00+00:00,INR,XYZ Luxury - magic checkout,2026-08-11 20:52:40+00:00,2026-08-11 20:52:40+00:00,2026-08-15 06:07:57+00:00,7612180000000.0,#4630,India,India,India,Karnataka,Bengaluru,"Magic, upi",9631420000000.0,Mala Choker Set,"9jul, hp_rts09may",Default Title,6000.0,6000.0,6000.0,1,0.0,0.0,1.0,,6000.0,,1.0,1.0,0.0,1,,Returning,9789750000000.0,India,False,False
XYZ Luxury,2026-08-12 00:00:00+00:00,INR,XYZ Luxury - magic checkout,2026-08-12 03:59:18+00:00,2026-08-12 03:59:18+00:00,2026-08-12 03:59:19+00:00,7612780000000.0,#4631,Canada,Rest of the World,Canada,British Columbia,Surrey,"card, Magic",8592080000000.0,Chand Hair Clips Pair,"Bestseller_18sep, desc addition, eoss_02jun, EOSS_jan26, occasion",Default Title,22000.0,22000.0,22000.0,1,0.0,0.0,2.0,,22000.0,1.0,,2.0,0.0,1,,First-time,9829370000000.0,Canada,False,False
XYZ Luxury,2026-08-12 00:00:00+00:00,INR,XYZ Luxury - magic checkout,2026-08-12 05:19:28+00:00,2026-08-12 05:19:28+00:00,2026-08-12 07:32:20+00:00,7612950000000.0,#4632,India,India,India,Telangana,Hyderabad,"Magic, razorpay_partial_cod, upi",9679850000000.0,Tahir Necklace,,Default Title,15942.79,15942.79,17500.0,1,0.0,0.0,1.0,,15942.79,1.0,,1.0,0.0,1,,First-time,9829470000000.0,India,False,False
XYZ Luxury,2026-08-12 00:00:00+00:00,INR,XYZ Luxury - magic checkout,2026-08-12 05:33:21+00:00,2026-08-12 05:33:21+00:00,2026-08-15 06:11:01+00:00,7612960000000.0,#4633,India,India,India,Punjab,Chandighar,"Magic, upi",9627590000000.0,Rennu Chain,"24akk, 9jul, BUY ANY 3 FOR 4999, hp_rts09may, Ready to ship-26",Default Title,1800.0,1666.34,1666.34,1,0.0,0.0,1.0,,1666.34,,1.0,1.0,133.66,1,,Returning,9432340000000.0,India,False,False
XYZ Luxury,2026-08-12 00:00:00+00:00,INR,XYZ Luxury - magic checkout,2026-08-12 05:57:48+00:00,2026-08-12 05:57:48+00:00,2026-08-12 05:57:48+00:00,7612990000000.0,#4634,India,India,India,Telangana,Hyderabad,"card, Magic",9627570000000.0,Golden Chain,"24akk, 9jul, BUY ANY 3 FOR 4999, hp_rts09may, Ready to ship-26",Default Title,2400.0,2400.0,2400.0,1,0.0,0.0,1.0,,2400.0,1.0,,1.0,0.0,1,,First-time,9829510000000.0,India,False,False
XYZ Luxury,2026-08-12 00:00:00+00:00,INR,Draft Orders,2026-08-12 06:43:35+00:00,2026-08-12 06:43:35+00:00,2026-08-12 07:53:01+00:00,7613060000000.0,#4635,India,India,India,Uttarakhand,Dehradun,,9478440000000.0,Simran Pearl Tikka,"17-04, 20-02, 22j, 9jul, category_tikka, sale-28",Default Title,6600.0,6600.0,6600.0,1,0.0,0.0,1.0,,6600.0,1.0,,1.0,0.0,1,,First-time,9829560000000.0,India,False,False
XYZ Luxury,2026-08-12 00:00:00+00:00,INR,XYZ Luxury - magic checkout,2026-08-12 08:17:14+00:00,2026-08-12 08:17:14+00:00,2026-08-12 15:32:10+00:00,7613160000000.0,#4636,India,India,India,Karnataka,BANGALORE,"cod, Magic",9631280000000.0,Noor Waliyaan,"9jul, BUY ANY 3 FOR 4999, hp_rts09may, OFFER, Ready to ship-26",Default Title,1920.0,1920.0,1920.0,1,0.0,0.0,1.0,,1920.0,1.0,,1.0,0.0,1,,First-time,9819160000000.0,India,False,False
XYZ Luxury,2026-08-12 00:00:00+00:00,INR,XYZ Luxury - magic checkout,2026-08-12 09:16:52+00:00,2026-08-12 09:16:52+00:00,2026-08-15 06:20:48+00:00,7613230000000.0,#4637,India,India,India,Delhi,West Delhi,"Magic, upi",9631270000000.0,Reena Waliyaan,"24akk, 9jul, BUY ANY 3 FOR 4999, hp_rts09may, OFFER, Ready to ship-26",Default Title,2400.0,2400.0,2400.0,1,0.0,0.0,1.0,,2400.0,1.0,,1.0,0.0,1,,First-time,9816710000000.0,India,False,False
XYZ Luxury,2026-08-12 00:00:00+00:00,INR,XYZ Luxury - magic checkout,2026-08-12 11:50:25+00:00,2026-08-12 11:50:25+00:00,2026-08-12 15:31:20+00:00,7613430000000.0,#4638,United States,USA,United States,Michigan,Plymouth,"Magic, wallet",9474390000000.0,panna studs,"17-04, 17f, 22j, 9jul, category_earring, sale-28",Default Title,4620.0,4620.0,4620.0,1,0.0,0.0,1.0,,4620.0,,1.0,1.0,0.0,1,,Returning,8290270000000.0,United States,False,False
XYZ Luxury,2026-08-12 00:00:00+00:00,INR,XYZ Luxury - magic checkout,2026-08-12 12:33:09+00:00,2026-08-12 12:33:09+00:00,2026-08-12 15:31:25+00:00,7613500000000.0,#4639,Australia,Rest of the World,Australia,Victoria,STRATHTULLOH,"Magic, wallet",9570900000000.0,MULTI Choker Set,"22j, 9jul, Ready to ship-26, sale-28",Default Title,6600.0,6600.0,6600.0,1,0.0,0.0,1.0,,6600.0,1.0,,1.0,0.0,1,,First-time,9690440000000.0,Australia,False,False
XYZ Luxury,2026-08-12 00:00:00+00:00,INR,XYZ Luxury - magic checkout,2026-08-12 12:53:58+00:00,2026-08-12 12:53:58+00:00,2026-08-15 06:28:01+00:00,7613530000000.0,#4640,India,India,India,Karnataka,Bengaluru,"card, Magic",9631280000000.0,Noor Waliyaan,"9jul, BUY ANY 3 FOR 4999, hp_rts09may, OFFER, Ready to ship-26",Default Title,1741.4,1741.4,1920.0,1,0.0,0.0,1.0,,1741.4,,1.0,1.0,0.0,1,,Returning,9811430000000.0,India,False,False
XYZ Luxury,2026-08-12 00:00:00+00:00,INR,XYZ Luxury - magic checkout,2026-08-12 13:16:34+00:00,2026-08-12 13:16:34+00:00,2026-08-15 06:37:34+00:00,7613570000000.0,#4641,India,India,India,Punjab,Mohali,"Magic, upi",9631270000000.0,Reena Waliyaan,"24akk, 9jul, BUY ANY 3 FOR 4999, hp_rts09may, OFFER, Ready to ship-26",Default Title,2400.0,2400.0,2400.0,1,0.0,0.0,1.0,,2400.0,1.0,,1.0,0.0,1,,First-time,9830010000000.0,India,False,False
XYZ Luxury,2026-08-12 00:00:00+00:00,INR,XYZ Luxury - magic checkout,2026-08-12 13:24:51+00:00,2026-08-12 13:24:51+00:00,2026-08-15 06:42:48+00:00,7613590000000.0,#4642,India,India,India,Karnataka,Bengaluru,"Magic, upi",9639670000000.0,Rimpi Waliyaan,"9jul, BUY ANY 2 FOR 7999, hp_rts09may, Ready to ship-26",Default Title,2749.44,2749.44,3000.0,1,0.0,0.0,1.0,,2749.44,,1.0,1.0,0.0,1,,Returning,8985460000000.0,India,False,False
XYZ Luxury,2026-08-12 00:00:00+00:00,INR,XYZ Luxury - magic checkout,2026-08-12 13:57:43+00:00,2026-08-12 13:57:43+00:00,2026-08-12 15:30:09+00:00,7613640000000.0,#4643,United States,USA,United States,Rhode Island,Providence,"card, Magic",9478430000000.0,Areej Antique Pearl Set,"17-04, 20-02, 22j, 9jul, category_necklace, Ready to ship-26, sale-28",Default Title,3366.0,3366.0,3366.0,1,0.0,0.0,1.0,,3366.0,1.0,,1.0,0.0,1,,First-time,9820100000000.0,United States,False,False
XYZ Luxury,2026-08-12 00:00:00+00:00,INR,XYZ Luxury - magic checkout,2026-08-12 14:00:52+00:00,2026-08-12 14:00:52+00:00,2026-08-13 06:41:29+00:00,7613650000000.0,#4644,India,India,India,Haryana,Gurugram,"card, Magic",9639670000000.0,Rimpi Waliyaan,"9jul, BUY ANY 2 FOR 7999, hp_rts09may, Ready to ship-26",Default Title,3000.0,3000.0,3000.0,1,0.0,0.0,1.0,,3000.0,1.0,,1.0,0.0,1,,First-time,9830130000000.0,India,False,False
XYZ Luxury,2026-08-12 00:00:00+00:00,INR,XYZ Luxury - magic checkout,2026-08-12 14:07:25+00:00,2026-08-12 14:07:25+00:00,2026-08-12 15:29:42+00:00,7613660000000.0,#4645,India,India,India,Haryana,Gurgaon,"card, Magic",9631270000000.0,Reena Waliyaan,"24akk, 9jul, BUY ANY 3 FOR 4999, hp_rts09may, OFFER, Ready to ship-26",Default Title,2400.0,2400.0,2400.0,1,0.0,0.0,1.0,,2400.0,,1.0,1.0,0.0,1,,Returning,8645310000000.0,India,False,False
XYZ Luxury,2026-08-12 00:00:00+00:00,INR,XYZ Luxury - magic checkout,2026-08-12 15:36:09+00:00,2026-08-12 15:36:09+00:00,2026-08-13 06:31:36+00:00,7614260000000.0,#4646,India,India,India,Punjab,Amritsar,"Magic, upi",8741470000000.0,Laila Hair Clips Pair,"desc addition, eoss_02jun, EOSS_jan26",Default Title,15437.05,15437.05,15950.0,1,0.0,0.0,1.0,,15437.05,1.0,,1.0,0.0,1,,First-time,9831120000000.0,India,False,False
XYZ Luxury,2026-08-12 00:00:00+00:00,INR,XYZ Luxury - magic checkout,2026-08-12 15:43:15+00:00,2026-08-12 15:43:15+00:00,2026-08-15 06:49:58+00:00,7614270000000.0,#4647,India,India,India,Haryana,Faridabad,"card, Magic",9570740000000.0,Emreen Earrings,"24akk, 9jul, Ready to ship-26",Default Title,6600.0,6600.0,6600.0,1,0.0,0.0,1.0,,6600.0,,1.0,1.0,0.0,1,,Returning,8322670000000.0,India,False,False
XYZ Luxury,2026-08-12 00:00:00+00:00,INR,XYZ Luxury - magic checkout,2026-08-12 15:48:18+00:00,2026-08-12 15:48:18+00:00,2026-08-15 06:45:30+00:00,7614280000000.0,#4648,India,India,India,West Bengal,Kolkata,"Magic, razorpay_partial_cod, upi",9419530000000.0,Rukmani Payal Pair,"16ak, 17-04, 22j, 9jul, category_payal, Ready to ship-26, sale-28",Default Title,6600.0,6600.0,6600.0,1,0.0,0.0,1.0,,6600.0,1.0,,1.0,0.0,1,,First-time,9831170000000.0,India,False,False
XYZ Luxury,2026-08-13 00:00:00+00:00,INR,XYZ Luxury - magic checkout,2026-08-12 21:32:34+00:00,2026-08-12 21:32:34+00:00,2026-08-12 21:32:35+00:00,7615390000000.0,#4649,United Kingdom,Rest of the World,United Kingdom,England,London,"card, Magic",9474300000000.0,rubina choker set,"17-04, 17f, 22j, 9jul, category_choker, category_necklace, Ready to ship-26, sale-28",Default Title,9240.0,9240.0,9240.0,1,0.0,0.0,1.0,,9240.0,1.0,,1.0,0.0,1,,First-time,9832660000000.0,United Kingdom,False,False
XYZ Luxury,2026-08-13 00:00:00+00:00,INR,XYZ Luxury - magic checkout,2026-08-12 23:19:46+00:00,2026-08-12 23:19:46+00:00,2026-08-14 07:14:13+00:00,7615520000000.0,#4650,India,India,India,Uttar Pradesh,Gautam Buddha Nagar,"Magic, upi",9475470000000.0,Temple Jhumki Earrings,"17-04, 18-02, 22j, 9jul, category_earring, Ready to ship-26, sale-28",Default Title,5940.0,5940.0,5940.0,1,0.0,0.0,1.0,,5940.0,1.0,,1.0,0.0,1,,First-time,9832910000000.0,India,False,False
XYZ Luxury,2026-08-13 00:00:00+00:00,INR,XYZ Luxury - magic checkout,2026-08-13 05:12:06+00:00,2026-08-13 05:12:06+00:00,2026-08-15 06:43:08+00:00,7616050000000.0,#4651,India,India,India,Goa,North Goa,"Magic, upi",9008490000000.0,Kinza Pearl Set,"3july-backup-dis, Bestseller_18sep, category_choker, category_necklace, eoss_02jun, EOSS_jan26, Ready to ship-26",Default Title,21450.0,21450.0,21450.0,1,0.0,0.0,1.0,,21450.0,1.0,,1.0,0.0,1,,First-time,9833400000000.0,India,False,False
XYZ Luxury,2026-08-13 00:00:00+00:00,INR,XYZ Luxury - magic checkout,2026-08-13 09:08:24+00:00,2026-08-13 09:08:24+00:00,2026-08-13 09:48:45+00:00,7616340000000.0,#4652,India,India,India,Punjab,Ludhiana,"Magic, razorpay_partial_cod, upi",9693190000000.0,Aisha Bangles,,2.6,1525.42,1525.42,1800.0,1,0.0,0.0,1.0,,1525.42,,1.0,1.0,0.0,1,,Returning,8823360000000.0,India,False,False
XYZ Luxury,2026-08-13 00:00:00+00:00,INR,XYZ Luxury - magic checkout,2026-08-13 10:18:01+00:00,2026-08-13 10:18:01+00:00,2026-08-13 10:18:01+00:00,7616430000000.0,#4653,India,India,India,Punjab,Mohali,"Magic, upi",9627590000000.0,Rennu Chain,"24akk, 9jul, BUY ANY 3 FOR 4999, hp_rts09may, Ready to ship-26",Default Title,1800.0,1800.0,1800.0,1,0.0,0.0,1.0,,1800.0,1.0,,1.0,0.0,1,,First-time,9833880000000.0,India,False,False
XYZ Luxury,2026-08-13 00:00:00+00:00,INR,XYZ Luxury - magic checkout,2026-08-13 13:30:57+00:00,2026-08-13 13:30:57+00:00,2026-08-13 13:30:58+00:00,7616730000000.0,#4654,India,India,India,Karnataka,Bengaluru,"Magic, razorpay_partial_cod, upi",9693280000000.0,Zeenat Golden Sahare,BUY ANY 3 FOR 4999,Default Title,2160.0,2160.0,2160.0,1,0.0,0.0,1.0,,2160.0,1.0,,1.0,0.0,1,,First-time,9834600000000.0,India,False,False
XYZ Luxury,2026-08-13 00:00:00+00:00,INR,XYZ Luxury - magic checkout,2026-08-13 14:48:11+00:00,2026-08-13 14:48:11+00:00,2026-08-13 14:48:12+00:00,7616880000000.0,#4655,India,India,India,Haryana,Gurugram,"card, Magic",9676380000000.0,Pammi Lottan earrings,ak-04-08,Default Title,5400.0,5400.0,5400.0,1,0.0,0.0,1.0,,5400.0,1.0,,1.0,0.0,1,,First-time,9835640000000.0,India,False,False
XYZ Luxury,2026-08-13 00:00:00+00:00,INR,XYZ Luxury - magic checkout,2026-08-13 15:12:22+00:00,2026-08-13 15:12:22+00:00,2026-08-13 15:12:23+00:00,7616930000000.0,#4656,India,India,India,Uttar Pradesh,Gautam Buddha Nagar,"card, Magic, razorpay_partial_cod",9478440000000.0,Tasneem Necklace Set,"17-04, 20-02, 22j, 9jul, category_choker, category_necklace, Ready to ship-26, sale-28",Default Title,6600.0,6600.0,6600.0,1,0.0,0.0,1.0,,6600.0,1.0,,1.0,0.0,1,,First-time,9835730000000.0,India,False,False
XYZ Luxury,2026-08-13 00:00:00+00:00,INR,XYZ Luxury - magic checkout,2026-08-13 16:24:55+00:00,2026-08-13 16:24:55+00:00,2026-08-13 16:24:56+00:00,7617100000000.0,#4657,United States,USA,United States,California,Yuba City,"card, Magic",9620410000000.0,Chand golden Hair Clip,hp_rts09may,Default Title,13400.0,13400.0,13400.0,1,0.0,0.0,1.0,,13400.0,1.0,,1.0,0.0,1,,First-time,9287890000000.0,United States,False,False
XYZ Luxury,2026-08-13 00:00:00+00:00,INR,Draft Orders,2026-08-13 17:12:23+00:00,2026-08-13 17:12:23+00:00,2026-08-15 12:22:40+00:00,7617220000000.0,#4658,India,India,India,Punjab,Amritsar,QR_COD_Confirmed,8115610000000.0,Rida Choker Set with Tika,"3july-backup-dis, Bestseller_18sep, category_choker, category_necklace, desc addition, eoss_02jun, EOSS_jan26, hp_rts09may, occasion, Ready to ship-26",Default Title,41250.0,41250.0,41250.0,1,0.0,0.0,1.0,,41250.0,1.0,,1.0,0.0,1,,First-time,9836090000000.0,India,False,False
XYZ Luxury,2026-08-13 00:00:00+00:00,INR,XYZ Luxury - magic checkout,2026-08-13 18:06:48+00:00,2026-08-13 18:06:48+00:00,2026-08-13 18:06:49+00:00,7617350000000.0,#4659,India,India,India,Haryana,Gurgaon,"card, Magic",9475740000000.0,Rabiah Mint Choker Set,"17-04, 18-02, 22j, 9jul, category_choker, category_necklace, sale-28",Default Title,18150.0,18150.0,18150.0,1,0.0,0.0,1.0,,18150.0,1.0,,1.0,0.0,1,,First-time,9836250000000.0,India,False,False
XYZ Luxury,2026-08-14 00:00:00+00:00,INR,XYZ Luxury - magic checkout,2026-08-13 21:38:49+00:00,2026-08-13 21:38:49+00:00,2026-08-14 05:15:24+00:00,7617740000000.0,#4660,India,India,India,Punjab,Rupnagar,"card, Magic",9643180000000.0,Zeenat Jadau Set,"24akk, 9jul, hp_rts09may, Ready to ship-26",Default Title,9172.92,9172.92,9300.0,1,0.0,0.0,1.0,,9172.92,1.0,,1.0,0.0,1,,First-time,9835870000000.0,India,False,False
XYZ Luxury,2026-08-14 00:00:00+00:00,INR,XYZ Luxury - magic checkout,2026-08-14 01:08:15+00:00,2026-08-14 01:08:15+00:00,2026-08-14 01:08:16+00:00,7618030000000.0,#4661,India,India,India,Punjab,Mohali,"Magic, upi",9627590000000.0,Rennu Chain,"24akk, 9jul, BUY ANY 3 FOR 4999, hp_rts09may, Ready to ship-26",Default Title,1800.0,1800.0,1800.0,1,0.0,0.0,1.0,,1800.0,,1.0,1.0,0.0,1,,Returning,8540080000000.0,India,False,False
XYZ Luxury,2026-08-14 00:00:00+00:00,INR,XYZ Luxury - magic checkout,2026-08-14 04:21:47+00:00,2026-08-14 04:21:47+00:00,2026-08-14 04:21:47+00:00,7618370000000.0,#4662,India,India,India,Delhi,West Delhi,"Magic, upi",9627600000000.0,Jasveer Bracelet,"9jul, BUY ANY 3 FOR 4999, hp_rts09may, Ready to ship-26",Default Title,1800.0,1800.0,1800.0,1,0.0,0.0,1.0,,1800.0,1.0,,1.0,0.0,1,,First-time,8703200000000.0,India,False,False
XYZ Luxury,2026-08-14 00:00:00+00:00,INR,XYZ Luxury - magic checkout,2026-08-14 06:49:27+00:00,2026-08-14 06:49:27+00:00,2026-08-14 06:49:27+00:00,7618600000000.0,#4663,India,India,India,Rajasthan,Jaipur,"Magic, razorpay_partial_cod, upi",9627610000000.0,Emreen Mathapatti,"24akk, 9jul, hp_rts09may, Ready to ship-26",Default Title,8700.0,8700.0,8700.0,1,0.0,0.0,1.0,,8700.0,,1.0,1.0,0.0,1,,Returning,8597220000000.0,India,False,False
XYZ Luxury,2026-08-14 00:00:00+00:00,INR,XYZ Luxury - magic checkout,2026-08-14 09:27:03+00:00,2026-08-14 09:27:03+00:00,2026-08-14 09:27:03+00:00,7618780000000.0,#4664,India,India,India,Haryana,Gurgaon,"Additional Notes, Magic, upi",9627610000000.0,Kavya Bracelet,"24akk, 9jul, hp_rts09may, Ready to ship-26",Default Title,3600.0,3600.0,3600.0,1,0.0,0.0,1.0,,3600.0,1.0,,1.0,0.0,1,,First-time,9838080000000.0,India,False,False
XYZ Luxury,2026-08-14 00:00:00+00:00,INR,XYZ Luxury - magic checkout,2026-08-14 09:45:24+00:00,2026-08-14 09:45:24+00:00,2026-08-14 09:45:25+00:00,7618810000000.0,#4665,India,India,India,Haryana,Gurugram,"Magic, upi",9693290000000.0,Neha Earrings,"17a, BUY ANY 3 FOR 4999",Default Title,1800.0,1800.0,1800.0,1,0.0,0.0,1.0,,1800.0,,1.0,1.0,0.0,1,,Returning,8290280000000.0,India,False,False
XYZ Luxury,2026-08-14 00:00:00+00:00,INR,XYZ Luxury - magic checkout,2026-08-14 10:22:53+00:00,2026-08-14 10:22:53+00:00,2026-08-14 10:22:53+00:00,7618870000000.0,#4666,India,India,India,Jammu and Kashmir,Kathua,"Magic, upi",9692590000000.0,Teji Waliyaan,"17a, BUY ANY 3 FOR 4999",Default Title,1800.0,1800.0,1800.0,1,0.0,0.0,1.0,,1800.0,1.0,,1.0,0.0,1,,First-time,9675340000000.0,India,False,False
XYZ Luxury,2026-08-14 00:00:00+00:00,INR,Draft Orders,2026-08-14 11:08:17+00:00,2026-08-14 11:08:18+00:00,2026-08-14 11:51:37+00:00,7618930000000.0,#4667,India,India,India,Punjab,Ludhiana,,9478440000000.0,Suhair Ruby Mint Set,"17-04, 20-02, 22j, 9jul, category_necklace, Ready to ship-26, sale-28",Default Title,9570.0,9570.0,9570.0,1,0.0,0.0,1.0,,9570.0,,1.0,1.0,0.0,1,,Returning,9657460000000.0,India,False,False
XYZ Luxury,2026-08-14 00:00:00+00:00,INR,XYZ Luxury - magic checkout,2026-08-14 12:37:37+00:00,2026-08-14 12:37:37+00:00,2026-08-14 12:37:39+00:00,7619080000000.0,#4668,India,India,India,Himachal Pradesh,Dharampur,"Magic, upi",9693260000000.0,Sonam Chain,"17a, BUY ANY 3 FOR 4999",Default Title,2400.0,1960.39,1960.39,1,0.0,0.0,1.0,,1960.39,1.0,,1.0,439.61,1,,First-time,9838320000000.0,India,False,False
XYZ Luxury,2026-08-14 00:00:00+00:00,INR,XYZ Luxury - magic checkout,2026-08-14 12:39:51+00:00,2026-08-14 12:39:51+00:00,2026-08-14 12:39:51+00:00,7619090000000.0,#4669,India,India,India,Himachal Pradesh,Dharampur,"Magic, upi",9631280000000.0,Noor Waliyaan,"9jul, BUY ANY 3 FOR 4999, hp_rts09may, OFFER, Ready to ship-26",Default Title,1920.0,1738.78,1738.78,1,0.0,0.0,1.0,,1738.78,,1.0,1.0,181.22,1,,Returning,9838320000000.0,India,False,False
XYZ Luxury,2026-08-14 00:00:00+00:00,INR,XYZ Luxury - magic checkout,2026-08-14 13:54:27+00:00,2026-08-14 13:54:27+00:00,2026-08-14 13:54:28+00:00,7619250000000.0,#4670,India,India,India,Karnataka,Manglore,"card, Magic",9631280000000.0,Noor Waliyaan,"9jul, BUY ANY 3 FOR 4999, hp_rts09may, OFFER, Ready to ship-26",Default Title,1920.0,1920.0,1920.0,1,0.0,0.0,1.0,,1920.0,,1.0,1.0,0.0,1,,Returning,8364480000000.0,India,False,False
XYZ Luxury,2026-08-14 00:00:00+00:00,INR,XYZ Luxury - magic checkout,2026-08-14 18:20:06+00:00,2026-08-14 18:20:06+00:00,2026-08-14 18:20:07+00:00,7619970000000.0,#4671,India,India,India,Uttar Pradesh,Ghaziabad,"Magic, razorpay_partial_cod, upi",9627600000000.0,Heer bracelet,"10june.., 24akk, 9jul, BUY ANY 3 FOR 4999, Ready to ship-26",Default Title,2400.0,1666.33,1666.33,1,0.0,0.0,1.0,,1666.33,1.0,,1.0,733.67,1,,First-time,9838980000000.0,India,False,False
XYZ Luxury,2026-08-14 00:00:00+00:00,INR,XYZ Luxury - magic checkout,2026-08-14 18:28:30+00:00,2026-08-14 18:28:30+00:00,2026-08-14 18:28:30+00:00,7620010000000.0,#4672,India,India,India,Delhi,South West Delhi,"Magic, razorpay_partial_cod, upi",9692580000000.0,Nazi Waliyaan,"17a, BUY ANY 3 FOR 4999",Default Title,2400.0,2400.0,2400.0,1,0.0,0.0,1.0,,2400.0,,1.0,1.0,0.0,1,,Returning,9565450000000.0,India,False,False
XYZ Luxury,2026-08-15 00:00:00+00:00,INR,XYZ Luxury - magic checkout,2026-08-14 18:49:09+00:00,2026-08-14 18:49:09+00:00,2026-08-18 09:55:58+00:00,7620110000000.0,#4673,India,India,India,Delhi,West Delhi,"Magic, razorpay_partial_cod, upi",8924020000000.0,Raunaq Antique Bangles,"17-04, 22j, 3july-backup-dis, 9jul, Bestseller_18sep, BUY ANY 2 FOR 7999, category_bangles, eoss_02jun, EOSS_jan26, hp_rts09may, Ready to ship-26, sale-28, Silver Bangles",02-Jun,4165.92,4165.92,4165.92,1,0.0,0.0,1.0,,4165.92,1.0,,1.0,0.0,1,,First-time,9839010000000.0,India,False,False
XYZ Luxury,2026-08-15 00:00:00+00:00,INR,XYZ Luxury - magic checkout,2026-08-15 04:04:41+00:00,2026-08-15 04:04:41+00:00,2026-08-18 08:21:28+00:00,7621540000000.0,#4674,India,India,India,Punjab,Zirakpur,"card, Magic",9693280000000.0,Zeenat Golden Sahare,"17a, BUY ANY 3 FOR 4999",Default Title,2160.0,1697.77,1697.77,1,0.0,0.0,1.0,,1697.77,,1.0,1.0,462.23,1,,Returning,9682110000000.0,India,False,False
XYZ Luxury,2026-08-15 00:00:00+00:00,INR,XYZ Luxury - magic checkout,2026-08-15 05:36:29+00:00,2026-08-15 05:36:29+00:00,2026-08-18 11:17:32+00:00,7621750000000.0,#4675,Canada,Rest of the World,Canada,British Columbia,Victoria,"card, Magic",9692600000000.0,Rutba Jhumki,"17a, BUY ANY 2 FOR 7999",Default Title,4200.0,4015.79,4015.79,1,0.0,0.0,1.0,,4015.79,1.0,,1.0,184.21,1,,First-time,9840210000000.0,Canada,False,False
XYZ Luxury,2026-08-15 00:00:00+00:00,INR,XYZ Luxury - magic checkout,2026-08-15 05:48:55+00:00,2026-08-15 05:48:55+00:00,2026-08-18 08:16:30+00:00,7621770000000.0,#4676,India,India,India,Tamil Nadu,Tiruvallur,"Magic, upi",9567640000000.0,Dil Bangle Pair,"16ap, 17-04, 24akk, 9jul, BUY ANY 2 FOR 7999, Ready to ship-26",02-Apr,3960.0,3960.0,3960.0,1,0.0,0.0,1.0,,3960.0,1.0,,1.0,0.0,1,,First-time,9840320000000.0,India,False,False
XYZ Luxury,2026-08-15 00:00:00+00:00,INR,XYZ Luxury - magic checkout,2026-08-15 07:00:01+00:00,2026-08-15 07:00:01+00:00,2026-08-15 07:00:01+00:00,7621870000000.0,#4677,India,India,India,Punjab,Ludhiana,"Magic, upi",9627590000000.0,Rennu Chain,"24akk, 9jul, BUY ANY 3 FOR 4999, hp_rts09may, Ready to ship-26",Default Title,1800.0,1800.0,1800.0,1,0.0,0.0,1.0,,1800.0,1.0,,1.0,0.0,1,,First-time,9823520000000.0,India,False,False
XYZ Luxury,2026-08-15 00:00:00+00:00,INR,XYZ Luxury - magic checkout,2026-08-15 10:41:18+00:00,2026-08-15 10:41:18+00:00,2026-08-15 10:41:19+00:00,7622200000000.0,#4678,India,India,India,Maharashtra,Pune,"Magic, razorpay_partial_cod, upi",9631280000000.0,Tinu Earrings,"24akk, 9jul, BUY ANY 3 FOR 4999, hp_rts09may, Ready to ship-26",Default Title,1500.0,1500.0,1500.0,1,0.0,0.0,1.0,,1500.0,,1.0,1.0,0.0,1,,Returning,9700460000000.0,India,False,False
XYZ Luxury,2026-08-15 00:00:00+00:00,INR,XYZ Luxury - magic checkout,2026-08-15 12:59:19+00:00,2026-08-15 12:59:19+00:00,2026-08-15 12:59:19+00:00,7622460000000.0,#4679,India,India,India,Punjab,Samrala,"Magic, upi",9478430000000.0,Areej Antique Pearl Set,"17-04, 20-02, 22j, 9jul, category_necklace, Ready to ship-26, sale-28",Default Title,3366.0,3366.0,3366.0,1,0.0,0.0,1.0,,3366.0,1.0,,1.0,0.0,1,,First-time,9840520000000.0,India,False,False
XYZ Luxury,2026-08-15 00:00:00+00:00,INR,XYZ Luxury - magic checkout,2026-08-15 14:29:18+00:00,2026-08-15 14:29:18+00:00,2026-08-15 14:29:19+00:00,7622670000000.0,#4680,United States,USA,United States,Georgia,Peachtree City,"card, Magic",9427520000000.0,Patiala Choker Set,"17-04, 22j, 9jul, category_choker, Ready to ship-26, sale-28",Default Title,14850.0,14850.0,14850.0,1,0.0,0.0,1.0,,14850.0,1.0,,1.0,0.0,1,,First-time,9838250000000.0,United States,False,False
XYZ Luxury,2026-08-15 00:00:00+00:00,INR,XYZ Luxury - magic checkout,2026-08-15 15:15:05+00:00,2026-08-15 15:15:05+00:00,2026-08-15 15:15:06+00:00,7622800000000.0,#4681,India,India,India,Punjab,Sangrur,"Magic, upi",9693260000000.0,Rano Chain,"17a, BUY ANY 3 FOR 4999",Default Title,1800.0,1800.0,1800.0,1,0.0,0.0,1.0,,1800.0,1.0,,1.0,0.0,1,,First-time,9841160000000.0,India,False,False
XYZ Luxury,2026-08-15 00:00:00+00:00,INR,XYZ Luxury - magic checkout,2026-08-15 16:14:03+00:00,2026-08-15 16:14:03+00:00,2026-08-15 16:14:03+00:00,7622980000000.0,#4682,India,India,India,Maharashtra,Mumbai,"card, Magic",9639670000000.0,Rimpi Waliyaan,"9jul, BUY ANY 2 FOR 7999, hp_rts09may, Ready to ship-26",Default Title,3000.0,3000.0,3000.0,1,0.0,0.0,1.0,,3000.0,1.0,,1.0,0.0,1,,First-time,9841270000000.0,India,False,False
XYZ Luxury,2026-08-15 00:00:00+00:00,INR,XYZ Luxury - magic checkout,2026-08-15 16:25:06+00:00,2026-08-15 16:25:09+00:00,2026-08-15 19:03:46+00:00,7623010000000.0,#4683,United States,USA,United States,California,Sacramento,,9478430000000.0,Suhair Ruby Necklace Set,"17-04, 20-02, 22j, 9jul, category_necklace, sale-28",Default Title,9570.0,9570.0,9570.0,1,0.0,0.0,1.0,,9570.0,,1.0,1.0,0.0,1,QuickReply.ai,Returning,8201550000000.0,United States,False,False
XYZ Luxury,2026-08-15 00:00:00+00:00,INR,XYZ Luxury - magic checkout,2026-08-15 17:22:32+00:00,2026-08-15 17:22:32+00:00,2026-08-15 17:22:33+00:00,7623190000000.0,#4684,India,India,India,Punjab,Mohali,"Magic, upi",9692580000000.0,Nazi Waliyaan,"17a, BUY ANY 3 FOR 4999",Default Title,2400.0,1817.81,1817.81,1,0.0,0.0,1.0,,1817.81,1.0,,1.0,582.19,1,,First-time,9841420000000.0,India,False,False
XYZ Luxury,2026-08-15 00:00:00+00:00,INR,Draft Orders,2026-08-15 18:05:56+00:00,2026-08-15 18:05:56+00:00,2026-08-17 05:38:34+00:00,7623310000000.0,#4685,India,India,India,Uttar Pradesh,Aligarh,,9008490000000.0,Kinza Pearl Set,"3july-backup-dis, Bestseller_18sep, category_choker, category_necklace, eoss_02jun, EOSS_jan26, Ready to ship-26",Default Title,21450.0,21450.0,21450.0,1,0.0,0.0,1.0,,21450.0,1.0,,1.0,0.0,1,,First-time,9841500000000.0,India,False,False
XYZ Luxury,2026-08-15 00:00:00+00:00,INR,XYZ Luxury - magic checkout,2026-08-15 18:20:28+00:00,2026-08-15 18:20:28+00:00,2026-08-15 18:21:24+00:00,7623350000000.0,#4686,India,India,India,Haryana,Gurugram,"Magic, upi",9694220000000.0,Tahir Jadau Baahi,17a,Default Title,0.0,0.0,0.0,1,0.0,0.0,1.0,,0.0,1.0,,1.0,0.0,1,,First-time,9841520000000.0,India,False,False
XYZ Luxury,2026-08-16 00:00:00+00:00,INR,XYZ Luxury - magic checkout,2026-08-15 19:37:59+00:00,2026-08-15 19:37:59+00:00,2026-08-19 08:05:35+00:00,7623550000000.0,#4687,India,India,India,Punjab,Chandighar,"Magic, upi",9627600000000.0,Tina Bracelet,"10june.., 24akk, 9jul, BUY ANY 3 FOR 4999, Ready to ship-26",Default Title,2400.0,1817.81,1817.81,1,0.0,0.0,1.0,,1817.81,1.0,,1.0,582.19,1,,First-time,8369890000000.0,India,False,False
XYZ Luxury,2026-08-16 00:00:00+00:00,INR,XYZ Luxury - magic checkout,2026-08-15 22:00:34+00:00,2026-08-15 22:00:34+00:00,2026-08-19 08:10:21+00:00,7623860000000.0,#4688,India,India,India,Punjab,Patiala,"card, Magic",9643180000000.0,Zeenat Jadau Set,"24akk, 9jul, hp_rts09may, Ready to ship-26",Default Title,9300.0,9300.0,9300.0,1,0.0,0.0,1.0,,9300.0,1.0,,1.0,0.0,1,,First-time,9841880000000.0,India,False,False
XYZ Luxury,2026-08-16 00:00:00+00:00,INR,XYZ Luxury - magic checkout,2026-08-16 03:37:06+00:00,2026-08-16 03:37:06+00:00,2026-08-19 09:03:30+00:00,7624460000000.0,#4689,India,India,India,Haryana,Gurgaon,"Magic, upi",9463350000000.0,pippal patti studs,category_earring,Default Title,6991.53,6991.53,8250.0,1,0.0,0.0,1.0,,6991.53,1.0,,1.0,0.0,1,,First-time,9842350000000.0,India,False,False
XYZ Luxury,2026-08-16 00:00:00+00:00,INR,XYZ Luxury - magic checkout,2026-08-16 05:11:50+00:00,2026-08-16 05:11:50+00:00,2026-08-16 05:11:51+00:00,7624700000000.0,#4690,India,India,India,Tamil Nadu,COIMBATORE,"Magic, razorpay_partial_cod, upi",9474390000000.0,panna studs,"17-04, 17f, 22j, 9jul, category_earring, sale-28",Default Title,4620.0,4620.0,4620.0,1,0.0,0.0,1.0,,4620.0,1.0,,1.0,0.0,1,,First-time,9842490000000.0,India,False,False
XYZ Luxury,2026-08-16 00:00:00+00:00,INR,XYZ Luxury - magic checkout,2026-08-16 05:24:23+00:00,2026-08-16 05:24:23+00:00,2026-08-19 09:06:54+00:00,7624730000000.0,#4691,India,India,India,Delhi,South Delhi,"Magic, upi",9692580000000.0,Nazi Waliyaan,"17a, BUY ANY 3 FOR 4999",Default Title,2400.0,2400.0,2400.0,1,0.0,0.0,1.0,,2400.0,,1.0,1.0,0.0,1,,Returning,9800140000000.0,India,False,False
XYZ Luxury,2026-08-16 00:00:00+00:00,INR,XYZ Luxury - magic checkout,2026-08-16 06:44:37+00:00,2026-08-16 06:44:37+00:00,2026-08-19 11:10:44+00:00,7624860000000.0,#4692,India,India,India,Rajasthan,Jaipur,"Magic, upi",9692600000000.0,Fiza Jhumki,"17a, BUY ANY 2 FOR 7999",Default Title,4200.0,4200.0,4200.0,1,0.0,0.0,1.0,,4200.0,1.0,,1.0,0.0,1,,First-time,9842630000000.0,India,False,False
XYZ Luxury,2026-08-16 00:00:00+00:00,INR,XYZ Luxury - magic checkout,2026-08-16 07:06:49+00:00,2026-08-16 07:06:49+00:00,2026-08-19 09:49:20+00:00,7624900000000.0,#4693,India,India,India,Maharashtra,PUNE,"Magic, razorpay_partial_cod, upi",9631280000000.0,Noor Waliyaan,"9jul, BUY ANY 3 FOR 4999, hp_rts09may, OFFER, Ready to ship-26",Default Title,1920.0,1920.0,1920.0,1,0.0,0.0,1.0,,1920.0,1.0,,1.0,0.0,1,,First-time,9840360000000.0,India,False,False
XYZ Luxury,2026-08-16 00:00:00+00:00,INR,XYZ Luxury - magic checkout,2026-08-16 07:12:09+00:00,2026-08-16 07:12:09+00:00,2026-08-19 10:38:49+00:00,7624920000000.0,#4694,India,India,India,West Bengal,Cooch Behar,"Magic, upi",9627590000000.0,Rennu Chain,"24akk, 9jul, BUY ANY 3 FOR 4999, hp_rts09may, Ready to ship-26",Default Title,1800.0,1800.0,1800.0,1,0.0,0.0,1.0,,1800.0,1.0,,1.0,0.0,1,,First-time,9842680000000.0,India,False,False
XYZ Luxury,2026-08-16 00:00:00+00:00,INR,Draft Orders,2026-08-16 07:15:30+00:00,2026-08-16 07:15:31+00:00,2026-08-17 07:15:04+00:00,7624920000000.0,#4695,India,India,India,Delhi,New Delhi,,9478430000000.0,Areej Antique Pearl Set,"17-04, 20-02, 22j, 9jul, category_necklace, Ready to ship-26, sale-28",Default Title,3366.0,3366.0,3366.0,1,0.0,0.0,1.0,,3366.0,1.0,,1.0,0.0,1,,First-time,9839880000000.0,India,False,False
XYZ Luxury,2026-08-16 00:00:00+00:00,INR,XYZ Luxury - magic checkout,2026-08-16 07:37:30+00:00,2026-08-16 07:37:30+00:00,2026-08-19 10:00:41+00:00,7624960000000.0,#4696,India,India,India,Uttar Pradesh,Moradabad,"Magic, upi",9693280000000.0,Dimple Golden Sahare,"17a, BUY ANY 3 FOR 4999",Default Title,1500.0,1500.0,1500.0,1,0.0,0.0,1.0,,1500.0,,1.0,1.0,0.0,1,,Returning,9487510000000.0,India,False,False
XYZ Luxury,2026-08-16 00:00:00+00:00,INR,XYZ Luxury - magic checkout,2026-08-16 08:14:39+00:00,2026-08-16 08:14:39+00:00,2026-08-16 08:14:40+00:00,7625020000000.0,#4697,United Kingdom,Rest of the World,United Kingdom,England,Bolton,"card, Magic",9567620000000.0,Morni Bangles Pair,"16ap, 17-04, 24akk, 9jul, Ready to ship-26",02-Jun,9900.0,9900.0,9900.0,1,0.0,0.0,1.0,,9900.0,,1.0,1.0,0.0,1,,Returning,8746950000000.0,United Kingdom,False,False
XYZ Luxury,2026-08-16 00:00:00+00:00,INR,XYZ Luxury - magic checkout,2026-08-16 08:33:05+00:00,2026-08-16 08:33:05+00:00,2026-08-16 08:33:06+00:00,7625050000000.0,#4698,India,India,India,Arunachal Pradesh,Namsai,"Magic, upi",9627570000000.0,Golden Chain,"24akk, 9jul, BUY ANY 3 FOR 4999, hp_rts09may, Ready to ship-26",Default Title,2400.0,2400.0,2400.0,1,0.0,0.0,1.0,,2400.0,1.0,,1.0,0.0,1,,First-time,9842790000000.0,India,False,False
XYZ Luxury,2026-08-16 00:00:00+00:00,INR,XYZ Luxury - magic checkout,2026-08-16 09:02:11+00:00,2026-08-16 09:02:11+00:00,2026-08-16 09:02:12+00:00,7625100000000.0,#4699,India,India,India,Haryana,Gurugram,"Magic, razorpay_partial_cod, upi",9692580000000.0,zara waliyaan,"17a, BUY ANY 3 FOR 4999",Default Title,2400.0,1428.28,1428.28,1,0.0,0.0,1.0,,1428.28,1.0,,1.0,971.72,1,,First-time,9839710000000.0,India,False,False
XYZ Luxury,2026-08-16 00:00:00+00:00,INR,XYZ Luxury - magic checkout,2026-08-16 09:11:03+00:00,2026-08-16 09:11:03+00:00,2026-08-16 09:11:04+00:00,7625120000000.0,#4700,India,India,India,West Bengal,Raiganj,"Magic, upi",9639670000000.0,Niko Waliyaan,"24akk, 9jul, BUY ANY 3 FOR 4999, hp_rts09may, OFFER, Ready to ship-26",Default Title,1800.0,1800.0,1800.0,1,0.0,0.0,1.0,,1800.0,1.0,,1.0,0.0,1,,First-time,9842850000000.0,India,False,False
XYZ Luxury,2026-08-16 00:00:00+00:00,INR,XYZ Luxury - magic checkout,2026-08-16 09:58:06+00:00,2026-08-16 09:58:06+00:00,2026-08-16 18:51:58+00:00,7625200000000.0,#4701,India,India,India,Punjab,Hoshiarpur,"card, Magic, razorpay_partial_cod",9478450000000.0,Basant Jhumki Earrings,"17-04, 22j, 9jul, category_earring, Ready to ship-26, sale-28",Default Title,8250.0,8250.0,8250.0,1,0.0,0.0,1.0,,8250.0,1.0,,1.0,0.0,1,,First-time,9841600000000.0,India,False,False
XYZ Luxury,2026-08-16 00:00:00+00:00,INR,XYZ Luxury - magic checkout,2026-08-16 10:22:27+00:00,2026-08-16 10:22:27+00:00,2026-08-16 10:22:28+00:00,7625250000000.0,#4702,India,India,India,Haryana,Gurugram,"card, Magic",9478430000000.0,Ghungroo Chain Set,"17-04, 20-02, 22j, 9jul, category_choker, category_necklace, Ready to ship-26, sale-28",Default Title,4620.0,4620.0,4620.0,1,0.0,0.0,1.0,,4620.0,,1.0,1.0,0.0,1,,Returning,9835640000000.0,India,False,False
XYZ Luxury,2026-08-16 00:00:00+00:00,INR,Online Store,2026-08-16 10:45:41+00:00,2026-08-16 10:45:43+00:00,2026-08-16 10:45:46+00:00,7625290000000.0,#4703,India,India,India,Punjab,Mohali,Koala Offer,9692600000000.0,Flower Jhumki,"17a, BUY ANY 3 FOR 4999",Default Title,2400.0,1723.8,1723.8,1,0.0,0.0,1.0,,1723.8,1.0,,1.0,676.2,1,meta_Paid,First-time,9842990000000.0,India,False,False
XYZ Luxury,2026-08-16 00:00:00+00:00,INR,XYZ Luxury - magic checkout,2026-08-16 14:02:35+00:00,2026-08-16 14:02:35+00:00,2026-08-16 14:02:36+00:00,7625690000000.0,#4704,India,India,India,Delhi,West Delhi,"Magic, razorpay_partial_cod, upi",9474310000000.0,farida choker set,"17-04, 17f, 22j, 9jul, category_choker, category_necklace, sale-28",Default Title,9570.0,9570.0,9570.0,1,0.0,0.0,1.0,,9570.0,1.0,,1.0,0.0,1,,First-time,9843380000000.0,India,False,False
XYZ Luxury,2026-08-16 00:00:00+00:00,INR,XYZ Luxury - magic checkout,2026-08-16 15:29:39+00:00,2026-08-16 15:29:39+00:00,2026-08-16 15:29:39+00:00,7625910000000.0,#4705,India,India,India,Punjab,Fatehgarh Sahib,"Magic, upi",9693260000000.0,Sonam Chain,"17a, BUY ANY 3 FOR 4999",Default Title,2400.0,2400.0,2400.0,1,0.0,0.0,1.0,,2400.0,1.0,,1.0,0.0,1,,First-time,9842510000000.0,India,False,False
XYZ Luxury,2026-08-16 00:00:00+00:00,INR,XYZ Luxury - magic checkout,2026-08-16 15:35:24+00:00,2026-08-16 15:35:24+00:00,2026-08-16 15:35:25+00:00,7625930000000.0,#4706,India,India,India,Uttar Pradesh,Agra,"Magic, upi",9693190000000.0,Falak Raani Haar Set,17a,Default Title,9000.0,9000.0,9000.0,1,0.0,0.0,1.0,,9000.0,1.0,,1.0,0.0,1,,First-time,9843560000000.0,India,False,False
XYZ Luxury,2026-08-16 00:00:00+00:00,INR,XYZ Luxury - magic checkout,2026-08-16 16:19:08+00:00,2026-08-16 16:19:08+00:00,2026-08-16 16:19:09+00:00,7626050000000.0,#4707,India,India,India,Karnataka,Bengaluru,"card, Magic",9627600000000.0,Ramya Bracelet,"10june.., 24akk, 9jul, BUY ANY 3 FOR 4999, Ready to ship-26",Default Title,1800.0,1499.7,1499.7,1,0.0,0.0,1.0,,1499.7,1.0,,1.0,300.3,1,,First-time,9843650000000.0,India,False,False
XYZ Luxury,2026-08-16 00:00:00+00:00,INR,XYZ Luxury - magic checkout,2026-08-16 16:48:17+00:00,2026-08-16 16:48:17+00:00,2026-08-16 16:48:18+00:00,7626130000000.0,#4708,India,India,India,Karnataka,Bengaluru,"Magic, razorpay_partial_cod, upi",9631280000000.0,Tinu Earrings,"24akk, 9jul, BUY ANY 3 FOR 4999, hp_rts09may, Ready to ship-26",Default Title,1500.0,1500.0,1500.0,1,0.0,0.0,1.0,,1500.0,1.0,,1.0,0.0,1,,First-time,9843640000000.0,India,False,False
XYZ Luxury,2026-08-16 00:00:00+00:00,INR,XYZ Luxury - magic checkout,2026-08-16 16:55:57+00:00,2026-08-16 16:55:57+00:00,2026-08-16 16:55:58+00:00,7626150000000.0,#4709,India,India,India,Uttar Pradesh,Ghaziabad,"Magic, razorpay_partial_cod, upi",9627590000000.0,Rennu Chain,"24akk, 9jul, BUY ANY 3 FOR 4999, hp_rts09may, Ready to ship-26",Default Title,1800.0,1800.0,1800.0,1,0.0,0.0,1.0,,1800.0,1.0,,1.0,0.0,1,,First-time,9843730000000.0,India,False,False
XYZ Luxury,2026-08-16 00:00:00+00:00,INR,XYZ Luxury - magic checkout,2026-08-16 17:28:53+00:00,2026-08-16 17:28:53+00:00,2026-08-16 17:28:54+00:00,7626250000000.0,#4710,India,India,India,Punjab,Bathinda,"card, Magic, razorpay_partial_cod",9631280000000.0,Chinu Waliyaan,"24akk, 9jul, BUY ANY 3 FOR 4999, hp_rts09may, OFFER, Ready to ship-26",Default Title,1800.0,1800.0,1800.0,1,0.0,0.0,1.0,,1800.0,1.0,,1.0,0.0,1,,First-time,9843470000000.0,India,False,False
XYZ Luxury,2026-08-17 00:00:00+00:00,INR,XYZ Luxury - magic checkout,2026-08-16 18:59:34+00:00,2026-08-16 18:59:34+00:00,2026-08-20 10:52:00+00:00,7626490000000.0,#4711,India,India,India,Delhi,West Delhi,"card, Magic",9478020000000.0,Suhair Necklace Set,"17-04, 20-02, 22j, 9jul, category_necklace, sale-28",Default Title,9570.0,9570.0,9570.0,1,0.0,0.0,1.0,,9570.0,,1.0,1.0,0.0,1,,Returning,9843380000000.0,India,False,False
XYZ Luxury,2026-08-17 00:00:00+00:00,INR,XYZ Luxury - magic checkout,2026-08-17 03:38:26+00:00,2026-08-17 03:38:26+00:00,2026-08-20 05:10:40+00:00,7627510000000.0,#4712,India,India,India,Punjab,Chandighar,"Magic, upi",9631270000000.0,Reena Waliyaan,"24akk, 9jul, BUY ANY 3 FOR 4999, hp_rts09may, OFFER, Ready to ship-26",Default Title,2400.0,2400.0,2400.0,1,0.0,0.0,1.0,,2400.0,1.0,,1.0,0.0,1,,First-time,9845090000000.0,India,False,False
XYZ Luxury,2026-08-17 00:00:00+00:00,INR,XYZ Luxury - magic checkout,2026-08-17 04:30:11+00:00,2026-08-17 04:30:11+00:00,2026-08-20 05:15:46+00:00,7627640000000.0,#4713,India,India,India,Uttar Pradesh,Lucknow,"Magic, upi",9614310000000.0,Rina Passa,"24akk, 9jul, hp_rts09may, Ready to ship-26",Default Title,9900.0,9900.0,9900.0,1,0.0,0.0,1.0,,9900.0,1.0,,1.0,0.0,1,,First-time,9845160000000.0,India,False,False
XYZ Luxury,2026-08-17 00:00:00+00:00,INR,XYZ Luxury - magic checkout,2026-08-17 05:26:55+00:00,2026-08-17 05:26:55+00:00,2026-08-20 05:19:15+00:00,7627790000000.0,#4714,India,India,India,Punjab,PATIALA,"Magic, upi",9693290000000.0,Neha Earrings,"17a, BUY ANY 3 FOR 4999",Default Title,1800.0,1800.0,1800.0,1,0.0,0.0,1.0,,1800.0,1.0,,1.0,0.0,1,,First-time,9845240000000.0,India,False,False
XYZ Luxury,2026-08-17 00:00:00+00:00,INR,XYZ Luxury - magic checkout,2026-08-17 08:37:35+00:00,2026-08-17 08:37:35+00:00,2026-08-20 05:21:39+00:00,7628020000000.0,#4715,India,India,India,Himachal Pradesh,Kangra,"Magic, upi",9693290000000.0,Neha Earrings,"17a, BUY ANY 3 FOR 4999",Default Title,1800.0,1800.0,1800.0,1,0.0,0.0,1.0,,1800.0,1.0,,1.0,0.0,1,,First-time,9842880000000.0,India,False,False
XYZ Luxury,2026-08-17 00:00:00+00:00,INR,XYZ Luxury - magic checkout,2026-08-17 08:58:13+00:00,2026-08-17 08:58:13+00:00,2026-08-20 05:24:36+00:00,7628040000000.0,#4716,India,India,India,Punjab,Rupnagar,"card, Magic",9563990000000.0,Pippal Patti Waliyaan,"22j, 9jul, BUY ANY 2 FOR 7999, Ready to ship-26, sale-28",Default Title,3960.0,3960.0,3960.0,1,0.0,0.0,1.0,,3960.0,1.0,,1.0,0.0,1,,First-time,9845580000000.0,India,False,False
XYZ Luxury,2026-08-17 00:00:00+00:00,INR,XYZ Luxury - magic checkout,2026-08-17 09:18:59+00:00,2026-08-17 09:18:59+00:00,2026-08-20 05:27:00+00:00,7628070000000.0,#4717,India,India,India,Maharashtra,Mumbai,"Magic, upi",9418090000000.0,Ruby Emerald Bangles Pair,"16ak, 17-04, 22j, 9jul, category_bangles, Ready to ship-26, sale-28",02-Apr,5940.0,5940.0,5940.0,1,0.0,0.0,1.0,,5940.0,1.0,,1.0,0.0,1,,First-time,9845610000000.0,India,False,False
XYZ Luxury,2026-08-17 00:00:00+00:00,INR,XYZ Luxury - magic checkout,2026-08-17 10:16:23+00:00,2026-08-17 10:16:23+00:00,2026-08-19 05:15:28+00:00,7628130000000.0,#4718,India,India,India,Haryana,Gurugram,"Magic, razorpay_partial_cod, wallet",9627590000000.0,Rennu Chain,"24akk, 9jul, BUY ANY 3 FOR 4999, hp_rts09may, Ready to ship-26",Default Title,1800.0,1800.0,1800.0,1,0.0,0.0,1.0,,1800.0,1.0,,1.0,0.0,1,,First-time,9833490000000.0,India,False,False
XYZ Luxury,2026-08-17 00:00:00+00:00,INR,XYZ Luxury - magic checkout,2026-08-17 13:56:57+00:00,2026-08-17 13:56:57+00:00,2026-08-19 05:07:00+00:00,7628470000000.0,#4719,India,India,India,Uttar Pradesh,Lucknow,"Magic, razorpay_partial_cod, upi",8916240000000.0,Haafiz Antique Bangles 4pc,"17-04, 22j, 3july-backup-dis, 9jul, Bestseller_18sep, BUY ANY 2 FOR 7999, category_bangles, eoss_02jun, EOSS_jan26, hp_rts09may, Ready to ship-26, sale-28, Silver Bangles",02-Apr,4165.92,4165.92,4165.92,1,0.0,0.0,1.0,,4165.92,1.0,,1.0,0.0,1,,First-time,9846130000000.0,India,False,False
XYZ Luxury,2026-08-17 00:00:00+00:00,INR,XYZ Luxury - magic checkout,2026-08-17 14:11:33+00:00,2026-08-17 14:11:33+00:00,2026-08-20 05:29:32+00:00,7628500000000.0,#4720,India,India,India,Maharashtra,Thane,"Magic, upi",9631280000000.0,Noor Waliyaan,"9jul, BUY ANY 3 FOR 4999, hp_rts09may, OFFER, Ready to ship-26",Default Title,1920.0,1568.31,1568.31,1,0.0,0.0,1.0,,1568.31,1.0,,1.0,351.69,1,,First-time,9846170000000.0,India,False,False
XYZ Luxury,2026-08-17 00:00:00+00:00,INR,XYZ Luxury - magic checkout,2026-08-17 14:33:05+00:00,2026-08-17 14:33:05+00:00,2026-08-20 10:05:39+00:00,7628570000000.0,#4721,India,India,India,Punjab,Mohali,"Magic, razorpay_partial_cod, upi",9639670000000.0,Heer Waliyaan,"22j, 22ju, 9jul, BUY ANY 3 FOR 4999, hp_rts09may, Ready to ship-26",Default Title,1800.0,1499.7,1499.7,1,0.0,0.0,1.0,,1499.7,,1.0,1.0,300.3,1,,Returning,8103040000000.0,India,False,False
XYZ Luxury,2026-08-17 00:00:00+00:00,INR,XYZ Luxury - magic checkout,2026-08-17 15:51:29+00:00,2026-08-17 15:51:29+00:00,2026-08-17 15:51:30+00:00,7628760000000.0,#4722,India,India,India,Punjab,Jagraon dictric ludhiana,"Magic, razorpay_partial_cod, upi",9474390000000.0,panna studs,"17-04, 17f, 22j, 9jul, category_earring, sale-28",Default Title,4620.0,4620.0,4620.0,1,0.0,0.0,1.0,,4620.0,1.0,,1.0,0.0,1,,First-time,9846390000000.0,India,False,False
XYZ Luxury,2026-08-17 00:00:00+00:00,INR,XYZ Luxury - magic checkout,2026-08-17 17:09:37+00:00,2026-08-17 17:09:37+00:00,2026-08-20 05:32:25+00:00,7628940000000.0,#4723,India,India,India,Karnataka,Bengaluru,"card, Magic",9639670000000.0,Rimpi Waliyaan,"9jul, BUY ANY 2 FOR 7999, hp_rts09may, Ready to ship-26",Default Title,3000.0,3000.0,3000.0,1,0.0,0.0,1.0,,3000.0,1.0,,1.0,0.0,1,,First-time,9846550000000.0,India,False,False
XYZ Luxury,2026-08-17 00:00:00+00:00,INR,XYZ Luxury - magic checkout,2026-08-17 18:27:57+00:00,2026-08-17 18:27:57+00:00,2026-08-20 05:37:10+00:00,7629120000000.0,#4724,India,India,India,Haryana,Gurugram,"Magic, upi",9627600000000.0,Heer bracelet,"10june.., 24akk, 9jul, BUY ANY 3 FOR 4999, Ready to ship-26",Default Title,2400.0,2400.0,2400.0,1,0.0,0.0,1.0,,2400.0,,1.0,1.0,0.0,1,,Returning,9074330000000.0,India,False,False
XYZ Luxury,2026-08-18 00:00:00+00:00,INR,XYZ Luxury - magic checkout,2026-08-18 01:52:08+00:00,2026-08-18 01:52:08+00:00,2026-08-20 05:39:42+00:00,7630090000000.0,#4725,India,India,India,Haryana,Panchkula,"Magic, upi",9478430000000.0,Areej Antique Pearl Set,"17-04, 20-02, 22j, 9jul, category_necklace, Ready to ship-26, sale-28",Default Title,3366.0,3366.0,3366.0,1,0.0,0.0,1.0,,3366.0,1.0,,1.0,0.0,1,,First-time,9847750000000.0,India,False,False
XYZ Luxury,2026-08-18 00:00:00+00:00,INR,XYZ Luxury - magic checkout,2026-08-18 03:49:29+00:00,2026-08-18 03:49:29+00:00,2026-08-18 03:49:30+00:00,7630330000000.0,#4726,India,India,India,Punjab,Tarn Taran,"Magic, upi",9692600000000.0,Paan Earrings,"17a, BUY ANY 2 FOR 7999",Default Title,3000.0,3000.0,3000.0,1,0.0,0.0,1.0,,3000.0,1.0,,1.0,0.0,1,,First-time,9847950000000.0,India,False,False
XYZ Luxury,2026-08-18 00:00:00+00:00,INR,XYZ Luxury - magic checkout,2026-08-18 03:51:07+00:00,2026-08-18 03:51:07+00:00,2026-08-18 03:51:07+00:00,7630330000000.0,#4727,India,India,India,Karnataka,Bengaluru,"Additional Notes, Magic, upi",9676380000000.0,Ronak Lottan Earrings,ak-04-08,Default Title,6000.0,6000.0,6000.0,1,0.0,0.0,1.0,,6000.0,,1.0,1.0,0.0,1,,Returning,9696060000000.0,India,False,False
XYZ Luxury,2026-08-18 00:00:00+00:00,INR,XYZ Luxury - magic checkout,2026-08-18 04:23:04+00:00,2026-08-18 04:23:04+00:00,2026-08-18 04:23:05+00:00,7630410000000.0,#4728,India,India,India,Maharashtra,Mumbai,"Magic, upi",9639670000000.0,Rimpi Waliyaan,"9jul, BUY ANY 2 FOR 7999, hp_rts09may, Ready to ship-26",Default Title,3000.0,3000.0,3000.0,1,0.0,0.0,1.0,,3000.0,1.0,,1.0,0.0,1,,First-time,9848020000000.0,India,False,False
XYZ Luxury,2026-08-18 00:00:00+00:00,INR,XYZ Luxury - magic checkout,2026-08-18 04:23:25+00:00,2026-08-18 04:23:25+00:00,2026-08-18 04:23:25+00:00,7630420000000.0,#4729,India,India,India,Karnataka,BANGALORE,"card, Magic",9639670000000.0,Rimpi Waliyaan,"9jul, BUY ANY 2 FOR 7999, hp_rts09may, Ready to ship-26",Default Title,3000.0,3000.0,3000.0,1,0.0,0.0,1.0,,3000.0,1.0,,1.0,0.0,1,,First-time,9848020000000.0,India,False,False
XYZ Luxury,2026-08-18 00:00:00+00:00,INR,XYZ Luxury - magic checkout,2026-08-18 07:50:58+00:00,2026-08-18 07:50:58+00:00,2026-08-18 07:50:59+00:00,7630760000000.0,#4730,India,India,India,Maharashtra,Mumbai,"Magic, upi",8741480000000.0,Nazare Ring,"Bestseller_18sep, desc addition, eoss_02jun, EOSS_jan26, hp_rts09may",Default Title,6600.0,6600.0,6600.0,1,0.0,0.0,1.0,,6600.0,1.0,,1.0,0.0,1,,First-time,9848270000000.0,India,False,False
XYZ Luxury,2026-08-18 00:00:00+00:00,INR,XYZ Luxury - magic checkout,2026-08-18 08:19:26+00:00,2026-08-18 08:19:26+00:00,2026-08-18 17:48:56+00:00,7630800000000.0,#4731,India,India,India,Punjab,Chandighar,"Magic, upi",9224500000000.0,Ghungroo Bangles Pair,"17-04, 22j, 9jul, category_bangles, Clearance Sale, EOSS_jan26, Ready to ship-26, sale-28",02-Jun,3530.14,3530.14,3630.0,1,0.0,0.0,1.0,,3530.14,1.0,,1.0,0.0,1,,First-time,9848300000000.0,India,False,False
XYZ Luxury,2026-08-18 00:00:00+00:00,INR,XYZ Luxury - magic checkout,2026-08-18 08:27:22+00:00,2026-08-18 08:27:22+00:00,2026-08-18 08:37:57+00:00,7630810000000.0,#4732,India,India,India,Jammu and Kashmir,Jammu,"Magic, razorpay_partial_cod, upi",9478440000000.0,Ria Pearl Passa,"17-04, 20-02, 22j, 9jul, category_Passa, sale-28",Default Title,7590.0,7590.0,7590.0,1,0.0,0.0,1.0,,7590.0,1.0,,1.0,0.0,1,,First-time,9848300000000.0,India,False,False
XYZ Luxury,2026-08-18 00:00:00+00:00,INR,XYZ Luxury - magic checkout,2026-08-18 10:06:28+00:00,2026-08-18 10:06:28+00:00,2026-08-18 10:06:29+00:00,7630940000000.0,#4733,India,India,India,West Bengal,South Parganas,"Magic, razorpay_partial_cod, upi",9631280000000.0,Noor Waliyaan,"9jul, BUY ANY 3 FOR 4999, hp_rts09may, OFFER, Ready to ship-26",Default Title,1920.0,1568.31,1568.31,1,0.0,0.0,1.0,,1568.31,1.0,,1.0,351.69,1,,First-time,9759200000000.0,India,False,False
XYZ Luxury,2026-08-18 00:00:00+00:00,INR,Draft Orders,2026-08-18 10:42:47+00:00,2026-08-18 10:42:48+00:00,2026-08-19 05:10:55+00:00,7630990000000.0,#4734,India,India,India,Uttar Pradesh,Barabanki,,8688410000000.0,Lajjo Choker Set,"Bestseller_18sep, category_choker, category_necklace, Clearance Sale, desc addition, eoss_02jun, EOSS_jan26, hp_rts09may",Default Title,26950.0,26950.0,26950.0,1,0.0,0.0,1.0,,26950.0,1.0,,1.0,0.0,1,,First-time,9845270000000.0,India,False,False
XYZ Luxury,2026-08-18 00:00:00+00:00,INR,XYZ Luxury - magic checkout,2026-08-18 11:00:54+00:00,2026-08-18 11:00:54+00:00,2026-08-18 11:00:54+00:00,7631020000000.0,#4735,India,India,India,Maharashtra,Pimpri-Chinchwad,"Magic, upi",9693280000000.0,Sohni Pearl Sahare,"17a, BUY ANY 3 FOR 4999",Default Title,1500.0,1500.0,1500.0,1,0.0,0.0,1.0,,1500.0,1.0,,1.0,0.0,1,,First-time,9568700000000.0,India,False,False
XYZ Luxury,2026-08-18 00:00:00+00:00,INR,XYZ Luxury - magic checkout,2026-08-18 11:41:39+00:00,2026-08-18 11:41:39+00:00,2026-08-18 11:41:41+00:00,7631080000000.0,#4736,India,India,India,Karnataka,Udupi,"Magic, upi",9631270000000.0,Reena Waliyaan,"24akk, 9jul, BUY ANY 3 FOR 4999, hp_rts09may, OFFER, Ready to ship-26",Default Title,2400.0,1785.35,1785.35,1,0.0,0.0,1.0,,1785.35,1.0,,1.0,614.65,1,,First-time,9848550000000.0,India,False,False
XYZ Luxury,2026-08-18 00:00:00+00:00,INR,XYZ Luxury - magic checkout,2026-08-18 12:43:52+00:00,2026-08-18 12:43:52+00:00,2026-08-18 12:43:52+00:00,7631190000000.0,#4737,India,India,India,Punjab,Chandighar,"Magic, upi",8710430000000.0,Pippal Patti Waaliyaan,"Bestseller_18sep, category_earring, desc addition, eoss_02jun, EOSS_jan26, hp_rts09may",Default Title,9350.0,9350.0,9350.0,1,0.0,0.0,1.0,,9350.0,1.0,,1.0,0.0,1,,First-time,9848640000000.0,India,False,False
XYZ Luxury,2026-08-18 00:00:00+00:00,INR,XYZ Luxury - magic checkout,2026-08-18 12:50:08+00:00,2026-08-18 12:50:08+00:00,2026-08-18 12:50:09+00:00,7631200000000.0,#4738,India,India,India,Punjab,Zirakpur,"Magic, razorpay_partial_cod, upi",9693260000000.0,Ashima Chain,"17a, BUY ANY 3 FOR 4999",Default Title,2100.0,2100.0,2100.0,1,0.0,0.0,1.0,,2100.0,1.0,,1.0,0.0,1,,First-time,9848650000000.0,India,False,False
XYZ Luxury,2026-08-18 00:00:00+00:00,INR,XYZ Luxury - magic checkout,2026-08-18 14:50:35+00:00,2026-08-18 14:50:35+00:00,2026-08-18 14:50:35+00:00,7631430000000.0,#4739,India,India,India,Delhi,new delhi,"card, Magic",9639670000000.0,Rimpi Waliyaan,"9jul, BUY ANY 2 FOR 7999, hp_rts09may, Ready to ship-26",Default Title,3000.0,3000.0,3000.0,1,0.0,0.0,1.0,,3000.0,1.0,,1.0,0.0,1,,First-time,9803590000000.0,India,False,False
XYZ Luxury,2026-08-18 00:00:00+00:00,INR,XYZ Luxury - magic checkout,2026-08-18 15:35:52+00:00,2026-08-18 15:35:52+00:00,2026-08-18 15:35:53+00:00,7631540000000.0,#4740,India,India,India,Haryana,Yamuna Nagar,"Magic, razorpay_partial_cod, upi",9676380000000.0,Ronak Lottan Earrings,ak-04-08,Default Title,6000.0,6000.0,6000.0,1,0.0,0.0,1.0,,6000.0,1.0,,1.0,0.0,1,,First-time,9848600000000.0,India,False,False
XYZ Luxury,2026-08-18 00:00:00+00:00,INR,XYZ Luxury - magic checkout,2026-08-18 17:15:19+00:00,2026-08-18 17:15:19+00:00,2026-08-18 17:15:20+00:00,7631780000000.0,#4741,India,India,India,Haryana,GURGAON,"Magic, razorpay_partial_cod, upi",8147790000000.0,Virasat Choker Set,"bride_t, category_choker, category_necklace, desc addition, eoss_02jun, EOSS_jan26, hp_rts09may, occasion",Default Title,37950.0,37950.0,37950.0,1,0.0,0.0,1.0,,37950.0,1.0,,1.0,0.0,1,,First-time,9186410000000.0,India,False,False
XYZ Luxury,2026-08-19 00:00:00+00:00,INR,XYZ Luxury - magic checkout,2026-08-18 21:39:25+00:00,2026-08-18 21:39:25+00:00,2026-08-18 21:39:26+00:00,7632280000000.0,#4742,India,India,India,Punjab,Sangrur,"card, Magic",9567980000000.0,Madhuri Hasli Only,"16ap, 17-04, 24akk, 9jul, Ready to ship-26",Default Title,9900.0,9900.0,9900.0,1,0.0,0.0,1.0,,9900.0,1.0,,1.0,0.0,1,,First-time,9849460000000.0,India,False,False
XYZ Luxury,2026-08-19 00:00:00+00:00,INR,XYZ Luxury - magic checkout,2026-08-19 01:17:03+00:00,2026-08-19 01:17:03+00:00,2026-08-19 01:17:04+00:00,7632580000000.0,#4743,India,India,India,Uttarakhand,DEHRADUN,"Magic, upi",9693250000000.0,Akriti chain,"17a, BUY ANY 3 FOR 4999",Default Title,2400.0,2400.0,2400.0,1,0.0,0.0,1.0,,2400.0,1.0,,1.0,0.0,1,,First-time,9849740000000.0,India,False,False
XYZ Luxury,2026-08-19 00:00:00+00:00,INR,XYZ Luxury - magic checkout,2026-08-19 02:06:07+00:00,2026-08-19 02:06:07+00:00,2026-08-19 02:06:08+00:00,7632650000000.0,#4744,India,India,India,Tamil Nadu,Namakkal,"Magic, upi",9693260000000.0,Sonam Chain,"17a, BUY ANY 3 FOR 4999",Default Title,2400.0,1666.33,1666.33,1,0.0,0.0,1.0,,1666.33,1.0,,1.0,733.67,1,,First-time,9849730000000.0,India,False,False
XYZ Luxury,2026-08-19 00:00:00+00:00,INR,XYZ Luxury - magic checkout,2026-08-19 02:55:15+00:00,2026-08-19 02:55:15+00:00,2026-08-19 02:55:16+00:00,7632730000000.0,#4745,India,India,India,Telangana,Hyderabad,"Magic, razorpay_partial_cod, upi",9693260000000.0,Sonam Chain,"17a, BUY ANY 3 FOR 4999",Default Title,2400.0,1666.33,1666.33,1,0.0,0.0,1.0,,1666.33,1.0,,1.0,733.67,1,,First-time,9849870000000.0,India,False,False
XYZ Luxury,2026-08-19 00:00:00+00:00,INR,XYZ Luxury - magic checkout,2026-08-19 05:33:56+00:00,2026-08-19 05:33:56+00:00,2026-08-19 05:33:57+00:00,7633040000000.0,#4746,India,India,India,Gujarat,Ahmedabad,"Magic, upi",9574310000000.0,Ranjhana Choker Set,"24akk, 9jul",Mint,9570.0,9570.0,9570.0,1,0.0,0.0,1.0,,9570.0,1.0,,1.0,0.0,1,,First-time,9850090000000.0,India,False,False
XYZ Luxury,2026-08-19 00:00:00+00:00,INR,XYZ Luxury - magic checkout,2026-08-19 05:45:05+00:00,2026-08-19 05:45:05+00:00,2026-08-19 05:45:05+00:00,7633050000000.0,#4747,India,India,India,Himachal Pradesh,SHIMLA,"card, Magic",9693260000000.0,Sonam Chain,"17a, BUY ANY 3 FOR 4999",Default Title,2400.0,2400.0,2400.0,1,0.0,0.0,1.0,,2400.0,1.0,,1.0,0.0,1,,First-time,9850100000000.0,India,False,False
XYZ Luxury,2026-08-19 00:00:00+00:00,INR,XYZ Luxury - magic checkout,2026-08-19 06:20:36+00:00,2026-08-19 06:20:36+00:00,2026-08-19 06:20:36+00:00,7633100000000.0,#4748,India,India,India,Punjab,Sangrur,"Magic, razorpay_partial_cod, upi",9693190000000.0,Neelu Bangles,17a,2.6,3300.0,3300.0,3300.0,1,0.0,0.0,1.0,,3300.0,,1.0,1.0,0.0,1,,Returning,9800040000000.0,India,False,False
XYZ Luxury,2026-08-19 00:00:00+00:00,INR,XYZ Luxury - magic checkout,2026-08-19 06:39:32+00:00,2026-08-19 06:39:32+00:00,2026-08-19 06:39:33+00:00,7633130000000.0,#4749,India,India,India,Haryana,Gurugram,"Magic, upi",9427520000000.0,Patiala Choker Set,"17-04, 22j, 9jul, category_choker, Ready to ship-26, sale-28",Default Title,14850.0,14850.0,14850.0,1,0.0,0.0,1.0,,14850.0,1.0,,1.0,0.0,1,,First-time,9850180000000.0,India,False,False
XYZ Luxury,2026-08-19 00:00:00+00:00,INR,Draft Orders,2026-08-19 12:47:00+00:00,2026-08-19 12:47:00+00:00,2026-08-19 12:47:01+00:00,7633630000000.0,#4750,India,India,India,Kerala,Kollam,,9008490000000.0,Kinza Pearl Set,"3july-backup-dis, Bestseller_18sep, category_choker, category_necklace, eoss_02jun, EOSS_jan26, Ready to ship-26",Default Title,21450.0,21450.0,21450.0,1,0.0,0.0,1.0,,21450.0,1.0,,1.0,0.0,1,,First-time,9850610000000.0,India,False,False
XYZ Luxury,2026-08-19 00:00:00+00:00,INR,XYZ Luxury - magic checkout,2026-08-19 12:49:33+00:00,2026-08-19 12:49:33+00:00,2026-08-19 12:49:34+00:00,7633630000000.0,#4751,India,India,India,West Bengal,Kolkata,"Magic, upi",9692600000000.0,Flower Jhumki,"17a, BUY ANY 3 FOR 4999",Default Title,2400.0,1666.33,1666.33,1,0.0,0.0,1.0,,1666.33,1.0,,1.0,733.67,1,,First-time,9850620000000.0,India,False,False
XYZ Luxury,2026-08-19 00:00:00+00:00,INR,XYZ Luxury - magic checkout,2026-08-19 13:35:36+00:00,2026-08-19 13:35:36+00:00,2026-08-19 13:35:37+00:00,7633720000000.0,#4752,India,India,India,Maharashtra,Pimpri-Chinchwad,"Magic, upi",9693190000000.0,Farida Bangles,"17a, BUY ANY 3 FOR 4999",2.4,1800.0,1800.0,1800.0,1,0.0,0.0,1.0,,1800.0,,1.0,1.0,0.0,1,,Returning,9568700000000.0,India,False,False
XYZ Luxury,2026-08-19 00:00:00+00:00,INR,XYZ Luxury - magic checkout,2026-08-19 14:59:22+00:00,2026-08-19 14:59:22+00:00,2026-08-19 14:59:23+00:00,7633890000000.0,#4753,India,India,India,Delhi,West Delhi,"card, Magic",9693280000000.0,Sohni Pearl Sahare,"17a, BUY ANY 3 FOR 4999",Default Title,1500.0,1237.37,1237.37,1,0.0,0.0,1.0,,1237.37,1.0,,1.0,262.63,1,,First-time,9850790000000.0,India,False,False
XYZ Luxury,2026-08-19 00:00:00+00:00,INR,XYZ Luxury - magic checkout,2026-08-19 16:17:17+00:00,2026-08-19 16:17:17+00:00,2026-08-19 16:17:18+00:00,7634120000000.0,#4754,India,India,India,Uttar Pradesh,Allahabad,"Magic, upi",9693260000000.0,Sonam Chain,"17a, BUY ANY 3 FOR 4999",Default Title,2400.0,2400.0,2400.0,1,0.0,0.0,1.0,,2400.0,1.0,,1.0,0.0,1,,First-time,9850780000000.0,India,False,False
XYZ Luxury,2026-08-20 00:00:00+00:00,INR,XYZ Luxury - magic checkout,2026-08-20 02:19:45+00:00,2026-08-20 02:19:45+00:00,2026-08-20 02:19:46+00:00,7635190000000.0,#4755,United States,USA,United States,Texas,McKinney,"card, Magic",8768070000000.0,Gulpari Sheeshphul,"desc addition, eoss_02jun, EOSS_jan26, hp_rts09may",Default Title,35695.0,35695.0,35695.0,1,0.0,0.0,1.0,,35695.0,1.0,,1.0,0.0,1,,First-time,9852580000000.0,United States,False,False
XYZ Luxury,2026-08-20 00:00:00+00:00,INR,Draft Orders,2026-08-20 05:12:50+00:00,2026-08-20 05:12:50+00:00,2026-08-20 05:12:52+00:00,7635540000000.0,#4756,India,India,India,Jharkhand,Ranchi,,9643180000000.0,Zeenat Jadau Set,"24akk, 9jul, hp_rts09may, Ready to ship-26",Default Title,9300.0,9300.0,9300.0,1,0.0,0.0,1.0,,9300.0,1.0,,1.0,0.0,1,,First-time,9846240000000.0,India,False,False
XYZ Luxury,2026-08-20 00:00:00+00:00,INR,XYZ Luxury - magic checkout,2026-08-20 05:59:53+00:00,2026-08-20 05:59:53+00:00,2026-08-20 05:59:54+00:00,7635610000000.0,#4757,India,India,India,Maharashtra,Mumbai,"card, Magic",9693270000000.0,Rakhi Pearl Sahare,"17a, BUY ANY 3 FOR 4999",Default Title,2160.0,1551.41,1551.41,1,0.0,0.0,1.0,,1551.41,1.0,,1.0,608.59,1,,First-time,9852830000000.0,India,False,False
XYZ Luxury,2026-08-20 00:00:00+00:00,INR,XYZ Luxury - magic checkout,2026-08-20 06:13:06+00:00,2026-08-20 06:13:06+00:00,2026-08-20 06:34:00+00:00,7635630000000.0,#4758,India,India,India,Delhi,West Delhi,"Magic, upi",9693280000000.0,Dimple Golden Sahare,"17a, BUY ANY 3 FOR 4999",Default Title,1500.0,1500.0,1500.0,1,0.0,0.0,1.0,,1500.0,,1.0,1.0,0.0,1,,Returning,8703200000000.0,India,False,False
XYZ Luxury,2026-08-20 00:00:00+00:00,INR,Draft Orders,2026-08-20 06:41:13+00:00,2026-08-20 06:41:14+00:00,2026-08-20 06:44:05+00:00,7635660000000.0,#4759,India,India,India,Punjab,Makhu,QR_COD_Confirmed,9676380000000.0,Darshan Tikka Set,ak-04-08,Default Title,7500.0,7500.0,7500.0,1,0.0,0.0,1.0,,7500.0,1.0,,1.0,0.0,1,,First-time,9852910000000.0,India,False,False
XYZ Luxury,2026-08-20 00:00:00+00:00,INR,XYZ Luxury - magic checkout,2026-08-20 07:37:13+00:00,2026-08-20 07:37:13+00:00,2026-08-20 07:37:14+00:00,7635730000000.0,#4760,India,India,India,Delhi,New Delhi,"Magic, razorpay_partial_cod, upi",9475740000000.0,Mehar Choker set,"17-04, 18-02, 22j, 9jul, Ready to ship-26, sale-28",Default Title,14190.0,14190.0,14190.0,1,0.0,0.0,1.0,,14190.0,1.0,,1.0,0.0,1,,First-time,9850060000000.0,India,False,False
XYZ Luxury,2026-08-20 00:00:00+00:00,INR,XYZ Luxury - magic checkout,2026-08-20 08:23:04+00:00,2026-08-20 08:23:04+00:00,2026-08-20 08:23:05+00:00,7635780000000.0,#4761,India,India,India,Punjab,Gurdaspur,"Additional Notes, Magic, upi",9419530000000.0,Rukmani Payal Pair,"16ak, 17-04, 22j, 9jul, category_payal, Ready to ship-26, sale-28",Default Title,6600.0,6600.0,6600.0,1,0.0,0.0,1.0,,6600.0,1.0,,1.0,0.0,1,,First-time,9853010000000.0,India,False,False
XYZ Luxury,2026-08-20 00:00:00+00:00,INR,XYZ Luxury - magic checkout,2026-08-20 09:14:38+00:00,2026-08-20 09:14:38+00:00,2026-08-23 10:10:09+00:00,7635840000000.0,#4762,India,India,India,Uttarakhand,Dehradun,"Magic, upi",9478430000000.0,Areej Antique Pearl Set,"17-04, 20-02, 22j, 9jul, category_necklace, Ready to ship-26, sale-28",Default Title,3366.0,3366.0,3366.0,1,0.0,0.0,1.0,,3366.0,,1.0,1.0,0.0,1,,Returning,9817810000000.0,India,False,False
XYZ Luxury,2026-08-20 00:00:00+00:00,INR,XYZ Luxury - magic checkout,2026-08-20 10:03:59+00:00,2026-08-20 10:03:59+00:00,2026-08-20 10:03:59+00:00,7635910000000.0,#4763,India,India,India,Haryana,Gurgaon,"Magic, upi",9478430000000.0,Areej Antique Pearl Set,"17-04, 20-02, 22j, 9jul, category_necklace, Ready to ship-26, sale-28",Default Title,3366.0,3366.0,3366.0,1,0.0,0.0,1.0,,3366.0,,1.0,1.0,0.0,1,,Returning,9841520000000.0,India,False,False
XYZ Luxury,2026-08-20 00:00:00+00:00,INR,XYZ Luxury - magic checkout,2026-08-20 14:09:55+00:00,2026-08-20 14:09:55+00:00,2026-08-20 14:09:56+00:00,7636320000000.0,#4764,United States,USA,United States,New York,New York,"card, Magic",9643180000000.0,Zeenat Jadau Set,"24akk, 9jul, hp_rts09may, Ready to ship-26",Default Title,9300.0,9300.0,9300.0,1,0.0,0.0,1.0,,9300.0,1.0,,1.0,0.0,1,,First-time,9837070000000.0,United States,False,False
XYZ Luxury,2026-08-20 00:00:00+00:00,INR,XYZ Luxury - magic checkout,2026-08-20 15:02:51+00:00,2026-08-20 15:02:51+00:00,2026-08-20 15:02:53+00:00,7636440000000.0,#4765,India,India,India,Uttar Pradesh,Gautam Buddha Nagar,"card, Magic",9473830000000.0,Patiala Hasli Set,"17-04, 17f, 22j, 9jul, category_choker, category_necklace, sale-28",Default Title,14190.0,14190.0,14190.0,1,0.0,0.0,1.0,,14190.0,1.0,,1.0,0.0,1,,First-time,9853540000000.0,India,False,False
XYZ Luxury,2026-08-20 00:00:00+00:00,INR,XYZ Luxury - magic checkout,2026-08-20 15:34:38+00:00,2026-08-20 15:34:38+00:00,2026-08-20 15:34:39+00:00,7636520000000.0,#4766,India,India,India,Punjab,Ludhiana,"Magic, upi",9474300000000.0,rubina choker set,"17-04, 17f, 22j, 9jul, category_choker, category_necklace, Ready to ship-26, sale-28",Default Title,9240.0,9240.0,9240.0,1,0.0,0.0,1.0,,9240.0,,1.0,1.0,0.0,1,,Returning,8589610000000.0,India,False,False
XYZ Luxury,2026-08-20 00:00:00+00:00,INR,XYZ Luxury - magic checkout,2026-08-20 16:58:30+00:00,2026-08-20 16:58:30+00:00,2026-08-20 16:58:30+00:00,7636740000000.0,#4767,India,India,India,Punjab,Mohadi,"Magic, razorpay_partial_cod, upi",9693250000000.0,Arman Chain,"17a, BUY ANY 3 FOR 4999",Default Title,2400.0,2400.0,2400.0,1,0.0,0.0,1.0,,2400.0,1.0,,1.0,0.0,1,,First-time,9850090000000.0,India,False,False
XYZ Luxury,2026-08-21 00:00:00+00:00,INR,XYZ Luxury - magic checkout,2026-08-20 19:00:09+00:00,2026-08-20 19:00:09+00:00,2026-08-20 19:00:10+00:00,7637030000000.0,#4768,India,India,India,Delhi,North Delhi,"Magic, razorpay_partial_cod, upi",9474310000000.0,farida choker set,"17-04, 17f, 22j, 9jul, category_choker, category_necklace, sale-28",Default Title,9570.0,9570.0,9570.0,1,0.0,0.0,1.0,,9570.0,1.0,,1.0,0.0,1,,First-time,9854000000000.0,India,False,False
XYZ Luxury,2026-08-21 00:00:00+00:00,INR,XYZ Luxury - magic checkout,2026-08-21 01:14:19+00:00,2026-08-21 01:14:19+00:00,2026-08-21 01:14:20+00:00,7637630000000.0,#4769,United States,USA,United States,North Carolina,Charlotte,"Magic, wallet",9474390000000.0,rawa hasli set,"17-04, 17f, 22j, 9jul, category_choker, category_necklace, sale-28",Default Title,12870.0,12870.0,12870.0,1,0.0,0.0,1.0,,12870.0,1.0,,1.0,0.0,1,,First-time,9854500000000.0,United States,False,False
XYZ Luxury,2026-08-21 00:00:00+00:00,INR,Draft Orders,2026-08-21 02:58:50+00:00,2026-08-21 02:58:51+00:00,2026-08-21 02:58:53+00:00,7637790000000.0,#4770,India,India,India,Punjab,Hoshiarpur,,,,,,21285.0,21285.0,21285.0,1,0.0,0.0,1.0,,21285.0,1.0,,1.0,0.0,1,,First-time,9786850000000.0,India,True,False
XYZ Luxury,2026-08-21 00:00:00+00:00,INR,XYZ Luxury - magic checkout,2026-08-21 03:31:25+00:00,2026-08-21 03:31:25+00:00,2026-08-21 03:31:26+00:00,7637840000000.0,#4771,India,India,India,Maharashtra,Mumbai,"Magic, upi",9693260000000.0,Motia chain,"17a, BUY ANY 3 FOR 4999",Default Title,2400.0,2400.0,2400.0,1,0.0,0.0,1.0,,2400.0,1.0,,1.0,0.0,1,,First-time,9854680000000.0,India,False,False
XYZ Luxury,2026-08-21 00:00:00+00:00,INR,XYZ Luxury - magic checkout,2026-08-21 08:06:25+00:00,2026-08-21 08:06:25+00:00,2026-08-24 11:40:27+00:00,7638300000000.0,#4772,India,India,India,Delhi,South Delhi,"card, Magic",9561820000000.0,Rangoli Hasli Only,09-Jul,Default Title,9570.0,9570.0,9570.0,1,0.0,0.0,1.0,,9570.0,1.0,,1.0,0.0,1,,First-time,9799760000000.0,India,False,False
XYZ Luxury,2026-08-21 00:00:00+00:00,INR,XYZ Luxury - magic checkout,2026-08-21 08:11:59+00:00,2026-08-21 08:11:59+00:00,2026-08-21 08:12:00+00:00,7638310000000.0,#4773,India,India,India,Haryana,Gurgaon,"Magic, razorpay_partial_cod, upi",9475740000000.0,Mehar Earrings,"17-04, 18-02, 22j, 9jul, category_earring, Ready to ship-26, sale-28",Default Title,8250.0,8250.0,8250.0,1,0.0,0.0,1.0,,8250.0,1.0,,1.0,0.0,1,,First-time,9854990000000.0,India,False,False
XYZ Luxury,2026-08-21 00:00:00+00:00,INR,XYZ Luxury - magic checkout,2026-08-21 08:56:15+00:00,2026-08-21 08:56:15+00:00,2026-08-21 08:56:15+00:00,7638360000000.0,#4774,India,India,India,Jammu and Kashmir,Kishtwar,"Magic, upi",9692590000000.0,Teji Waliyaan,"17a, BUY ANY 3 FOR 4999",Default Title,1800.0,1800.0,1800.0,1,0.0,0.0,1.0,,1800.0,1.0,,1.0,0.0,1,,First-time,9855050000000.0,India,False,False
XYZ Luxury,2026-08-21 00:00:00+00:00,INR,XYZ Luxury - magic checkout,2026-08-21 09:41:44+00:00,2026-08-21 09:41:44+00:00,2026-08-21 09:41:45+00:00,7638420000000.0,#4775,India,India,India,Telangana,Secunderabad,"card, Magic",9478450000000.0,Amreen Choker Set,"17-04, 22j, 9jul, category_choker, sale-28",Default Title,9570.0,9570.0,9570.0,1,0.0,0.0,1.0,,9570.0,1.0,,1.0,0.0,1,,First-time,9855100000000.0,India,False,False
XYZ Luxury,2026-08-21 00:00:00+00:00,INR,XYZ Luxury - magic checkout,2026-08-21 10:22:02+00:00,2026-08-21 10:22:02+00:00,2026-08-21 10:22:03+00:00,7638480000000.0,#4776,India,India,India,Haryana,Gurugram,"Magic, razorpay_partial_cod, upi",9693260000000.0,Sonam Chain,"17a, BUY ANY 3 FOR 4999",Default Title,2400.0,1666.33,1666.33,1,0.0,0.0,1.0,,1666.33,1.0,,1.0,733.67,1,,First-time,9855150000000.0,India,False,False
XYZ Luxury,2026-08-21 00:00:00+00:00,INR,XYZ Luxury - magic checkout,2026-08-21 12:56:40+00:00,2026-08-21 12:56:40+00:00,2026-08-21 12:56:40+00:00,7638750000000.0,#4777,India,India,India,Haryana,Faridabad,"card, Magic",9693260000000.0,Naseeb Chain,"17a, BUY ANY 3 FOR 4999",Default Title,2400.0,1538.15,1538.15,1,0.0,0.0,1.0,,1538.15,,1.0,1.0,861.85,1,,Returning,8595430000000.0,India,False,False
XYZ Luxury,2026-08-21 00:00:00+00:00,INR,XYZ Luxury - magic checkout,2026-08-21 13:09:29+00:00,2026-08-21 13:09:29+00:00,2026-08-21 13:09:30+00:00,7638780000000.0,#4778,India,India,India,Maharashtra,Navi Mumbai,"Magic, upi",9693190000000.0,Farida Bangles,"17a, BUY ANY 3 FOR 4999",2.6,1800.0,1800.0,1800.0,1,0.0,0.0,1.0,,1800.0,1.0,,1.0,0.0,1,,First-time,8342800000000.0,India,False,False
XYZ Luxury,2026-08-21 00:00:00+00:00,INR,XYZ Luxury - magic checkout,2026-08-21 15:43:38+00:00,2026-08-21 15:43:38+00:00,2026-08-21 15:43:38+00:00,7639150000000.0,#4779,India,India,India,Goa,North Goa,"Magic, upi",9692580000000.0,Razi Waliyaan,17a,Default Title,2100.0,1813.61,1813.61,1,0.0,0.0,1.0,,1813.61,1.0,,1.0,286.39,1,,First-time,9854910000000.0,India,False,False
XYZ Luxury,2026-08-21 00:00:00+00:00,INR,XYZ Luxury - magic checkout,2026-08-21 15:56:29+00:00,2026-08-21 15:56:29+00:00,2026-08-21 15:56:30+00:00,7639180000000.0,#4780,India,India,India,Delhi,Central Delhi,"Additional Notes, GSTIN, Magic, upi",9478430000000.0,Areej Antique Pearl Set,"17-04, 20-02, 22j, 9jul, category_necklace, Ready to ship-26, sale-28",Default Title,3366.0,3366.0,3366.0,1,0.0,0.0,1.0,,3366.0,1.0,,1.0,0.0,1,,First-time,8835490000000.0,India,False,False
XYZ Luxury,2026-08-21 00:00:00+00:00,INR,XYZ Luxury - magic checkout,2026-08-21 16:34:28+00:00,2026-08-21 16:34:28+00:00,2026-08-21 16:34:29+00:00,7639890000000.0,#4781,United Kingdom,Rest of the World,United Kingdom,England,Lea Bridge,"card, Magic",9008490000000.0,Kinza Pearl Set,"3july-backup-dis, Bestseller_18sep, category_choker, category_necklace, eoss_02jun, EOSS_jan26, Ready to ship-26",Default Title,21450.0,21450.0,21450.0,1,0.0,0.0,1.0,,21450.0,1.0,,1.0,0.0,1,,First-time,9165550000000.0,United Kingdom,False,False
XYZ Luxury,2026-08-21 00:00:00+00:00,INR,XYZ Luxury - magic checkout,2026-08-21 16:54:14+00:00,2026-08-21 16:54:14+00:00,2026-08-21 16:54:14+00:00,7639950000000.0,#4782,India,India,India,Haryana,PANIPAT,"Magic, razorpay_partial_cod, upi",9694180000000.0,Mini Jadau Baahi,17a,Default Title,4200.0,4200.0,4200.0,1,0.0,0.0,1.0,,4200.0,,1.0,1.0,0.0,1,,Returning,9825570000000.0,India,False,False
XYZ Luxury,2026-08-21 00:00:00+00:00,INR,XYZ Luxury - magic checkout,2026-08-21 17:29:57+00:00,2026-08-21 17:29:57+00:00,2026-08-21 17:29:58+00:00,7640050000000.0,#4783,India,India,India,Haryana,Gurgaon,"Magic, razorpay_partial_cod, upi",9631270000000.0,Rinki Studs,"9jul, BUY ANY 3 FOR 4999, hp_rts09may",Default Title,1500.0,1500.0,1500.0,1,0.0,0.0,1.0,,1500.0,1.0,,1.0,0.0,1,,First-time,9856520000000.0,India,False,False
XYZ Luxury,2026-08-22 00:00:00+00:00,INR,XYZ Luxury - magic checkout,2026-08-21 19:40:35+00:00,2026-08-21 19:40:35+00:00,2026-08-21 19:40:35+00:00,7640360000000.0,#4784,United States,USA,United States,California,Fowler,"card, Magic",9615680000000.0,Mint Necklace Set,"24akk, 9jul",Default Title,16500.0,16500.0,16500.0,1,0.0,0.0,1.0,,16500.0,1.0,,1.0,0.0,1,,First-time,9854850000000.0,United States,False,False
XYZ Luxury,2026-08-22 00:00:00+00:00,INR,XYZ Luxury - magic checkout,2026-08-22 01:49:55+00:00,2026-08-22 01:49:55+00:00,2026-08-22 01:49:56+00:00,7641030000000.0,#4785,India,India,India,Haryana,Rohtak,"Magic, upi",8924020000000.0,Raunaq Antique Bangles,"17-04, 22j, 3july-backup-dis, 9jul, Bestseller_18sep, BUY ANY 2 FOR 7999, category_bangles, eoss_02jun, EOSS_jan26, hp_rts09may, Ready to ship-26, sale-28, Silver Bangles",02-Aug,4165.92,4165.92,4165.92,1,0.0,0.0,1.0,,4165.92,1.0,,1.0,0.0,1,,First-time,9857680000000.0,India,False,False
XYZ Luxury,2026-08-22 00:00:00+00:00,INR,XYZ Luxury - magic checkout,2026-08-22 03:59:15+00:00,2026-08-22 03:59:15+00:00,2026-08-22 03:59:16+00:00,7641260000000.0,#4786,India,India,India,Punjab,Fazilka,"card, Magic",9474300000000.0,rubina studs,"17-04, 17f, 22j, 9jul, category_earring, Ready to ship-26, sale-28",Default Title,4950.0,4950.0,4950.0,1,0.0,0.0,1.0,,4950.0,1.0,,1.0,0.0,1,,First-time,9692130000000.0,India,False,False
XYZ Luxury,2026-08-22 00:00:00+00:00,INR,XYZ Luxury - magic checkout,2026-08-22 04:36:25+00:00,2026-08-22 04:36:25+00:00,2026-08-22 04:36:26+00:00,7641360000000.0,#4787,India,India,India,Haryana,Gurugram,"card, Magic",9008490000000.0,Jindaa’n Vaaliyaan,"category_earring, eoss_02jun, EOSS_jan26",Default Title,19250.0,19250.0,19250.0,1,0.0,0.0,1.0,,19250.0,,1.0,1.0,0.0,1,,Returning,8941370000000.0,India,False,False
XYZ Luxury,2026-08-22 00:00:00+00:00,INR,XYZ Luxury - magic checkout,2026-08-22 07:02:12+00:00,2026-08-22 07:02:12+00:00,2026-08-22 07:02:13+00:00,7641610000000.0,#4788,India,India,India,Rajasthan,Jaipur,"Magic, upi",8924010000000.0,Ansari Gokhdu Bangles Pair,"17-04, 22j, 3july-backup-dis, 9jul, Bestseller_18sep, category_bangles, eoss_02jun, EOSS_jan26, hp_rts09may, Ready to ship-26, sale-28, Silver Bangles",02-Aug,7514.1,7514.1,7514.1,1,0.0,0.0,1.0,,7514.1,1.0,,1.0,0.0,1,,First-time,9858100000000.0,India,False,False
XYZ Luxury,2026-08-22 00:00:00+00:00,INR,Draft Orders,2026-08-22 07:07:59+00:00,2026-08-22 07:07:59+00:00,2026-08-22 09:39:37+00:00,7641620000000.0,#4789,India,India,India,Punjab,Mohali,,9693200000000.0,Morni Choker Set,17a,Default Title,6000.0,6000.0,6000.0,1,0.0,0.0,1.0,,6000.0,1.0,,1.0,0.0,1,,First-time,9858110000000.0,India,False,False
XYZ Luxury,2026-08-22 00:00:00+00:00,INR,XYZ Luxury - magic checkout,2026-08-22 11:29:37+00:00,2026-08-22 11:29:37+00:00,2026-08-22 11:29:38+00:00,7642000000000.0,#4790,India,India,India,Karnataka,Bangalor,"Magic, upi",9696520000000.0,Samira Ruby Ring,,Default Title,8050.84,8050.84,9500.0,1,0.0,0.0,1.0,,8050.84,,1.0,1.0,0.0,1,,Returning,9697230000000.0,India,False,False
XYZ Luxury,2026-08-22 00:00:00+00:00,INR,Draft Orders,2026-08-22 11:45:11+00:00,2026-08-22 11:45:12+00:00,2026-08-22 11:45:50+00:00,7642030000000.0,#4791,India,India,India,Haryana,Karnal,,8147790000000.0,Virasat Choker Set,"bride_t, category_choker, category_necklace, desc addition, eoss_02jun, EOSS_jan26, hp_rts09may, occasion",Default Title,37950.0,34155.0,34155.0,1,0.0,0.0,1.0,,34155.0,1.0,,1.0,3795.0,1,,First-time,9858460000000.0,India,False,False
XYZ Luxury,2026-08-22 00:00:00+00:00,INR,XYZ Luxury - magic checkout,2026-08-22 14:37:01+00:00,2026-08-22 14:37:01+00:00,2026-08-22 14:37:02+00:00,7642390000000.0,#4792,India,India,India,Karnataka,Bengaluru,"Magic, razorpay_partial_cod, upi",8652470000000.0,Nabha Tikka,"category_tikka, desc addition, eoss_02jun, EOSS_jan26",Default Title,9900.0,9900.0,9900.0,1,0.0,0.0,1.0,,9900.0,1.0,,1.0,0.0,1,,First-time,9856610000000.0,India,False,False
XYZ Luxury,2026-08-22 00:00:00+00:00,INR,XYZ Luxury - magic checkout,2026-08-22 16:39:25+00:00,2026-08-22 16:39:25+00:00,2026-08-22 16:39:26+00:00,7642750000000.0,#4793,India,India,India,Uttar Pradesh,Allahabad,"Magic, upi",9693190000000.0,Farida Bangles,"17a, BUY ANY 3 FOR 4999",2.8,1800.0,1363.36,1363.36,1,0.0,0.0,1.0,,1363.36,,1.0,1.0,436.64,1,,Returning,9850780000000.0,India,False,False
XYZ Luxury,2026-08-23 00:00:00+00:00,INR,XYZ Luxury - magic checkout,2026-08-22 18:59:24+00:00,2026-08-22 18:59:24+00:00,2026-08-22 18:59:25+00:00,7643150000000.0,#4794,India,India,India,Maharashtra,Mumbai,"Magic, razorpay_partial_cod, upi",9692580000000.0,Nazi Waliyaan,"17a, BUY ANY 3 FOR 4999",Default Title,2400.0,2400.0,2400.0,1,0.0,0.0,1.0,,2400.0,,1.0,1.0,0.0,1,,Returning,8486950000000.0,India,False,False
XYZ Luxury,2026-08-23 00:00:00+00:00,INR,XYZ Luxury - magic checkout,2026-08-22 19:02:01+00:00,2026-08-22 19:02:01+00:00,2026-08-22 19:02:02+00:00,7643160000000.0,#4795,India,India,India,Chandigarh,Chandigarh,"card, Magic",9631280000000.0,Rinki Waliyaan,"9jul, BUY ANY 3 FOR 4999, hp_rts09may, Ready to ship-26",Default Title,1800.0,1800.0,1800.0,1,0.0,0.0,1.0,,1800.0,1.0,,1.0,0.0,1,,First-time,9859290000000.0,India,False,False
XYZ Luxury,2026-08-23 00:00:00+00:00,INR,XYZ Luxury - magic checkout,2026-08-23 01:28:07+00:00,2026-08-23 01:28:07+00:00,2026-08-23 01:28:08+00:00,7643940000000.0,#4796,India,India,India,Rajasthan,Sri Ganganagar,"Magic, upi",9676380000000.0,Ronak Lottan Earrings,ak-04-08,Default Title,6000.0,6000.0,6000.0,1,0.0,0.0,1.0,,6000.0,,1.0,1.0,0.0,1,,Returning,9021830000000.0,India,False,False
XYZ Luxury,2026-08-23 00:00:00+00:00,INR,XYZ Luxury - magic checkout,2026-08-23 01:28:14+00:00,2026-08-23 01:28:14+00:00,2026-08-23 01:28:15+00:00,7643940000000.0,#4797,India,India,India,Maharashtra,Mumbai,"card, Magic",9427520000000.0,Malerkotla Raani Haar Set,"17-04, 22j, 9jul, category_necklace, category_rani, Ready to ship-26, sale-28",Default Title,19470.0,19470.0,19470.0,1,0.0,0.0,1.0,,19470.0,1.0,,1.0,0.0,1,,First-time,9762630000000.0,India,False,False
XYZ Luxury,2026-08-23 00:00:00+00:00,INR,XYZ Luxury - magic checkout,2026-08-23 04:32:42+00:00,2026-08-23 04:32:42+00:00,2026-08-23 04:32:43+00:00,7644310000000.0,#4798,India,India,India,Maharashtra,Mumbai,"card, Magic",8147790000000.0,Virasat Earrings,"category_earring, desc addition, eoss_02jun, EOSS_jan26, occasion",Default Title,9740.5,9740.5,9740.5,1,0.0,0.0,1.0,,9740.5,1.0,,1.0,0.0,1,,First-time,9837710000000.0,India,False,False
XYZ Luxury,2026-08-23 00:00:00+00:00,INR,XYZ Luxury - magic checkout,2026-08-23 04:57:40+00:00,2026-08-23 04:57:40+00:00,2026-08-23 04:57:41+00:00,7644380000000.0,#4799,India,India,India,Uttarakhand,Haldwani,"Magic, razorpay_partial_cod, upi",9478450000000.0,Basant Jhumki Earrings,"17-04, 22j, 9jul, category_earring, Ready to ship-26, sale-28",Default Title,8250.0,8250.0,8250.0,1,0.0,0.0,1.0,,8250.0,1.0,,1.0,0.0,1,,First-time,9860200000000.0,India,False,False
XYZ Luxury,2026-08-23 00:00:00+00:00,INR,XYZ Luxury - magic checkout,2026-08-23 05:08:00+00:00,2026-08-23 05:08:00+00:00,2026-08-23 05:08:01+00:00,7644400000000.0,#4800,Canada,Rest of the World,Canada,Alberta,ROCKY VIEW COUNTY,"card, Magic",9639670000000.0,Rimpi Waliyaan,"9jul, BUY ANY 2 FOR 7999, hp_rts09may, Ready to ship-26",Default Title,3000.0,3000.0,3000.0,1,0.0,0.0,1.0,,3000.0,,1.0,1.0,0.0,1,,Returning,9563810000000.0,Canada,False,False
XYZ Luxury,2026-08-23 00:00:00+00:00,INR,XYZ Luxury - magic checkout,2026-08-23 06:19:24+00:00,2026-08-23 06:19:24+00:00,2026-08-26 11:17:08+00:00,7644530000000.0,#4801,India,India,India,Punjab,Jalandhar,"Magic, razorpay_partial_cod, upi",9677600000000.0,Mint Pakhi Necklace,,Default Title,10500.0,10500.0,10500.0,1,0.0,0.0,1.0,,10500.0,1.0,,1.0,0.0,1,,First-time,9860320000000.0,India,False,False
XYZ Luxury,2026-08-23 00:00:00+00:00,INR,XYZ Luxury - magic checkout,2026-08-23 06:48:29+00:00,2026-08-23 06:48:29+00:00,2026-08-23 06:48:30+00:00,7644570000000.0,#4802,India,India,India,Gujarat,Ahmedabad,"card, Magic",8147790000000.0,Virasat Choker Set,"bride_t, category_choker, category_necklace, desc addition, eoss_02jun, EOSS_jan26, hp_rts09may, occasion",Default Title,37950.0,37950.0,37950.0,1,0.0,0.0,1.0,,37950.0,1.0,,1.0,0.0,1,,First-time,9789720000000.0,India,False,False
XYZ Luxury,2026-08-23 00:00:00+00:00,INR,XYZ Luxury - magic checkout,2026-08-23 07:13:33+00:00,2026-08-23 07:13:33+00:00,2026-08-23 07:13:34+00:00,7644620000000.0,#4803,India,India,India,Maharashtra,MUMBAI,"Additional Notes, Magic, upi",9693260000000.0,Sonam Chain,"17a, BUY ANY 3 FOR 4999",Default Title,2400.0,2400.0,2400.0,1,0.0,0.0,1.0,,2400.0,,1.0,1.0,0.0,1,,Returning,9682760000000.0,India,False,False
XYZ Luxury,2026-08-23 00:00:00+00:00,INR,XYZ Luxury - magic checkout,2026-08-23 07:35:34+00:00,2026-08-23 07:35:34+00:00,2026-08-23 07:35:35+00:00,7644660000000.0,#4804,Australia,Rest of the World,Australia,New South Wales,Coffs Harbour,"card, Magic",9474390000000.0,hasan choker set,"17-04, 17f, 22j, 9jul, category_choker, sale-28",Default Title,9240.0,9240.0,9240.0,1,0.0,0.0,1.0,,9240.0,1.0,,1.0,0.0,1,,First-time,9860420000000.0,Australia,False,False
XYZ Luxury,2026-08-23 00:00:00+00:00,INR,XYZ Luxury - magic checkout,2026-08-23 08:45:23+00:00,2026-08-23 08:45:23+00:00,2026-08-23 08:45:24+00:00,7644770000000.0,#4805,India,India,India,West Bengal,South Parganas,"card, Magic",9693260000000.0,Parul Chain,"17a, BUY ANY 3 FOR 4999",Default Title,2400.0,1999.6,1999.6,1,0.0,0.0,1.0,,1999.6,1.0,,1.0,400.4,1,,First-time,9860510000000.0,India,False,False
XYZ Luxury,2026-08-23 00:00:00+00:00,INR,XYZ Luxury - magic checkout,2026-08-23 11:50:53+00:00,2026-08-23 11:50:53+00:00,2026-08-23 11:50:53+00:00,7645110000000.0,#4806,India,India,India,Haryana,Gurgaon,"Magic, upi",9418090000000.0,Ruby Emerald Bangles Pair,"16ak, 17-04, 22j, 9jul, category_bangles, Ready to ship-26, sale-28",02-Apr,5940.0,5940.0,5940.0,1,0.0,0.0,1.0,,5940.0,1.0,,1.0,0.0,1,,First-time,9860770000000.0,India,False,False
XYZ Luxury,2026-08-23 00:00:00+00:00,INR,XYZ Luxury - magic checkout,2026-08-23 12:50:15+00:00,2026-08-23 12:50:15+00:00,2026-08-23 12:50:16+00:00,7645240000000.0,#4807,India,India,India,Rajasthan,Jaipur,"Magic, razorpay_partial_cod, upi",9561820000000.0,Rangoli Hasli Only,09-Jul,Default Title,9570.0,9570.0,9570.0,1,0.0,0.0,1.0,,9570.0,1.0,,1.0,0.0,1,,First-time,9860330000000.0,India,False,False
XYZ Luxury,2026-08-23 00:00:00+00:00,INR,XYZ Luxury - magic checkout,2026-08-23 14:33:54+00:00,2026-08-23 14:33:54+00:00,2026-08-23 14:33:55+00:00,7645480000000.0,#4808,India,India,India,Gujarat,Ahmedabad,"Magic, upi",9639670000000.0,Rimpi Waliyaan,"9jul, BUY ANY 2 FOR 7999, hp_rts09may, Ready to ship-26",Default Title,3000.0,3000.0,3000.0,1,0.0,0.0,1.0,,3000.0,1.0,,1.0,0.0,1,,First-time,9861060000000.0,India,False,False
XYZ Luxury,2026-08-23 00:00:00+00:00,INR,XYZ Luxury - magic checkout,2026-08-23 14:45:49+00:00,2026-08-23 14:45:49+00:00,2026-08-23 14:45:50+00:00,7645510000000.0,#4809,India,India,India,Haryana,Gurgaon,"card, Magic",9478430000000.0,Inaya Ruby Necklace Set,"17-04, 20-02, 22j, 9jul, category_necklace, sale-28",Default Title,14190.0,14190.0,14190.0,1,0.0,0.0,1.0,,14190.0,1.0,,1.0,0.0,1,,First-time,9861090000000.0,India,False,False
XYZ Luxury,2026-08-23 00:00:00+00:00,INR,XYZ Luxury - magic checkout,2026-08-23 14:55:27+00:00,2026-08-23 14:55:27+00:00,2026-08-23 14:55:27+00:00,7645530000000.0,#4810,India,India,India,Punjab,Tarn Taran,"Magic, razorpay_partial_cod, upi",9693260000000.0,Salma Chain Set,"17a, BUY ANY 2 FOR 7999",Default Title,4200.0,3543.86,3543.86,1,0.0,0.0,1.0,,3543.86,1.0,,1.0,656.14,1,,First-time,9861090000000.0,India,False,False
XYZ Luxury,2026-08-23 00:00:00+00:00,INR,XYZ Luxury - magic checkout,2026-08-23 15:59:47+00:00,2026-08-23 15:59:47+00:00,2026-08-23 15:59:49+00:00,7645710000000.0,#4811,India,India,India,Punjab,Kapurthala,"card, Magic",9474300000000.0,rubina choker set,"17-04, 17f, 22j, 9jul, category_choker, category_necklace, Ready to ship-26, sale-28",Default Title,9240.0,9240.0,9240.0,1,0.0,0.0,1.0,,9240.0,1.0,,1.0,0.0,1,,First-time,9861240000000.0,India,False,False
XYZ Luxury,2026-08-23 00:00:00+00:00,INR,XYZ Luxury - magic checkout,2026-08-23 18:24:17+00:00,2026-08-23 18:24:17+00:00,2026-08-23 18:24:18+00:00,7646130000000.0,#4812,United States,USA,United States,California,Roseville,"card, Magic",9563390000000.0,Rinki Shell Pearl Chooda,,02-Jun,21500.0,21500.0,21500.0,1,0.0,0.0,1.0,,21500.0,1.0,,1.0,0.0,1,,First-time,9861730000000.0,United States,False,False
XYZ Luxury,2026-08-24 00:00:00+00:00,INR,XYZ Luxury - magic checkout,2026-08-24 02:56:09+00:00,2026-08-24 02:56:09+00:00,2026-08-24 02:56:10+00:00,7647030000000.0,#4813,India,India,India,Gujarat,VERAVAL,"Magic, razorpay_partial_cod, upi",9463350000000.0,ghungroo studs,category_earring,Default Title,10720.34,10720.34,12650.0,1,0.0,0.0,1.0,,10720.34,1.0,,1.0,0.0,1,,First-time,9852510000000.0,India,False,False
XYZ Luxury,2026-08-24 00:00:00+00:00,INR,XYZ Luxury - magic checkout,2026-08-24 03:09:33+00:00,2026-08-24 03:09:33+00:00,2026-08-24 03:09:34+00:00,7647050000000.0,#4814,India,India,India,Telangana,HYDERABAD,"card, Magic",9643180000000.0,Zeenat Jadau Set,"24akk, 9jul, hp_rts09may, Ready to ship-26",Default Title,9300.0,9300.0,9300.0,1,0.0,0.0,1.0,,9300.0,1.0,,1.0,0.0,1,,First-time,9804820000000.0,India,False,False
XYZ Luxury,2026-08-24 00:00:00+00:00,INR,XYZ Luxury - magic checkout,2026-08-24 03:42:49+00:00,2026-08-24 03:42:49+00:00,2026-08-24 03:42:49+00:00,7647110000000.0,#4815,India,India,India,Punjab,Rupnagar,"card, Magic",9567980000000.0,Ruby Mint Tikka,"16ap, 17-04, 24akk, 9jul",Default Title,6930.0,6930.0,6930.0,1,0.0,0.0,1.0,,6930.0,,1.0,1.0,0.0,1,,Returning,9776990000000.0,India,False,False
XYZ Luxury,2026-08-24 00:00:00+00:00,INR,XYZ Luxury - magic checkout,2026-08-24 04:46:18+00:00,2026-08-24 04:46:18+00:00,2026-08-24 04:46:19+00:00,7647250000000.0,#4816,India,India,India,Maharashtra,Mumbai Subueban,"Magic, upi",9693260000000.0,Motia chain,"17a, BUY ANY 3 FOR 4999",Default Title,2400.0,2400.0,2400.0,1,0.0,0.0,1.0,,2400.0,1.0,,1.0,0.0,1,,First-time,9862880000000.0,India,False,False
XYZ Luxury,2026-08-24 00:00:00+00:00,INR,XYZ Luxury - magic checkout,2026-08-24 05:39:09+00:00,2026-08-24 05:39:09+00:00,2026-08-24 05:39:10+00:00,7647340000000.0,#4817,India,India,India,Chhattisgarh,Raipur,"Additional Notes, Magic, upi",9631280000000.0,Veena Choker Set,"9jul, hp_rts09may, Ready to ship-26",Default Title,6000.0,6000.0,6000.0,1,0.0,0.0,1.0,,6000.0,1.0,,1.0,0.0,1,,First-time,9862940000000.0,India,False,False
XYZ Luxury,2026-08-24 00:00:00+00:00,INR,XYZ Luxury - magic checkout,2026-08-24 05:47:47+00:00,2026-08-24 05:47:47+00:00,2026-08-24 05:47:48+00:00,7647350000000.0,#4818,India,India,India,Rajasthan,Kota,"Magic, razorpay_partial_cod, upi",9631280000000.0,Noor Waliyaan,"9jul, BUY ANY 3 FOR 4999, hp_rts09may, OFFER, Ready to ship-26",Default Title,1920.0,1649.15,1649.15,1,0.0,0.0,1.0,,1649.15,1.0,,1.0,270.85,1,,First-time,9862950000000.0,India,False,False
XYZ Luxury,2026-08-24 00:00:00+00:00,INR,XYZ Luxury - magic checkout,2026-08-24 07:22:44+00:00,2026-08-24 07:22:44+00:00,2026-08-24 07:22:45+00:00,7647470000000.0,#4819,India,India,India,Haryana,KARNAL,"Magic, netbanking",9224500000000.0,Ghungroo Bangles Pair,"17-04, 22j, 9jul, category_bangles, Clearance Sale, EOSS_jan26, Ready to ship-26, sale-28",02-Aug,3076.27,3076.27,3630.0,1,0.0,0.0,1.0,,3076.27,1.0,,1.0,0.0,1,,First-time,9863060000000.0,India,False,False
XYZ Luxury,2026-08-24 00:00:00+00:00,INR,XYZ Luxury - magic checkout,2026-08-24 09:48:21+00:00,2026-08-24 09:48:21+00:00,2026-08-24 09:48:21+00:00,7647640000000.0,#4820,India,India,India,Maharashtra,Pune,"card, Magic",9008490000000.0,Kinza Pearl Set,"3july-backup-dis, Bestseller_18sep, category_choker, category_necklace, eoss_02jun, EOSS_jan26, Ready to ship-26",Default Title,21450.0,21450.0,21450.0,1,0.0,0.0,1.0,,21450.0,1.0,,1.0,0.0,1,,First-time,9863840000000.0,India,False,False
XYZ Luxury,2026-08-24 00:00:00+00:00,INR,XYZ Luxury - magic checkout,2026-08-24 12:09:52+00:00,2026-08-24 12:09:52+00:00,2026-08-24 12:09:52+00:00,7647830000000.0,#4821,India,India,India,Punjab,Sangrur,"Magic, razorpay_partial_cod, upi",9693260000000.0,Chiku Chain,"17a, BUY ANY 3 FOR 4999",Default Title,2400.0,2400.0,2400.0,1,0.0,0.0,1.0,,2400.0,,1.0,1.0,0.0,1,,Returning,9800040000000.0,India,False,False
XYZ Luxury,2026-08-24 00:00:00+00:00,INR,XYZ Luxury - magic checkout,2026-08-24 16:57:40+00:00,2026-08-24 16:57:40+00:00,2026-08-24 16:57:41+00:00,7648400000000.0,#4822,India,India,India,Punjab,Firozpur,"Magic, upi",9692580000000.0,Nisha Waliyaan,"17a, BUY ANY 3 FOR 4999",Default Title,1800.0,1800.0,1800.0,1,0.0,0.0,1.0,,1800.0,1.0,,1.0,0.0,1,,First-time,9864480000000.0,India,False,False
XYZ Luxury,2026-08-24 00:00:00+00:00,INR,XYZ Luxury - magic checkout,2026-08-24 17:47:37+00:00,2026-08-24 17:47:37+00:00,2026-08-24 17:47:38+00:00,7648520000000.0,#4823,India,India,India,Jharkhand,Ranchi,"Magic, razorpay_partial_cod, upi",9631280000000.0,Veena Choker Set,"9jul, hp_rts09may, Ready to ship-26",Default Title,6000.0,6000.0,6000.0,1,0.0,0.0,1.0,,6000.0,1.0,,1.0,0.0,1,,First-time,9810810000000.0,India,False,False
XYZ Luxury,2026-08-24 00:00:00+00:00,INR,Draft Orders,2026-08-24 18:04:02+00:00,2026-08-24 18:04:02+00:00,2026-08-24 18:04:04+00:00,7648550000000.0,#4824,India,India,India,Punjab,Kapurthala,,,,,,13983.05,13983.05,16500.0,1,0.0,0.0,1.0,,13983.05,1.0,,1.0,0.0,1,,First-time,9864590000000.0,India,True,False
XYZ Luxury,2026-08-24 00:00:00+00:00,INR,XYZ Luxury - magic checkout,2026-08-24 18:18:45+00:00,2026-08-24 18:18:45+00:00,2026-08-24 18:18:45+00:00,7648590000000.0,#4825,India,India,India,Delhi,SOUTH,"Magic, upi",9639670000000.0,Moto Waliyaan,"22j, 22ju, 9jul, BUY ANY 3 FOR 4999, hp_rts09may, OFFER, Ready to ship-26",Default Title,1800.0,1800.0,1800.0,1,0.0,0.0,1.0,,1800.0,1.0,,1.0,0.0,1,,First-time,9864620000000.0,India,False,False
XYZ Luxury,2026-08-25 00:00:00+00:00,INR,XYZ Luxury - magic checkout,2026-08-24 19:17:41+00:00,2026-08-24 19:17:41+00:00,2026-08-24 19:17:42+00:00,7648710000000.0,#4826,India,India,India,Maharashtra,Mumbai,"card, GSTIN, Magic",9475470000000.0,Kundan Ruby Studs,"17-04, 18-02, 22j, 9jul, BUY ANY 2 FOR 7999, category_earring, Ready to ship-26, sale-28",Default Title,4620.0,4206.2,4206.2,1,0.0,0.0,1.0,,4206.2,1.0,,1.0,413.8,1,,First-time,9864710000000.0,India,False,False
XYZ Luxury,2026-08-25 00:00:00+00:00,INR,XYZ Luxury - magic checkout,2026-08-25 04:45:30+00:00,2026-08-25 04:45:30+00:00,2026-08-25 04:45:32+00:00,7649590000000.0,#4827,United States,USA,United States,California,San Jose,"card, Magic",9478430000000.0,Suhair Ruby Necklace Set,"17-04, 20-02, 22j, 9jul, category_necklace, sale-28",Default Title,9570.0,9570.0,9570.0,1,0.0,0.0,1.0,,9570.0,1.0,,1.0,0.0,1,,First-time,9859030000000.0,United States,False,False
XYZ Luxury,2026-08-25 00:00:00+00:00,INR,XYZ Luxury - magic checkout,2026-08-25 06:22:28+00:00,2026-08-25 06:22:28+00:00,2026-08-25 06:22:29+00:00,7649750000000.0,#4828,India,India,India,Maharashtra,Pune,"Magic, upi",9419530000000.0,Rukmani Payal Pair,"16ak, 17-04, 22j, 9jul, category_payal, Ready to ship-26, sale-28",Default Title,6600.0,6600.0,6600.0,1,0.0,0.0,1.0,,6600.0,1.0,,1.0,0.0,1,,First-time,9865860000000.0,India,False,False
XYZ Luxury,2026-08-25 00:00:00+00:00,INR,XYZ Luxury - magic checkout,2026-08-25 10:22:21+00:00,2026-08-25 10:22:21+00:00,2026-08-25 10:22:22+00:00,7650040000000.0,#4829,India,India,India,Chandigarh,Chandigarh,"Magic, razorpay_partial_cod, upi",9693260000000.0,Sonam Chain,"17a, BUY ANY 3 FOR 4999",Default Title,2400.0,2400.0,2400.0,1,0.0,0.0,1.0,,2400.0,1.0,,1.0,0.0,1,,First-time,9850680000000.0,India,False,False
XYZ Luxury,2026-08-25 00:00:00+00:00,INR,XYZ Luxury - magic checkout,2026-08-25 13:02:50+00:00,2026-08-25 13:02:50+00:00,2026-08-25 13:02:51+00:00,7650280000000.0,#4830,India,India,India,Punjab,Ropar,"card, Magic, razorpay_partial_cod",9563990000000.0,Pippal Patti Waliyaan,"22j, 9jul, BUY ANY 2 FOR 7999, Ready to ship-26, sale-28",Default Title,3960.0,3960.0,3960.0,1,0.0,0.0,1.0,,3960.0,1.0,,1.0,0.0,1,,First-time,9412620000000.0,India,False,False
XYZ Luxury,2026-08-25 00:00:00+00:00,INR,XYZ Luxury - magic checkout,2026-08-25 15:06:13+00:00,2026-08-25 15:06:13+00:00,2026-08-25 15:06:14+00:00,7650520000000.0,#4831,India,India,India,Telangana,Hyderabad,"Magic, razorpay_partial_cod, upi",9692580000000.0,Nazi Waliyaan,"17a, BUY ANY 3 FOR 4999",Default Title,2400.0,2400.0,2400.0,1,0.0,0.0,1.0,,2400.0,1.0,,1.0,0.0,1,,First-time,9777150000000.0,India,False,False
XYZ Luxury,2026-08-26 00:00:00+00:00,INR,XYZ Luxury - magic checkout,2026-08-25 23:38:12+00:00,2026-08-25 23:38:12+00:00,2026-08-25 23:38:13+00:00,7651500000000.0,#4832,Canada,Rest of the World,Canada,Ontario,South Woodslee,"card, Magic",9693260000000.0,Sonam Chain,"17a, BUY ANY 3 FOR 4999",Default Title,2400.0,2400.0,2400.0,1,0.0,0.0,1.0,,2400.0,1.0,,1.0,0.0,1,,First-time,9867190000000.0,Canada,False,False
XYZ Luxury,2026-08-26 00:00:00+00:00,INR,XYZ Luxury - magic checkout,2026-08-26 04:36:34+00:00,2026-08-26 04:36:34+00:00,2026-08-26 04:36:35+00:00,7651950000000.0,#4833,India,India,India,Bihar,Patna,"Magic, razorpay_partial_cod, upi",9631280000000.0,Noor Waliyaan,"9jul, BUY ANY 3 FOR 4999, hp_rts09may, OFFER, Ready to ship-26",Default Title,1920.0,1920.0,1920.0,1,0.0,0.0,1.0,,1920.0,1.0,,1.0,0.0,1,,First-time,9867680000000.0,India,False,False
XYZ Luxury,2026-08-26 00:00:00+00:00,INR,XYZ Luxury - magic checkout,2026-08-26 05:03:30+00:00,2026-08-26 05:03:30+00:00,2026-08-26 05:03:31+00:00,7652000000000.0,#4834,India,India,India,Punjab,Ropar,"Magic, upi",9693190000000.0,Farida Bangles,"17a, BUY ANY 3 FOR 4999",2.4,1800.0,1800.0,1800.0,1,0.0,0.0,1.0,,1800.0,1.0,,1.0,0.0,1,,First-time,9867710000000.0,India,False,False
XYZ Luxury,2026-08-26 00:00:00+00:00,INR,XYZ Luxury - magic checkout,2026-08-26 05:13:57+00:00,2026-08-26 05:13:57+00:00,2026-08-26 05:13:58+00:00,7652020000000.0,#4835,India,India,India,Haryana,Faridabad,"GSTIN, Magic, upi",9478430000000.0,Areej Antique Pearl Set,"17-04, 20-02, 22j, 9jul, category_necklace, Ready to ship-26, sale-28",Default Title,3366.0,3366.0,3366.0,1,0.0,0.0,1.0,,3366.0,1.0,,1.0,0.0,1,,First-time,9867720000000.0,India,False,False
XYZ Luxury,2026-08-26 00:00:00+00:00,INR,XYZ Luxury - magic checkout,2026-08-26 06:37:11+00:00,2026-08-26 06:37:11+00:00,2026-08-26 06:37:12+00:00,7652140000000.0,#4836,India,India,India,Karnataka,Bengaluru,"Magic, razorpay_partial_cod, upi",9693250000000.0,Akriti chain,"17a, BUY ANY 3 FOR 4999",Default Title,2400.0,2400.0,2400.0,1,0.0,0.0,1.0,,2400.0,1.0,,1.0,0.0,1,,First-time,9866360000000.0,India,False,False
XYZ Luxury,2026-08-26 00:00:00+00:00,INR,XYZ Luxury - magic checkout,2026-08-26 06:45:03+00:00,2026-08-26 06:45:03+00:00,2026-08-26 06:45:04+00:00,7652150000000.0,#4837,India,India,India,Delhi,Delhi,"card, Magic",9693260000000.0,Sonam Chain,"17a, BUY ANY 3 FOR 4999",Default Title,2400.0,1936.63,1936.63,1,0.0,0.0,1.0,,1936.63,1.0,,1.0,463.37,1,,First-time,9866810000000.0,India,False,False
XYZ Luxury,2026-08-26 00:00:00+00:00,INR,XYZ Luxury - magic checkout,2026-08-26 10:14:50+00:00,2026-08-26 10:14:50+00:00,2026-08-26 10:14:51+00:00,7652400000000.0,#4838,India,India,India,Haryana,Gurgaon,"card, Magic",9631280000000.0,Chinu Waliyaan,"24akk, 9jul, BUY ANY 3 FOR 4999, hp_rts09may, OFFER, Ready to ship-26",Default Title,1800.0,1605.93,1605.93,1,0.0,0.0,1.0,,1605.93,1.0,,1.0,194.07,1,,First-time,9868680000000.0,India,False,False
XYZ Luxury,2026-08-26 00:00:00+00:00,INR,XYZ Luxury - magic checkout,2026-08-26 10:42:18+00:00,2026-08-26 10:42:18+00:00,2026-08-26 10:42:19+00:00,7652440000000.0,#4839,India,India,India,Rajasthan,Sri ganganagar,"Magic, razorpay_partial_cod, upi",9111010000000.0,Soni Choker Set,"category_choker, category_necklace, EOSS_jan26",Default Title,30250.0,30250.0,30250.0,1,0.0,0.0,1.0,,30250.0,1.0,,1.0,0.0,1,,First-time,9868660000000.0,India,False,False
XYZ Luxury,2026-08-26 00:00:00+00:00,INR,XYZ Luxury - magic checkout,2026-08-26 11:53:10+00:00,2026-08-26 11:53:10+00:00,2026-08-26 11:53:10+00:00,7652540000000.0,#4840,India,India,India,Punjab,Rupnagar,"Magic, razorpay_partial_cod, upi",9478450000000.0,Amreen Choker Set,"17-04, 22j, 9jul, category_choker, sale-28",Default Title,9570.0,9570.0,9570.0,1,0.0,0.0,1.0,,9570.0,,1.0,1.0,0.0,1,,Returning,9412620000000.0,India,False,False
XYZ Luxury,2026-08-26 00:00:00+00:00,INR,XYZ Luxury - magic checkout,2026-08-26 12:58:20+00:00,2026-08-26 12:58:20+00:00,2026-08-26 12:58:21+00:00,7652640000000.0,#4841,India,India,India,Delhi,Delhi,"card, Magic",9693190000000.0,Farida Bangles,"17a, BUY ANY 3 FOR 4999",2.8,1800.0,1363.36,1363.36,1,0.0,0.0,1.0,,1363.36,,1.0,1.0,436.64,1,,Returning,9866810000000.0,India,False,False
XYZ Luxury,2026-08-26 00:00:00+00:00,INR,XYZ Luxury - magic checkout,2026-08-26 13:01:12+00:00,2026-08-26 13:01:12+00:00,2026-08-27 05:27:48+00:00,7652650000000.0,#4842,India,India,India,Delhi,Delhi,"Magic, upi",9614860000000.0,Rakhi pippal patti choker,"24akk, 9jul, hp_rts09may",Default Title,9174.0,9174.0,9174.0,1,0.0,0.0,1.0,,9174.0,,1.0,1.0,0.0,1,,Returning,7974670000000.0,India,False,False
XYZ Luxury,2026-08-26 00:00:00+00:00,INR,XYZ Luxury - magic checkout,2026-08-26 14:00:38+00:00,2026-08-26 14:00:38+00:00,2026-08-26 14:00:40+00:00,7652760000000.0,#4843,United States,USA,United States,Massachusetts,Woburn,"card, Magic",8917180000000.0,MadhuBala Bangles Pair,"17-04, 22j, 3july-backup-dis, 9jul, Bestseller_18sep, category_bangles, eoss_02jun, EOSS_jan26, hp_rts09may, Ready to ship-26, sale-28, Silver Bangles",02-Aug,7514.1,7514.1,7514.1,1,0.0,0.0,1.0,,7514.1,1.0,,1.0,0.0,1,,First-time,9868990000000.0,United States,False,False
XYZ Luxury,2026-08-26 00:00:00+00:00,INR,XYZ Luxury - magic checkout,2026-08-26 18:16:04+00:00,2026-08-26 18:16:04+00:00,2026-08-26 18:16:05+00:00,7653350000000.0,#4844,India,India,India,Delhi,South Delhi,"card, Magic",9631280000000.0,Noor Waliyaan,"9jul, BUY ANY 3 FOR 4999, hp_rts09may, OFFER, Ready to ship-26",Default Title,1842.95,1842.95,1920.0,1,0.0,0.0,1.0,,1842.95,1.0,,1.0,0.0,1,,First-time,9869430000000.0,India,False,False
XYZ Luxury,2026-08-27 00:00:00+00:00,INR,XYZ Luxury - magic checkout,2026-08-26 19:22:29+00:00,2026-08-26 19:22:29+00:00,2026-08-26 19:22:30+00:00,7653520000000.0,#4845,India,India,India,Punjab,Mohadi,"Magic, upi",9692600000000.0,Tokri Studs,"17a, BUY ANY 3 FOR 4999",Default Title,2400.0,1999.6,1999.6,1,0.0,0.0,1.0,,1999.6,,1.0,1.0,400.4,1,,Returning,8797870000000.0,India,False,False
XYZ Luxury,2026-08-27 00:00:00+00:00,INR,XYZ Luxury - magic checkout,2026-08-27 03:00:06+00:00,2026-08-27 03:00:06+00:00,2026-08-27 03:00:07+00:00,7654250000000.0,#4846,India,India,India,Haryana,Gurgaon,"Magic, upi",9627590000000.0,Rita Chain,"10june.., 24akk, 9jul, BUY ANY 3 FOR 4999, Ready to ship-26",Default Title,2400.0,1738.78,1738.78,1,0.0,0.0,1.0,,1738.78,,1.0,1.0,661.22,1,,Returning,8860480000000.0,India,False,False
XYZ Luxury,2026-08-27 00:00:00+00:00,INR,XYZ Luxury - magic checkout,2026-08-27 05:04:39+00:00,2026-08-27 05:04:39+00:00,2026-08-27 05:04:39+00:00,7654480000000.0,#4847,India,India,India,Punjab,Tarn taran,"card, Magic",9473830000000.0,Patiala Hasli Set,"17-04, 17f, 22j, 9jul, category_choker, category_necklace, sale-28",Default Title,14190.0,14190.0,14190.0,1,0.0,0.0,1.0,,14190.0,1.0,,1.0,0.0,1,,First-time,9870360000000.0,Canada,False,False
XYZ Luxury,2026-08-27 00:00:00+00:00,INR,XYZ Luxury - magic checkout,2026-08-27 05:34:14+00:00,2026-08-27 05:34:14+00:00,2026-08-27 05:34:16+00:00,7654530000000.0,#4848,India,India,India,Punjab,Ludhiana,"Magic, wallet",9478430000000.0,Areej Antique Pearl Set,"17-04, 20-02, 22j, 9jul, category_necklace, Ready to ship-26, sale-28",Default Title,3366.0,3314.16,3314.16,1,0.0,0.0,1.0,,3314.16,1.0,,1.0,51.84,1,,First-time,9864160000000.0,India,False,False
